timestamp,timestamp_iso,lat,lon,Source,Destination,Scenario,time_epoch,SNR,RSRP,RSSI,NOISE POWER,RX_GAIN,SubFrame_NUMBER,SubFrame_LENGHT,Rx_power,MCS,Received Packets,ts_gps_source,Latitude_source,Longitude_source,Altitude_source,speed_kmh_source,COG_source,precipIntensity_source,precipProbability_source,temperature_source,apparentTemperature_source,dewPoint_source,humidity_source,pressure_source,windSpeed_source,cloudCover_source,uvIndex_source,visibility_source,Traffic_Jam_Factor_source,Traffic_Street_Name_source,Traffic_Distance_source,Pos_in_Ref_Round_source,device_source,area_source,ts_gps_destination,Latitude_destination,Longitude_destination,Altitude_destination,speed_kmh_destination,COG_destination,precipIntensity_destination,precipProbability_destination,temperature_destination,apparentTemperature_destination,dewPoint_destination,humidity_destination,pressure_destination,windSpeed_destination,cloudCover_destination,uvIndex_destination,visibility_destination,Traffic_Jam_Factor_destination,Traffic_Street_Name_destination,Traffic_Distance_destination,Pos_in_Ref_Round_destination,device_destination,area_destination,syncref_source,syncref_destination,distance,Packet_transmission_rate_hz,Sub_channels,Packet_error_ratio
1624457911.4891016,2021-06-23T14:18:31.489101Z,52.50993,13.357696666666667,4,2,S2,1624457911.4891016,16.822549130434783,-70.63033913043479,-42.83685217391304,0.0010650245,44.0,427.9782608695652,7.782608695652174,0.0932856682608695,12,46,2021-06-23 16:18:31,52.50993,13.357696666666667,25.2,37.7808,265.6,0.0587,0.03,18.42,18.42,12.31,0.68,1019.3,2.8,0.94,3.0,16.093,3.79316,Kemperplatz,1.3127906435284074,2584.621474250454,pc4,Park,2021-06-23 16:18:31,52.50994666666666,13.358036666666669,38.5,39.818000000000005,277.7,0.0587,0.03,18.42,18.42,12.31,0.68,1019.3,2.8,0.94,3.0,16.093,3.94608,Kemperplatz,2.9629599996246654,2561.446266874914,pc2,Park,False,False,23.06607609797377,50,10,0.08
1624457911.4989383,2021-06-23T14:18:31.498938Z,52.50994666666666,13.358036666666669,2,4,S2,1624457911.4989383,15.81210268292683,-73.88647560975609,-46.08780243902439,0.0005859040975609,41.0,428.8536585365854,8.658536585365853,0.0387040048780487,12,41,2021-06-23 16:18:31,52.50994666666666,13.358036666666669,38.5,39.818000000000005,277.7,0.0587,0.03,18.42,18.42,12.31,0.68,1019.3,2.8,0.94,3.0,16.093,3.94608,Kemperplatz,2.9629599996246654,2561.446266874914,pc2,Park,2021-06-23 16:18:31,52.50993,13.357696666666667,25.2,37.7808,265.6,0.0587,0.03,18.42,18.42,12.31,0.68,1019.3,2.8,0.94,3.0,16.093,3.79316,Kemperplatz,1.3127906435284074,2584.621474250454,pc4,Park,False,False,23.06607609797377,50,10,0.18
1624457912.479215,2021-06-23T14:18:32.479214Z,52.50994666666666,13.35787,2,4,S2,1624457912.479215,15.832974,-72.76867777777777,-44.97069333333333,0.0018179641777777,41.0,527.0444444444445,7.133333333333334,0.058573202,12,45,2021-06-23 16:18:32,52.50994666666666,13.35787,38.7,40.744,276.8,0.0587,0.03,18.42,18.42,12.31,0.68,1019.3,2.8,0.94,3.0,16.093,3.79316,Kemperplatz,2.9629599996246654,2572.9650731841643,pc2,Park,2021-06-23 16:18:32,52.50992166666666,13.357541666666666,25.1,38.1512,266.9,0.0587,0.03,18.42,18.42,12.31,0.68,1019.3,2.8,0.94,3.0,16.093,3.79316,Kemperplatz,1.120195434047735,2596.373203786485,pc4,Park,False,False,22.375356066218483,50,10,0.1
1624457912.5034437,2021-06-23T14:18:32.503443Z,52.50992166666666,13.357541666666666,4,2,S2,1624457912.5034437,17.67434,-69.82063600000001,-41.992336,0.00110282706,44.0,529.44,7.54,0.1092516372,12,50,2021-06-23 16:18:32,52.50992166666666,13.357541666666666,25.1,38.1512,266.9,0.0587,0.03,18.42,18.42,12.31,0.68,1019.3,2.8,0.94,3.0,16.093,3.79316,Kemperplatz,1.120195434047735,2596.373203786485,pc4,Park,2021-06-23 16:18:32,52.50994666666666,13.35787,38.7,40.744,276.8,0.0587,0.03,18.42,18.42,12.31,0.68,1019.3,2.8,0.94,3.0,16.093,3.79316,Kemperplatz,2.9629599996246654,2572.9650731841643,pc2,Park,False,False,22.375356066218483,50,10,0.0
1624457913.5047529,2021-06-23T14:18:33.504752Z,52.50994166666667,13.357696666666667,2,4,S2,1624457913.5047529,15.497349795918367,-72.02580612244897,-44.209326530612245,0.0027308141632653,41.0,630.0204081632653,3.0,0.0554470910204081,12,49,2021-06-23 16:18:33,52.50994166666667,13.357696666666667,38.7,41.67,276.0,0.0587,0.03,18.42,18.42,12.31,0.68,1019.3,2.8,0.94,3.0,16.093,3.79316,Kemperplatz,2.6059288167992536,2584.621474250454,pc2,Park,2021-06-23 16:18:33,52.50991666666667,13.357383333333331,26.3,38.7068,266.6,0.0587,0.03,18.42,18.42,12.31,0.68,1019.3,2.8,0.94,3.0,16.093,3.04466,Klingelhöfer Straße,1.3127905419557269,2608.177115724771,pc4,Park,False,False,21.369210755975924,50,10,0.02
1624457913.5075817,2021-06-23T14:18:33.507581Z,52.50991666666667,13.357383333333331,4,2,S2,1624457913.5075817,18.2966554,-69.264664,-41.403174,0.00101209702,44.0,630.0,6.08,0.1116944622,12,50,2021-06-23 16:18:33,52.50991666666667,13.357383333333331,26.3,38.7068,266.6,0.0587,0.03,18.42,18.42,12.31,0.68,1019.3,2.8,0.94,3.0,16.093,3.04466,Klingelhöfer Straße,1.3127905419557269,2608.177115724771,pc4,Park,2021-06-23 16:18:33,52.50994166666667,13.357696666666667,38.7,41.67,276.0,0.0587,0.03,18.42,18.42,12.31,0.68,1019.3,2.8,0.94,3.0,16.093,3.79316,Kemperplatz,2.6059288167992536,2584.621474250454,pc2,Park,False,False,21.369210755975924,50,10,0.0
1624457914.5000665,2021-06-23T14:18:34.500066Z,52.50993833333333,13.357521666666669,2,4,S2,1624457914.5000665,15.236907142857143,-74.64773265306123,-46.87394693877552,0.0008398953265306,41.0,729.0408163265306,8.142857142857142,0.0278078893877551,12,49,2021-06-23 16:18:34,52.50993833333333,13.357521666666669,38.7,42.596,275.1,0.0587,0.03,18.42,18.42,12.31,0.68,1019.3,2.8,0.94,3.0,16.093,3.79316,Kemperplatz,3.061867942002894,2596.373203786485,pc2,Park,2021-06-23 16:18:34,52.50991,13.357221666666666,26.2,39.2624,265.9,0.0587,0.03,18.42,18.42,12.31,0.68,1019.3,2.8,0.94,3.0,16.093,3.04466,Klingelhöfer Straße,1.381617334581401,2619.9905048667947,pc4,Park,False,False,20.52890803927758,50,10,0.02
1624457914.5044298,2021-06-23T14:18:34.504429Z,52.50991,13.357221666666666,4,2,S2,1624457914.5044298,16.30460081632653,-71.65092448979593,-43.83470408163266,0.0009075779591836,44.0,729.9795918367347,3.142857142857143,0.0559359634693877,12,49,2021-06-23 16:18:34,52.50991,13.357221666666666,26.2,39.2624,265.9,0.0587,0.03,18.42,18.42,12.31,0.68,1019.3,2.8,0.94,3.0,16.093,3.04466,Klingelhöfer Straße,1.381617334581401,2619.9905048667947,pc4,Park,2021-06-23 16:18:34,52.50993833333333,13.357521666666669,38.7,42.596,275.1,0.0587,0.03,18.42,18.42,12.31,0.68,1019.3,2.8,0.94,3.0,16.093,3.79316,Kemperplatz,3.061867942002894,2596.373203786485,pc2,Park,False,False,20.52890803927758,50,10,0.02
1624457915.4912431,2021-06-23T14:18:35.491243Z,52.50993166666667,13.357346666666666,2,4,S2,1624457915.4912431,15.99989081632653,-74.07797142857143,-46.30920408163265,0.0005311313265306,41.0,828.1428571428571,8.285714285714286,0.0305869667346938,12,49,2021-06-23 16:18:35,52.50993166666667,13.357346666666666,38.7,42.596,274.3,0.0587,0.03,18.42,18.42,12.31,0.68,1019.3,2.8,0.94,3.0,16.093,3.04466,Klingelhöfer Straße,3.1483392984014515,2608.177115724771,pc2,Park,2021-06-23 16:18:35,52.50990333333333,13.357058333333333,26.0,39.818000000000005,265.8,0.0587,0.03,18.42,18.42,12.31,0.68,1019.3,2.8,0.94,3.0,16.093,3.04466,Klingelhöfer Straße,1.5708794507481547,2631.7342153203977,pc4,Park,False,False,19.74966462565046,50,10,0.02
1624457915.4945643,2021-06-23T14:18:35.494564Z,52.50990333333333,13.357058333333333,4,2,S2,1624457915.4945643,17.17154,-70.169792,-42.362732,0.00110163278,44.0,829.0,3.08,0.0916104034,12,50,2021-06-23 16:18:35,52.50990333333333,13.357058333333333,26.0,39.818000000000005,265.8,0.0587,0.03,18.42,18.42,12.31,0.68,1019.3,2.8,0.94,3.0,16.093,3.04466,Klingelhöfer Straße,1.5708794507481547,2631.7342153203977,pc4,Park,2021-06-23 16:18:35,52.50993166666667,13.357346666666666,38.7,42.596,274.3,0.0587,0.03,18.42,18.42,12.31,0.68,1019.3,2.8,0.94,3.0,16.093,3.04466,Klingelhöfer Straße,3.1483392984014515,2608.177115724771,pc2,Park,False,False,19.74966462565046,50,10,0.0
1624457916.4863567,2021-06-23T14:18:36.486356Z,52.509925,13.35717,2,4,S2,1624457916.4863567,16.005374489795916,-73.22452448979591,-45.44686530612245,0.0006839430816326,41.0,927.6530612244898,8.285714285714286,0.0404771169387755,12,49,2021-06-23 16:18:36,52.509925,13.35717,38.6,42.2256,273.4,0.0587,0.03,18.42,18.42,12.31,0.68,1019.3,2.8,0.94,3.0,16.093,3.04466,Klingelhöfer Straße,3.335754295975672,2619.9905048667947,pc2,Park,2021-06-23 16:18:36,52.50989666666667,13.356893333333334,26.1,39.818000000000005,265.5,0.0587,0.03,18.42,18.42,12.31,0.68,1019.3,2.8,0.94,3.0,16.093,3.04466,Klingelhöfer Straße,1.7696050535709082,2643.3408366631343,pc4,Park,False,False,18.971223088084347,50,10,0.02
1624457916.4884758,2021-06-23T14:18:36.488475Z,52.50989666666667,13.356893333333334,4,2,S2,1624457916.4884758,15.87385632653061,-70.05970612244899,-42.25259387755102,0.0021665356734693,44.0,928.408163265306,2.9183673469387754,0.0978196863265306,12,49,2021-06-23 16:18:36,52.50989666666667,13.356893333333334,26.1,39.818000000000005,265.5,0.0587,0.03,18.42,18.42,12.31,0.68,1019.3,2.8,0.94,3.0,16.093,3.04466,Klingelhöfer Straße,1.7696050535709082,2643.3408366631343,pc4,Park,2021-06-23 16:18:36,52.509925,13.35717,38.6,42.2256,273.4,0.0587,0.03,18.42,18.42,12.31,0.68,1019.3,2.8,0.94,3.0,16.093,3.04466,Klingelhöfer Straße,3.335754295975672,2619.9905048667947,pc2,Park,False,False,18.971223088084347,50,10,0.02
1624457917.4891078,2021-06-23T14:18:37.489107Z,52.509888333333336,13.35673,4,2,S2,1624457917.4891078,14.195590869565216,-70.27059565217391,-42.51164565217391,0.0045254744130434,44.0,494.0652173913044,4.369565217391305,0.0746972780434782,12,46,2021-06-23 16:18:37,52.509888333333336,13.35673,26.2,39.818000000000005,264.6,0.0587,0.03,18.42,18.42,12.31,0.68,1019.3,2.8,0.94,3.0,16.093,3.04466,Klingelhöfer Straße,1.774336766017124,2654.7391175443777,pc4,Park,2021-06-23 16:18:37,52.50991666666667,13.356996666666667,38.6,41.4848,272.6,0.0587,0.03,18.42,18.42,12.31,0.68,1019.3,2.8,0.94,3.0,16.093,3.04466,Klingelhöfer Straße,3.3972641952644205,2631.7342153203977,pc2,Park,False,False,18.304705222315,50,10,0.08
1624457917.493123,2021-06-23T14:18:37.493123Z,52.50991666666667,13.356996666666667,2,4,S2,1624457917.493123,13.42733588235294,-74.28964117647058,-46.50628823529412,0.0009708196862745,41.0,466.2549019607843,7.078431372549019,0.0274321888235294,12,51,2021-06-23 16:18:37,52.50991666666667,13.356996666666667,38.6,41.4848,272.6,0.0587,0.03,18.42,18.42,12.31,0.68,1019.3,2.8,0.94,3.0,16.093,3.04466,Klingelhöfer Straße,3.3972641952644205,2631.7342153203977,pc2,Park,2021-06-23 16:18:37,52.509888333333336,13.35673,26.2,39.818000000000005,264.6,0.0587,0.03,18.42,18.42,12.31,0.68,1019.3,2.8,0.94,3.0,16.093,3.04466,Klingelhöfer Straße,1.774336766017124,2654.7391175443777,pc4,Park,False,False,18.304705222315,50,10,-0.02
1624457918.5005727,2021-06-23T14:18:38.500572Z,52.509906666666666,13.356828333333333,2,4,S2,1624457918.5005727,15.107403921568627,-74.8215274509804,-47.032319607843135,0.000555562862745,41.0,105.1372549019608,7.686274509803922,0.0230674058823529,12,51,2021-06-23 16:18:38,52.509906666666666,13.356828333333333,38.5,40.3736,271.8,0.0587,0.03,18.42,18.42,12.31,0.68,1019.3,2.8,0.94,3.0,16.093,3.04466,Klingelhöfer Straße,3.2458539735968994,2643.3408366631343,pc2,Park,2021-06-23 16:18:38,52.50987666666666,13.356566666666666,26.3,39.4476,263.7,0.0587,0.03,18.42,18.42,12.31,0.68,1019.3,2.8,0.94,3.0,16.093,3.04466,Klingelhöfer Straße,1.4100066058819278,2665.864123138036,pc4,Park,False,False,18.00501005259536,50,10,-0.02
1624457918.5101976,2021-06-23T14:18:38.510197Z,52.50987666666666,13.356566666666666,4,2,S2,1624457918.5101976,16.618782765957448,-70.78742127659575,-43.00861702127659,0.0012211111914893,44.0,106.51063829787236,3.595744680851064,0.0671631468085106,12,47,2021-06-23 16:18:38,52.50987666666666,13.356566666666666,26.3,39.4476,263.7,0.0587,0.03,18.42,18.42,12.31,0.68,1019.3,2.8,0.94,3.0,16.093,3.04466,Klingelhöfer Straße,1.4100066058819278,2665.864123138036,pc4,Park,2021-06-23 16:18:38,52.509906666666666,13.356828333333333,38.5,40.3736,271.8,0.0587,0.03,18.42,18.42,12.31,0.68,1019.3,2.8,0.94,3.0,16.093,3.04466,Klingelhöfer Straße,3.2458539735968994,2643.3408366631343,pc2,Park,False,False,18.00501005259536,50,10,0.06
1624457919.5152435,2021-06-23T14:18:39.515243Z,52.509895,13.356663333333334,2,4,S2,1624457919.5152435,13.425282368421051,-76.81427631578947,-49.05027631578948,0.0005528701842105,41.0,207.02631578947367,3.4473684210526314,0.013686947368421,12,38,2021-06-23 16:18:39,52.509895,13.356663333333334,38.5,40.00320000000001,270.9,0.0587,0.03,18.42,18.42,12.31,0.68,1019.3,2.8,0.94,3.0,16.093,3.04466,Klingelhöfer Straße,2.890986737863957,2654.7391175443777,pc2,Park,2021-06-23 16:18:39,52.50986666666667,13.356406666666668,26.4,39.4476,262.9,0.0587,0.03,18.42,18.42,12.31,0.68,1019.3,2.8,0.94,3.0,16.093,3.85603,Kemperplatz,1.5416158719032005,2676.712763731492,pc4,Park,False,False,17.638939080054833,50,10,0.24
1624457919.573169,2021-06-23T14:18:39.573168Z,52.50986666666667,13.356406666666668,4,2,S2,1624457919.573169,13.335847222222222,-74.44790555555556,-46.7269,0.0009493147777777,44.0,212.77777777777777,3.888888888888889,0.0243557277777777,12,18,2021-06-23 16:18:39,52.50986666666667,13.356406666666668,26.4,39.4476,262.9,0.0587,0.03,18.42,18.42,12.31,0.68,1019.3,2.8,0.94,3.0,16.093,3.85603,Kemperplatz,1.5416158719032005,2676.712763731492,pc4,Park,2021-06-23 16:18:39,52.509895,13.356663333333334,38.5,40.00320000000001,270.9,0.0587,0.03,18.42,18.42,12.31,0.68,1019.3,2.8,0.94,3.0,16.093,3.04466,Klingelhöfer Straße,2.890986737863957,2654.7391175443777,pc2,Park,False,False,17.638939080054833,50,10,0.64
1624457920.50555,2021-06-23T14:18:40.505549Z,52.509885,13.356501666666666,2,4,S2,1624457920.50555,11.884058510638296,-77.98336808510638,-50.19128936170213,0.0005884419787234,41.0,305.9574468085106,4.425531914893617,0.0113877859574468,12,47,2021-06-23 16:18:40,52.509885,13.356501666666666,38.5,39.2624,270.2,0.0587,0.03,18.42,18.42,12.31,0.68,1019.3,2.8,0.94,3.0,16.093,3.04466,Klingelhöfer Straße,2.701724691325009,2665.864123138036,pc2,Park,2021-06-23 16:18:40,52.50985666666666,13.356243333333332,26.4,39.4476,262.4,0.0587,0.03,18.42,18.42,12.31,0.68,1019.3,2.8,0.94,3.0,16.093,3.04466,Klingelhöfer Straße,2.0267398331289925,2687.309963199561,pc4,Park,False,False,17.749859877562898,50,10,0.06
1624457920.5061624,2021-06-23T14:18:40.506162Z,52.50985666666666,13.356243333333332,4,2,S2,1624457920.5061624,12.5307058,-75.113748,-47.34909400000001,0.0009809273,44.0,306.06,4.04,0.0214107378,12,50,2021-06-23 16:18:40,52.50985666666666,13.356243333333332,26.4,39.4476,262.4,0.0587,0.03,18.42,18.42,12.31,0.68,1019.3,2.8,0.94,3.0,16.093,3.04466,Klingelhöfer Straße,2.0267398331289925,2687.309963199561,pc4,Park,2021-06-23 16:18:40,52.509885,13.356501666666666,38.5,39.2624,270.2,0.0587,0.03,18.42,18.42,12.31,0.68,1019.3,2.8,0.94,3.0,16.093,3.04466,Klingelhöfer Straße,2.701724691325009,2665.864123138036,pc2,Park,False,False,17.749859877562898,50,10,0.0
1624457921.4757948,2021-06-23T14:18:41.475794Z,52.509845,13.356083333333334,4,2,S2,1624457921.4757948,14.126218666666666,-73.78786666666667,-46.02527111111112,0.0010770719555555,44.0,403.1333333333333,2.977777777777778,0.030155924,12,45,2021-06-23 16:18:41,52.509845,13.356083333333334,26.4,39.2624,262.1,0.0587,0.03,18.42,18.42,12.31,0.68,1019.3,2.8,0.94,3.0,16.093,3.04466,Klingelhöfer Straße,2.375552768755861,2697.7235158389444,pc4,Park,2021-06-23 16:18:41,52.50987333333333,13.356341666666667,38.4,38.7068,269.4,0.0587,0.03,18.42,18.42,12.31,0.68,1019.3,2.8,0.94,3.0,16.093,3.85603,Kemperplatz,2.9053532128979422,2676.712763731492,pc2,Park,False,False,17.74987130667995,50,10,0.1
1624457921.511875,2021-06-23T14:18:41.511874Z,52.50987333333333,13.356341666666667,2,4,S2,1624457921.511875,12.3048084,-77.779604,-49.96422,0.00054615788,41.0,406.54,4.92,0.0121340106,12,50,2021-06-23 16:18:41,52.50987333333333,13.356341666666667,38.4,38.7068,269.4,0.0587,0.03,18.42,18.42,12.31,0.68,1019.3,2.8,0.94,3.0,16.093,3.85603,Kemperplatz,2.9053532128979422,2676.712763731492,pc2,Park,2021-06-23 16:18:41,52.509845,13.356083333333334,26.4,39.2624,262.1,0.0587,0.03,18.42,18.42,12.31,0.68,1019.3,2.8,0.94,3.0,16.093,3.04466,Klingelhöfer Straße,2.375552768755861,2697.7235158389444,pc4,Park,False,False,17.74987130667995,50,10,0.0
1624457922.4463122,2021-06-23T14:18:42.446312Z,52.50986,13.356185,2,4,S2,1624457922.4463122,13.38728425,-77.256085,-49.468475,0.0004479735,41.0,499.85,6.275,0.0133863375,12,40,2021-06-23 16:18:42,52.50986,13.356185,38.5,38.52160000000001,268.6,0.0587,0.03,18.42,18.42,12.31,0.68,1019.3,2.8,0.94,3.0,16.093,3.04466,Klingelhöfer Straße,2.959256207598762,2687.309963199561,pc2,Park,2021-06-23 16:18:42,52.50983166666666,13.355921666666667,26.3,39.4476,262.0,0.0587,0.03,18.42,18.42,12.31,0.68,1019.3,2.8,0.94,3.0,16.093,3.04466,Klingelhöfer Straße,2.6862015997953583,2708.0075150441203,pc4,Park,False,False,18.082746803875832,50,10,0.2
1624457922.5066943,2021-06-23T14:18:42.506694Z,52.50983166666666,13.355921666666667,4,2,S2,1624457922.5066943,13.310999795918368,-73.17964693877552,-45.4275224489796,0.0020116843469387,44.0,506.18367346938777,3.346938775510204,0.034963735510204,12,49,2021-06-23 16:18:42,52.50983166666666,13.355921666666667,26.3,39.4476,262.0,0.0587,0.03,18.42,18.42,12.31,0.68,1019.3,2.8,0.94,3.0,16.093,3.04466,Klingelhöfer Straße,2.6862015997953583,2708.0075150441203,pc4,Park,2021-06-23 16:18:42,52.50986,13.356185,38.5,38.52160000000001,268.6,0.0587,0.03,18.42,18.42,12.31,0.68,1019.3,2.8,0.94,3.0,16.093,3.04466,Klingelhöfer Straße,2.959256207598762,2687.309963199561,pc2,Park,False,False,18.082746803875832,50,10,0.02
1624457923.438302,2021-06-23T14:18:43.438302Z,52.50984666666667,13.356028333333333,2,4,S2,1624457923.438302,12.912164516129032,-77.86677741935485,-50.08906129032258,0.0004330179677419,41.0,598.7741935483871,9.0,0.0114840206451612,12,31,2021-06-23 16:18:43,52.50984666666667,13.356028333333333,38.5,37.966,268.0,0.0587,0.03,18.42,18.42,12.31,0.68,1019.3,2.8,0.94,3.0,16.093,3.04466,Klingelhöfer Straße,3.1613124136854163,2697.7235158389444,pc2,Park,2021-06-23 16:18:43,52.509815,13.355761666666666,26.4,39.2624,257.1,0.0587,0.03,18.42,18.42,12.31,0.68,1019.3,2.8,0.94,3.0,16.093,3.04466,Klingelhöfer Straße,2.613108492589075,2718.2317305674965,pc4,Park,False,False,18.37194720609589,50,10,0.38
1624457923.4962025,2021-06-23T14:18:43.496202Z,52.509815,13.355761666666666,4,2,S2,1624457923.4962025,12.941992040816324,-74.29173265306122,-46.53602653061225,0.0011063885306122,44.0,604.9387755102041,5.306122448979592,0.0246936063265306,12,49,2021-06-23 16:18:43,52.509815,13.355761666666666,26.4,39.2624,257.1,0.0587,0.03,18.42,18.42,12.31,0.68,1019.3,2.8,0.94,3.0,16.093,3.04466,Klingelhöfer Straße,2.613108492589075,2718.2317305674965,pc4,Park,2021-06-23 16:18:43,52.50984666666667,13.356028333333333,38.5,37.966,268.0,0.0587,0.03,18.42,18.42,12.31,0.68,1019.3,2.8,0.94,3.0,16.093,3.04466,Klingelhöfer Straße,3.1613124136854163,2697.7235158389444,pc2,Park,False,False,18.37194720609589,50,10,0.02
1624457924.392618,2021-06-23T14:18:44.392617Z,52.50983333333333,13.355873333333331,2,4,S2,1624457924.392618,14.84085,-75.86535,-47.9938,0.0004464465,41.0,694.5,6.0,0.0161961,12,2,2021-06-23 16:18:44,52.50983333333333,13.355873333333331,38.4,37.966,267.3,0.0587,0.03,18.42,18.42,12.31,0.68,1019.3,2.8,0.94,3.0,16.093,3.04466,Klingelhöfer Straße,3.3988677070221462,2708.0075150441203,pc2,Park,2021-06-23 16:18:44,52.509798333333336,13.355603333333333,26.6,39.2624,257.6,0.0587,0.03,18.42,18.42,12.31,0.68,1019.3,2.8,0.94,3.0,16.093,3.04466,Klingelhöfer Straße,2.262835067178494,2728.4249452276026,pc4,Park,False,False,18.66673686646802,50,10,0.96
1624457924.4945123,2021-06-23T14:18:44.494512Z,52.509798333333336,13.355603333333333,4,2,S2,1624457924.4945123,13.309116862745098,-73.83428627450981,-46.0365137254902,0.001146689117647,44.0,704.7843137254902,5.15686274509804,0.0285959101960784,12,51,2021-06-23 16:18:44,52.509798333333336,13.355603333333333,26.6,39.2624,257.6,0.0587,0.03,18.42,18.42,12.31,0.68,1019.3,2.8,0.94,3.0,16.093,3.04466,Klingelhöfer Straße,2.262835067178494,2728.4249452276026,pc4,Park,2021-06-23 16:18:44,52.50983333333333,13.355873333333331,38.4,37.966,267.3,0.0587,0.03,18.42,18.42,12.31,0.68,1019.3,2.8,0.94,3.0,16.093,3.04466,Klingelhöfer Straße,3.3988677070221462,2708.0075150441203,pc2,Park,False,False,18.66673686646802,50,10,-0.02
1624457925.522358,2021-06-23T14:18:45.522357Z,52.509818333333335,13.35572,2,4,S2,1624457925.522358,14.210922272727272,-76.47323636363636,-48.679615909090906,0.000449331590909,41.0,807.3181818181819,7.613636363636363,0.0172382113636363,12,44,2021-06-23 16:18:45,52.509818333333335,13.35572,38.3,37.4104,266.6,0.0587,0.03,18.42,18.42,12.31,0.68,1019.3,2.8,0.94,3.0,16.093,3.04466,Klingelhöfer Straße,3.3942536550041296,2718.2317305674965,pc2,Park,2021-06-23 16:18:45,52.50978666666666,13.355443333333334,26.8,39.2624,258.3,0.0587,0.03,18.42,18.42,12.31,0.68,1019.3,2.8,0.94,3.0,16.093,3.04466,Klingelhöfer Straße,2.446308161323225,2738.609535727785,pc4,Park,False,False,19.03614661638192,50,10,0.12
1624457925.527585,2021-06-23T14:18:45.527585Z,52.50978666666666,13.355443333333334,4,2,S2,1624457925.527585,13.224207916666666,-72.69905625,-44.8969375,0.0015192670833333,44.0,808.125,4.833333333333333,0.0384182152083333,12,48,2021-06-23 16:18:45,52.50978666666666,13.355443333333334,26.8,39.2624,258.3,0.0587,0.03,18.42,18.42,12.31,0.68,1019.3,2.8,0.94,3.0,16.093,3.04466,Klingelhöfer Straße,2.446308161323225,2738.609535727785,pc4,Park,2021-06-23 16:18:45,52.509818333333335,13.35572,38.3,37.4104,266.6,0.0587,0.03,18.42,18.42,12.31,0.68,1019.3,2.8,0.94,3.0,16.093,3.04466,Klingelhöfer Straße,3.3942536550041296,2718.2317305674965,pc2,Park,False,False,19.03614661638192,50,10,0.04
1624457926.4287362,2021-06-23T14:18:46.428736Z,52.50980333333333,13.355568333333334,2,4,S2,1624457926.4287362,13.891805768108108,-75.79517297297298,-47.997324324324325,0.0008656638378378,41.0,897.9459459459459,7.72972972972973,0.02116134,12,37,2021-06-23 16:18:46,52.50980333333333,13.355568333333334,38.3,37.4104,266.0,0.0587,0.03,18.42,18.42,12.31,0.68,1019.3,2.8,0.94,3.0,16.093,3.04466,Klingelhöfer Straße,3.1343325872564622,2728.4249452276026,pc2,Park,2021-06-23 16:18:46,52.509771666666666,13.355285,27.0,39.2624,260.6,0.0587,0.03,18.42,18.42,12.31,0.68,1019.3,2.8,0.94,3.0,16.093,3.04466,Klingelhöfer Straße,2.24754633940296,2748.849948486082,pc4,Park,False,False,19.47940418739101,50,10,0.26
1624457926.502655,2021-06-23T14:18:46.502655Z,52.509771666666666,13.355285,4,2,S2,1624457926.502655,15.028542291666668,-73.31766875,-45.53492916666666,0.0008134614375,44.0,905.8541666666666,2.6041666666666665,0.0379993864583333,12,48,2021-06-23 16:18:46,52.509771666666666,13.355285,27.0,39.2624,260.6,0.0587,0.03,18.42,18.42,12.31,0.68,1019.3,2.8,0.94,3.0,16.093,3.04466,Klingelhöfer Straße,2.24754633940296,2748.849948486082,pc4,Park,2021-06-23 16:18:46,52.50980333333333,13.355568333333334,38.3,37.4104,266.0,0.0587,0.03,18.42,18.42,12.31,0.68,1019.3,2.8,0.94,3.0,16.093,3.04466,Klingelhöfer Straße,3.1343325872564622,2728.4249452276026,pc2,Park,False,False,19.47940418739101,50,10,0.04
1624457927.3125596,2021-06-23T14:18:47.312559Z,52.50978833333333,13.355415,2,4,S2,1624457927.3125596,12.4901425,-76.873505,-49.081295,0.0010706887,41.0,935.2,7.0,0.014973105,12,20,2021-06-23 16:18:47,52.50978833333333,13.355415,38.3,37.4104,264.3,0.0587,0.03,18.42,18.42,12.31,0.68,1019.3,2.8,0.94,3.0,16.093,3.04466,Klingelhöfer Straße,2.889701760363436,2738.609535727785,pc2,Park,2021-06-23 16:18:47,52.50975833333333,13.355126666666669,27.1,38.52160000000001,260.4,0.0587,0.03,18.42,18.42,12.31,0.68,1019.3,2.8,0.94,3.0,16.093,3.04466,Klingelhöfer Straße,2.368915030094956,2759.153910201065,pc4,Park,False,False,19.78010086481037,50,10,0.6
1624457927.5200715,2021-06-23T14:18:47.520071Z,52.50975833333333,13.355126666666669,4,2,S2,1624457927.5200715,13.692902916666666,-74.57857708333333,-46.74035625,0.0008124553125,44.0,644.75,4.375,0.0268879120833333,12,48,2021-06-23 16:18:47,52.50975833333333,13.355126666666669,27.1,38.52160000000001,260.4,0.0587,0.03,18.42,18.42,12.31,0.68,1019.3,2.8,0.94,3.0,16.093,3.04466,Klingelhöfer Straße,2.368915030094956,2759.153910201065,pc4,Park,2021-06-23 16:18:47,52.50978833333333,13.355415,38.3,37.4104,264.3,0.0587,0.03,18.42,18.42,12.31,0.68,1019.3,2.8,0.94,3.0,16.093,3.04466,Klingelhöfer Straße,2.889701760363436,2738.609535727785,pc2,Park,False,False,19.78010086481037,50,10,0.04
1624457928.4583924,2021-06-23T14:18:48.458392Z,52.50974333333333,13.354973333333334,4,2,S2,1624457928.4583924,13.59192931818182,-74.8361840909091,-47.04056818181818,0.0007805530681818,44.0,77.0,6.886363636363637,0.0250025818181818,12,44,2021-06-23 16:18:48,52.50974333333333,13.354973333333334,27.2,37.2252,260.2,0.0606,0.03,18.36,18.36,12.28,0.68,1019.3,2.79,0.95,3.0,16.093,3.04466,Klingelhöfer Straße,2.275958207050933,2769.516289056088,pc4,Park,2021-06-23 16:18:48,52.509775,13.355261666666667,38.4,38.3364,262.5,0.0587,0.03,18.42,18.42,12.31,0.68,1019.3,2.8,0.94,3.0,16.093,3.04466,Klingelhöfer Straße,2.8308715533665847,2748.849948486082,pc2,Park,False,False,19.81208905910582,50,10,0.12
1624457928.704019,2021-06-23T14:18:48.704019Z,52.509775,13.355261666666667,2,4,S2,1624457928.704019,13.878735666666667,-76.59206,-48.87707666666667,0.0004668095,41.0,102.13333333333334,1.1333333333333333,0.0149302843333333,12,30,2021-06-23 16:18:48,52.509775,13.355261666666667,38.4,38.3364,262.5,0.0587,0.03,18.42,18.42,12.31,0.68,1019.3,2.8,0.94,3.0,16.093,3.04466,Klingelhöfer Straße,2.8308715533665847,2748.849948486082,pc2,Park,2021-06-23 16:18:48,52.50974333333333,13.354973333333334,27.2,37.2252,260.2,0.0606,0.03,18.36,18.36,12.28,0.68,1019.3,2.79,0.95,3.0,16.093,3.04466,Klingelhöfer Straße,2.275958207050933,2769.516289056088,pc4,Park,False,False,19.81208905910582,50,10,0.4
1624457929.5068142,2021-06-23T14:18:49.506814Z,52.50975833333333,13.355103333333334,2,4,S2,1624457929.5068142,13.922103333333332,-75.45738958333332,-47.68143333333333,0.0010167239375,41.0,182.1458333333333,3.7916666666666665,0.021566866875,12,48,2021-06-23 16:18:49,52.50975833333333,13.355103333333334,38.3,39.077200000000005,260.8,0.0587,0.03,18.42,18.42,12.31,0.68,1019.3,2.8,0.94,3.0,16.093,3.04466,Klingelhöfer Straße,2.60552471255262,2769.516289056088,pc2,Park,2021-06-23 16:18:49,52.50973,13.354823333333334,27.3,36.4844,261.1,0.0606,0.03,18.36,18.36,12.28,0.68,1019.3,2.79,0.95,3.0,16.093,3.04466,Klingelhöfer Straße,2.3322921679583586,2779.9063198219187,pc4,Park,False,False,19.19371014468592,50,10,0.04
1624457929.6970494,2021-06-23T14:18:49.697049Z,52.50973,13.354823333333334,4,2,S2,1624457929.6970494,17.299,-70.43667692307692,-42.66404230769231,0.0009552729230769,44.0,201.23076923076923,3.230769230769231,0.0626380269230769,12,26,2021-06-23 16:18:49,52.50973,13.354823333333334,27.3,36.4844,261.1,0.0606,0.03,18.36,18.36,12.28,0.68,1019.3,2.79,0.95,3.0,16.093,3.04466,Klingelhöfer Straße,2.3322921679583586,2779.9063198219187,pc4,Park,2021-06-23 16:18:49,52.50975833333333,13.355103333333334,38.3,39.077200000000005,260.8,0.0587,0.03,18.42,18.42,12.31,0.68,1019.3,2.8,0.94,3.0,16.093,3.04466,Klingelhöfer Straße,2.60552471255262,2769.516289056088,pc2,Park,False,False,19.19371014468592,50,10,0.48
1624457930.5065105,2021-06-23T14:18:50.506510Z,52.509715,13.354676666666666,4,2,S2,1624457930.5065105,13.964457708333333,-72.53240208333334,-44.76420625,0.0013153353333333,44.0,282.3125,1.8958333333333333,0.0443105472916666,12,48,2021-06-23 16:18:50,52.509715,13.354676666666666,27.3,36.299200000000006,261.1,0.0606,0.03,18.36,18.36,12.28,0.68,1019.3,2.79,0.95,3.0,16.093,3.04466,Klingelhöfer Straße,2.171734437206235,2790.299072972165,pc4,Park,2021-06-23 16:18:50,52.50974166666666,13.354946666666669,38.3,39.077200000000005,259.9,0.0606,0.03,18.36,18.36,12.28,0.68,1019.3,2.79,0.95,3.0,16.093,3.04466,Klingelhöfer Straße,2.3632782394934435,2779.9063198219187,pc2,Park,False,False,18.49646838656416,50,10,0.04
1624457930.564921,2021-06-23T14:18:50.564920Z,52.50974166666666,13.354946666666669,2,4,S2,1624457930.564921,14.353973863636362,-76.12428636363637,-48.357859090909095,0.000471107340909,41.0,287.54545454545456,7.931818181818182,0.0198667145454545,12,44,2021-06-23 16:18:50,52.50974166666666,13.354946666666669,38.3,39.077200000000005,259.9,0.0606,0.03,18.36,18.36,12.28,0.68,1019.3,2.79,0.95,3.0,16.093,3.04466,Klingelhöfer Straße,2.3632782394934435,2779.9063198219187,pc2,Park,2021-06-23 16:18:50,52.509715,13.354676666666666,27.3,36.299200000000006,261.1,0.0606,0.03,18.36,18.36,12.28,0.68,1019.3,2.79,0.95,3.0,16.093,3.04466,Klingelhöfer Straße,2.171734437206235,2790.299072972165,pc4,Park,False,False,18.49646838656416,50,10,0.12
1624457931.1378298,2021-06-23T14:18:51.137829Z,52.509726666666666,13.354788333333332,2,4,S2,1624457931.1378298,17.430575,-70.57300000000001,-42.8362,0.001510999125,41.0,345.0,6.25,0.0660806125,12,8,2021-06-23 16:18:51,52.509726666666666,13.354788333333332,38.3,38.3364,260.0,0.0606,0.03,18.36,18.36,12.28,0.68,1019.3,2.79,0.95,3.0,16.093,3.04466,Klingelhöfer Straße,2.3210247360618816,2790.299072972165,pc2,Park,2021-06-23 16:18:51,52.50970333333333,13.35453,27.4,35.9288,261.0,0.0606,0.03,18.36,18.36,12.28,0.68,1019.3,2.79,0.95,3.0,16.093,3.04466,Klingelhöfer Straße,2.377360031790572,2800.6500072515646,pc4,Park,False,False,17.660143545940393,50,10,0.84
1624457931.5053833,2021-06-23T14:18:51.505383Z,52.50970333333333,13.35453,4,2,S2,1624457931.5053833,18.903518,-68.61814199999999,-40.851912,0.00104699078,44.0,381.86,5.3,0.102952634,12,50,2021-06-23 16:18:51,52.50970333333333,13.35453,27.4,35.9288,261.0,0.0606,0.03,18.36,18.36,12.28,0.68,1019.3,2.79,0.95,3.0,16.093,3.04466,Klingelhöfer Straße,2.377360031790572,2800.6500072515646,pc4,Park,2021-06-23 16:18:51,52.509726666666666,13.354788333333332,38.3,38.3364,260.0,0.0606,0.03,18.36,18.36,12.28,0.68,1019.3,2.79,0.95,3.0,16.093,3.04466,Klingelhöfer Straße,2.3210247360618816,2790.299072972165,pc2,Park,False,False,17.660143545940393,50,10,0.0
1624457932.5082855,2021-06-23T14:18:52.508285Z,52.50969,13.354385,4,2,S2,1624457932.5082855,17.024282,-71.052832,-43.342652,0.0008940365799999,44.0,482.06,6.18,0.055954632,12,50,2021-06-23 16:18:52,52.50969,13.354385,27.5,35.188,261.3,0.0606,0.03,18.36,18.36,12.28,0.68,1019.3,2.79,0.95,3.0,16.093,3.04466,Klingelhöfer Straße,2.3829945943784816,2810.9118140170763,pc4,Park,2021-06-23 16:18:52,52.509715,13.354635,38.2,37.04,260.9,0.0606,0.03,18.36,18.36,12.28,0.68,1019.3,2.79,0.95,3.0,16.093,3.04466,Klingelhöfer Straße,2.5942525333051463,2800.6500072515646,pc2,Park,False,False,17.131894381472808,50,10,0.0
1624457933.511016,2021-06-23T14:18:53.511016Z,52.50967666666666,13.354245,4,2,S2,1624457933.511016,17.53579591836735,-67.89032653061224,-40.18547755102041,0.0017409701224489,44.0,582.5102040816327,4.408163265306122,0.122521481632653,12,49,2021-06-23 16:18:53,52.50967666666666,13.354245,27.6,34.4472,261.6,0.0606,0.03,18.36,18.36,12.28,0.68,1019.3,2.79,0.95,3.0,16.093,3.04466,Klingelhöfer Straße,2.337927793902925,2821.034351166543,pc4,Park,2021-06-23 16:18:53,52.509701666666665,13.354485,38.1,36.114,261.6,0.0606,0.03,18.36,18.36,12.28,0.68,1019.3,2.79,0.95,3.0,16.093,3.04466,Klingelhöfer Straße,2.6505886528264275,2810.9118140170763,pc2,Park,False,False,16.464966590972907,50,10,0.02
1624457933.5902371,2021-06-23T14:18:53.590237Z,52.509701666666665,13.354485,2,4,S2,1624457933.5902371,14.382817142857142,-71.69535238095239,-43.95623333333334,0.0014907094523809,41.0,590.2857142857143,5.857142857142857,0.0496481833333333,12,42,2021-06-23 16:18:53,52.509701666666665,13.354485,38.1,36.114,261.6,0.0606,0.03,18.36,18.36,12.28,0.68,1019.3,2.79,0.95,3.0,16.093,3.04466,Klingelhöfer Straße,2.6505886528264275,2810.9118140170763,pc2,Park,2021-06-23 16:18:53,52.50967666666666,13.354245,27.6,34.4472,261.6,0.0606,0.03,18.36,18.36,12.28,0.68,1019.3,2.79,0.95,3.0,16.093,3.04466,Klingelhöfer Straße,2.337927793902925,2821.034351166543,pc4,Park,False,False,16.464966590972907,50,10,0.16
1624457934.4994955,2021-06-23T14:18:54.499495Z,52.50969,13.35434,2,4,S2,1624457934.4994955,13.404311875,-72.94190208333333,-45.18916041666666,0.0012243591666666,41.0,681.2083333333334,5.875,0.0372576706249999,12,48,2021-06-23 16:18:54,52.50969,13.35434,38.3,35.7436,262.1,0.0606,0.03,18.36,18.36,12.28,0.68,1019.3,2.79,0.95,3.0,16.093,3.04466,Klingelhöfer Straße,2.8393146936376854,2821.034351166543,pc2,Park,2021-06-23 16:18:54,52.509665,13.354106666666668,27.6,33.891600000000004,261.8,0.0606,0.03,18.36,18.36,12.28,0.68,1019.3,2.79,0.95,3.0,16.093,3.04466,Klingelhöfer Straße,2.45905226660934,2830.99578931066,pc4,Park,False,False,16.020784322571078,50,10,0.04
1624457934.5080404,2021-06-23T14:18:54.508040Z,52.509665,13.354106666666668,4,2,S2,1624457934.5080404,15.90212,-69.61742,-41.942934,0.00168014026,44.0,682.18,4.72,0.080592596,12,50,2021-06-23 16:18:54,52.509665,13.354106666666668,27.6,33.891600000000004,261.8,0.0606,0.03,18.36,18.36,12.28,0.68,1019.3,2.79,0.95,3.0,16.093,3.04466,Klingelhöfer Straße,2.45905226660934,2830.99578931066,pc4,Park,2021-06-23 16:18:54,52.50969,13.35434,38.3,35.7436,262.1,0.0606,0.03,18.36,18.36,12.28,0.68,1019.3,2.79,0.95,3.0,16.093,3.04466,Klingelhöfer Straße,2.8393146936376854,2821.034351166543,pc2,Park,False,False,16.020784322571078,50,10,0.0
1624457935.4781244,2021-06-23T14:18:55.478124Z,52.50967666666666,13.354195,2,4,S2,1624457935.4781244,12.408876136363636,-74.30824090909091,-46.54818863636364,0.0011331304090909,41.0,779.1363636363636,5.227272727272728,0.0250563388636363,12,44,2021-06-23 16:18:55,52.50967666666666,13.354195,38.4,35.0028,261.9,0.0606,0.03,18.36,18.36,12.28,0.68,1019.3,2.79,0.95,3.0,16.093,3.04466,Klingelhöfer Straße,2.844950426545957,2830.99578931066,pc2,Park,2021-06-23 16:18:55,52.50965333333333,13.353968333333333,27.8,34.0768,261.9,0.0606,0.03,18.36,18.36,12.28,0.68,1019.3,2.79,0.95,3.0,16.093,3.04466,Klingelhöfer Straße,2.5801775528663136,2840.792111538011,pc4,Park,False,False,15.545099188587704,50,10,0.12
1624457935.510954,2021-06-23T14:18:55.510954Z,52.50965333333333,13.353968333333333,4,2,S2,1624457935.510954,13.61236448979592,-72.33008571428572,-44.58731020408164,0.0015064690612244,44.0,782.4285714285714,5.142857142857143,0.0455258363265306,12,49,2021-06-23 16:18:55,52.50965333333333,13.353968333333333,27.8,34.0768,261.9,0.0606,0.03,18.36,18.36,12.28,0.68,1019.3,2.79,0.95,3.0,16.093,3.04466,Klingelhöfer Straße,2.5801775528663136,2840.792111538011,pc4,Park,2021-06-23 16:18:55,52.50967666666666,13.354195,38.4,35.0028,261.9,0.0606,0.03,18.36,18.36,12.28,0.68,1019.3,2.79,0.95,3.0,16.093,3.04466,Klingelhöfer Straße,2.844950426545957,2830.99578931066,pc2,Park,False,False,15.545099188587704,50,10,0.02
1624457936.4707086,2021-06-23T14:18:56.470708Z,52.509663333333336,13.354055,2,4,S2,1624457936.4707086,11.250582045454546,-76.28785454545454,-48.54458863636364,0.0009341674772727,41.0,878.5,4.181818181818182,0.0163774722727272,12,44,2021-06-23 16:18:56,52.509663333333336,13.354055,38.4,34.262,261.5,0.0606,0.03,18.36,18.36,12.28,0.68,1019.3,2.79,0.95,3.0,16.093,3.04466,Klingelhöfer Straße,2.799884757269653,2840.792111538011,pc2,Park,2021-06-23 16:18:56,52.50964333333334,13.35383,27.8,34.0768,262.3,0.0606,0.03,18.36,18.36,12.28,0.68,1019.3,2.79,0.95,3.0,16.093,3.04466,Klingelhöfer Straße,2.752097375368008,2850.353602923325,pc4,Park,False,False,15.3762513675277,50,10,0.12
1624457936.505931,2021-06-23T14:18:56.505930Z,52.50964333333334,13.35383,4,2,S2,1624457936.505931,14.64812448979592,-71.74904081632653,-44.00154285714286,0.0013582459183673,44.0,881.9387755102041,4.816326530612245,0.0458929122448979,12,49,2021-06-23 16:18:56,52.50964333333334,13.35383,27.8,34.0768,262.3,0.0606,0.03,18.36,18.36,12.28,0.68,1019.3,2.79,0.95,3.0,16.093,3.04466,Klingelhöfer Straße,2.752097375368008,2850.353602923325,pc4,Park,2021-06-23 16:18:56,52.509663333333336,13.354055,38.4,34.262,261.5,0.0606,0.03,18.36,18.36,12.28,0.68,1019.3,2.79,0.95,3.0,16.093,3.04466,Klingelhöfer Straße,2.799884757269653,2840.792111538011,pc2,Park,False,False,15.3762513675277,50,10,0.02
1624457937.4255164,2021-06-23T14:18:57.425516Z,52.50963333333333,13.35369,4,2,S2,1624457937.4255164,17.502940714285714,-69.83271428571429,-41.993657142857145,0.0013291292857142,44.0,864.2857142857143,4.035714285714286,0.0707980642857143,12,28,2021-06-23 16:18:57,52.50963333333333,13.35369,27.9,34.262,263.2,0.0606,0.03,18.36,18.36,12.28,0.68,1019.3,2.79,0.95,3.0,16.093,3.04466,Klingelhöfer Straße,2.935570700946727,2859.677829761212,pc4,Park,2021-06-23 16:18:57,52.50965,13.353918333333333,38.4,33.7064,261.2,0.0606,0.03,18.36,18.36,12.28,0.68,1019.3,2.79,0.95,3.0,16.093,3.04466,Klingelhöfer Straße,2.675650477727111,2850.353602923325,pc2,Park,False,False,15.551045574790706,50,10,0.44
1624457937.4954224,2021-06-23T14:18:57.495422Z,52.50965,13.353918333333333,2,4,S2,1624457937.4954224,14.613076734693877,-75.15595918367346,-47.377167346938776,0.0005734397346938,41.0,897.4285714285714,3.653061224489796,0.0234410383673469,12,49,2021-06-23 16:18:57,52.50965,13.353918333333333,38.4,33.7064,261.2,0.0606,0.03,18.36,18.36,12.28,0.68,1019.3,2.79,0.95,3.0,16.093,3.04466,Klingelhöfer Straße,2.675650477727111,2850.353602923325,pc2,Park,2021-06-23 16:18:57,52.50963333333333,13.35369,27.9,34.262,263.2,0.0606,0.03,18.36,18.36,12.28,0.68,1019.3,2.79,0.95,3.0,16.093,3.04466,Klingelhöfer Straße,2.935570700946727,2859.677829761212,pc4,Park,False,False,15.551045574790706,50,10,0.02
1624457938.4852085,2021-06-23T14:18:58.485208Z,52.509636666666665,13.353783333333332,2,4,S2,1624457938.4852085,14.43055625,-75.94094583333333,-48.140775,0.0004822317083333,41.0,56.145833333333336,2.2291666666666665,0.0173286052083333,12,48,2021-06-23 16:18:58,52.509636666666665,13.353783333333332,38.4,33.336,261.5,0.0606,0.03,18.36,18.36,12.28,0.68,1019.3,2.79,0.95,3.0,16.093,3.04466,Klingelhöfer Straße,2.4463086871212347,2850.353602923325,pc2,Park,2021-06-23 16:18:58,52.50962833333333,13.353548333333332,28.0,34.817600000000006,265.0,0.0606,0.03,18.36,18.36,12.28,0.68,1019.3,2.79,0.95,3.0,16.093,3.04466,Klingelhöfer Straße,3.387027383377965,2868.768832631953,pc4,Park,False,False,15.918537370255224,50,10,0.04
1624457938.489661,2021-06-23T14:18:58.489660Z,52.50962833333333,13.353548333333332,4,2,S2,1624457938.489661,16.00733673469388,-72.08602653061224,-44.35445102040816,0.0008896000816326,44.0,56.204081632653065,6.142857142857143,0.0465681612244898,12,49,2021-06-23 16:18:58,52.50962833333333,13.353548333333332,28.0,34.817600000000006,265.0,0.0606,0.03,18.36,18.36,12.28,0.68,1019.3,2.79,0.95,3.0,16.093,3.04466,Klingelhöfer Straße,3.387027383377965,2868.768832631953,pc4,Park,2021-06-23 16:18:58,52.509636666666665,13.353783333333332,38.4,33.336,261.5,0.0606,0.03,18.36,18.36,12.28,0.68,1019.3,2.79,0.95,3.0,16.093,3.04466,Klingelhöfer Straße,2.4463086871212347,2850.353602923325,pc2,Park,False,False,15.918537370255224,50,10,0.02
1624457939.482626,2021-06-23T14:18:59.482625Z,52.50962833333333,13.353645,2,4,S2,1624457939.482626,16.325456041666666,-73.48464583333333,-45.70229583333333,0.0005789015208333,41.0,155.25,8.583333333333334,0.0355855370833333,12,48,2021-06-23 16:18:59,52.50962833333333,13.353645,38.4,33.891600000000004,262.5,0.0606,0.03,18.36,18.36,12.28,0.68,1019.3,2.79,0.95,3.0,16.093,3.04466,Klingelhöfer Straße,2.7979659933169363,2868.768832631953,pc2,Park,2021-06-23 16:18:59,52.509625,13.353405,28.0,35.373200000000004,267.1,0.0606,0.03,18.36,18.36,12.28,0.68,1019.3,2.79,0.95,3.0,16.093,2.93379,Klingelhöfer Straße,3.5850991550587663,2877.633898501741,pc4,Park,False,False,16.23415203577634,50,10,0.04
1624457939.5114818,2021-06-23T14:18:59.511481Z,52.509625,13.353405,4,2,S2,1624457939.5114818,17.10464,-69.33231020408164,-41.57833469387755,0.0018380659387755,44.0,158.73469387755102,2.653061224489796,0.087949581632653,12,49,2021-06-23 16:18:59,52.509625,13.353405,28.0,35.373200000000004,267.1,0.0606,0.03,18.36,18.36,12.28,0.68,1019.3,2.79,0.95,3.0,16.093,2.93379,Klingelhöfer Straße,3.5850991550587663,2877.633898501741,pc4,Park,2021-06-23 16:18:59,52.50962833333333,13.353645,38.4,33.891600000000004,262.5,0.0606,0.03,18.36,18.36,12.28,0.68,1019.3,2.79,0.95,3.0,16.093,3.04466,Klingelhöfer Straße,2.7979659933169363,2868.768832631953,pc2,Park,False,False,16.23415203577634,50,10,0.02
1624457940.4735258,2021-06-23T14:19:00.473525Z,52.50962166666667,13.353506666666666,2,4,S2,1624457940.4735258,17.09033404255319,-72.54981063829787,-44.72482765957447,0.0005945480638297,41.0,254.31914893617025,8.787234042553191,0.042179714893617,12,47,2021-06-23 16:19:00,52.50962166666667,13.353506666666666,38.3,34.4472,264.4,0.0606,0.03,18.36,18.36,12.28,0.68,1019.3,2.79,0.95,3.0,16.093,2.93379,Klingelhöfer Straße,2.812619207738284,2877.633898501741,pc2,Park,2021-06-23 16:19:00,52.509625,13.35326,27.9,35.7436,269.5,0.0606,0.03,18.36,18.36,12.28,0.68,1019.3,2.79,0.95,3.0,16.093,2.43062,Klingelhöfer Straße,3.5255315543737136,2886.245010930513,pc4,Park,False,False,16.68515439936061,50,10,0.06
1624457940.5117855,2021-06-23T14:19:00.511785Z,52.509625,13.35326,4,2,S2,1624457940.5117855,19.068897916666668,-68.34566041666666,-40.55253125,0.0010581340208333,44.0,258.875,1.5625,0.1142793062499999,12,48,2021-06-23 16:19:00,52.509625,13.35326,27.9,35.7436,269.5,0.0606,0.03,18.36,18.36,12.28,0.68,1019.3,2.79,0.95,3.0,16.093,2.43062,Klingelhöfer Straße,3.5255315543737136,2886.245010930513,pc4,Park,2021-06-23 16:19:00,52.50962166666667,13.353506666666666,38.3,34.4472,264.4,0.0606,0.03,18.36,18.36,12.28,0.68,1019.3,2.79,0.95,3.0,16.093,2.93379,Klingelhöfer Straße,2.812619207738284,2877.633898501741,pc2,Park,False,False,16.68515439936061,50,10,0.04
1624457941.444476,2021-06-23T14:19:01.444475Z,52.50962,13.353365,2,4,S2,1624457941.444476,15.93889761904762,-72.53968571428571,-44.7797,0.0008272895238095,41.0,351.4047619047619,8.880952380952381,0.0416324,12,42,2021-06-23 16:19:01,52.50962,13.353365,38.2,34.817600000000006,265.4,0.0606,0.03,18.36,18.36,12.28,0.68,1019.3,2.79,0.95,3.0,16.093,2.43062,Klingelhöfer Straße,3.1889556178164145,2886.245010930513,pc2,Park,2021-06-23 16:19:01,52.50963,13.353113333333331,27.9,35.5584,272.3,0.0606,0.03,18.36,18.36,12.28,0.68,1019.3,2.79,0.95,3.0,16.093,2.43062,Klingelhöfer Straße,3.335286889309713,2902.719104631876,pc4,Park,False,False,17.05567690755265,50,10,0.16
1624457941.4891691,2021-06-23T14:19:01.489169Z,52.50963,13.353113333333331,4,2,S2,1624457941.4891691,18.2569,-69.45150425531915,-41.686297872340425,0.0009754309361702,44.0,356.3829787234043,3.425531914893617,0.0871971319148936,12,47,2021-06-23 16:19:01,52.50963,13.353113333333331,27.9,35.5584,272.3,0.0606,0.03,18.36,18.36,12.28,0.68,1019.3,2.79,0.95,3.0,16.093,2.43062,Klingelhöfer Straße,3.335286889309713,2902.719104631876,pc4,Park,2021-06-23 16:19:01,52.50962,13.353365,38.2,34.817600000000006,265.4,0.0606,0.03,18.36,18.36,12.28,0.68,1019.3,2.79,0.95,3.0,16.093,2.43062,Klingelhöfer Straße,3.1889556178164145,2886.245010930513,pc2,Park,False,False,17.05567690755265,50,10,0.06
1624457942.5095065,2021-06-23T14:19:02.509506Z,52.509636666666665,13.35297,4,2,S2,1624457942.5095065,18.644736734693875,-68.99855714285714,-41.23714693877551,0.0009853809183673,44.0,458.0,8.0,0.0888677510204081,12,49,2021-06-23 16:19:02,52.509636666666665,13.35297,27.9,35.188,274.4,0.0606,0.03,18.36,18.36,12.28,0.68,1019.3,2.79,0.95,3.0,16.093,2.43062,Klingelhöfer Straße,2.854778930904037,2910.6548852051847,pc4,Park,2021-06-23 16:19:02,52.50962333333333,13.353223333333334,38.2,34.6324,266.5,0.0606,0.03,18.36,18.36,12.28,0.68,1019.3,2.79,0.95,3.0,16.093,2.43062,Klingelhöfer Straße,3.156190139829001,2894.5997640187343,pc2,Park,False,False,17.196223806238162,50,10,0.02
1624457942.596661,2021-06-23T14:19:02.596661Z,52.50962333333333,13.353223333333334,2,4,S2,1624457942.596661,15.558805555555557,-72.51178333333333,-44.72296388888888,0.0009065566388888,41.0,467.02777777777777,4.833333333333333,0.0450465155555555,12,36,2021-06-23 16:19:02,52.50962333333333,13.353223333333334,38.2,34.6324,266.5,0.0606,0.03,18.36,18.36,12.28,0.68,1019.3,2.79,0.95,3.0,16.093,2.43062,Klingelhöfer Straße,3.156190139829001,2894.5997640187343,pc2,Park,2021-06-23 16:19:02,52.509636666666665,13.35297,27.9,35.188,274.4,0.0606,0.03,18.36,18.36,12.28,0.68,1019.3,2.79,0.95,3.0,16.093,2.43062,Klingelhöfer Straße,2.854778930904037,2910.6548852051847,pc4,Park,False,False,17.196223806238162,50,10,0.28
1624457943.4947295,2021-06-23T14:19:03.494729Z,52.50962833333333,13.353085,2,4,S2,1624457943.4947295,13.3493124,-74.24664200000001,-46.475462,0.00098127794,41.0,557.0,3.18,0.0306987482,12,50,2021-06-23 16:19:03,52.50962833333333,13.353085,38.4,34.0768,267.4,0.0606,0.03,18.36,18.36,12.28,0.68,1019.3,2.79,0.95,3.0,16.093,2.43062,Klingelhöfer Straße,2.91130959191947,2902.719104631876,pc2,Park,2021-06-23 16:19:03,52.50964666666667,13.352828333333331,27.9,34.4472,276.1,0.0606,0.03,18.36,18.36,12.28,0.68,1019.3,2.79,0.95,3.0,16.093,2.93379,Klingelhöfer Straße,2.7558510077260148,2918.3574335736607,pc4,Park,False,False,17.477026401445567,50,10,0.0
1624457943.5004525,2021-06-23T14:19:03.500452Z,52.50964666666667,13.352828333333331,4,2,S2,1624457943.5004525,16.0776164,-70.79489,-43.022678,0.0015934765,44.0,557.16,7.36,0.064844434,12,50,2021-06-23 16:19:03,52.50964666666667,13.352828333333331,27.9,34.4472,276.1,0.0606,0.03,18.36,18.36,12.28,0.68,1019.3,2.79,0.95,3.0,16.093,2.93379,Klingelhöfer Straße,2.7558510077260148,2918.3574335736607,pc4,Park,2021-06-23 16:19:03,52.50962833333333,13.353085,38.4,34.0768,267.4,0.0606,0.03,18.36,18.36,12.28,0.68,1019.3,2.79,0.95,3.0,16.093,2.43062,Klingelhöfer Straße,2.91130959191947,2902.719104631876,pc2,Park,False,False,17.477026401445567,50,10,0.0
1624457944.5003746,2021-06-23T14:19:04.500374Z,52.509636666666665,13.352946666666666,2,4,S2,1624457944.5003746,13.190609,-76.29231399999999,-48.518816,0.00061939404,41.0,657.5,3.84,0.0159696834,12,50,2021-06-23 16:19:04,52.509636666666665,13.352946666666666,38.4,33.52120000000001,268.1,0.0606,0.03,18.36,18.36,12.28,0.68,1019.3,2.79,0.95,3.0,16.093,2.43062,Klingelhöfer Straße,2.656922901065479,2910.6548852051847,pc2,Park,2021-06-23 16:19:04,52.509656666666665,13.352691666666669,27.9,33.52120000000001,278.0,0.0606,0.03,18.36,18.36,12.28,0.68,1019.3,2.79,0.95,3.0,16.093,4.73207,Kemperplatz,3.363807303672578,2925.755617478503,pc4,Park,False,False,17.3878471940073,50,10,0.0
1624457944.502601,2021-06-23T14:19:04.502600Z,52.509656666666665,13.352691666666669,4,2,S2,1624457944.502601,14.0272396,-72.46886599999999,-44.694468,0.0016758489,44.0,657.52,5.92,0.039838114,12,50,2021-06-23 16:19:04,52.509656666666665,13.352691666666669,27.9,33.52120000000001,278.0,0.0606,0.03,18.36,18.36,12.28,0.68,1019.3,2.79,0.95,3.0,16.093,4.73207,Kemperplatz,3.363807303672578,2925.755617478503,pc4,Park,2021-06-23 16:19:04,52.509636666666665,13.352946666666666,38.4,33.52120000000001,268.1,0.0606,0.03,18.36,18.36,12.28,0.68,1019.3,2.79,0.95,3.0,16.093,2.43062,Klingelhöfer Straße,2.656922901065479,2910.6548852051847,pc2,Park,False,False,17.3878471940073,50,10,0.0
1624457945.5062482,2021-06-23T14:19:05.506248Z,52.50964333333334,13.35281,2,4,S2,1624457945.5062482,13.9546174,-76.751826,-49.066686,0.00044124028,41.0,758.0,4.72,0.0138869012,12,50,2021-06-23 16:19:05,52.50964333333334,13.35281,38.3,33.1508,268.8,0.0606,0.03,18.36,18.36,12.28,0.68,1019.3,2.79,0.95,3.0,16.093,2.93379,Klingelhöfer Straße,2.23294591222858,2918.3574335736607,pc2,Park,2021-06-23 16:19:05,52.50967166666667,13.352558333333333,27.8,32.2248,279.9,0.0606,0.03,18.36,18.36,12.28,0.68,1019.3,2.79,0.95,3.0,16.093,2.43062,Klingelhöfer Straße,0.2458110925490152,2939.3842765803274,pc4,Park,False,False,17.30887436606231,50,10,0.0
1624457945.5240805,2021-06-23T14:19:05.524080Z,52.50967166666667,13.352558333333333,4,2,S2,1624457945.5240805,14.295234285714288,-73.92576904761906,-46.19223571428572,0.001014083547619,44.0,759.547619047619,7.095238095238095,0.0271031119047619,12,42,2021-06-23 16:19:05,52.50967166666667,13.352558333333333,27.8,32.2248,279.9,0.0606,0.03,18.36,18.36,12.28,0.68,1019.3,2.79,0.95,3.0,16.093,2.43062,Klingelhöfer Straße,0.2458110925490152,2939.3842765803274,pc4,Park,2021-06-23 16:19:05,52.50964333333334,13.35281,38.3,33.1508,268.8,0.0606,0.03,18.36,18.36,12.28,0.68,1019.3,2.79,0.95,3.0,16.093,2.93379,Klingelhöfer Straße,2.23294591222858,2918.3574335736607,pc2,Park,False,False,17.30887436606231,50,10,0.16
1624457946.4992187,2021-06-23T14:19:06.499218Z,52.509655,13.352676666666667,2,4,S2,1624457946.4992187,17.159682244897958,-72.1384469387755,-44.42317551020408,0.0006620924489795,41.0,857.4081632653061,3.591836734693877,0.0532798336734693,12,49,2021-06-23 16:19:06,52.509655,13.352676666666667,38.3,32.7804,281.4,0.0606,0.03,18.36,18.36,12.28,0.68,1019.3,2.79,0.95,3.0,16.093,4.73207,Kemperplatz,3.4531118067839515,2932.7901473576576,pc2,Park,2021-06-23 16:19:06,52.50968833333334,13.352431666666666,27.8,31.1136,282.2,0.0606,0.03,18.36,18.36,12.28,0.68,1019.3,2.79,0.95,3.0,16.093,2.43062,Klingelhöfer Straße,1.236242273239566,2945.4408629388035,pc4,Park,False,False,16.97842022011458,50,10,0.02
1624457946.5036795,2021-06-23T14:19:06.503679Z,52.50968833333334,13.352431666666666,4,2,S2,1624457946.5036795,17.743317551020407,-69.16398571428572,-41.40470612244898,0.0021248266734693,44.0,857.4285714285714,7.897959183673469,0.0976197224489796,12,49,2021-06-23 16:19:06,52.50968833333334,13.352431666666666,27.8,31.1136,282.2,0.0606,0.03,18.36,18.36,12.28,0.68,1019.3,2.79,0.95,3.0,16.093,2.43062,Klingelhöfer Straße,1.236242273239566,2945.4408629388035,pc4,Park,2021-06-23 16:19:06,52.509655,13.352676666666667,38.3,32.7804,281.4,0.0606,0.03,18.36,18.36,12.28,0.68,1019.3,2.79,0.95,3.0,16.093,4.73207,Kemperplatz,3.4531118067839515,2932.7901473576576,pc2,Park,False,False,16.97842022011458,50,10,0.02
1624457947.404436,2021-06-23T14:19:07.404436Z,52.50967333333333,13.352546666666669,2,4,S2,1624457947.404436,12.98326,-77.07694000000001,-49.29599,0.0005061411749999,41.0,948.075,2.15,0.0172892387499999,12,40,2021-06-23 16:19:07,52.50967333333333,13.352546666666669,38.2,32.2248,282.9,0.0606,0.03,18.36,18.36,12.28,0.68,1019.3,2.79,0.95,3.0,16.093,2.43062,Klingelhöfer Straße,0.3994417891185459,2939.3842765803274,pc2,Park,2021-06-23 16:19:07,52.509706666666666,13.35231,27.8,30.558,283.8,0.0606,0.03,18.36,18.36,12.28,0.68,1019.3,2.79,0.95,3.0,16.093,2.93379,Klingelhöfer Straße,0.5432653319571035,2955.8437234349376,pc4,Park,False,False,16.428895693069936,50,10,0.2
1624457947.4859688,2021-06-23T14:19:07.485968Z,52.509706666666666,13.35231,4,2,S2,1624457947.4859688,14.360326734693878,-73.94857551020408,-46.16914489795919,0.0008211095714285,44.0,955.591836734694,8.551020408163266,0.0339179244897959,12,49,2021-06-23 16:19:07,52.509706666666666,13.35231,27.8,30.558,283.8,0.0606,0.03,18.36,18.36,12.28,0.68,1019.3,2.79,0.95,3.0,16.093,2.93379,Klingelhöfer Straße,0.5432653319571035,2955.8437234349376,pc4,Park,2021-06-23 16:19:07,52.50967333333333,13.352546666666669,38.2,32.2248,282.9,0.0606,0.03,18.36,18.36,12.28,0.68,1019.3,2.79,0.95,3.0,16.093,2.43062,Klingelhöfer Straße,0.3994417891185459,2939.3842765803274,pc2,Park,False,False,16.428895693069936,50,10,0.02
1624457948.486085,2021-06-23T14:19:08.486084Z,52.50972166666666,13.352188333333334,4,2,S2,1624457948.486085,11.916598695652176,-76.61027391304347,-48.79762608695652,0.000748396847826,44.0,209.7391304347826,8.043478260869565,0.0147994215217391,12,46,2021-06-23 16:19:08,52.50972166666666,13.352188333333334,27.7,30.0024,277.9,0.0606,0.03,18.36,18.36,12.28,0.68,1019.3,2.79,0.95,3.0,16.093,2.93379,Klingelhöfer Straße,0.6993095237757173,2964.114987402221,pc4,Park,2021-06-23 16:19:08,52.50968833333334,13.352423333333334,38.1,29.2616,281.0,0.0606,0.03,18.36,18.36,12.28,0.68,1019.3,2.79,0.95,3.0,16.093,2.93379,Klingelhöfer Straße,1.365017484273236,2945.4408629388035,pc2,Park,False,False,16.319096840044626,50,10,0.08
1624457948.9895396,2021-06-23T14:19:08.989539Z,52.50968833333334,13.352423333333334,2,4,S2,1624457948.9895396,12.862100000000002,-77.62965,-49.8092,0.0004573895,41.0,82.0,8.0,0.01170767,12,2,2021-06-23 16:19:08,52.50968833333334,13.352423333333334,38.1,29.2616,281.0,0.0606,0.03,18.36,18.36,12.28,0.68,1019.3,2.79,0.95,3.0,16.093,2.93379,Klingelhöfer Straße,1.365017484273236,2945.4408629388035,pc2,Park,2021-06-23 16:19:08,52.50972166666666,13.352188333333334,27.7,30.0024,277.9,0.0606,0.03,18.36,18.36,12.28,0.68,1019.3,2.79,0.95,3.0,16.093,2.93379,Klingelhöfer Straße,0.6993095237757173,2964.114987402221,pc4,Park,False,False,16.319096840044626,50,10,0.96
1624457949.5050611,2021-06-23T14:19:09.505061Z,52.5097,13.352308333333331,2,4,S2,1624457949.5050611,11.320295918367346,-77.67640408163265,-49.86786122448979,0.0007222462448979,41.0,133.77551020408163,5.755102040816326,0.012661181632653,12,49,2021-06-23 16:19:09,52.5097,13.352308333333331,38.1,27.2244,278.0,0.0606,0.03,18.36,18.36,12.28,0.68,1019.3,2.79,0.95,3.0,16.093,2.93379,Klingelhöfer Straße,1.2888102638449084,2955.8437234349376,pc2,Park,2021-06-23 16:19:09,52.509728333333335,13.352075,27.6,26.483600000000003,272.7,0.0606,0.03,18.36,18.36,12.28,0.68,1019.3,2.79,0.95,3.0,16.093,2.93379,Klingelhöfer Straße,1.0460746469474185,2971.2515457532186,pc4,Park,False,False,16.091296468521435,50,10,0.02
1624457949.54765,2021-06-23T14:19:09.547650Z,52.509728333333335,13.352075,4,2,S2,1624457949.54765,14.8695,-68.7534,-41.0689,0.00240808,44.0,138.0,6.0,0.0785924,12,1,2021-06-23 16:19:09,52.509728333333335,13.352075,27.6,26.483600000000003,272.7,0.0606,0.03,18.36,18.36,12.28,0.68,1019.3,2.79,0.95,3.0,16.093,2.93379,Klingelhöfer Straße,1.0460746469474185,2971.2515457532186,pc4,Park,2021-06-23 16:19:09,52.5097,13.352308333333331,38.1,27.2244,278.0,0.0606,0.03,18.36,18.36,12.28,0.68,1019.3,2.79,0.95,3.0,16.093,2.93379,Klingelhöfer Straße,1.2888102638449084,2955.8437234349376,pc2,Park,False,False,16.091296468521435,50,10,0.98
1624457950.5174658,2021-06-23T14:19:10.517465Z,52.50973166666667,13.351976666666667,4,2,S2,1624457950.5174658,19.035075,-68.45063333333333,-40.70955833333333,0.001046474625,44.0,235.2083333333333,3.875,0.112185075,12,24,2021-06-23 16:19:10,52.50973166666667,13.351976666666667,27.5,22.0388,268.1,0.0606,0.03,18.36,18.36,12.28,0.68,1019.3,2.79,0.95,3.0,16.093,2.93379,Klingelhöfer Straße,1.2962949998851343,2978.6021876882555,pc4,Park,2021-06-23 16:19:10,52.509708333333336,13.352205,38.0,25.1872,274.6,0.0606,0.03,18.36,18.36,12.28,0.68,1019.3,2.79,0.95,3.0,16.093,2.93379,Klingelhöfer Straße,0.7224273218956637,2964.114987402221,pc2,Park,False,False,15.658129446558654,50,10,0.52
1624457950.5313976,2021-06-23T14:19:10.531397Z,52.509708333333336,13.352205,2,4,S2,1624457950.5313976,16.725883555555555,-72.4789488888889,-44.731593333333336,0.0006654981333333,41.0,236.57777777777773,4.111111111111111,0.0439408122222222,12,45,2021-06-23 16:19:10,52.509708333333336,13.352205,38.0,25.1872,274.6,0.0606,0.03,18.36,18.36,12.28,0.68,1019.3,2.79,0.95,3.0,16.093,2.93379,Klingelhöfer Straße,0.7224273218956637,2964.114987402221,pc2,Park,2021-06-23 16:19:10,52.50973166666667,13.351976666666667,27.5,22.0388,268.1,0.0606,0.03,18.36,18.36,12.28,0.68,1019.3,2.79,0.95,3.0,16.093,2.93379,Klingelhöfer Straße,1.2962949998851343,2978.6021876882555,pc4,Park,False,False,15.658129446558654,50,10,0.1
1624457951.492383,2021-06-23T14:19:11.492383Z,52.50971,13.352111666666667,2,4,S2,1624457951.492383,16.565232653061226,-73.0261,-45.23272040816327,0.0005968055510204,41.0,332.7551020408163,3.306122448979592,0.039366355510204,12,49,2021-06-23 16:19:11,52.50971,13.352111666666667,38.0,22.5944,271.7,0.0606,0.03,18.36,18.36,12.28,0.68,1019.3,2.79,0.95,3.0,16.093,2.93379,Klingelhöfer Straße,0.8611333371889284,2967.742294522762,pc2,Park,2021-06-23 16:19:11,52.509726666666666,13.351895,27.6,18.7052,261.2,0.0606,0.03,18.36,18.36,12.28,0.68,1019.3,2.79,0.95,3.0,16.093,2.93379,Klingelhöfer Straße,1.0427822620511011,2982.8253714372545,pc4,Park,False,False,14.769333321035694,50,10,0.02
1624457951.623916,2021-06-23T14:19:11.623915Z,52.509726666666666,13.351895,4,2,S2,1624457951.623916,17.699865714285714,-67.82330571428572,-40.06632571428572,0.0017711339142857,44.0,345.74285714285713,5.0,0.1254459742857142,12,35,2021-06-23 16:19:11,52.509726666666666,13.351895,27.6,18.7052,261.2,0.0606,0.03,18.36,18.36,12.28,0.68,1019.3,2.79,0.95,3.0,16.093,2.93379,Klingelhöfer Straße,1.0427822620511011,2982.8253714372545,pc4,Park,2021-06-23 16:19:11,52.50971,13.352111666666667,38.0,22.5944,271.7,0.0606,0.03,18.36,18.36,12.28,0.68,1019.3,2.79,0.95,3.0,16.093,2.93379,Klingelhöfer Straße,0.8611333371889284,2967.742294522762,pc2,Park,False,False,14.769333321035694,50,10,0.3
1624457952.491562,2021-06-23T14:19:12.491562Z,52.50972,13.351825,4,2,S2,1624457952.491562,14.792745652173917,-70.09791304347826,-42.331834782608695,0.0018682531521739,44.0,432.39130434782606,6.173913043478261,0.0776296482608695,12,46,2021-06-23 16:19:12,52.50972,13.351825,27.7,15.742,263.2,0.0606,0.03,18.36,18.36,12.28,0.68,1019.3,2.79,0.95,3.0,16.093,2.35197,Klingelhöfer Straße,0.6921120950977863,2987.6101911007827,pc4,Park,2021-06-23 16:19:12,52.50971,13.352031666666669,37.9,19.0756,269.1,0.0606,0.03,18.36,18.36,12.28,0.68,1019.3,2.79,0.95,3.0,16.093,2.93379,Klingelhöfer Straße,1.1111100003526817,2974.8023189991727,pc2,Park,False,False,14.020356683263428,50,10,0.08
1624457952.4947336,2021-06-23T14:19:12.494733Z,52.50971,13.352031666666669,2,4,S2,1624457952.4947336,16.729916326530613,-73.15558163265307,-45.410593877551015,0.0005588062857142,41.0,432.9387755102041,3.816326530612245,0.036569975510204,12,49,2021-06-23 16:19:12,52.50971,13.352031666666669,37.9,19.0756,269.1,0.0606,0.03,18.36,18.36,12.28,0.68,1019.3,2.79,0.95,3.0,16.093,2.93379,Klingelhöfer Straße,1.1111100003526817,2974.8023189991727,pc2,Park,2021-06-23 16:19:12,52.50972,13.351825,27.7,15.742,263.2,0.0606,0.03,18.36,18.36,12.28,0.68,1019.3,2.79,0.95,3.0,16.093,2.35197,Klingelhöfer Straße,0.6921120950977863,2987.6101911007827,pc4,Park,False,False,14.020356683263428,50,10,0.02
1624457953.497512,2021-06-23T14:19:13.497511Z,52.50971666666667,13.351768333333334,4,2,S2,1624457953.497512,17.8640876,-68.36187,-40.564322,0.0014957111,44.0,533.0,6.04,0.108998718,12,50,2021-06-23 16:19:13,52.50971666666667,13.351768333333334,27.8,12.964,263.4,0.0606,0.03,18.36,18.36,12.28,0.68,1019.3,2.79,0.95,3.0,16.093,2.35197,Klingelhöfer Straße,0.6367431608203796,2993.0616037731816,pc4,Park,2021-06-23 16:19:13,52.509708333333336,13.351966666666666,37.9,15.0012,266.6,0.0606,0.03,18.36,18.36,12.28,0.68,1019.3,2.79,0.95,3.0,16.093,2.93379,Klingelhöfer Straße,1.2962949998851343,2978.6021876882555,pc2,Park,False,False,13.444572759342426,50,10,0.0
1624457953.4995377,2021-06-23T14:19:13.499537Z,52.509708333333336,13.351966666666666,2,4,S2,1624457953.4995377,16.037471,-72.106116,-44.325118,0.00087292684,41.0,533.6,2.02,0.044615969,12,50,2021-06-23 16:19:13,52.509708333333336,13.351966666666666,37.9,15.0012,266.6,0.0606,0.03,18.36,18.36,12.28,0.68,1019.3,2.79,0.95,3.0,16.093,2.93379,Klingelhöfer Straße,1.2962949998851343,2978.6021876882555,pc2,Park,2021-06-23 16:19:13,52.50971666666667,13.351768333333334,27.8,12.964,263.4,0.0606,0.03,18.36,18.36,12.28,0.68,1019.3,2.79,0.95,3.0,16.093,2.35197,Klingelhöfer Straße,0.6367431608203796,2993.0616037731816,pc4,Park,False,False,13.444572759342426,50,10,0.0
1624457954.4975476,2021-06-23T14:19:14.497547Z,52.50971333333333,13.351721666666666,4,2,S2,1624457954.4975476,20.632706400000004,-65.677744,-37.880448,0.00152629744,44.0,633.0,6.08,0.253576842,12,50,2021-06-23 16:19:14,52.50971333333333,13.351721666666666,27.9,10.926800000000002,264.1,0.0606,0.03,18.36,18.36,12.28,0.68,1019.3,2.79,0.95,3.0,16.093,2.35197,Klingelhöfer Straße,0.5584048905413518,2993.0616037731816,pc4,Park,2021-06-23 16:19:14,52.509706666666666,13.351916666666666,37.9,11.4824,265.2,0.0606,0.03,18.36,18.36,12.28,0.68,1019.3,2.79,0.95,3.0,16.093,2.93379,Klingelhöfer Straße,1.291942723385883,2982.8253714372545,pc2,Park,False,False,13.2079556279927,50,10,0.0
1624457954.502616,2021-06-23T14:19:14.502615Z,52.509706666666666,13.351916666666666,2,4,S2,1624457954.502616,16.816808599999998,-69.065542,-41.254462,0.00150879008,41.0,634.0,1.08,0.1126278764,12,50,2021-06-23 16:19:14,52.509706666666666,13.351916666666666,37.9,11.4824,265.2,0.0606,0.03,18.36,18.36,12.28,0.68,1019.3,2.79,0.95,3.0,16.093,2.93379,Klingelhöfer Straße,1.291942723385883,2982.8253714372545,pc2,Park,2021-06-23 16:19:14,52.50971333333333,13.351721666666666,27.9,10.926800000000002,264.1,0.0606,0.03,18.36,18.36,12.28,0.68,1019.3,2.79,0.95,3.0,16.093,2.35197,Klingelhöfer Straße,0.5584048905413518,2993.0616037731816,pc4,Park,False,False,13.2079556279927,50,10,0.0
1624457955.5025332,2021-06-23T14:19:15.502533Z,52.509705,13.351881666666667,2,4,S2,1624457955.5025332,18.769426,-68.812848,-41.034836,0.00105198112,41.0,734.0,1.0,0.1133168082,12,50,2021-06-23 16:19:15,52.509705,13.351881666666667,37.7,6.8524,264.5,0.0606,0.03,18.36,18.36,12.28,0.68,1019.3,2.79,0.95,3.0,16.093,2.93379,Klingelhöfer Straße,1.282714582932299,2982.8253714372545,pc2,Park,2021-06-23 16:19:15,52.50971333333333,13.351695,27.6,4.4448,264.1,0.0606,0.03,18.36,18.36,12.28,0.68,1019.3,2.79,0.95,3.0,16.093,2.35197,Klingelhöfer Straße,0.7370944197843912,2999.239545361422,pc4,Park,False,False,12.65760253544302,50,10,0.0
1624457955.50823,2021-06-23T14:19:15.508229Z,52.50971333333333,13.351695,4,2,S2,1624457955.50823,16.598346799999998,-64.855256,-37.092826,0.0052982768599999,44.0,733.94,7.34,0.27216903,12,50,2021-06-23 16:19:15,52.50971333333333,13.351695,27.6,4.4448,264.1,0.0606,0.03,18.36,18.36,12.28,0.68,1019.3,2.79,0.95,3.0,16.093,2.35197,Klingelhöfer Straße,0.7370944197843912,2999.239545361422,pc4,Park,2021-06-23 16:19:15,52.509705,13.351881666666667,37.7,6.8524,264.5,0.0606,0.03,18.36,18.36,12.28,0.68,1019.3,2.79,0.95,3.0,16.093,2.93379,Klingelhöfer Straße,1.282714582932299,2982.8253714372545,pc2,Park,False,False,12.65760253544302,50,10,0.0
1624457956.4990892,2021-06-23T14:19:16.499089Z,52.509705,13.351868333333334,2,4,S2,1624457956.4990892,19.70442857142857,-67.64901632653061,-39.88509387755102,0.0012055588979591,41.0,833.6530612244898,1.0,0.1808552244897959,12,49,2021-06-23 16:19:16,52.509705,13.351868333333334,37.7,0.0,264.5,0.0606,0.03,18.36,18.36,12.28,0.68,1019.3,2.79,0.95,3.0,16.093,2.93379,Klingelhöfer Straße,1.2088892905338326,2982.8253714372545,pc2,Park,2021-06-23 16:19:16,52.50971166666667,13.351688333333334,27.7,0.0,264.1,0.0606,0.03,18.36,18.36,12.28,0.68,1019.3,2.79,0.95,3.0,16.093,2.35197,Klingelhöfer Straße,0.5974931646774035,2999.239545361422,pc4,Park,False,False,12.195307603436552,50,10,0.02
1624457956.5004852,2021-06-23T14:19:16.500485Z,52.50971166666667,13.351688333333334,4,2,S2,1624457956.5004852,20.94991632653061,-63.779767346938776,-35.986655102040814,0.0029486343061224,44.0,833.1428571428571,7.571428571428571,0.440528187755102,12,49,2021-06-23 16:19:16,52.50971166666667,13.351688333333334,27.7,0.0,264.1,0.0606,0.03,18.36,18.36,12.28,0.68,1019.3,2.79,0.95,3.0,16.093,2.35197,Klingelhöfer Straße,0.5974931646774035,2999.239545361422,pc4,Park,2021-06-23 16:19:16,52.509705,13.351868333333334,37.7,0.0,264.5,0.0606,0.03,18.36,18.36,12.28,0.68,1019.3,2.79,0.95,3.0,16.093,2.93379,Klingelhöfer Straße,1.2088892905338326,2982.8253714372545,pc2,Park,False,False,12.195307603436552,50,10,0.02
1624457957.5025885,2021-06-23T14:19:17.502588Z,52.509705,13.351866666666666,2,4,S2,1624457957.5025885,19.04641,-68.866562,-41.028444,0.0009930779,41.0,934.0,1.0,0.117875149,12,50,2021-06-23 16:19:17,52.509705,13.351866666666666,37.6,0.0,264.5,0.0606,0.03,18.36,18.36,12.28,0.68,1019.3,2.79,0.95,3.0,16.093,2.93379,Klingelhöfer Straße,1.1996611288214527,2982.8253714372545,pc2,Park,2021-06-23 16:19:17,52.50971,13.35169,27.8,0.0,264.1,0.0606,0.03,18.36,18.36,12.28,0.68,1019.3,2.79,0.95,3.0,16.093,2.35197,Klingelhöfer Straße,0.4020514282806072,2999.239545361422,pc4,Park,False,False,11.960217741100248,50,10,0.0
1624457957.506711,2021-06-23T14:19:17.506711Z,52.50971,13.35169,4,2,S2,1624457957.506711,21.43198979591837,-65.06557346938776,-37.27512448979592,0.0013998267346938,44.0,933.8979591836736,6.244897959183674,0.281151312244898,12,49,2021-06-23 16:19:17,52.50971,13.35169,27.8,0.0,264.1,0.0606,0.03,18.36,18.36,12.28,0.68,1019.3,2.79,0.95,3.0,16.093,2.35197,Klingelhöfer Straße,0.4020514282806072,2999.239545361422,pc4,Park,2021-06-23 16:19:17,52.509705,13.351866666666666,37.6,0.0,264.5,0.0606,0.03,18.36,18.36,12.28,0.68,1019.3,2.79,0.95,3.0,16.093,2.93379,Klingelhöfer Straße,1.1996611288214527,2982.8253714372545,pc2,Park,False,False,11.960217741100248,50,10,0.02
1624457958.4974637,2021-06-23T14:19:18.497463Z,52.50971,13.351683333333334,4,2,S2,1624457958.4974637,21.063180000000003,-65.722518,-37.924974,0.00132597116,44.0,418.6,6.0,0.203684212,12,50,2021-06-23 16:19:18,52.50971,13.351683333333334,27.9,0.0,264.1,0.0606,0.03,18.36,18.36,12.28,0.68,1019.3,2.79,0.95,3.0,16.093,2.35197,Klingelhöfer Straße,0.44672381326195,2999.239545361422,pc4,Park,2021-06-23 16:19:18,52.50970333333333,13.351866666666666,37.6,0.0,264.5,0.0606,0.03,18.36,18.36,12.28,0.68,1019.3,2.79,0.95,3.0,16.093,2.93379,Klingelhöfer Straße,1.3842243694632967,2982.8253714372545,pc2,Park,False,False,12.420316562396748,50,10,0.0
1624457958.5025284,2021-06-23T14:19:18.502528Z,52.50970333333333,13.351866666666666,2,4,S2,1624457958.5025284,18.877102,-69.80274800000001,-41.951094000000005,0.0007717786,41.0,419.6,1.02,0.0820873842,12,50,2021-06-23 16:19:18,52.50970333333333,13.351866666666666,37.6,0.0,264.5,0.0606,0.03,18.36,18.36,12.28,0.68,1019.3,2.79,0.95,3.0,16.093,2.93379,Klingelhöfer Straße,1.3842243694632967,2982.8253714372545,pc2,Park,2021-06-23 16:19:18,52.50971,13.351683333333334,27.9,0.0,264.1,0.0606,0.03,18.36,18.36,12.28,0.68,1019.3,2.79,0.95,3.0,16.093,2.35197,Klingelhöfer Straße,0.44672381326195,2999.239545361422,pc4,Park,False,False,12.420316562396748,50,10,0.0
1624457959.496976,2021-06-23T14:19:19.496975Z,52.50970333333333,13.351855,2,4,S2,1624457959.496976,16.899777959183673,-72.35528163265306,-44.55022244897959,0.0006582441632653,41.0,109.12244897959184,4.224489795918367,0.0463517797959183,12,49,2021-06-23 16:19:19,52.50970333333333,13.351855,37.5,0.0,264.5,0.0606,0.03,18.36,18.36,12.28,0.68,1019.3,2.79,0.95,3.0,16.093,2.93379,Klingelhöfer Straße,1.319627236536085,2987.6101911007827,pc2,Park,2021-06-23 16:19:19,52.509708333333336,13.351663333333333,28.0,7.0376,264.6,0.0606,0.03,18.36,18.36,12.28,0.68,1019.3,2.79,0.95,3.0,16.093,2.35197,Klingelhöfer Straße,0.3964673337269609,2999.239545361422,pc4,Park,False,False,12.973586060039782,50,10,0.02
1624457959.5128314,2021-06-23T14:19:19.512831Z,52.509708333333336,13.351663333333333,4,2,S2,1624457959.5128314,15.912113958333334,-69.25427499999999,-41.41631875,0.0029680257916666,44.0,111.0,1.3541666666666667,0.0898913770833333,12,48,2021-06-23 16:19:19,52.509708333333336,13.351663333333333,28.0,7.0376,264.6,0.0606,0.03,18.36,18.36,12.28,0.68,1019.3,2.79,0.95,3.0,16.093,2.35197,Klingelhöfer Straße,0.3964673337269609,2999.239545361422,pc4,Park,2021-06-23 16:19:19,52.50970333333333,13.351855,37.5,0.0,264.5,0.0606,0.03,18.36,18.36,12.28,0.68,1019.3,2.79,0.95,3.0,16.093,2.93379,Klingelhöfer Straße,1.319627236536085,2987.6101911007827,pc2,Park,False,False,12.973586060039782,50,10,0.04
1624457960.490507,2021-06-23T14:19:20.490506Z,52.509701666666665,13.351821666666666,2,4,S2,1624457960.490507,17.638227999999998,-71.71408000000001,-43.91376,0.0006508435,41.0,208.0,9.0,0.0520768292,12,50,2021-06-23 16:19:20,52.509701666666665,13.351821666666666,37.5,11.112,265.4,0.0606,0.03,18.36,18.36,12.28,0.68,1019.3,2.79,0.95,3.0,16.093,2.35197,Klingelhöfer Straße,1.3196272315585869,2987.6101911007827,pc2,Park,2021-06-23 16:19:20,52.509706666666666,13.351623333333333,28.0,13.1492,264.6,0.0606,0.03,18.36,18.36,12.28,0.68,1019.3,2.79,0.95,3.0,16.093,2.35197,Klingelhöfer Straße,0.4802280354012373,2999.239545361422,pc4,Park,False,False,13.424021009914684,50,10,0.0
1624457960.5082555,2021-06-23T14:19:20.508255Z,52.509706666666666,13.351623333333333,4,2,S2,1624457960.5082555,12.252300454545455,-66.98416818181819,-39.18483863636364,0.0092694052272727,44.0,210.54545454545453,1.318181818181818,0.1477127227272727,12,44,2021-06-23 16:19:20,52.509706666666666,13.351623333333333,28.0,13.1492,264.6,0.0606,0.03,18.36,18.36,12.28,0.68,1019.3,2.79,0.95,3.0,16.093,2.35197,Klingelhöfer Straße,0.4802280354012373,2999.239545361422,pc4,Park,2021-06-23 16:19:20,52.509701666666665,13.351821666666666,37.5,11.112,265.4,0.0606,0.03,18.36,18.36,12.28,0.68,1019.3,2.79,0.95,3.0,16.093,2.35197,Klingelhöfer Straße,1.3196272315585869,2987.6101911007827,pc2,Park,False,False,13.424021009914684,50,10,0.12
1624457961.4868872,2021-06-23T14:19:21.486887Z,52.50970333333333,13.35156,4,2,S2,1624457961.4868872,12.349933777777778,-69.00645111111112,-41.22611111111111,0.0070662561777777,44.0,308.4,1.3777777777777778,0.1046418044444444,12,45,2021-06-23 16:19:21,52.50970333333333,13.35156,28.0,17.594,264.0,0.0606,0.03,18.36,18.36,12.28,0.68,1019.3,2.79,0.95,3.0,16.093,2.93379,Klingelhöfer Straße,0.5360685241605148,3006.195326374328,pc4,Park,2021-06-23 16:19:21,52.5097,13.351768333333334,37.5,14.816,265.8,0.0606,0.03,18.36,18.36,12.28,0.68,1019.3,2.79,0.95,3.0,16.093,2.35197,Klingelhöfer Straße,1.208889248934957,2993.0616037731816,pc2,Park,False,False,14.093574113700887,50,10,0.1
1624457961.5003824,2021-06-23T14:19:21.500382Z,52.5097,13.351768333333334,2,4,S2,1624457961.5003824,16.987052941176472,-72.66619215686275,-44.88851568627451,0.0006071771960784,41.0,309.05882352941177,8.254901960784315,0.0413123476470588,12,51,2021-06-23 16:19:21,52.5097,13.351768333333334,37.5,14.816,265.8,0.0606,0.03,18.36,18.36,12.28,0.68,1019.3,2.79,0.95,3.0,16.093,2.35197,Klingelhöfer Straße,1.208889248934957,2993.0616037731816,pc2,Park,2021-06-23 16:19:21,52.50970333333333,13.35156,28.0,17.594,264.0,0.0606,0.03,18.36,18.36,12.28,0.68,1019.3,2.79,0.95,3.0,16.093,2.93379,Klingelhöfer Straße,0.5360685241605148,3006.195326374328,pc4,Park,False,False,14.093574113700887,50,10,-0.02
1624457962.4981422,2021-06-23T14:19:22.498142Z,52.50969666666667,13.3517,2,4,S2,1624457962.4981422,16.495138775510203,-73.39509591836735,-45.64383265306122,0.00055632,41.0,409.0612244897959,5.8979591836734695,0.0342001773469387,12,49,2021-06-23 16:19:22,52.50969666666667,13.3517,37.5,18.7052,265.8,0.0606,0.03,18.36,18.36,12.28,0.68,1019.3,2.79,0.95,3.0,16.093,2.35197,Klingelhöfer Straße,1.1391462666083174,2999.239545361422,pc2,Park,2021-06-23 16:19:22,52.50969666666667,13.351481666666666,28.0,21.1128,263.2,0.0606,0.03,18.36,18.36,12.28,0.68,1019.3,2.79,0.95,3.0,16.093,2.93379,Klingelhöfer Straße,0.3238747289628563,3013.8892052879323,pc4,Park,False,False,14.764829160012368,50,10,0.02
1624457962.5109963,2021-06-23T14:19:22.510996Z,52.50969666666667,13.351481666666666,4,2,S2,1624457962.5109963,17.94087659574468,-69.8965829787234,-42.13737446808511,0.0009612704468085,44.0,410.8510638297872,1.0212765957446808,0.0831525538297872,12,47,2021-06-23 16:19:22,52.50969666666667,13.351481666666666,28.0,21.1128,263.2,0.0606,0.03,18.36,18.36,12.28,0.68,1019.3,2.79,0.95,3.0,16.093,2.93379,Klingelhöfer Straße,0.3238747289628563,3013.8892052879323,pc4,Park,2021-06-23 16:19:22,52.50969666666667,13.3517,37.5,18.7052,265.8,0.0606,0.03,18.36,18.36,12.28,0.68,1019.3,2.79,0.95,3.0,16.093,2.35197,Klingelhöfer Straße,1.1391462666083174,2999.239545361422,pc2,Park,False,False,14.764829160012368,50,10,0.06
1624457963.4868631,2021-06-23T14:19:23.486863Z,52.50969,13.351388333333333,4,2,S2,1624457963.4868631,14.793708125,-73.63901458333333,-45.81551041666666,0.0007898580833333,44.0,508.4166666666667,1.2083333333333333,0.030478553125,12,48,2021-06-23 16:19:23,52.50969,13.351388333333333,28.1,24.6316,262.0,0.0606,0.03,18.36,18.36,12.28,0.68,1019.3,2.79,0.95,3.0,16.093,2.35197,Klingelhöfer Straße,0.5124432960141984,3013.8892052879323,pc4,Park,2021-06-23 16:19:23,52.50969333333333,13.351615,37.5,22.7796,265.4,0.0606,0.03,18.36,18.36,12.28,0.68,1019.3,2.79,0.95,3.0,16.093,2.35197,Klingelhöfer Straße,0.938120591064898,2999.239545361422,pc2,Park,False,False,15.332717839396432,50,10,0.04
1624457963.4965365,2021-06-23T14:19:23.496536Z,52.50969333333333,13.351615,2,4,S2,1624457963.4965365,14.161660588235296,-76.28997058823529,-48.478709803921575,0.0004703462745098,41.0,509.2156862745098,2.862745098039216,0.0163512839215686,12,51,2021-06-23 16:19:23,52.50969333333333,13.351615,37.5,22.7796,265.4,0.0606,0.03,18.36,18.36,12.28,0.68,1019.3,2.79,0.95,3.0,16.093,2.35197,Klingelhöfer Straße,0.938120591064898,2999.239545361422,pc2,Park,2021-06-23 16:19:23,52.50969,13.351388333333333,28.1,24.6316,262.0,0.0606,0.03,18.36,18.36,12.28,0.68,1019.3,2.79,0.95,3.0,16.093,2.35197,Klingelhöfer Straße,0.5124432960141984,3013.8892052879323,pc4,Park,False,False,15.332717839396432,50,10,-0.02
1624457964.4885738,2021-06-23T14:19:24.488573Z,52.50967833333333,13.351278333333331,4,2,S2,1624457964.4885738,13.790227083333331,-74.56278541666667,-46.77393333333333,0.0008015412708333,44.0,608.5833333333334,1.25,0.0262729922916666,12,48,2021-06-23 16:19:24,52.50967833333333,13.351278333333331,28.2,29.0764,260.4,0.0606,0.03,18.36,18.36,12.28,0.68,1019.3,2.79,0.95,3.0,16.093,2.35197,Klingelhöfer Straße,1.0338769408376347,3022.209023387395,pc4,Park,2021-06-23 16:19:24,52.50968666666667,13.351515,37.5,26.1132,264.4,0.0606,0.03,18.36,18.36,12.28,0.68,1019.3,2.79,0.95,3.0,16.093,2.93379,Klingelhöfer Straße,1.005129148731619,3006.195326374328,pc2,Park,False,False,16.0310675374722,50,10,0.04
1624457964.4895756,2021-06-23T14:19:24.489575Z,52.50968666666667,13.351515,2,4,S2,1624457964.4895756,12.945090666666667,-77.71325333333333,-49.93021555555556,0.0004422353555555,41.0,608.2444444444444,5.6,0.012186124,12,45,2021-06-23 16:19:24,52.50968666666667,13.351515,37.5,26.1132,264.4,0.0606,0.03,18.36,18.36,12.28,0.68,1019.3,2.79,0.95,3.0,16.093,2.93379,Klingelhöfer Straße,1.005129148731619,3006.195326374328,pc2,Park,2021-06-23 16:19:24,52.50967833333333,13.351278333333331,28.2,29.0764,260.4,0.0606,0.03,18.36,18.36,12.28,0.68,1019.3,2.79,0.95,3.0,16.093,2.35197,Klingelhöfer Straße,1.0338769408376347,3022.209023387395,pc4,Park,False,False,16.0310675374722,50,10,0.1
1624457965.4944904,2021-06-23T14:19:25.494490Z,52.50967666666666,13.351403333333334,2,4,S2,1624457965.4944904,11.755374375,-79.166425,-51.36857916666667,0.0004092111666666,41.0,708.875,4.1875,0.0079852327083333,12,48,2021-06-23 16:19:25,52.50967666666666,13.351403333333334,37.6,28.8912,262.7,0.0606,0.03,18.36,18.36,12.28,0.68,1019.3,2.79,0.95,3.0,16.093,2.35197,Klingelhöfer Straße,1.16873116799981,3013.8892052879323,pc2,Park,2021-06-23 16:19:25,52.509663333333336,13.351156666666666,28.1,30.9284,258.9,0.0606,0.03,18.36,18.36,12.28,0.68,1019.3,2.79,0.95,3.0,16.093,2.35197,Klingelhöfer Straße,4.298915314402414,3031.0784149790684,pc4,Park,False,False,16.746030296081916,50,10,0.04
1624457965.59217,2021-06-23T14:19:25.592170Z,52.509663333333336,13.351156666666666,4,2,S2,1624457965.59217,11.943190294117649,-75.49212941176471,-47.70563235294118,0.0010199114117647,44.0,718.3529411764706,7.117647058823529,0.0193766188235294,12,34,2021-06-23 16:19:25,52.509663333333336,13.351156666666666,28.1,30.9284,258.9,0.0606,0.03,18.36,18.36,12.28,0.68,1019.3,2.79,0.95,3.0,16.093,2.35197,Klingelhöfer Straße,4.298915314402414,3031.0784149790684,pc4,Park,2021-06-23 16:19:25,52.50967666666666,13.351403333333334,37.6,28.8912,262.7,0.0606,0.03,18.36,18.36,12.28,0.68,1019.3,2.79,0.95,3.0,16.093,2.35197,Klingelhöfer Straße,1.16873116799981,3013.8892052879323,pc2,Park,False,False,16.746030296081916,50,10,0.32
1624457966.4932156,2021-06-23T14:19:26.493215Z,52.50964333333334,13.351026666666666,4,2,S2,1624457966.4932156,13.0439278,-73.037006,-45.277074,0.0014866633,44.0,808.34,8.32,0.033008004,12,50,2021-06-23 16:19:26,52.50964333333334,13.351026666666666,28.0,34.0768,256.8,0.0606,0.03,18.36,18.36,12.28,0.68,1019.3,2.79,0.95,3.0,16.093,0.70821,Corneliusbrücke,1.9679326685570129,3040.409711737449,pc4,Park,2021-06-23 16:19:26,52.509663333333336,13.351278333333331,37.7,31.669200000000004,260.8,0.0606,0.03,18.36,18.36,12.28,0.68,1019.3,2.79,0.95,3.0,16.093,2.35197,Klingelhöfer Straße,0.5843659411233072,3022.209023387395,pc2,Park,False,False,17.162722732221518,50,10,0.0
1624457966.498775,2021-06-23T14:19:26.498775Z,52.509663333333336,13.351278333333331,2,4,S2,1624457966.498775,13.74485176470588,-76.99339411764706,-49.23457647058824,0.0004407131764705,41.0,809.156862745098,5.607843137254902,0.0141412896078431,12,51,2021-06-23 16:19:26,52.509663333333336,13.351278333333331,37.7,31.669200000000004,260.8,0.0606,0.03,18.36,18.36,12.28,0.68,1019.3,2.79,0.95,3.0,16.093,2.35197,Klingelhöfer Straße,0.5843659411233072,3022.209023387395,pc2,Park,2021-06-23 16:19:26,52.50964333333334,13.351026666666666,28.0,34.0768,256.8,0.0606,0.03,18.36,18.36,12.28,0.68,1019.3,2.79,0.95,3.0,16.093,0.70821,Corneliusbrücke,1.9679326685570129,3040.409711737449,pc4,Park,False,False,17.162722732221518,50,10,-0.02
1624457967.4953685,2021-06-23T14:19:27.495368Z,52.509618333333336,13.350888333333334,4,2,S2,1624457967.4953685,13.210995918367349,-72.54910408163266,-44.77159795918368,0.001591062632653,44.0,908.530612244898,8.551020408163266,0.0386071053061224,12,49,2021-06-23 16:19:27,52.509618333333336,13.350888333333334,28.0,36.299200000000006,255.6,0.0606,0.03,18.36,18.36,12.28,0.68,1019.3,2.79,0.95,3.0,16.093,0.70821,Corneliusbrücke,1.9840653484262405,3050.057712107552,pc4,Park,2021-06-23 16:19:27,52.50964666666667,13.351146666666668,37.6,33.52120000000001,259.1,0.0606,0.03,18.36,18.36,12.28,0.68,1019.3,2.79,0.95,3.0,16.093,2.35197,Klingelhöfer Straße,5.175739846278936,3031.0784149790684,pc2,Park,False,False,17.750182877134385,50,10,0.02
1624457967.5203743,2021-06-23T14:19:27.520374Z,52.50964666666667,13.351146666666668,2,4,S2,1624457967.5203743,14.837957959183672,-75.65445714285714,-47.918026530612245,0.0004738869387755,41.0,911.3673469387757,5.081632653061225,0.0201105171428571,12,49,2021-06-23 16:19:27,52.50964666666667,13.351146666666668,37.6,33.52120000000001,259.1,0.0606,0.03,18.36,18.36,12.28,0.68,1019.3,2.79,0.95,3.0,16.093,2.35197,Klingelhöfer Straße,5.175739846278936,3031.0784149790684,pc2,Park,2021-06-23 16:19:27,52.509618333333336,13.350888333333334,28.0,36.299200000000006,255.6,0.0606,0.03,18.36,18.36,12.28,0.68,1019.3,2.79,0.95,3.0,16.093,0.70821,Corneliusbrücke,1.9840653484262405,3050.057712107552,pc4,Park,False,False,17.750182877134385,50,10,0.02
1624457968.3278666,2021-06-23T14:19:28.327866Z,52.50962666666667,13.351006666666668,2,4,S2,1624457968.3278666,14.450518064516128,-76.01232580645161,-48.22696774193549,0.0004732048709677,41.0,893.0645161290323,4.709677419354839,0.0173924683870967,12,31,2021-06-23 16:19:28,52.50962666666667,13.351006666666668,37.4,35.373200000000004,257.5,0.0606,0.03,18.36,18.36,12.28,0.68,1019.3,2.79,0.95,3.0,16.093,0.70821,Corneliusbrücke,0.5807000708332494,3040.409711737449,pc2,Park,2021-06-23 16:19:28,52.50959,13.350743333333334,28.2,37.7808,253.7,0.0606,0.03,18.36,18.36,12.28,0.68,1019.3,2.79,0.95,3.0,16.093,0.70821,Corneliusbrücke,1.5479465526333067,3059.960760043108,pc4,Park,False,False,18.26672207787048,50,10,0.38
1624457968.4939492,2021-06-23T14:19:28.493949Z,52.50959,13.350743333333334,4,2,S2,1624457968.4939492,14.683827142857142,-72.34784489795918,-44.60937142857143,0.0012570223469387,44.0,632.3469387755102,7.346938775510204,0.0395137471428571,12,49,2021-06-23 16:19:28,52.50959,13.350743333333334,28.2,37.7808,253.7,0.0606,0.03,18.36,18.36,12.28,0.68,1019.3,2.79,0.95,3.0,16.093,0.70821,Corneliusbrücke,1.5479465526333067,3059.960760043108,pc4,Park,2021-06-23 16:19:28,52.50962666666667,13.351006666666668,37.4,35.373200000000004,257.5,0.0606,0.03,18.36,18.36,12.28,0.68,1019.3,2.79,0.95,3.0,16.093,0.70821,Corneliusbrücke,0.5807000708332494,3040.409711737449,pc2,Park,False,False,18.26672207787048,50,10,0.02
1624457969.486426,2021-06-23T14:19:29.486426Z,52.50956,13.350596666666666,4,2,S2,1624457969.486426,15.643455319148936,-72.59464468085106,-44.8167170212766,0.0008413085319148,44.0,83.8936170212766,5.97872340425532,0.0385506457446808,12,47,2021-06-23 16:19:29,52.50956,13.350596666666666,28.2,37.966,252.6,0.0606,0.03,18.36,18.36,12.28,0.68,1019.3,2.79,0.95,3.0,16.093,0.70821,Corneliusbrücke,1.037382427679672,3070.13240172426,pc4,Park,2021-06-23 16:19:29,52.509605,13.350861666666669,37.4,37.2252,256.1,0.0606,0.03,18.36,18.36,12.28,0.68,1019.3,2.79,0.95,3.0,16.093,0.70821,Corneliusbrücke,1.041887066955594,3050.057712107552,pc2,Park,False,False,18.603522257661805,50,10,0.06
1624457969.656238,2021-06-23T14:19:29.656238Z,52.509605,13.350861666666669,2,4,S2,1624457969.656238,13.979797878787878,-76.42085757575758,-48.64086666666667,0.0004700506969696,41.0,101.33333333333331,1.3636363636363635,0.0153580475757575,12,33,2021-06-23 16:19:29,52.509605,13.350861666666669,37.4,37.2252,256.1,0.0606,0.03,18.36,18.36,12.28,0.68,1019.3,2.79,0.95,3.0,16.093,0.70821,Corneliusbrücke,1.041887066955594,3050.057712107552,pc2,Park,2021-06-23 16:19:29,52.50956,13.350596666666666,28.2,37.966,252.6,0.0606,0.03,18.36,18.36,12.28,0.68,1019.3,2.79,0.95,3.0,16.093,0.70821,Corneliusbrücke,1.037382427679672,3070.13240172426,pc4,Park,False,False,18.603522257661805,50,10,0.34
1624457970.4890506,2021-06-23T14:19:30.489050Z,52.50958166666667,13.350711666666667,2,4,S2,1624457970.4890506,14.28657224489796,-73.75149387755101,-45.99361428571429,0.0017763038571428,41.0,184.26530612244892,4.877551020408164,0.0346907751020408,12,49,2021-06-23 16:19:30,52.50958166666667,13.350711666666667,37.5,38.7068,255.0,0.0606,0.03,18.36,18.36,12.28,0.68,1019.3,2.79,0.95,3.0,16.093,0.70821,Corneliusbrücke,1.220496551224547,3059.960760043108,pc2,Park,2021-06-23 16:19:30,52.50953333333333,13.350448333333333,28.3,37.2252,251.8,0.0606,0.03,18.36,18.36,12.28,0.68,1019.3,2.79,0.95,3.0,16.093,0.66563,Corneliusbrücke,1.069112480423086,3080.5338801570715,pc4,Park,False,False,18.59843041423002,50,10,0.02
1624457970.5567672,2021-06-23T14:19:30.556767Z,52.50953333333333,13.350448333333333,4,2,S2,1624457970.5567672,15.17987,-69.54013333333333,-41.77031794871795,0.0022035461794871,44.0,191.15384615384616,3.717948717948718,0.0811362923076923,12,39,2021-06-23 16:19:30,52.50953333333333,13.350448333333333,28.3,37.2252,251.8,0.0606,0.03,18.36,18.36,12.28,0.68,1019.3,2.79,0.95,3.0,16.093,0.66563,Corneliusbrücke,1.069112480423086,3080.5338801570715,pc4,Park,2021-06-23 16:19:30,52.50958166666667,13.350711666666667,37.5,38.7068,255.0,0.0606,0.03,18.36,18.36,12.28,0.68,1019.3,2.79,0.95,3.0,16.093,0.70821,Corneliusbrücke,1.220496551224547,3059.960760043108,pc2,Park,False,False,18.59843041423002,50,10,0.22
1624457971.4866035,2021-06-23T14:19:31.486603Z,52.509553333333336,13.350556666666666,2,4,S2,1624457971.4866035,15.712065714285714,-73.20285918367347,-45.40757142857143,0.0010860446938775,41.0,283.6734693877551,8.346938775510203,0.0372235022448979,12,49,2021-06-23 16:19:31,52.509553333333336,13.350556666666666,37.5,39.4476,254.0,0.0606,0.03,18.36,18.36,12.28,0.68,1019.3,2.79,0.95,3.0,16.093,0.66563,Corneliusbrücke,1.0683491916460277,3070.13240172426,pc2,Park,2021-06-23 16:19:31,52.5095,13.350308333333333,28.5,36.114,249.8,0.0606,0.03,18.36,18.36,12.28,0.68,1019.3,2.79,0.95,3.0,16.093,0.70821,Corneliusbrücke,0.7658174794448881,3091.091780615238,pc4,Park,False,False,17.806634779101206,50,10,0.02
1624457971.489897,2021-06-23T14:19:31.489897Z,52.5095,13.350308333333333,4,2,S2,1624457971.489897,17.064763265306123,-70.15177142857142,-42.35827346938776,0.0011247788571428,44.0,284.6326530612245,1.9795918367346936,0.0706726081632653,12,49,2021-06-23 16:19:31,52.5095,13.350308333333333,28.5,36.114,249.8,0.0606,0.03,18.36,18.36,12.28,0.68,1019.3,2.79,0.95,3.0,16.093,0.70821,Corneliusbrücke,0.7658174794448881,3091.091780615238,pc4,Park,2021-06-23 16:19:31,52.509553333333336,13.350556666666666,37.5,39.4476,254.0,0.0606,0.03,18.36,18.36,12.28,0.68,1019.3,2.79,0.95,3.0,16.093,0.66563,Corneliusbrücke,1.0683491916460277,3070.13240172426,pc2,Park,False,False,17.806634779101206,50,10,0.02
1624457972.489746,2021-06-23T14:19:32.489746Z,52.50946166666667,13.350175,4,2,S2,1624457972.489746,19.35266326530612,-67.87861836734693,-40.05352857142857,0.0011174203469387,44.0,384.530612244898,2.938775510204082,0.1307846591836734,12,49,2021-06-23 16:19:32,52.50946166666667,13.350175,28.8,35.9288,248.5,0.0606,0.03,18.36,18.36,12.28,0.68,1019.3,2.79,0.95,3.0,16.093,0.70821,Corneliusbrücke,0.9262585311338608,3101.762119808006,pc4,Park,2021-06-23 16:19:32,52.50952333333333,13.3504,37.5,40.00320000000001,252.4,0.0606,0.03,18.36,18.36,12.28,0.68,1019.3,2.79,0.95,3.0,16.093,0.66563,Corneliusbrücke,1.1221883480236536,3080.5338801570715,pc2,Park,False,False,16.685222266754426,50,10,0.02
1624457972.5058143,2021-06-23T14:19:32.505814Z,52.50952333333333,13.3504,2,4,S2,1624457972.5058143,16.308752083333335,-71.50705416666666,-43.67552916666667,0.0020075859791666,41.0,385.8125,6.145833333333333,0.0652753929166666,12,48,2021-06-23 16:19:32,52.50952333333333,13.3504,37.5,40.00320000000001,252.4,0.0606,0.03,18.36,18.36,12.28,0.68,1019.3,2.79,0.95,3.0,16.093,0.66563,Corneliusbrücke,1.1221883480236536,3080.5338801570715,pc2,Park,2021-06-23 16:19:32,52.50946166666667,13.350175,28.8,35.9288,248.5,0.0606,0.03,18.36,18.36,12.28,0.68,1019.3,2.79,0.95,3.0,16.093,0.70821,Corneliusbrücke,0.9262585311338608,3101.762119808006,pc4,Park,False,False,16.685222266754426,50,10,0.04
1624457973.4977007,2021-06-23T14:19:33.497700Z,52.509415,13.350048333333334,4,2,S2,1624457973.4977007,19.76011836734694,-67.3763387755102,-39.57360408163265,0.0011985754897959,44.0,485.0204081632653,6.0,0.1385756530612245,12,49,2021-06-23 16:19:33,52.509415,13.350048333333334,29.2,37.04,235.7,0.0606,0.03,18.36,18.36,12.28,0.68,1019.3,2.79,0.95,3.0,16.093,0.70821,Corneliusbrücke,1.41696926777249,3112.4333638046987,pc4,Park,2021-06-23 16:19:33,52.509483333333336,13.35025,37.5,39.4476,242.5,0.0606,0.03,18.36,18.36,12.28,0.68,1019.3,2.79,0.95,3.0,16.093,0.70821,Corneliusbrücke,0.3487886605496772,3101.762119808006,pc2,Park,False,False,15.606685698874651,50,10,0.02
1624457973.5046103,2021-06-23T14:19:33.504610Z,52.509483333333336,13.35025,2,4,S2,1624457973.5046103,17.44826,-71.72404999999999,-43.958472,0.00067715382,41.0,486.0,3.08,0.0545517026,12,50,2021-06-23 16:19:33,52.509483333333336,13.35025,37.5,39.4476,242.5,0.0606,0.03,18.36,18.36,12.28,0.68,1019.3,2.79,0.95,3.0,16.093,0.70821,Corneliusbrücke,0.3487886605496772,3101.762119808006,pc2,Park,2021-06-23 16:19:33,52.509415,13.350048333333334,29.2,37.04,235.7,0.0606,0.03,18.36,18.36,12.28,0.68,1019.3,2.79,0.95,3.0,16.093,0.70821,Corneliusbrücke,1.41696926777249,3112.4333638046987,pc4,Park,False,False,15.606685698874651,50,10,0.0
1624457974.4956186,2021-06-23T14:19:34.495618Z,52.50936166666666,13.349923333333331,4,2,S2,1624457974.4956186,19.282314,-68.082592,-40.216686,0.00107108688,44.0,585.0,4.12,0.11689325,12,50,2021-06-23 16:19:34,52.50936166666666,13.349923333333331,28.8,37.2252,231.8,0.0606,0.03,18.36,18.36,12.28,0.68,1019.3,2.79,0.95,3.0,16.093,0.66563,Corneliusbrücke,2.4395943201633896,3123.039682125035,pc4,Park,2021-06-23 16:19:34,52.50943333333333,13.35011,37.6,39.077200000000005,237.2,0.0606,0.03,18.36,18.36,12.28,0.68,1019.3,2.79,0.95,3.0,16.093,0.70821,Corneliusbrücke,0.5518138109890118,3101.762119808006,pc2,Park,False,False,14.922926006835182,50,10,0.0
1624457974.507652,2021-06-23T14:19:34.507652Z,52.50943333333333,13.35011,2,4,S2,1624457974.507652,16.5769612,-70.63825200000001,-42.790894,0.00218001794,41.0,586.0,6.12,0.06144814,12,50,2021-06-23 16:19:34,52.50943333333333,13.35011,37.6,39.077200000000005,237.2,0.0606,0.03,18.36,18.36,12.28,0.68,1019.3,2.79,0.95,3.0,16.093,0.70821,Corneliusbrücke,0.5518138109890118,3101.762119808006,pc2,Park,2021-06-23 16:19:34,52.50936166666666,13.349923333333331,28.8,37.2252,231.8,0.0606,0.03,18.36,18.36,12.28,0.68,1019.3,2.79,0.95,3.0,16.093,0.66563,Corneliusbrücke,2.4395943201633896,3123.039682125035,pc4,Park,False,False,14.922926006835182,50,10,0.0
1624457975.4959016,2021-06-23T14:19:35.495901Z,52.50929833333333,13.34981,4,2,S2,1624457975.4959016,17.94683,-69.90725400000001,-42.062958,0.00094022198,44.0,685.06,3.82,0.07770694,12,50,2021-06-23 16:19:35,52.50929833333333,13.34981,28.9,37.7808,225.1,0.0606,0.03,18.36,18.36,12.28,0.68,1019.3,2.79,0.95,3.0,16.093,0.66563,Corneliusbrücke,2.668214385437448,3133.569878560679,pc4,Park,2021-06-23 16:19:35,52.509375,13.349978333333333,37.6,39.6328,232.0,0.0606,0.03,18.36,18.36,12.28,0.68,1019.3,2.79,0.95,3.0,16.093,0.70821,Corneliusbrücke,1.1362457218210826,3112.4333638046987,pc2,Park,False,False,14.21580232034194,50,10,0.0
1624457975.51275,2021-06-23T14:19:35.512749Z,52.509375,13.349978333333333,2,4,S2,1624457975.51275,14.910945208333333,-72.59104583333333,-44.7755,0.002215366625,41.0,686.5,6.25,0.0432510039583333,12,48,2021-06-23 16:19:35,52.509375,13.349978333333333,37.6,39.6328,232.0,0.0606,0.03,18.36,18.36,12.28,0.68,1019.3,2.79,0.95,3.0,16.093,0.70821,Corneliusbrücke,1.1362457218210826,3112.4333638046987,pc2,Park,2021-06-23 16:19:35,52.50929833333333,13.34981,28.9,37.7808,225.1,0.0606,0.03,18.36,18.36,12.28,0.68,1019.3,2.79,0.95,3.0,16.093,0.66563,Corneliusbrücke,2.668214385437448,3133.569878560679,pc4,Park,False,False,14.21580232034194,50,10,0.04
1624457976.4974508,2021-06-23T14:19:36.497450Z,52.50922833333333,13.349708333333334,4,2,S2,1624457976.4974508,17.9280254,-67.76108599999999,-39.964932,0.00347277628,44.0,785.28,3.16,0.1212329839999999,12,50,2021-06-23 16:19:36,52.50922833333333,13.349708333333334,29.1,37.595600000000005,217.9,0.0606,0.03,18.36,18.36,12.28,0.68,1019.3,2.79,0.95,3.0,16.093,0.60094,Corneliusbrücke,2.617764224416959,3144.057446562756,pc4,Park,2021-06-23 16:19:36,52.50930833333334,13.349855,37.7,40.744,225.1,0.0606,0.03,18.36,18.36,12.28,0.68,1019.3,2.79,0.95,3.0,16.093,0.66563,Corneliusbrücke,1.1379150901455473,3123.039682125035,pc2,Park,False,False,13.316539755090052,50,10,0.0
1624457976.4992769,2021-06-23T14:19:36.499276Z,52.50930833333334,13.349855,2,4,S2,1624457976.4992769,16.130707346938777,-71.48694285714286,-43.69051836734694,0.0017457811836734,41.0,785.3877551020408,3.877551020408163,0.0540663140816326,12,49,2021-06-23 16:19:36,52.50930833333334,13.349855,37.7,40.744,225.1,0.0606,0.03,18.36,18.36,12.28,0.68,1019.3,2.79,0.95,3.0,16.093,0.66563,Corneliusbrücke,1.1379150901455473,3123.039682125035,pc2,Park,2021-06-23 16:19:36,52.50922833333333,13.349708333333334,29.1,37.595600000000005,217.9,0.0606,0.03,18.36,18.36,12.28,0.68,1019.3,2.79,0.95,3.0,16.093,0.60094,Corneliusbrücke,2.617764224416959,3144.057446562756,pc4,Park,False,False,13.316539755090052,50,10,0.02
1624457977.5045865,2021-06-23T14:19:37.504586Z,52.509235,13.349741666666668,2,4,S2,1624457977.5045865,15.539446,-71.684276,-43.934958,0.0010945714,41.0,885.98,3.1,0.054548654,12,50,2021-06-23 16:19:37,52.509235,13.349741666666668,37.6,39.818000000000005,220.9,0.0606,0.03,18.36,18.36,12.28,0.68,1019.3,2.79,0.95,3.0,16.093,0.60094,Corneliusbrücke,1.4293952806467651,3133.569878560679,pc2,Park,2021-06-23 16:19:37,52.50915166666667,13.34962,29.3,37.595600000000005,211.9,0.0606,0.03,18.36,18.36,12.28,0.68,1019.3,2.79,0.95,3.0,16.093,0.60094,Corneliusbrücke,2.057234829708438,3154.539410075832,pc4,Park,False,False,12.38471381265464,50,10,0.0
1624457977.5187092,2021-06-23T14:19:37.518709Z,52.50915166666667,13.34962,4,2,S2,1624457977.5187092,16.46690979591837,-67.97351632653061,-40.23557346938776,0.0022565205510204,44.0,887.204081632653,5.163265306122449,0.1252120326530612,12,49,2021-06-23 16:19:37,52.50915166666667,13.34962,29.3,37.595600000000005,211.9,0.0606,0.03,18.36,18.36,12.28,0.68,1019.3,2.79,0.95,3.0,16.093,0.60094,Corneliusbrücke,2.057234829708438,3154.539410075832,pc4,Park,2021-06-23 16:19:37,52.509235,13.349741666666668,37.6,39.818000000000005,220.9,0.0606,0.03,18.36,18.36,12.28,0.68,1019.3,2.79,0.95,3.0,16.093,0.60094,Corneliusbrücke,1.4293952806467651,3133.569878560679,pc2,Park,False,False,12.38471381265464,50,10,0.02
1624457978.5006063,2021-06-23T14:19:38.500606Z,52.50907,13.349541666666669,4,2,S2,1624457978.5006063,18.03719625,-67.1822625,-39.33818958333333,0.004152792875,44.0,857.6041666666666,3.0625,0.1423860666666666,12,48,2021-06-23 16:19:38,52.50907,13.349541666666669,29.5,37.966,210.4,0.0606,0.03,18.36,18.36,12.28,0.68,1019.3,2.79,0.95,3.0,16.093,0.60094,Corneliusbrücke,3.00733640179681,3165.074131066592,pc4,Park,2021-06-23 16:19:38,52.509155,13.349643333333333,37.7,39.077200000000005,214.4,0.0606,0.03,18.36,18.36,12.28,0.68,1019.3,2.79,0.95,3.0,16.093,0.60094,Corneliusbrücke,0.7852037213050941,3144.057446562756,pc2,Park,False,False,11.680118938124956,50,10,0.04
1624457978.5162525,2021-06-23T14:19:38.516252Z,52.509155,13.349643333333333,2,4,S2,1624457978.5162525,17.22007,-71.170856,-43.351314,0.0008480166,41.0,843.8,3.12,0.054201276,12,50,2021-06-23 16:19:38,52.509155,13.349643333333333,37.7,39.077200000000005,214.4,0.0606,0.03,18.36,18.36,12.28,0.68,1019.3,2.79,0.95,3.0,16.093,0.60094,Corneliusbrücke,0.7852037213050941,3144.057446562756,pc2,Park,2021-06-23 16:19:38,52.50907,13.349541666666669,29.5,37.966,210.4,0.0606,0.03,18.36,18.36,12.28,0.68,1019.3,2.79,0.95,3.0,16.093,0.60094,Corneliusbrücke,3.00733640179681,3165.074131066592,pc4,Park,False,False,11.680118938124956,50,10,0.0
1624457979.495776,2021-06-23T14:19:39.495775Z,52.50898166666666,13.349478333333334,4,2,S2,1624457979.495776,17.927823958333335,-69.15854791666666,-41.39510625,0.0017441488541666,44.0,61.29166666666666,1.3333333333333333,0.08839478125,12,48,2021-06-23 16:19:39,52.50898166666666,13.349478333333334,29.6,38.892,199.5,0.0606,0.03,18.36,18.36,12.28,0.68,1019.3,2.79,0.95,3.0,16.093,0.60094,Corneliusbrücke,3.098395004196101,3175.7057074489285,pc4,Park,2021-06-23 16:19:39,52.50907166666666,13.349563333333334,37.5,39.077200000000005,206.6,0.0606,0.03,18.36,18.36,12.28,0.68,1019.3,2.79,0.95,3.0,16.093,0.60094,Corneliusbrücke,1.758857974121411,3154.539410075832,pc2,Park,False,False,11.532766806062716,50,10,0.04
1624457979.5050087,2021-06-23T14:19:39.505008Z,52.50907166666666,13.349563333333334,2,4,S2,1624457979.5050087,16.94319795918367,-72.82224489795918,-45.04528571428572,0.0005590002244897,41.0,62.04081632653061,3.061224489795918,0.0345843622448979,12,49,2021-06-23 16:19:39,52.50907166666666,13.349563333333334,37.5,39.077200000000005,206.6,0.0606,0.03,18.36,18.36,12.28,0.68,1019.3,2.79,0.95,3.0,16.093,0.60094,Corneliusbrücke,1.758857974121411,3154.539410075832,pc2,Park,2021-06-23 16:19:39,52.50898166666666,13.349478333333334,29.6,38.892,199.5,0.0606,0.03,18.36,18.36,12.28,0.68,1019.3,2.79,0.95,3.0,16.093,0.60094,Corneliusbrücke,3.098395004196101,3175.7057074489285,pc4,Park,False,False,11.532766806062716,50,10,0.02
1624457980.491781,2021-06-23T14:19:40.491780Z,52.50888666666667,13.349431666666666,4,2,S2,1624457980.491781,18.9920932,-67.027036,-39.253926,0.00323135494,44.0,160.88,1.48,0.140752552,12,50,2021-06-23 16:19:40,52.50888666666667,13.349431666666666,29.7,38.892,194.3,0.0606,0.03,18.36,18.36,12.28,0.68,1019.3,2.79,0.95,3.0,16.093,0.70821,Corneliusbrücke,2.643327306353668,3186.445243700349,pc4,Park,2021-06-23 16:19:40,52.50898,13.3495,37.2,38.892,200.8,0.0606,0.03,18.36,18.36,12.28,0.68,1019.3,2.79,0.95,3.0,16.093,0.60094,Corneliusbrücke,1.6710428342717225,3165.074131066592,pc2,Park,False,False,11.35201743129852,50,10,0.0
1624457980.5199473,2021-06-23T14:19:40.519947Z,52.50898,13.3495,2,4,S2,1624457980.5199473,18.012670833333335,-71.19045416666667,-43.42593958333333,0.0006593238333333,41.0,163.54166666666666,3.0,0.05414154375,12,48,2021-06-23 16:19:40,52.50898,13.3495,37.2,38.892,200.8,0.0606,0.03,18.36,18.36,12.28,0.68,1019.3,2.79,0.95,3.0,16.093,0.60094,Corneliusbrücke,1.6710428342717225,3165.074131066592,pc2,Park,2021-06-23 16:19:40,52.50888666666667,13.349431666666666,29.7,38.892,194.3,0.0606,0.03,18.36,18.36,12.28,0.68,1019.3,2.79,0.95,3.0,16.093,0.70821,Corneliusbrücke,2.643327306353668,3186.445243700349,pc4,Park,False,False,11.35201743129852,50,10,0.04
1624457981.4973793,2021-06-23T14:19:41.497379Z,52.50888666666667,13.349455,2,4,S2,1624457981.4973793,17.00280612244898,-72.2599612244898,-44.52636734693878,0.0006618741632653,41.0,261.0204081632653,5.63265306122449,0.0459750504081632,12,49,2021-06-23 16:19:41,52.50888666666667,13.349455,36.8,39.4476,193.8,0.0606,0.03,18.36,18.36,12.28,0.68,1019.3,2.79,0.95,3.0,16.093,0.70821,Corneliusbrücke,1.1013854510080352,3175.7057074489285,pc2,Park,2021-06-23 16:19:41,52.508788333333335,13.349393333333332,29.7,40.1884,193.2,0.0606,0.03,18.36,18.36,12.28,0.68,1019.3,2.79,0.95,3.0,16.093,0.70821,Corneliusbrücke,2.855744621770114,3197.351521840623,pc4,Park,False,False,11.693487867580323,50,10,0.02
1624457981.5002692,2021-06-23T14:19:41.500269Z,52.508788333333335,13.349393333333332,4,2,S2,1624457981.5002692,14.298569411764706,-69.00840588235295,-41.267021568627456,0.0053590172156862,44.0,261.6274509803921,2.4901960784313726,0.097490231372549,12,51,2021-06-23 16:19:41,52.508788333333335,13.349393333333332,29.7,40.1884,193.2,0.0606,0.03,18.36,18.36,12.28,0.68,1019.3,2.79,0.95,3.0,16.093,0.70821,Corneliusbrücke,2.855744621770114,3197.351521840623,pc4,Park,2021-06-23 16:19:41,52.50888666666667,13.349455,36.8,39.4476,193.8,0.0606,0.03,18.36,18.36,12.28,0.68,1019.3,2.79,0.95,3.0,16.093,0.70821,Corneliusbrücke,1.1013854510080352,3175.7057074489285,pc2,Park,False,False,11.693487867580323,50,10,-0.02
1624457982.4779177,2021-06-23T14:19:42.477917Z,52.50868666666667,13.349355,4,2,S2,1624457982.4779177,9.4706928125,-70.17533125,-42.455834375,0.0081148840625,44.0,359.3125,3.25,0.065400415625,12,32,2021-06-23 16:19:42,52.50868666666667,13.349355,29.7,41.8552,192.9,0.0606,0.03,18.36,18.36,12.28,0.68,1019.3,2.79,0.95,3.0,16.093,0.70821,Corneliusbrücke,3.23317179266292,3208.4026938346246,pc4,Park,2021-06-23 16:19:42,52.50879166666667,13.34942,36.5,38.3364,191.8,0.0606,0.03,18.36,18.36,12.28,0.68,1019.3,2.79,0.95,3.0,16.093,0.70821,Corneliusbrücke,1.1721916320937436,3186.445243700349,pc2,Park,False,False,12.465965605694214,50,10,0.36
1624457982.492457,2021-06-23T14:19:42.492456Z,52.50879166666667,13.34942,2,4,S2,1624457982.492457,14.5839504,-75.434108,-47.659172,0.00052395958,41.0,360.32,7.72,0.0196171924,12,50,2021-06-23 16:19:42,52.50879166666667,13.34942,36.5,38.3364,191.8,0.0606,0.03,18.36,18.36,12.28,0.68,1019.3,2.79,0.95,3.0,16.093,0.70821,Corneliusbrücke,1.1721916320937436,3186.445243700349,pc2,Park,2021-06-23 16:19:42,52.50868666666667,13.349355,29.7,41.8552,192.9,0.0606,0.03,18.36,18.36,12.28,0.68,1019.3,2.79,0.95,3.0,16.093,0.70821,Corneliusbrücke,3.23317179266292,3208.4026938346246,pc4,Park,False,False,12.465965605694214,50,10,0.0
1624457983.4931903,2021-06-23T14:19:43.493190Z,52.508696666666665,13.349388333333334,2,4,S2,1624457983.4931903,13.180140799999998,-77.149314,-49.358956,0.00047709092,41.0,460.44,7.24,0.0130378858,12,50,2021-06-23 16:19:43,52.508696666666665,13.349388333333334,36.3,38.7068,191.2,0.0606,0.03,18.36,18.36,12.28,0.68,1019.3,2.79,0.95,3.0,16.093,0.70821,Corneliusbrücke,1.2291849798540988,3197.351521840623,pc2,Park,2021-06-23 16:19:43,52.50858166666666,13.349313333333331,29.5,42.781200000000005,193.7,0.0606,0.03,18.36,18.36,12.28,0.68,1019.3,2.79,0.95,3.0,16.093,0.60094,Corneliusbrücke,3.70213650809484,3219.6024277823626,pc4,Park,False,False,13.746087627377442,50,10,0.0
1624457983.5876153,2021-06-23T14:19:43.587615Z,52.50858166666666,13.349313333333331,4,2,S2,1624457983.5876153,7.939011363636364,-71.12888636363637,-43.38702272727273,0.0076690090454545,44.0,470.3636363636364,2.4545454545454546,0.0501467681818181,12,22,2021-06-23 16:19:43,52.50858166666666,13.349313333333331,29.5,42.781200000000005,193.7,0.0606,0.03,18.36,18.36,12.28,0.68,1019.3,2.79,0.95,3.0,16.093,0.60094,Corneliusbrücke,3.70213650809484,3219.6024277823626,pc4,Park,2021-06-23 16:19:43,52.508696666666665,13.349388333333334,36.3,38.7068,191.2,0.0606,0.03,18.36,18.36,12.28,0.68,1019.3,2.79,0.95,3.0,16.093,0.70821,Corneliusbrücke,1.2291849798540988,3197.351521840623,pc2,Park,False,False,13.746087627377442,50,10,0.56
1624457984.4579384,2021-06-23T14:19:44.457938Z,52.50859833333333,13.349353333333331,2,4,S2,1624457984.4579384,13.101644324324324,-74.94775945945946,-47.14114324324324,0.0009407972972972,41.0,556.8918918918919,7.45945945945946,0.0213130124324324,12,37,2021-06-23 16:19:44,52.50859833333333,13.349353333333331,36.2,41.1144,193.4,0.0606,0.03,18.36,18.36,12.28,0.68,1019.3,2.79,0.95,3.0,16.093,0.60094,Corneliusbrücke,1.491340357257858,3208.4026938346246,pc2,Park,2021-06-23 16:19:44,52.50847666666667,13.349266666666669,29.6,43.522000000000006,195.3,0.0606,0.03,18.36,18.36,12.28,0.68,1019.3,2.79,0.95,3.0,16.093,3.22474,Klingelhöfer Straße,12.358436824349504,3230.9349536541376,pc4,Park,False,False,14.7326343442758,50,10,0.26
1624457984.5746276,2021-06-23T14:19:44.574627Z,52.50847666666667,13.349266666666669,4,2,S2,1624457984.5746276,12.608657,-70.9709775,-43.179685,0.00263037125,44.0,568.95,3.6,0.0539226675,12,40,2021-06-23 16:19:44,52.50847666666667,13.349266666666669,29.6,43.522000000000006,195.3,0.0606,0.03,18.36,18.36,12.28,0.68,1019.3,2.79,0.95,3.0,16.093,3.22474,Klingelhöfer Straße,12.358436824349504,3230.9349536541376,pc4,Park,2021-06-23 16:19:44,52.50859833333333,13.349353333333331,36.2,41.1144,193.4,0.0606,0.03,18.36,18.36,12.28,0.68,1019.3,2.79,0.95,3.0,16.093,0.60094,Corneliusbrücke,1.491340357257858,3208.4026938346246,pc2,Park,False,False,14.7326343442758,50,10,0.2
1624457985.5067892,2021-06-23T14:19:45.506789Z,52.50837,13.349211666666667,4,2,S2,1624457985.5067892,16.038785081632653,-71.56732653061225,-43.76857346938775,0.0022955768163265,44.0,661.8571428571429,6.6938775510204085,0.0482085565306122,12,49,2021-06-23 16:19:45,52.50837,13.349211666666667,30.0,44.2628,197.8,0.0606,0.03,18.36,18.36,12.28,0.68,1019.3,2.79,0.95,3.0,16.093,0.66563,Corneliusbrücke,2.9802918759060297,3242.4101397161144,pc4,Park,2021-06-23 16:19:45,52.508495,13.349306666666669,36.1,43.70720000000001,195.5,0.0606,0.03,18.36,18.36,12.28,0.68,1019.3,2.79,0.95,3.0,16.093,0.60094,Corneliusbrücke,1.1577989589601108,3219.6024277823626,pc2,Park,False,False,15.300945143549736,50,10,0.02
1624457985.5134385,2021-06-23T14:19:45.513438Z,52.508495,13.349306666666669,2,4,S2,1624457985.5134385,14.599864583333334,-75.86825208333333,-48.05723125,0.0004733426666666,41.0,662.875,3.1666666666666665,0.0184217822916666,12,48,2021-06-23 16:19:45,52.508495,13.349306666666669,36.1,43.70720000000001,195.5,0.0606,0.03,18.36,18.36,12.28,0.68,1019.3,2.79,0.95,3.0,16.093,0.60094,Corneliusbrücke,1.1577989589601108,3219.6024277823626,pc2,Park,2021-06-23 16:19:45,52.50837,13.349211666666667,30.0,44.2628,197.8,0.0606,0.03,18.36,18.36,12.28,0.68,1019.3,2.79,0.95,3.0,16.093,0.66563,Corneliusbrücke,2.9802918759060297,3242.4101397161144,pc4,Park,False,False,15.300945143549736,50,10,0.04
1624457986.275856,2021-06-23T14:19:46.275856Z,52.508265,13.349148333333334,4,2,S2,1624457986.275856,17.202593166666666,-69.87984999999999,-42.0651,0.0034706219166666,44.0,738.75,6.833333333333333,0.0749166791666666,12,24,2021-06-23 16:19:46,52.508265,13.349148333333334,30.0,44.8184,200.6,0.0606,0.03,18.36,18.36,12.28,0.68,1019.3,2.79,0.95,3.0,16.093,0.66563,Corneliusbrücke,3.2376968071631103,3254.0346262706344,pc4,Park,2021-06-23 16:19:46,52.508388333333336,13.349251666666667,36.2,44.6332,197.7,0.0606,0.03,18.36,18.36,12.28,0.68,1019.3,2.79,0.95,3.0,16.093,3.2548,Klingelhöfer Straße,10.265757895272609,3242.4101397161144,pc2,Park,False,False,15.38064564732818,50,10,0.52
1624457986.4948647,2021-06-23T14:19:46.494864Z,52.508388333333336,13.349251666666667,2,4,S2,1624457986.4948647,14.874502448979593,-74.71253265306122,-46.90677142857143,0.001057179,41.0,760.8571428571429,4.755102040816326,0.0258444353061224,12,49,2021-06-23 16:19:46,52.508388333333336,13.349251666666667,36.2,44.6332,197.7,0.0606,0.03,18.36,18.36,12.28,0.68,1019.3,2.79,0.95,3.0,16.093,3.2548,Klingelhöfer Straße,10.265757895272609,3242.4101397161144,pc2,Park,2021-06-23 16:19:46,52.508265,13.349148333333334,30.0,44.8184,200.6,0.0606,0.03,18.36,18.36,12.28,0.68,1019.3,2.79,0.95,3.0,16.093,0.66563,Corneliusbrücke,3.2376968071631103,3254.0346262706344,pc4,Park,False,False,15.38064564732818,50,10,0.02
1624457987.499391,2021-06-23T14:19:47.499391Z,52.50828333333333,13.349188333333334,2,4,S2,1624457987.499391,16.188692,-73.735754,-46.0022,0.0005389187,41.0,861.24,5.44,0.0291156632,12,50,2021-06-23 16:19:47,52.50828333333333,13.349188333333334,36.2,44.2628,200.1,0.0606,0.03,18.36,18.36,12.28,0.68,1019.3,2.79,0.95,3.0,16.093,0.66563,Corneliusbrücke,1.496999182832087,3254.0346262706344,pc2,Park,2021-06-23 16:19:47,52.50816,13.349076666666669,30.1,45.1888,203.3,0.0606,0.03,18.36,18.36,12.28,0.68,1019.3,2.79,0.95,3.0,16.093,0.66563,Corneliusbrücke,2.6782841762511604,3265.820081487672,pc4,Park,False,False,15.644612200899234,50,10,0.0
1624457987.5574863,2021-06-23T14:19:47.557486Z,52.50816,13.349076666666669,4,2,S2,1624457987.5574863,17.123825,-70.5148925,-42.716750000000005,0.0009885396499999,44.0,867.025,5.725,0.0623439575,12,40,2021-06-23 16:19:47,52.50816,13.349076666666669,30.1,45.1888,203.3,0.0606,0.03,18.36,18.36,12.28,0.68,1019.3,2.79,0.95,3.0,16.093,0.66563,Corneliusbrücke,2.6782841762511604,3265.820081487672,pc4,Park,2021-06-23 16:19:47,52.50828333333333,13.349188333333334,36.2,44.2628,200.1,0.0606,0.03,18.36,18.36,12.28,0.68,1019.3,2.79,0.95,3.0,16.093,0.66563,Corneliusbrücke,1.496999182832087,3254.0346262706344,pc2,Park,False,False,15.644612200899234,50,10,0.2
1624457988.3939197,2021-06-23T14:19:48.393919Z,52.508055,13.348996666666666,4,2,S2,1624457988.3939197,13.93078542857143,-70.90203428571428,-43.08626857142857,0.0049907894857142,44.0,950.4857142857144,7.542857142857143,0.06146976,12,35,2021-06-23 16:19:48,52.508055,13.348996666666666,30.1,46.1148,204.6,0.0606,0.03,18.36,18.36,12.28,0.68,1019.3,2.79,0.95,3.0,16.093,0.66563,Corneliusbrücke,2.391572215387175,3277.689800171625,pc4,Park,2021-06-23 16:19:48,52.50818,13.34912,36.4,44.2628,202.6,0.0606,0.03,18.36,18.36,12.28,0.68,1019.3,2.79,0.95,3.0,16.093,0.70821,Corneliusbrücke,1.0456289320372885,3265.820081487672,pc2,Park,False,False,16.198618872407625,50,10,0.3
1624457988.4973128,2021-06-23T14:19:48.497312Z,52.50818,13.34912,2,4,S2,1624457988.4973128,14.960144375,-75.15505833333333,-47.38862291666666,0.0005159405208333,41.0,961.1458333333334,4.3125,0.022769285625,12,48,2021-06-23 16:19:48,52.50818,13.34912,36.4,44.2628,202.6,0.0606,0.03,18.36,18.36,12.28,0.68,1019.3,2.79,0.95,3.0,16.093,0.70821,Corneliusbrücke,1.0456289320372885,3265.820081487672,pc2,Park,2021-06-23 16:19:48,52.508055,13.348996666666666,30.1,46.1148,204.6,0.0606,0.03,18.36,18.36,12.28,0.68,1019.3,2.79,0.95,3.0,16.093,0.66563,Corneliusbrücke,2.391572215387175,3277.689800171625,pc4,Park,False,False,16.198618872407625,50,10,0.04
1624457989.477653,2021-06-23T14:19:49.477653Z,52.50807833333333,13.349043333333332,2,4,S2,1624457989.477653,16.213767346938777,-73.56598163265306,-45.782132653061225,0.0005674793673469,41.0,181.6122448979592,2.836734693877551,0.0338180457142857,12,49,2021-06-23 16:19:49,52.50807833333333,13.349043333333332,36.5,44.8184,204.8,0.0606,0.03,18.36,18.36,12.28,0.68,1019.3,2.79,0.95,3.0,16.093,0.66563,Corneliusbrücke,0.6890940568389196,3277.689800171625,pc2,Park,2021-06-23 16:19:49,52.50795166666666,13.348913333333334,30.1,45.5592,206.4,0.0606,0.03,18.36,18.36,12.28,0.68,1019.3,2.79,0.95,3.0,16.093,0.60094,Corneliusbrücke,2.214465849644153,3289.5523516480216,pc4,Park,False,False,16.591965464630867,50,10,0.02
1624457989.477851,2021-06-23T14:19:49.477850Z,52.50795166666666,13.348913333333334,4,2,S2,1624457989.477851,15.03418852,-70.340176,-42.55339,0.00483226462,44.0,178.76,2.36,0.0708383279999999,12,50,2021-06-23 16:19:49,52.50795166666666,13.348913333333334,30.1,45.5592,206.4,0.0606,0.03,18.36,18.36,12.28,0.68,1019.3,2.79,0.95,3.0,16.093,0.60094,Corneliusbrücke,2.214465849644153,3289.5523516480216,pc4,Park,2021-06-23 16:19:49,52.50807833333333,13.349043333333332,36.5,44.8184,204.8,0.0606,0.03,18.36,18.36,12.28,0.68,1019.3,2.79,0.95,3.0,16.093,0.66563,Corneliusbrücke,0.6890940568389196,3277.689800171625,pc2,Park,False,False,16.591965464630867,50,10,0.0
1624457990.4930727,2021-06-23T14:19:50.493072Z,52.50785166666667,13.348823333333334,4,2,S2,1624457990.4930727,17.818852,-69.672584,-41.941544,0.00109216522,44.0,137.04,1.16,0.0917735528,12,50,2021-06-23 16:19:50,52.50785166666667,13.348823333333334,30.1,44.8184,208.6,0.0606,0.03,18.36,18.36,12.28,0.68,1019.3,2.79,0.95,3.0,16.093,0.60094,Corneliusbrücke,1.6367776073746851,3301.319974796952,pc4,Park,2021-06-23 16:19:50,52.50797666666666,13.348961666666666,36.6,44.2628,207.1,0.0606,0.03,18.36,18.36,12.28,0.68,1019.3,2.79,0.95,3.0,16.093,0.60094,Corneliusbrücke,0.7093652956139,3289.5523516480216,pc2,Park,False,False,16.743317359876347,50,10,0.0
1624457990.4998813,2021-06-23T14:19:50.499881Z,52.50797666666666,13.348961666666666,2,4,S2,1624457990.4998813,16.319712244897957,-73.3658530612245,-45.61181020408164,0.0005823047959183,41.0,137.73469387755102,1.0,0.0363414475510204,12,49,2021-06-23 16:19:50,52.50797666666666,13.348961666666666,36.6,44.2628,207.1,0.0606,0.03,18.36,18.36,12.28,0.68,1019.3,2.79,0.95,3.0,16.093,0.60094,Corneliusbrücke,0.7093652956139,3289.5523516480216,pc2,Park,2021-06-23 16:19:50,52.50785166666667,13.348823333333334,30.1,44.8184,208.6,0.0606,0.03,18.36,18.36,12.28,0.68,1019.3,2.79,0.95,3.0,16.093,0.60094,Corneliusbrücke,1.6367776073746851,3301.319974796952,pc4,Park,False,False,16.743317359876347,50,10,0.02
1624457991.4503949,2021-06-23T14:19:51.450394Z,52.50788166666667,13.348873333333334,2,4,S2,1624457991.4503949,16.03472619047619,-73.90218095238095,-46.16855238095238,0.0005434266904761,41.0,232.7142857142857,1.7142857142857142,0.0308037219047619,12,42,2021-06-23 16:19:51,52.50788166666667,13.348873333333334,36.7,42.9664,209.7,0.0606,0.03,18.36,18.36,12.28,0.68,1019.3,2.79,0.95,3.0,16.093,0.60094,Corneliusbrücke,0.4813984576982822,3301.319974796952,pc2,Park,2021-06-23 16:19:51,52.50776,13.348721666666666,30.5,43.8924,209.7,0.0606,0.03,18.36,18.36,12.28,0.68,1019.3,2.79,0.95,3.0,16.093,0.60094,Corneliusbrücke,1.453216245246003,3312.9193866219125,pc4,Park,False,False,16.966657095621052,50,10,0.16
1624457991.4904137,2021-06-23T14:19:51.490413Z,52.50776,13.348721666666666,4,2,S2,1624457991.4904137,17.251147727272727,-70.50956590909091,-42.77245454545454,0.0009534821818181,44.0,236.5,3.840909090909091,0.0697624522727272,12,44,2021-06-23 16:19:51,52.50776,13.348721666666666,30.5,43.8924,209.7,0.0606,0.03,18.36,18.36,12.28,0.68,1019.3,2.79,0.95,3.0,16.093,0.60094,Corneliusbrücke,1.453216245246003,3312.9193866219125,pc4,Park,2021-06-23 16:19:51,52.50788166666667,13.348873333333334,36.7,42.9664,209.7,0.0606,0.03,18.36,18.36,12.28,0.68,1019.3,2.79,0.95,3.0,16.093,0.60094,Corneliusbrücke,0.4813984576982822,3301.319974796952,pc2,Park,False,False,16.966657095621052,50,10,0.12
1624457992.4171293,2021-06-23T14:19:52.417129Z,52.50779,13.34878,2,4,S2,1624457992.4171293,16.17150714285714,-73.31949999999999,-45.487342857142856,0.0006081508571428,41.0,328.85714285714283,7.0,0.0369465957142857,12,14,2021-06-23 16:19:52,52.50779,13.34878,36.8,42.781200000000005,211.9,0.0606,0.03,18.36,18.36,12.28,0.68,1019.3,2.79,0.95,3.0,16.093,0.60094,Corneliusbrücke,0.3855464203747928,3312.9193866219125,pc2,Park,2021-06-23 16:19:52,52.507668333333335,13.348618333333333,30.6,43.522000000000006,210.9,0.0606,0.03,18.36,18.36,12.28,0.68,1019.3,2.79,0.95,3.0,16.093,0.70821,Corneliusbrücke,0.7167186996070397,3324.345979432891,pc4,Park,False,False,17.38370179036624,50,10,0.72
1624457992.4983838,2021-06-23T14:19:52.498383Z,52.507668333333335,13.348618333333333,4,2,S2,1624457992.4983838,17.09134583333333,-70.68946875,-42.96966458333333,0.0009667369375,44.0,337.125,5.666666666666667,0.0590320166666666,12,48,2021-06-23 16:19:52,52.507668333333335,13.348618333333333,30.6,43.522000000000006,210.9,0.0606,0.03,18.36,18.36,12.28,0.68,1019.3,2.79,0.95,3.0,16.093,0.70821,Corneliusbrücke,0.7167186996070397,3324.345979432891,pc4,Park,2021-06-23 16:19:52,52.50779,13.34878,36.8,42.781200000000005,211.9,0.0606,0.03,18.36,18.36,12.28,0.68,1019.3,2.79,0.95,3.0,16.093,0.60094,Corneliusbrücke,0.3855464203747928,3312.9193866219125,pc2,Park,False,False,17.38370179036624,50,10,0.04
1624457993.3456802,2021-06-23T14:19:53.345680Z,52.5077,13.348681666666666,2,4,S2,1624457993.3456802,17.62879285714286,-71.47877857142858,-43.73574285714285,0.0006619987142857,41.0,421.7142857142857,7.0,0.0490673978571428,12,14,2021-06-23 16:19:53,52.5077,13.348681666666666,37.1,43.1516,214.4,0.0606,0.03,18.36,18.36,12.28,0.68,1019.3,2.79,0.95,3.0,16.093,3.2548,Klingelhöfer Straße,8.045462209352149,3324.345979432891,pc2,Park,2021-06-23 16:19:53,52.507585,13.348505,30.9,42.9664,212.3,0.0606,0.03,18.36,18.36,12.28,0.68,1019.3,2.79,0.95,3.0,16.093,0.70821,Corneliusbrücke,0.699624985100619,3335.5863247076304,pc4,Park,False,False,17.490661615202704,50,10,0.72
1624457993.489477,2021-06-23T14:19:53.489476Z,52.507585,13.348505,4,2,S2,1624457993.489477,17.001208163265307,-70.99047142857142,-43.18637959183673,0.0009070093469387,44.0,436.2244897959184,5.755102040816326,0.060424287755102,12,49,2021-06-23 16:19:53,52.507585,13.348505,30.9,42.9664,212.3,0.0606,0.03,18.36,18.36,12.28,0.68,1019.3,2.79,0.95,3.0,16.093,0.70821,Corneliusbrücke,0.699624985100619,3335.5863247076304,pc4,Park,2021-06-23 16:19:53,52.5077,13.348681666666666,37.1,43.1516,214.4,0.0606,0.03,18.36,18.36,12.28,0.68,1019.3,2.79,0.95,3.0,16.093,3.2548,Klingelhöfer Straße,8.045462209352149,3324.345979432891,pc2,Park,False,False,17.490661615202704,50,10,0.02
1624457994.4894762,2021-06-23T14:19:54.489476Z,52.50750666666666,13.348383333333333,4,2,S2,1624457994.4894762,15.39362,-72.694016,-44.91506999999999,0.00087421926,44.0,536.54,2.6,0.039101598,12,50,2021-06-23 16:19:54,52.50750666666666,13.348383333333333,31.2,42.2256,213.6,0.0606,0.03,18.36,18.36,12.28,0.68,1019.3,2.79,0.95,3.0,16.093,0.70821,Corneliusbrücke,1.0624015882724016,3346.7225741773,pc4,Park,2021-06-23 16:19:54,52.50761333333333,13.348571666666668,37.3,43.3368,215.8,0.0606,0.03,18.36,18.36,12.28,0.68,1019.3,2.79,0.95,3.0,16.093,0.70821,Corneliusbrücke,0.5765481615770764,3335.5863247076304,pc2,Park,False,False,17.395289829369688,50,10,0.0
1624457994.5721326,2021-06-23T14:19:54.572132Z,52.50761333333333,13.348571666666668,2,4,S2,1624457994.5721326,13.491605128205128,-76.92550256410256,-49.13288461538461,0.000467803076923,41.0,544.3589743589744,7.0,0.0141906487179487,12,39,2021-06-23 16:19:54,52.50761333333333,13.348571666666668,37.3,43.3368,215.8,0.0606,0.03,18.36,18.36,12.28,0.68,1019.3,2.79,0.95,3.0,16.093,0.70821,Corneliusbrücke,0.5765481615770764,3335.5863247076304,pc2,Park,2021-06-23 16:19:54,52.50750666666666,13.348383333333333,31.2,42.2256,213.6,0.0606,0.03,18.36,18.36,12.28,0.68,1019.3,2.79,0.95,3.0,16.093,0.70821,Corneliusbrücke,1.0624015882724016,3346.7225741773,pc4,Park,False,False,17.395289829369688,50,10,0.22
1624457995.5212882,2021-06-23T14:19:55.521288Z,52.507531666666665,13.348455,2,4,S2,1624457995.5212882,13.818373488372094,-76.59807674418605,-48.84437441860466,0.000469539372093,41.0,639.8604651162791,1.1395348837209305,0.015019226744186,12,43,2021-06-23 16:19:55,52.507531666666665,13.348455,37.8,42.596,217.2,0.0606,0.03,18.36,18.36,12.28,0.68,1019.3,2.79,0.95,3.0,16.093,0.70821,Corneliusbrücke,0.7125939874656466,3346.7225741773,pc2,Park,2021-06-23 16:19:55,52.507435,13.348258333333334,31.6,41.4848,214.8,0.0606,0.03,18.36,18.36,12.28,0.68,1019.3,2.79,0.95,3.0,16.093,0.60094,Corneliusbrücke,1.0965040907540349,3368.8976220476275,pc4,Park,False,False,17.093069952706315,50,10,0.14
1624457995.532077,2021-06-23T14:19:55.532077Z,52.507435,13.348258333333334,4,2,S2,1624457995.532077,15.251488095238097,-73.07948571428571,-45.33168095238095,0.000820395,44.0,640.1666666666666,8.928571428571429,0.0321867357142857,12,42,2021-06-23 16:19:55,52.507435,13.348258333333334,31.6,41.4848,214.8,0.0606,0.03,18.36,18.36,12.28,0.68,1019.3,2.79,0.95,3.0,16.093,0.60094,Corneliusbrücke,1.0965040907540349,3368.8976220476275,pc4,Park,2021-06-23 16:19:55,52.507531666666665,13.348455,37.8,42.596,217.2,0.0606,0.03,18.36,18.36,12.28,0.68,1019.3,2.79,0.95,3.0,16.093,0.70821,Corneliusbrücke,0.7125939874656466,3346.7225741773,pc2,Park,False,False,17.093069952706315,50,10,0.16
1624457996.2593305,2021-06-23T14:19:56.259330Z,52.50736833333333,13.348128333333332,4,2,S2,1624457996.2593305,16.30711,-72.32839,-44.61027,0.0007644812,44.0,713.0,7.8,0.04012089,12,10,2021-06-23 16:19:56,52.50736833333333,13.348128333333332,31.8,40.744,216.4,0.0606,0.03,18.36,18.36,12.28,0.68,1019.3,2.79,0.95,3.0,16.093,0.60094,Corneliusbrücke,1.0956619164447166,3379.97698543344,pc4,Park,2021-06-23 16:19:56,52.507455,13.34833,38.4,42.0404,218.4,0.0606,0.03,18.36,18.36,12.28,0.68,1019.3,2.79,0.95,3.0,16.093,0.70821,Corneliusbrücke,0.5610069621090993,3357.821293506669,pc2,Park,False,False,16.693011484779717,50,10,0.8
1624457996.4916303,2021-06-23T14:19:56.491630Z,52.507455,13.34833,2,4,S2,1624457996.4916303,13.973089795918366,-75.17503265306122,-47.412504081632655,0.0006976949183673,41.0,736.530612244898,4.795918367346939,0.0216507869387755,12,49,2021-06-23 16:19:56,52.507455,13.34833,38.4,42.0404,218.4,0.0606,0.03,18.36,18.36,12.28,0.68,1019.3,2.79,0.95,3.0,16.093,0.70821,Corneliusbrücke,0.5610069621090993,3357.821293506669,pc2,Park,2021-06-23 16:19:56,52.50736833333333,13.348128333333332,31.8,40.744,216.4,0.0606,0.03,18.36,18.36,12.28,0.68,1019.3,2.79,0.95,3.0,16.093,0.60094,Corneliusbrücke,1.0956619164447166,3379.97698543344,pc4,Park,False,False,16.693011484779717,50,10,0.02
1624457997.3633945,2021-06-23T14:19:57.363394Z,52.50730333333333,13.347998333333331,4,2,S2,1624457997.3633945,15.003581818181818,-72.97026818181818,-45.15445454545455,0.0009470559999999,44.0,823.4090909090909,7.772727272727272,0.0381850909090909,12,22,2021-06-23 16:19:57,52.50730333333333,13.347998333333331,31.9,40.3736,217.9,0.0606,0.03,18.36,18.36,12.28,0.68,1019.3,2.79,0.95,3.0,16.093,0.60094,Corneliusbrücke,0.9005434499325344,3391.076068184252,pc4,Park,2021-06-23 16:19:57,52.50738666666667,13.3482,38.7,40.9292,219.6,0.0606,0.03,18.36,18.36,12.28,0.68,1019.3,2.79,0.95,3.0,16.093,0.60094,Corneliusbrücke,0.3201984787412965,3368.8976220476275,pc2,Park,False,False,16.48225923338286,50,10,0.56
1624457997.511212,2021-06-23T14:19:57.511212Z,52.50738666666667,13.3482,2,4,S2,1624457997.511212,12.61883448979592,-76.12306326530611,-48.3159,0.0007300619795918,41.0,838.6938775510204,2.7346938775510203,0.0158758624489795,12,49,2021-06-23 16:19:57,52.50738666666667,13.3482,38.7,40.9292,219.6,0.0606,0.03,18.36,18.36,12.28,0.68,1019.3,2.79,0.95,3.0,16.093,0.60094,Corneliusbrücke,0.3201984787412965,3368.8976220476275,pc2,Park,2021-06-23 16:19:57,52.50730333333333,13.347998333333331,31.9,40.3736,217.9,0.0606,0.03,18.36,18.36,12.28,0.68,1019.3,2.79,0.95,3.0,16.093,0.60094,Corneliusbrücke,0.9005434499325344,3391.076068184252,pc4,Park,False,False,16.48225923338286,50,10,0.02
1624457998.501013,2021-06-23T14:19:58.501013Z,52.507241666666665,13.347866666666668,4,2,S2,1624457998.501013,15.55023,-72.46086666666666,-44.70379666666667,0.0008862913,44.0,937.0666666666668,8.833333333333334,0.04876204,12,30,2021-06-23 16:19:58,52.507241666666665,13.347866666666668,32.0,40.3736,219.3,0.0606,0.03,18.36,18.36,12.28,0.68,1019.3,2.79,0.95,3.0,16.093,0.60094,Corneliusbrücke,1.0348502945245857,3402.224814362575,pc4,Park,2021-06-23 16:19:58,52.50732,13.348073333333334,39.0,40.3736,220.7,0.0606,0.03,18.36,18.36,12.28,0.68,1019.3,2.79,0.95,3.0,16.093,0.60094,Corneliusbrücke,0.8004992399698959,3379.97698543344,pc2,Park,False,False,16.46290263169671,50,10,0.4
1624457998.5104723,2021-06-23T14:19:58.510472Z,52.50732,13.348073333333334,2,4,S2,1624457998.5104723,12.421058775510204,-77.47212857142857,-49.67992040816326,0.0005759319591836,41.0,938.6326530612243,2.591836734693877,0.0162876208163265,12,49,2021-06-23 16:19:58,52.50732,13.348073333333334,39.0,40.3736,220.7,0.0606,0.03,18.36,18.36,12.28,0.68,1019.3,2.79,0.95,3.0,16.093,0.60094,Corneliusbrücke,0.8004992399698959,3379.97698543344,pc2,Park,2021-06-23 16:19:58,52.507241666666665,13.347866666666668,32.0,40.3736,219.3,0.0606,0.03,18.36,18.36,12.28,0.68,1019.3,2.79,0.95,3.0,16.093,0.60094,Corneliusbrücke,1.0348502945245857,3402.224814362575,pc4,Park,False,False,16.46290263169671,50,10,0.02
1624457999.503536,2021-06-23T14:19:59.503535Z,52.50725666666666,13.347945,2,4,S2,1624457999.503536,12.92037,-77.8103306122449,-49.98735714285715,0.0004330650612244,41.0,390.1428571428572,2.183673469387755,0.0115181363265306,12,49,2021-06-23 16:19:59,52.50725666666666,13.347945,39.0,40.1884,222.0,0.0606,0.03,18.36,18.36,12.28,0.68,1019.3,2.79,0.95,3.0,16.093,0.60094,Corneliusbrücke,0.9205643702058792,3391.076068184252,pc2,Park,2021-06-23 16:19:59,52.50718,13.347736666666666,31.7,40.00320000000001,220.7,0.0606,0.03,18.36,18.36,12.28,0.68,1019.3,2.79,0.95,3.0,16.093,0.70821,Corneliusbrücke,1.0556884655159615,3413.4093662725795,pc4,Park,False,False,16.46217784544581,50,10,0.02
1624457999.8833227,2021-06-23T14:19:59.883322Z,52.50718,13.347736666666666,4,2,S2,1624457999.8833227,14.866741666666668,-73.74411666666667,-46.02393333333333,0.0007599214166666,44.0,51.5,6.75,0.0279899666666666,12,12,2021-06-23 16:19:59,52.50718,13.347736666666666,31.7,40.00320000000001,220.7,0.0606,0.03,18.36,18.36,12.28,0.68,1019.3,2.79,0.95,3.0,16.093,0.70821,Corneliusbrücke,1.0556884655159615,3413.4093662725795,pc4,Park,2021-06-23 16:19:59,52.50725666666666,13.347945,39.0,40.1884,222.0,0.0606,0.03,18.36,18.36,12.28,0.68,1019.3,2.79,0.95,3.0,16.093,0.60094,Corneliusbrücke,0.9205643702058792,3391.076068184252,pc2,Park,False,False,16.46217784544581,50,10,0.76
1624458000.4949925,2021-06-23T14:20:00.494992Z,52.50719333333333,13.347816666666668,2,4,S2,1624458000.4949925,13.858536734693878,-76.3096836734694,-48.51828571428572,0.0005039727959183,41.0,113.12244897959184,2.204081632653061,0.0166000391836734,12,49,2021-06-23 16:20:00,52.50719333333333,13.347816666666668,38.8,40.1884,223.0,0.0606,0.03,18.36,18.36,12.28,0.68,1019.3,2.79,0.95,3.0,16.093,0.70821,Corneliusbrücke,1.1112578595907885,3402.224814362575,pc2,Park,2021-06-23 16:20:00,52.50712166666667,13.347603333333334,31.5,40.3736,222.0,0.0606,0.03,18.36,18.36,12.28,0.68,1019.3,2.79,0.95,3.0,16.093,0.70821,Corneliusbrücke,8.96628574000301,3424.575339319789,pc4,Park,False,False,16.477070655158577,50,10,0.02
1624458000.5010235,2021-06-23T14:20:00.501023Z,52.50712166666667,13.347603333333334,4,2,S2,1624458000.5010235,15.202765,-73.17354,-45.422964,0.00080897902,44.0,113.2,7.5,0.0324780904,12,50,2021-06-23 16:20:00,52.50712166666667,13.347603333333334,31.5,40.3736,222.0,0.0606,0.03,18.36,18.36,12.28,0.68,1019.3,2.79,0.95,3.0,16.093,0.70821,Corneliusbrücke,8.96628574000301,3424.575339319789,pc4,Park,2021-06-23 16:20:00,52.50719333333333,13.347816666666668,38.8,40.1884,223.0,0.0606,0.03,18.36,18.36,12.28,0.68,1019.3,2.79,0.95,3.0,16.093,0.70821,Corneliusbrücke,1.1112578595907885,3402.224814362575,pc2,Park,False,False,16.477070655158577,50,10,0.0
1624458001.361596,2021-06-23T14:20:01.361595Z,52.507063333333335,13.347466666666667,4,2,S2,1624458001.361596,16.281570000000002,-71.79036944444445,-43.98556944444445,0.0008865687222222,44.0,199.27777777777777,7.305555555555555,0.0454515291666666,12,36,2021-06-23 16:20:01,52.507063333333335,13.347466666666667,31.3,40.9292,223.4,0.0606,0.03,18.36,18.36,12.28,0.68,1019.3,2.79,0.95,3.0,16.093,3.47594,Kurfürstenstraße,0.4333214501390096,3435.637548421684,pc4,Park,2021-06-23 16:20:01,52.507133333333336,13.347683333333332,38.5,40.00320000000001,224.1,0.0606,0.03,18.36,18.36,12.28,0.68,1019.3,2.79,0.95,3.0,16.093,0.70821,Corneliusbrücke,3.8637037212777967,3413.4093662725795,pc2,Park,False,False,16.587226687625282,50,10,0.28
1624458001.5046852,2021-06-23T14:20:01.504685Z,52.507133333333336,13.347683333333332,2,4,S2,1624458001.5046852,14.769819591836734,-75.40649591836734,-47.59245714285714,0.0005121111428571,41.0,214.1020408163265,2.142857142857143,0.0220425889795918,12,49,2021-06-23 16:20:01,52.507133333333336,13.347683333333332,38.5,40.00320000000001,224.1,0.0606,0.03,18.36,18.36,12.28,0.68,1019.3,2.79,0.95,3.0,16.093,0.70821,Corneliusbrücke,3.8637037212777967,3413.4093662725795,pc2,Park,2021-06-23 16:20:01,52.507063333333335,13.347466666666667,31.3,40.9292,223.4,0.0606,0.03,18.36,18.36,12.28,0.68,1019.3,2.79,0.95,3.0,16.093,3.47594,Kurfürstenstraße,0.4333214501390096,3435.637548421684,pc4,Park,False,False,16.587226687625282,50,10,0.02
1624458002.4475904,2021-06-23T14:20:02.447590Z,52.507075,13.347548333333334,2,4,S2,1624458002.4475904,17.605761904761906,-71.57990476190476,-43.74339285714286,0.0006805362619047,41.0,308.2857142857143,3.1904761904761907,0.0547023304761904,12,42,2021-06-23 16:20:02,52.507075,13.347548333333334,38.2,40.5588,225.3,0.0606,0.03,18.36,18.36,12.28,0.68,1019.3,2.79,0.95,3.0,16.093,3.47594,Kurfürstenstraße,1.5166289625233458,3424.575339319789,pc2,Park,2021-06-23 16:20:02,52.50700666666667,13.347323333333334,31.1,41.67,224.8,0.0606,0.03,18.36,18.36,12.28,0.68,1019.3,2.79,0.95,3.0,16.093,3.52582,Kurfürstenstraße,0.1507777547053877,3446.4595269602714,pc4,Park,False,False,17.003635654259448,50,10,0.16
1624458002.6576817,2021-06-23T14:20:02.657681Z,52.50700666666667,13.347323333333334,4,2,S2,1624458002.6576817,19.88653703703704,-66.09296666666667,-38.32468518518518,0.0015923547037037,44.0,329.1481481481481,4.666666666666667,0.1784574074074074,12,27,2021-06-23 16:20:02,52.50700666666667,13.347323333333334,31.1,41.67,224.8,0.0606,0.03,18.36,18.36,12.28,0.68,1019.3,2.79,0.95,3.0,16.093,3.52582,Kurfürstenstraße,0.1507777547053877,3446.4595269602714,pc4,Park,2021-06-23 16:20:02,52.507075,13.347548333333334,38.2,40.5588,225.3,0.0606,0.03,18.36,18.36,12.28,0.68,1019.3,2.79,0.95,3.0,16.093,3.47594,Kurfürstenstraße,1.5166289625233458,3424.575339319789,pc2,Park,False,False,17.003635654259448,50,10,0.46
1624458003.3005571,2021-06-23T14:20:03.300557Z,52.50702,13.347408333333334,2,4,S2,1624458003.3005571,18.49889,-70.183505,-42.375240000000005,0.00076785535,41.0,393.2,7.0,0.0747909,12,20,2021-06-23 16:20:03,52.50702,13.347408333333334,38.0,40.5588,226.5,0.0606,0.03,18.36,18.36,12.28,0.68,1019.3,2.79,0.95,3.0,16.093,3.47594,Kurfürstenstraße,1.7527826865986338,3435.637548421684,pc2,Park,2021-06-23 16:20:03,52.50695666666667,13.347175,30.8,41.67,226.5,0.0606,0.03,18.36,18.36,12.28,0.68,1019.3,2.79,0.95,3.0,16.093,3.46201,Kurfürstenstraße,0.8704299468151466,3456.827387562417,pc4,Park,False,False,17.276249877247267,50,10,0.6
1624458003.5056105,2021-06-23T14:20:03.505610Z,52.50695666666667,13.347175,4,2,S2,1624458003.5056105,18.801158,-68.396676,-40.619432,0.00118420364,44.0,414.0,4.12,0.128566622,12,50,2021-06-23 16:20:03,52.50695666666667,13.347175,30.8,41.67,226.5,0.0606,0.03,18.36,18.36,12.28,0.68,1019.3,2.79,0.95,3.0,16.093,3.46201,Kurfürstenstraße,0.8704299468151466,3456.827387562417,pc4,Park,2021-06-23 16:20:03,52.50702,13.347408333333334,38.0,40.5588,226.5,0.0606,0.03,18.36,18.36,12.28,0.68,1019.3,2.79,0.95,3.0,16.093,3.47594,Kurfürstenstraße,1.7527826865986338,3435.637548421684,pc2,Park,False,False,17.276249877247267,50,10,0.0
1624458004.4969652,2021-06-23T14:20:04.496965Z,52.50691333333333,13.347021666666668,4,2,S2,1624458004.4969652,18.66891632653061,-68.59810204081633,-40.81029387755103,0.0011037291224489,44.0,513.1428571428571,4.040816326530612,0.118381375510204,12,49,2021-06-23 16:20:04,52.50691333333333,13.347021666666668,30.6,40.5588,228.2,0.0606,0.03,18.36,18.36,12.28,0.68,1019.3,2.79,0.95,3.0,16.093,3.46201,Kurfürstenstraße,1.350647298987406,3466.597351128334,pc4,Park,2021-06-23 16:20:04,52.506965,13.347265,37.8,41.1144,227.7,0.0606,0.03,18.36,18.36,12.28,0.68,1019.3,2.79,0.95,3.0,16.093,3.52582,Kurfürstenstraße,2.55513063909103,3446.4595269602714,pc2,Park,False,False,17.42748377245947,50,10,0.02
1624458004.5846255,2021-06-23T14:20:04.584625Z,52.506965,13.347265,2,4,S2,1624458004.5846255,18.0308175,-70.82504285714286,-43.032310714285714,0.0007395206071428,41.0,521.6071428571429,7.0,0.0651639892857142,12,28,2021-06-23 16:20:04,52.506965,13.347265,37.8,41.1144,227.7,0.0606,0.03,18.36,18.36,12.28,0.68,1019.3,2.79,0.95,3.0,16.093,3.52582,Kurfürstenstraße,2.55513063909103,3446.4595269602714,pc2,Park,2021-06-23 16:20:04,52.50691333333333,13.347021666666668,30.6,40.5588,228.2,0.0606,0.03,18.36,18.36,12.28,0.68,1019.3,2.79,0.95,3.0,16.093,3.46201,Kurfürstenstraße,1.350647298987406,3466.597351128334,pc4,Park,False,False,17.42748377245947,50,10,0.44
1624458005.4036448,2021-06-23T14:20:05.403644Z,52.50691833333333,13.347115,2,4,S2,1624458005.4036448,17.65762972972973,-71.29145135135136,-43.48632702702703,0.0007227439459459,41.0,603.5135135135135,7.0,0.0585508921621621,12,37,2021-06-23 16:20:05,52.50691833333333,13.347115,37.5,41.4848,245.5,0.0606,0.03,18.36,18.36,12.28,0.68,1019.3,2.79,0.95,3.0,16.093,3.46201,Kurfürstenstraße,3.149209015938572,3456.827387562417,pc2,Park,2021-06-23 16:20:05,52.50687666666666,13.346868333333331,30.3,40.00320000000001,230.2,0.0606,0.03,18.36,18.36,12.28,0.68,1019.3,2.79,0.95,3.0,16.093,3.55381,Kurfürstenstraße,1.3722604681251052,3475.7336629923434,pc4,Park,False,False,17.311149482779136,50,10,0.26
1624458005.4956994,2021-06-23T14:20:05.495699Z,52.50687666666666,13.346868333333331,4,2,S2,1624458005.4956994,18.182362,-69.319738,-41.499922,0.00105243506,44.0,613.06,3.6,0.098278808,12,50,2021-06-23 16:20:05,52.50687666666666,13.346868333333331,30.3,40.00320000000001,230.2,0.0606,0.03,18.36,18.36,12.28,0.68,1019.3,2.79,0.95,3.0,16.093,3.55381,Kurfürstenstraße,1.3722604681251052,3475.7336629923434,pc4,Park,2021-06-23 16:20:05,52.50691833333333,13.347115,37.5,41.4848,245.5,0.0606,0.03,18.36,18.36,12.28,0.68,1019.3,2.79,0.95,3.0,16.093,3.46201,Kurfürstenstraße,3.149209015938572,3456.827387562417,pc2,Park,False,False,17.311149482779136,50,10,0.0
1624458006.4934409,2021-06-23T14:20:06.493440Z,52.506843333333336,13.346716666666667,4,2,S2,1624458006.4934409,19.288347916666662,-67.8717,-40.09003958333333,0.0011224288541666,44.0,712.8333333333334,3.625,0.1271210291666666,12,48,2021-06-23 16:20:06,52.506843333333336,13.346716666666667,30.0,38.7068,232.1,0.0606,0.03,18.36,18.36,12.28,0.68,1019.3,2.79,0.95,3.0,16.093,3.55381,Kurfürstenstraße,1.6889386746805035,3484.150097451921,pc4,Park,2021-06-23 16:20:06,52.50688,13.346961666666669,37.2,39.4476,248.6,0.0606,0.03,18.36,18.36,12.28,0.68,1019.3,2.79,0.95,3.0,16.093,3.55381,Kurfürstenstraße,3.307704542287057,3466.597351128334,pc2,Park,False,False,17.061621625751844,50,10,0.04
1624458006.5340905,2021-06-23T14:20:06.534090Z,52.50688,13.346961666666669,2,4,S2,1624458006.5340905,18.707679310344822,-69.65794137931034,-41.89693448275862,0.0008066584482758,41.0,716.6896551724138,5.620689655172414,0.0755058275862068,12,29,2021-06-23 16:20:06,52.50688,13.346961666666669,37.2,39.4476,248.6,0.0606,0.03,18.36,18.36,12.28,0.68,1019.3,2.79,0.95,3.0,16.093,3.55381,Kurfürstenstraße,3.307704542287057,3466.597351128334,pc2,Park,2021-06-23 16:20:06,52.506843333333336,13.346716666666667,30.0,38.7068,232.1,0.0606,0.03,18.36,18.36,12.28,0.68,1019.3,2.79,0.95,3.0,16.093,3.55381,Kurfürstenstraße,1.6889386746805035,3484.150097451921,pc4,Park,False,False,17.061621625751844,50,10,0.42
1624458007.5022554,2021-06-23T14:20:07.502255Z,52.50684666666667,13.346815,2,4,S2,1624458007.5022554,16.505855510204082,-69.34075510204082,-41.60885102040816,0.0027719874489795,41.0,813.6326530612245,4.183673469387755,0.0866528734693877,12,49,2021-06-23 16:20:07,52.50684666666667,13.346815,36.9,37.4104,250.1,0.0606,0.03,18.36,18.36,12.28,0.68,1019.3,2.79,0.95,3.0,16.093,3.55381,Kurfürstenstraße,3.413059425758775,3484.150097451921,pc2,Park,2021-06-23 16:20:07,52.50681333333333,13.34657,29.7,37.2252,234.1,0.0606,0.03,18.36,18.36,12.28,0.68,1019.3,2.79,0.95,3.0,16.093,3.47594,Kurfürstenstraße,1.7593094286568671,3498.6316299050104,pc4,Park,False,False,16.977115235880913,50,10,0.02
1624458007.5267198,2021-06-23T14:20:07.526719Z,52.50681333333333,13.34657,4,2,S2,1624458007.5267198,18.2759,-66.02288409090909,-38.28211818181818,0.0038321921136363,44.0,816.3863636363636,1.3636363636363635,0.1746561363636363,12,44,2021-06-23 16:20:07,52.50681333333333,13.34657,29.7,37.2252,234.1,0.0606,0.03,18.36,18.36,12.28,0.68,1019.3,2.79,0.95,3.0,16.093,3.47594,Kurfürstenstraße,1.7593094286568671,3498.6316299050104,pc4,Park,2021-06-23 16:20:07,52.50684666666667,13.346815,36.9,37.4104,250.1,0.0606,0.03,18.36,18.36,12.28,0.68,1019.3,2.79,0.95,3.0,16.093,3.55381,Kurfürstenstraße,3.413059425758775,3484.150097451921,pc2,Park,False,False,16.977115235880913,50,10,0.12
1624458008.4974134,2021-06-23T14:20:08.497413Z,52.506785,13.34643,4,2,S2,1624458008.4974134,20.41785,-66.4152125,-38.6620875,0.0012265113125,44.0,912.8541666666666,7.395833333333333,0.1766233958333333,12,48,2021-06-23 16:20:08,52.506785,13.34643,29.5,34.4472,235.9,0.0606,0.03,18.36,18.36,12.28,0.68,1019.3,2.79,0.95,3.0,16.093,3.47594,Kurfürstenstraße,1.8285470182786063,3509.903115703244,pc4,Park,2021-06-23 16:20:08,52.506818333333335,13.346676666666667,36.5,34.817600000000006,250.4,0.0606,0.03,18.36,18.36,12.28,0.68,1019.3,2.79,0.95,3.0,16.093,3.47594,Kurfürstenstraße,3.4834328902063354,3491.7880894787886,pc2,Park,False,False,17.087151419672338,50,10,0.04
1624458008.6316967,2021-06-23T14:20:08.631696Z,52.506818333333335,13.346676666666667,2,4,S2,1624458008.6316967,15.158848529411763,-70.43331470588235,-42.665391176470585,0.0026778532941176,41.0,926.7058823529412,3.088235294117647,0.0734575355882353,12,34,2021-06-23 16:20:08,52.506818333333335,13.346676666666667,36.5,34.817600000000006,250.4,0.0606,0.03,18.36,18.36,12.28,0.68,1019.3,2.79,0.95,3.0,16.093,3.47594,Kurfürstenstraße,3.4834328902063354,3491.7880894787886,pc2,Park,2021-06-23 16:20:08,52.506785,13.34643,29.5,34.4472,235.9,0.0606,0.03,18.36,18.36,12.28,0.68,1019.3,2.79,0.95,3.0,16.093,3.47594,Kurfürstenstraße,1.8285470182786063,3509.903115703244,pc4,Park,False,False,17.087151419672338,50,10,0.32
1624458009.503525,2021-06-23T14:20:09.503525Z,52.50679333333333,13.346546666666669,2,4,S2,1624458009.503525,16.776923999999998,-69.127918,-41.280676,0.001438033,41.0,604.4,2.0,0.088262128,12,50,2021-06-23 16:20:09,52.50679333333333,13.346546666666669,36.2,31.669200000000004,251.7,0.0606,0.03,18.36,18.36,12.28,0.68,1019.3,2.79,0.95,3.0,16.093,3.47594,Kurfürstenstraße,3.37787212988803,3498.6316299050104,pc2,Park,2021-06-23 16:20:09,52.50676333333333,13.3463,29.4,31.669200000000004,237.8,0.0606,0.03,18.36,18.36,12.28,0.68,1019.3,2.79,0.95,3.0,16.093,3.47594,Kurfürstenstraße,1.4154674736588189,3518.114437807933,pc4,Park,False,False,17.01083262533835,50,10,0.0
1624458009.5186362,2021-06-23T14:20:09.518636Z,52.50676333333333,13.3463,4,2,S2,1624458009.5186362,16.57182619047619,-65.01778095238095,-37.19893333333333,0.0056662454761904,44.0,575.952380952381,9.0,0.2303843761904762,12,42,2021-06-23 16:20:09,52.50676333333333,13.3463,29.4,31.669200000000004,237.8,0.0606,0.03,18.36,18.36,12.28,0.68,1019.3,2.79,0.95,3.0,16.093,3.47594,Kurfürstenstraße,1.4154674736588189,3518.114437807933,pc4,Park,2021-06-23 16:20:09,52.50679333333333,13.346546666666669,36.2,31.669200000000004,251.7,0.0606,0.03,18.36,18.36,12.28,0.68,1019.3,2.79,0.95,3.0,16.093,3.47594,Kurfürstenstraße,3.37787212988803,3498.6316299050104,pc2,Park,False,False,17.01083262533835,50,10,0.16
1624458010.494509,2021-06-23T14:20:10.494508Z,52.50674333333333,13.346181666666666,4,2,S2,1624458010.494509,20.919385416666668,-65.38140208333333,-37.65850208333333,0.0015943219374999,44.0,88.41666666666667,8.8125,0.2320546708333333,12,48,2021-06-23 16:20:10,52.50674333333333,13.346181666666666,29.3,28.335600000000003,239.7,0.0606,0.03,18.36,18.36,12.28,0.68,1019.3,2.79,0.95,3.0,16.093,3.52582,Kurfürstenstraße,1.0688248496553847,3525.807935436666,pc4,Park,2021-06-23 16:20:10,52.50677,13.34643,36.0,28.1504,252.7,0.0606,0.03,18.36,18.36,12.28,0.68,1019.3,2.79,0.95,3.0,16.093,3.47594,Kurfürstenstraße,3.4144394690279687,3509.903115703244,pc2,Park,False,False,17.053256382385356,50,10,0.04
1624458010.503603,2021-06-23T14:20:10.503602Z,52.50677,13.34643,2,4,S2,1624458010.503603,17.2986948,-69.20778,-41.482108,0.00124333346,41.0,90.0,2.08,0.09007758,12,50,2021-06-23 16:20:10,52.50677,13.34643,36.0,28.1504,252.7,0.0606,0.03,18.36,18.36,12.28,0.68,1019.3,2.79,0.95,3.0,16.093,3.47594,Kurfürstenstraße,3.4144394690279687,3509.903115703244,pc2,Park,2021-06-23 16:20:10,52.50674333333333,13.346181666666666,29.3,28.335600000000003,239.7,0.0606,0.03,18.36,18.36,12.28,0.68,1019.3,2.79,0.95,3.0,16.093,3.52582,Kurfürstenstraße,1.0688248496553847,3525.807935436666,pc4,Park,False,False,17.053256382385356,50,10,0.0
1624458011.3420863,2021-06-23T14:20:11.342086Z,52.506753333333336,13.346326666666666,2,4,S2,1624458011.3420863,17.07347851851852,-69.20185925925927,-41.44643703703704,0.002191366,41.0,173.88888888888889,1.6666666666666667,0.089798374074074,12,27,2021-06-23 16:20:11,52.506753333333336,13.346326666666666,36.0,25.1872,252.1,0.0606,0.03,18.36,18.36,12.28,0.68,1019.3,2.79,0.95,3.0,16.093,3.47594,Kurfürstenstraße,3.027357618407504,3514.3620488036504,pc2,Park,2021-06-23 16:20:11,52.506705,13.346086666666666,30.0,25.557600000000004,241.2,0.0606,0.03,18.36,18.36,12.28,0.68,1019.3,2.79,0.95,3.0,16.093,3.52582,Kurfürstenstraße,3.145793334666019,3533.615872590322,pc4,Park,False,False,17.09509285309519,50,10,0.46
