timestamp,timestamp_iso,lat,lon,Source,Destination,Scenario,time_epoch,SNR,RSRP,RSSI,NOISE POWER,RX_GAIN,SubFrame_NUMBER,SubFrame_LENGHT,Rx_power,MCS,Received Packets,ts_gps_source,Latitude_source,Longitude_source,Altitude_source,speed_kmh_source,COG_source,precipIntensity_source,precipProbability_source,temperature_source,apparentTemperature_source,dewPoint_source,humidity_source,pressure_source,windSpeed_source,cloudCover_source,uvIndex_source,visibility_source,Traffic_Jam_Factor_source,Traffic_Street_Name_source,Traffic_Distance_source,Pos_in_Ref_Round_source,device_source,area_source,ts_gps_destination,Latitude_destination,Longitude_destination,Altitude_destination,speed_kmh_destination,COG_destination,precipIntensity_destination,precipProbability_destination,temperature_destination,apparentTemperature_destination,dewPoint_destination,humidity_destination,pressure_destination,windSpeed_destination,cloudCover_destination,uvIndex_destination,visibility_destination,Traffic_Jam_Factor_destination,Traffic_Street_Name_destination,Traffic_Distance_destination,Pos_in_Ref_Round_destination,device_destination,area_destination,syncref_source,syncref_destination,distance,Packet_transmission_rate_hz,Sub_channels,Packet_error_ratio
1624349788.4749243,2021-06-22T08:16:28.474924Z,52.50988,13.359205,4,2,S1,1624349788.4749243,11.08786,-76.40959375,-51.62655625,0.000962007875,45.0,542.5625,8.0,0.0159196775,8,16,2021-06-22 10:16:28,52.50988,13.359205,33.3,38.3364,270.6,0.0649,0.04,18.15,18.15,14.1,0.77,1011.9,4.07,0.97,3.0,16.093,3.63596,Kemperplatz,1.938431486447116,2489.4750564624496,pc4,Park,2021-06-22 10:16:28,52.50986,13.359905,34.9,44.448,272.1,0.0649,0.04,18.15,18.15,14.1,0.77,1011.9,4.07,0.97,3.0,16.093,2.66689,Klingelhöfer Straße,2.2786645737061098,2438.309431677086,pc2,Park,False,False,47.390592076492304,20,2,0.2
1624349789.496579,2021-06-22T08:16:29.496578Z,52.509888333333336,13.35905,4,2,S1,1624349789.496579,13.38859,-73.67057777777778,-51.92350555555556,0.0011550557222222,45.0,644.7777777777778,7.5,0.0368148811111111,8,18,2021-06-22 10:16:29,52.509888333333336,13.35905,33.3,37.7808,271.7,0.0649,0.04,18.15,18.15,14.1,0.77,1011.9,4.07,0.97,3.0,16.093,2.66689,Klingelhöfer Straße,1.320364075614836,2498.4968141915374,pc4,Park,2021-06-22 10:16:29,52.50986666666667,13.35972,35.0,45.1888,273.2,0.0649,0.04,18.15,18.15,14.1,0.77,1011.9,4.07,0.97,3.0,16.093,2.66689,Klingelhöfer Straße,2.035428055769509,2452.8643777711163,pc2,Park,False,False,45.373697018505446,20,2,0.1
1624349790.4958088,2021-06-22T08:16:30.495808Z,52.5099,13.358901666666666,4,2,S1,1624349790.4958088,13.568497,-73.69373,-51.83793000000001,0.0010424595499999,45.0,744.75,7.0,0.03407547,8,20,2021-06-22 10:16:30,52.5099,13.358901666666666,33.2,36.114,272.2,0.0649,0.04,18.15,18.15,14.1,0.77,1011.9,4.07,0.97,3.0,16.093,2.66689,Klingelhöfer Straße,0.3950697104348475,2508.0045815060607,pc4,Park,2021-06-22 10:16:30,52.50987333333333,13.359531666666667,35.1,45.7444,273.8,0.0649,0.04,18.15,18.15,14.1,0.77,1011.9,4.07,0.97,3.0,16.093,3.63596,Kemperplatz,1.8011449280511735,2465.689696580868,pc2,Park,False,False,42.70793604583641,20,2,0.0
1624349791.4958084,2021-06-22T08:16:31.495808Z,52.50991166666667,13.35876,4,2,S1,1624349791.4958084,14.6877005,-72.820205,-51.04021,0.0009950373,45.0,844.75,7.0,0.043930219,8,20,2021-06-22 10:16:31,52.50991166666667,13.35876,33.1,33.891600000000004,274.2,0.0649,0.04,18.15,18.15,14.1,0.77,1011.9,4.07,0.97,3.0,16.093,2.66689,Klingelhöfer Straße,0.5468592213917303,2517.961370328779,pc4,Park,2021-06-22 10:16:31,52.50987833333333,13.359345,35.1,44.8184,273.2,0.0649,0.04,18.15,18.15,14.1,0.77,1011.9,4.07,0.97,3.0,16.093,3.63596,Kemperplatz,1.7474238126268424,2473.0293857591078,pc2,Park,False,False,39.73522135174953,20,2,0.0
1624349792.4870975,2021-06-22T08:16:32.487097Z,52.50991833333333,13.358625,4,2,S1,1624349792.4870975,15.953636666666666,-70.38425000000001,-44.13481111111111,0.0021056491666666,45.0,944.2777777777778,3.0,0.0745289855555555,8,18,2021-06-22 10:16:32,52.50991833333333,13.358625,32.9,31.8544,274.2,0.0649,0.04,18.15,18.15,14.1,0.77,1011.9,4.07,0.97,3.0,16.093,2.66689,Klingelhöfer Straße,0.9502460111440912,2528.334759286692,pc4,Park,2021-06-22 10:16:32,52.50989,13.359163333333331,35.3,44.2628,273.8,0.0649,0.04,18.15,18.15,14.1,0.77,1011.9,4.07,0.97,3.0,16.093,3.63596,Kemperplatz,0.940116912344028,2489.4750564624496,pc2,Park,False,False,36.542001146858816,20,2,0.1
1624349792.4931054,2021-06-22T08:16:32.493105Z,52.50989,13.359163333333331,2,4,S1,1624349792.4931054,14.8761725,-74.400675,-53.080355,0.0006290299999999,42.0,944.55,6.3,0.0261676224999999,8,20,2021-06-22 10:16:32,52.50989,13.359163333333331,35.3,44.2628,273.8,0.0649,0.04,18.15,18.15,14.1,0.77,1011.9,4.07,0.97,3.0,16.093,3.63596,Kemperplatz,0.940116912344028,2489.4750564624496,pc2,Park,2021-06-22 10:16:32,52.50991833333333,13.358625,32.9,31.8544,274.2,0.0649,0.04,18.15,18.15,14.1,0.77,1011.9,4.07,0.97,3.0,16.093,2.66689,Klingelhöfer Straße,0.9502460111440912,2528.334759286692,pc4,Park,False,False,36.542001146858816,20,2,0.0
1624349793.4952958,2021-06-22T08:16:33.495295Z,52.5099,13.358981666666669,2,4,S1,1624349793.4952958,15.3322095,-73.73751,-52.37167,0.0006779271,42.0,327.7,9.0,0.035104612,8,20,2021-06-22 10:16:33,52.5099,13.358981666666669,35.4,44.0776,274.3,0.0649,0.04,18.15,18.15,14.1,0.77,1011.9,4.07,0.97,3.0,16.093,2.66689,Klingelhöfer Straße,0.1954555489349137,2498.4968141915374,pc2,Park,2021-06-22 10:16:33,52.50992333333333,13.358496666666667,32.7,30.558,274.2,0.0649,0.04,18.15,18.15,14.1,0.77,1011.9,4.07,0.97,3.0,16.093,2.26199,Klingelhöfer Straße,1.185208453324383,2539.078218583193,pc4,Park,False,False,32.90152322558635,20,2,0.0
1624349793.5216534,2021-06-22T08:16:33.521653Z,52.50992333333333,13.358496666666667,4,2,S1,1624349793.5216534,16.52040611111111,-69.81928333333333,-45.06527222222222,0.0014464458333333,45.0,308.05555555555554,4.222222222222222,0.1035069527777777,8,18,2021-06-22 10:16:33,52.50992333333333,13.358496666666667,32.7,30.558,274.2,0.0649,0.04,18.15,18.15,14.1,0.77,1011.9,4.07,0.97,3.0,16.093,2.26199,Klingelhöfer Straße,1.185208453324383,2539.078218583193,pc4,Park,2021-06-22 10:16:33,52.5099,13.358981666666669,35.4,44.0776,274.3,0.0649,0.04,18.15,18.15,14.1,0.77,1011.9,4.07,0.97,3.0,16.093,2.66689,Klingelhöfer Straße,0.1954555489349137,2498.4968141915374,pc2,Park,False,False,32.90152322558635,20,2,0.1
1624349794.4981258,2021-06-22T08:16:34.498125Z,52.50991,13.358801666666666,2,4,S1,1624349794.4981258,17.09924210526316,-71.75707894736841,-50.581831578947366,0.0007275976842105,42.0,121.10526315789474,5.684210526315789,0.0524561736842105,8,19,2021-06-22 10:16:34,52.50991,13.358801666666666,35.4,43.8924,275.0,0.0649,0.04,18.15,18.15,14.1,0.77,1011.9,4.07,0.97,3.0,16.093,2.66689,Klingelhöfer Straße,0.4657660126575754,2517.961370328779,pc2,Park,2021-06-22 10:16:34,52.509926666666665,13.358371666666669,32.4,30.743200000000005,273.9,0.0649,0.04,18.15,18.15,14.1,0.77,1011.9,4.07,0.97,3.0,16.093,2.26199,Klingelhöfer Straße,1.2434292886455347,2539.078218583193,pc4,Park,False,False,29.138414535899432,20,2,0.05
1624349794.5022616,2021-06-22T08:16:34.502261Z,52.509926666666665,13.358371666666669,4,2,S1,1624349794.5022616,19.4590055,-66.028325,-44.702905,0.00492687295,45.0,121.55,5.45,0.18908589,8,20,2021-06-22 10:16:34,52.509926666666665,13.358371666666669,32.4,30.743200000000005,273.9,0.0649,0.04,18.15,18.15,14.1,0.77,1011.9,4.07,0.97,3.0,16.093,2.26199,Klingelhöfer Straße,1.2434292886455347,2539.078218583193,pc4,Park,2021-06-22 10:16:34,52.50991,13.358801666666666,35.4,43.8924,275.0,0.0649,0.04,18.15,18.15,14.1,0.77,1011.9,4.07,0.97,3.0,16.093,2.66689,Klingelhöfer Straße,0.4657660126575754,2517.961370328779,pc2,Park,False,False,29.138414535899432,20,2,0.0
1624349795.414708,2021-06-22T08:16:35.414707Z,52.50992,13.358621666666666,2,4,S1,1624349795.414708,17.747307857142857,-69.59491428571428,-48.37912857142857,0.0013659669285714,42.0,212.64285714285717,7.0,0.1432470328571428,8,14,2021-06-22 10:16:35,52.50992,13.358621666666666,35.3,43.1516,275.2,0.0649,0.04,18.15,18.15,14.1,0.77,1011.9,4.07,0.97,3.0,16.093,2.66689,Klingelhöfer Straße,1.126987657878688,2528.334759286692,pc2,Park,2021-06-22 10:16:35,52.509928333333335,13.35824,32.1,33.336,272.6,0.0649,0.04,18.15,18.15,14.1,0.77,1011.9,4.07,0.97,3.0,16.093,2.26199,Klingelhöfer Straße,1.099956762252714,2550.1406191840306,pc4,Park,False,False,25.82715719155996,20,2,0.3
1624349795.4985874,2021-06-22T08:16:35.498587Z,52.509928333333335,13.35824,4,2,S1,1624349795.4985874,19.802766,-62.46638,-40.56075,0.013468277,45.0,221.65,0.75,0.55203555,8,20,2021-06-22 10:16:35,52.509928333333335,13.35824,32.1,33.336,272.6,0.0649,0.04,18.15,18.15,14.1,0.77,1011.9,4.07,0.97,3.0,16.093,2.26199,Klingelhöfer Straße,1.099956762252714,2550.1406191840306,pc4,Park,2021-06-22 10:16:35,52.50992,13.358621666666666,35.3,43.1516,275.2,0.0649,0.04,18.15,18.15,14.1,0.77,1011.9,4.07,0.97,3.0,16.093,2.66689,Klingelhöfer Straße,1.126987657878688,2528.334759286692,pc2,Park,False,False,25.82715719155996,20,2,0.0
1624349796.5084252,2021-06-22T08:16:36.508425Z,52.509933333333336,13.358096666666668,4,2,S1,1624349796.5084252,24.18993,-60.32997,-39.18272,0.00248421695,45.0,322.6,1.1,0.74643134,8,20,2021-06-22 10:16:36,52.509933333333336,13.358096666666668,31.8,36.6696,271.9,0.0649,0.04,18.15,18.15,14.1,0.77,1011.9,4.07,0.97,3.0,16.093,2.26199,Klingelhöfer Straße,1.4814800002070785,2561.446266874914,pc4,Park,2021-06-22 10:16:36,52.509928333333335,13.358446666666667,35.0,42.596,274.9,0.0649,0.04,18.15,18.15,14.1,0.77,1011.9,4.07,0.97,3.0,16.093,2.26199,Klingelhöfer Straße,1.615626363908076,2539.078218583193,pc2,Park,False,False,23.675450236777436,20,2,0.0
1624349796.6313438,2021-06-22T08:16:36.631343Z,52.509928333333335,13.358446666666667,2,4,S1,1624349796.6313438,20.435493333333334,-65.35011333333334,-43.26526,0.0016423122666666,42.0,334.46666666666664,5.4,0.2458892733333333,8,15,2021-06-22 10:16:36,52.509928333333335,13.358446666666667,35.0,42.596,274.9,0.0649,0.04,18.15,18.15,14.1,0.77,1011.9,4.07,0.97,3.0,16.093,2.26199,Klingelhöfer Straße,1.615626363908076,2539.078218583193,pc2,Park,2021-06-22 10:16:36,52.509933333333336,13.358096666666668,31.8,36.6696,271.9,0.0649,0.04,18.15,18.15,14.1,0.77,1011.9,4.07,0.97,3.0,16.093,2.26199,Klingelhöfer Straße,1.4814800002070785,2561.446266874914,pc4,Park,False,False,23.675450236777436,20,2,0.25
1624349797.5122936,2021-06-22T08:16:37.512293Z,52.509933333333336,13.358271666666669,2,4,S1,1624349797.5122936,21.57432,-63.77698,-42.877215,0.00203181575,42.0,422.5,6.0,0.350936715,8,20,2021-06-22 10:16:37,52.509933333333336,13.358271666666669,34.8,42.0404,273.1,0.0649,0.04,18.15,18.15,14.1,0.77,1011.9,4.07,0.97,3.0,16.093,2.26199,Klingelhöfer Straße,1.7341473473831173,2550.1406191840306,pc2,Park,2021-06-22 10:16:37,52.50993666666667,13.357941666666669,31.7,38.7068,271.8,0.0649,0.04,18.15,18.15,14.1,0.77,1011.9,4.07,0.97,3.0,16.093,3.63596,Kemperplatz,1.851850000061475,2572.9650731841643,pc4,Park,False,False,22.31942276897657,20,2,0.0
1624349797.518298,2021-06-22T08:16:37.518297Z,52.50993666666667,13.357941666666669,4,2,S1,1624349797.518298,23.90938,-58.683025,-37.84484,0.0039363508,45.0,423.5,2.0,0.951400235,8,20,2021-06-22 10:16:37,52.50993666666667,13.357941666666669,31.7,38.7068,271.8,0.0649,0.04,18.15,18.15,14.1,0.77,1011.9,4.07,0.97,3.0,16.093,3.63596,Kemperplatz,1.851850000061475,2572.9650731841643,pc4,Park,2021-06-22 10:16:37,52.509933333333336,13.358271666666669,34.8,42.0404,273.1,0.0649,0.04,18.15,18.15,14.1,0.77,1011.9,4.07,0.97,3.0,16.093,2.26199,Klingelhöfer Straße,1.7341473473831173,2550.1406191840306,pc2,Park,False,False,22.31942276897657,20,2,0.0
1624349798.5004056,2021-06-22T08:16:38.500405Z,52.50994,13.357781666666666,4,2,S1,1624349798.5004056,21.079365789473684,-61.99149473684211,-40.29011052631579,0.026003565,45.0,521.4736842105264,4.368421052631579,0.6219894315789474,8,19,2021-06-22 10:16:38,52.50994,13.357781666666666,32.0,39.4476,270.5,0.0649,0.04,18.15,18.15,14.1,0.77,1011.9,4.07,0.97,3.0,16.093,3.63596,Kemperplatz,2.222219999915872,2584.621474250454,pc4,Park,2021-06-22 10:16:38,52.509935,13.358101666666666,34.7,41.299600000000005,271.2,0.0649,0.04,18.15,18.15,14.1,0.77,1011.9,4.07,0.97,3.0,16.093,2.26199,Klingelhöfer Straße,1.666664999739531,2561.446266874914,pc2,Park,False,False,21.6473110381004,20,2,0.05
1624349798.512314,2021-06-22T08:16:38.512314Z,52.509935,13.358101666666666,2,4,S1,1624349798.512314,19.510207,-68.23128,-47.28629,0.00103387155,42.0,522.5,6.0,0.154887648,8,20,2021-06-22 10:16:38,52.509935,13.358101666666666,34.7,41.299600000000005,271.2,0.0649,0.04,18.15,18.15,14.1,0.77,1011.9,4.07,0.97,3.0,16.093,2.26199,Klingelhöfer Straße,1.666664999739531,2561.446266874914,pc2,Park,2021-06-22 10:16:38,52.50994,13.357781666666666,32.0,39.4476,270.5,0.0649,0.04,18.15,18.15,14.1,0.77,1011.9,4.07,0.97,3.0,16.093,3.63596,Kemperplatz,2.222219999915872,2584.621474250454,pc4,Park,False,False,21.6473110381004,20,2,0.0
1624349799.504029,2021-06-22T08:16:39.504029Z,52.50993833333333,13.357615,4,2,S1,1624349799.504029,21.43962380952381,-64.18932380952381,-41.66396666666667,0.001728872047619,45.0,621.7142857142857,5.571428571428571,0.3571975238095238,8,21,2021-06-22 10:16:39,52.50993833333333,13.357615,31.8,40.5588,269.0,0.0649,0.04,18.15,18.15,14.1,0.77,1011.9,4.07,0.97,3.0,16.093,3.63596,Kemperplatz,2.6216507472844093,2596.373203786485,pc4,Park,2021-06-22 10:16:39,52.509933333333336,13.357933333333332,34.8,41.1144,269.8,0.0649,0.04,18.15,18.15,14.1,0.77,1011.9,4.07,0.97,3.0,16.093,3.63596,Kemperplatz,1.4814800002070785,2572.9650731841643,pc2,Park,False,False,21.53463988126952,20,2,-0.05
1624349799.5122902,2021-06-22T08:16:39.512290Z,52.509933333333336,13.357933333333332,2,4,S1,1624349799.5122902,18.577979,-68.96061999999999,-47.6294,0.00108143345,42.0,622.5,6.0,0.151685359,8,20,2021-06-22 10:16:39,52.509933333333336,13.357933333333332,34.8,41.1144,269.8,0.0649,0.04,18.15,18.15,14.1,0.77,1011.9,4.07,0.97,3.0,16.093,3.63596,Kemperplatz,1.4814800002070785,2572.9650731841643,pc2,Park,2021-06-22 10:16:39,52.50993833333333,13.357615,31.8,40.5588,269.0,0.0649,0.04,18.15,18.15,14.1,0.77,1011.9,4.07,0.97,3.0,16.093,3.63596,Kemperplatz,2.6216507472844093,2596.373203786485,pc4,Park,False,False,21.53463988126952,20,2,0.0
1624349800.5011976,2021-06-22T08:16:40.501197Z,52.50993166666667,13.35745,4,2,S1,1624349800.5011976,19.81767947368421,-63.51422631578947,-40.080063157894735,0.0138677284210526,45.0,721.5263157894736,4.631578947368421,0.563023194736842,8,19,2021-06-22 10:16:40,52.50993166666667,13.35745,31.7,40.9292,267.3,0.0649,0.04,18.15,18.15,14.1,0.77,1011.9,4.07,0.97,3.0,16.093,3.38076,Kemperplatz,2.6609558156431268,2608.177115724771,pc4,Park,2021-06-22 10:16:40,52.50993,13.357765,35.0,41.1144,268.8,0.0649,0.04,18.15,18.15,14.1,0.77,1011.9,4.07,0.97,3.0,16.093,3.63596,Kemperplatz,1.1111099995631903,2584.621474250454,pc2,Park,False,False,21.302701206267628,20,2,0.05
1624349800.505028,2021-06-22T08:16:40.505028Z,52.50993,13.357765,2,4,S1,1624349800.505028,20.202815,-66.66039,-45.72031,0.00137719375,42.0,721.8,5.75,0.216934125,8,20,2021-06-22 10:16:40,52.50993,13.357765,35.0,41.1144,268.8,0.0649,0.04,18.15,18.15,14.1,0.77,1011.9,4.07,0.97,3.0,16.093,3.63596,Kemperplatz,1.1111099995631903,2584.621474250454,pc2,Park,2021-06-22 10:16:40,52.50993166666667,13.35745,31.7,40.9292,267.3,0.0649,0.04,18.15,18.15,14.1,0.77,1011.9,4.07,0.97,3.0,16.093,3.38076,Kemperplatz,2.6609558156431268,2608.177115724771,pc4,Park,False,False,21.302701206267628,20,2,0.0
1624349801.492285,2021-06-22T08:16:41.492285Z,52.509926666666665,13.357596666666666,2,4,S1,1624349801.492285,18.2183615,-70.24569,-49.162585,0.0008279115,42.0,820.5,6.0,0.0946572795,8,20,2021-06-22 10:16:41,52.509926666666665,13.357596666666666,34.9,40.9292,267.8,0.0649,0.04,18.15,18.15,14.1,0.77,1011.9,4.07,0.97,3.0,16.093,3.63596,Kemperplatz,1.4149838038388158,2596.373203786485,pc2,Park,2021-06-22 10:16:41,52.50992333333333,13.357283333333331,31.7,40.9292,265.8,0.0649,0.04,18.15,18.15,14.1,0.77,1011.9,4.07,0.97,3.0,16.093,3.38076,Kemperplatz,2.5233881336423463,2619.9905048667947,pc4,Park,False,False,21.192186545542885,20,2,0.0
1624349801.4947307,2021-06-22T08:16:41.494730Z,52.50992333333333,13.357283333333331,4,2,S1,1624349801.4947307,20.505713333333333,-64.36341904761905,-43.075428571428574,0.0029606555238095,45.0,821.0952380952381,2.4761904761904763,0.2710350238095238,8,21,2021-06-22 10:16:41,52.50992333333333,13.357283333333331,31.7,40.9292,265.8,0.0649,0.04,18.15,18.15,14.1,0.77,1011.9,4.07,0.97,3.0,16.093,3.38076,Kemperplatz,2.5233881336423463,2619.9905048667947,pc4,Park,2021-06-22 10:16:41,52.509926666666665,13.357596666666666,34.9,40.9292,267.8,0.0649,0.04,18.15,18.15,14.1,0.77,1011.9,4.07,0.97,3.0,16.093,3.63596,Kemperplatz,1.4149838038388158,2596.373203786485,pc2,Park,False,False,21.192186545542885,20,2,-0.05
1624349802.4922912,2021-06-22T08:16:42.492291Z,52.50992166666666,13.35743,2,4,S1,1624349802.4922912,19.170745,-68.983065,-47.8931,0.00088461825,42.0,920.5,6.0,0.10182646,8,20,2021-06-22 10:16:42,52.50992166666666,13.35743,34.8,40.5588,267.3,0.0649,0.04,18.15,18.15,14.1,0.77,1011.9,4.07,0.97,3.0,16.093,3.38076,Kemperplatz,1.6468839481498103,2608.177115724771,pc2,Park,2021-06-22 10:16:42,52.50991666666667,13.357115,31.6,41.1144,265.4,0.0649,0.04,18.15,18.15,14.1,0.77,1011.9,4.07,0.97,3.0,16.093,3.38076,Kemperplatz,2.725381958303913,2631.7342153203977,pc4,Park,False,False,21.308825096019696,20,2,0.0
1624349802.5183,2021-06-22T08:16:42.518300Z,52.50991666666667,13.357115,4,2,S1,1624349802.5183,20.75563,-65.876085,-44.82556,0.00131735575,45.0,923.5,2.0,0.187835115,8,20,2021-06-22 10:16:42,52.50991666666667,13.357115,31.6,41.1144,265.4,0.0649,0.04,18.15,18.15,14.1,0.77,1011.9,4.07,0.97,3.0,16.093,3.38076,Kemperplatz,2.725381958303913,2631.7342153203977,pc4,Park,2021-06-22 10:16:42,52.50992166666666,13.35743,34.8,40.5588,267.3,0.0649,0.04,18.15,18.15,14.1,0.77,1011.9,4.07,0.97,3.0,16.093,3.38076,Kemperplatz,1.6468839481498103,2608.177115724771,pc2,Park,False,False,21.308825096019696,20,2,0.0
1624349803.494779,2021-06-22T08:16:43.494779Z,52.509915,13.357266666666666,2,4,S1,1624349803.494779,18.215176190476196,-69.59704761904761,-48.50097142857143,0.0010002475714285,42.0,533.047619047619,6.809523809523809,0.1201747114285714,8,21,2021-06-22 10:16:43,52.509915,13.357266666666666,34.8,40.1884,266.7,0.0649,0.04,18.15,18.15,14.1,0.77,1011.9,4.07,0.97,3.0,16.093,3.38076,Kemperplatz,1.6797062746784754,2619.9905048667947,pc2,Park,2021-06-22 10:16:43,52.50991,13.356943333333334,31.3,41.67,264.7,0.0649,0.04,18.15,18.15,14.1,0.77,1011.9,4.07,0.97,3.0,16.093,3.38076,Kemperplatz,2.961959964986627,2643.3408366631343,pc4,Park,False,False,21.8721833197651,20,2,-0.05
1624349803.5182035,2021-06-22T08:16:43.518203Z,52.50991,13.356943333333334,4,2,S1,1624349803.5182035,20.77074,-65.338175,-44.29347,0.0017588738,45.0,511.5,1.9,0.369772365,8,20,2021-06-22 10:16:43,52.50991,13.356943333333334,31.3,41.67,264.7,0.0649,0.04,18.15,18.15,14.1,0.77,1011.9,4.07,0.97,3.0,16.093,3.38076,Kemperplatz,2.961959964986627,2643.3408366631343,pc4,Park,2021-06-22 10:16:43,52.509915,13.357266666666666,34.8,40.1884,266.7,0.0649,0.04,18.15,18.15,14.1,0.77,1011.9,4.07,0.97,3.0,16.093,3.38076,Kemperplatz,1.6797062746784754,2619.9905048667947,pc2,Park,False,False,21.8721833197651,20,2,0.0
1624349804.5014503,2021-06-22T08:16:44.501450Z,52.509908333333335,13.357103333333333,2,4,S1,1624349804.5014503,17.2996205,-71.43439,-50.26708,0.0007522714,42.0,97.15,8.65,0.0706259425,8,20,2021-06-22 10:16:44,52.509908333333335,13.357103333333333,34.7,39.6328,265.9,0.0649,0.04,18.15,18.15,14.1,0.77,1011.9,4.07,0.97,3.0,16.093,3.38076,Kemperplatz,1.868968293123417,2631.7342153203977,pc2,Park,2021-06-22 10:16:44,52.509906666666666,13.356773333333331,30.7,41.299600000000005,264.4,0.0649,0.04,18.15,18.15,14.1,0.77,1011.9,4.07,0.97,3.0,16.093,2.66689,Klingelhöfer Straße,3.5581374518608437,2654.7391175443777,pc4,Park,False,False,22.3168889852933,20,2,0.0
1624349804.5173175,2021-06-22T08:16:44.517317Z,52.509906666666666,13.356773333333331,4,2,S1,1624349804.5173175,19.563560000000003,-66.82447499999999,-45.853425,0.00140757,45.0,99.5,1.0,0.179953655,8,20,2021-06-22 10:16:44,52.509906666666666,13.356773333333331,30.7,41.299600000000005,264.4,0.0649,0.04,18.15,18.15,14.1,0.77,1011.9,4.07,0.97,3.0,16.093,2.66689,Klingelhöfer Straße,3.5581374518608437,2654.7391175443777,pc4,Park,2021-06-22 10:16:44,52.509908333333335,13.357103333333333,34.7,39.6328,265.9,0.0649,0.04,18.15,18.15,14.1,0.77,1011.9,4.07,0.97,3.0,16.093,3.38076,Kemperplatz,1.868968293123417,2631.7342153203977,pc2,Park,False,False,22.3168889852933,20,2,0.0
1624349805.505298,2021-06-22T08:16:45.505298Z,52.5099,13.356941666666666,2,4,S1,1624349805.505298,17.134625,-72.023225,-50.835825,0.0006711772,42.0,197.5,9.0,0.0505761334999999,8,20,2021-06-22 10:16:45,52.5099,13.356941666666666,34.7,39.077200000000005,265.3,0.0649,0.04,18.15,18.15,14.1,0.77,1011.9,4.07,0.97,3.0,16.093,3.38076,Kemperplatz,1.864236418309412,2643.3408366631343,pc2,Park,2021-06-22 10:16:45,52.50989833333333,13.356603333333334,30.4,40.5588,263.2,0.0649,0.04,18.15,18.15,14.1,0.77,1011.9,4.07,0.97,3.0,16.093,2.66689,Klingelhöfer Straße,3.6007219815071907,2665.864123138036,pc4,Park,False,False,22.88041521877527,20,2,0.0
1624349805.5180266,2021-06-22T08:16:45.518026Z,52.50989833333333,13.356603333333334,4,2,S1,1624349805.5180266,18.478716,-68.4863,-47.285815,0.0011713861,45.0,199.55,1.25,0.1573117745,8,20,2021-06-22 10:16:45,52.50989833333333,13.356603333333334,30.4,40.5588,263.2,0.0649,0.04,18.15,18.15,14.1,0.77,1011.9,4.07,0.97,3.0,16.093,2.66689,Klingelhöfer Straße,3.6007219815071907,2665.864123138036,pc4,Park,2021-06-22 10:16:45,52.5099,13.356941666666666,34.7,39.077200000000005,265.3,0.0649,0.04,18.15,18.15,14.1,0.77,1011.9,4.07,0.97,3.0,16.093,3.38076,Kemperplatz,1.864236418309412,2643.3408366631343,pc2,Park,False,False,22.88041521877527,20,2,0.0
1624349806.5018682,2021-06-22T08:16:46.501868Z,52.50989333333333,13.356785,2,4,S1,1624349806.5018682,14.777534736842108,-74.01032631578948,-52.9116,0.0008287900526315,42.0,297.2631578947368,7.947368421052632,0.0318149984210526,8,19,2021-06-22 10:16:46,52.50989333333333,13.356785,34.7,38.52160000000001,264.5,0.0649,0.04,18.15,18.15,14.1,0.77,1011.9,4.07,0.97,3.0,16.093,2.66689,Klingelhöfer Straße,2.015646594008733,2654.7391175443777,pc2,Park,2021-06-22 10:16:46,52.50988666666667,13.356438333333331,30.4,39.2624,262.4,0.0649,0.04,18.15,18.15,14.1,0.77,1011.9,4.07,0.97,3.0,16.093,3.38076,Kemperplatz,3.433599629862908,2676.712763731492,pc4,Park,False,False,23.454677056454937,20,2,0.05
1624349806.5180454,2021-06-22T08:16:46.518045Z,52.50988666666667,13.356438333333331,4,2,S1,1624349806.5180454,15.550178,-71.72956,-50.369765,0.00106434005,45.0,299.55,1.25,0.056631399,8,20,2021-06-22 10:16:46,52.50988666666667,13.356438333333331,30.4,39.2624,262.4,0.0649,0.04,18.15,18.15,14.1,0.77,1011.9,4.07,0.97,3.0,16.093,3.38076,Kemperplatz,3.433599629862908,2676.712763731492,pc4,Park,2021-06-22 10:16:46,52.50989333333333,13.356785,34.7,38.52160000000001,264.5,0.0649,0.04,18.15,18.15,14.1,0.77,1011.9,4.07,0.97,3.0,16.093,2.66689,Klingelhöfer Straße,2.015646594008733,2654.7391175443777,pc2,Park,False,False,23.454677056454937,20,2,0.0
1624349807.50328,2021-06-22T08:16:47.503279Z,52.509883333333335,13.356628333333331,2,4,S1,1624349807.50328,12.2175035,-76.17303000000001,-54.412155,0.00309892805,42.0,397.6,6.0,0.021462413,8,20,2021-06-22 10:16:47,52.509883333333335,13.356628333333331,34.6,37.7808,263.7,0.0649,0.04,18.15,18.15,14.1,0.77,1011.9,4.07,0.97,3.0,16.093,2.66689,Klingelhöfer Straße,1.7979948698674149,2665.864123138036,pc2,Park,2021-06-22 10:16:47,52.509875,13.35628,30.3,37.595600000000005,262.1,0.0649,0.04,18.15,18.15,14.1,0.77,1011.9,4.07,0.97,3.0,16.093,3.63596,Kemperplatz,3.686941901664531,2687.309963199561,pc4,Park,False,False,23.573806140829344,20,2,0.0
1624349807.5059671,2021-06-22T08:16:47.505967Z,52.509875,13.35628,4,2,S1,1624349807.5059671,16.22502,-71.320925,-49.98419,0.00102575135,45.0,397.95,5.15,0.0519498,8,20,2021-06-22 10:16:47,52.509875,13.35628,30.3,37.595600000000005,262.1,0.0649,0.04,18.15,18.15,14.1,0.77,1011.9,4.07,0.97,3.0,16.093,3.63596,Kemperplatz,3.686941901664531,2687.309963199561,pc4,Park,2021-06-22 10:16:47,52.509883333333335,13.356628333333331,34.6,37.7808,263.7,0.0649,0.04,18.15,18.15,14.1,0.77,1011.9,4.07,0.97,3.0,16.093,2.66689,Klingelhöfer Straße,1.7979948698674149,2665.864123138036,pc2,Park,False,False,23.573806140829344,20,2,0.0
1624349808.4595857,2021-06-22T08:16:48.459585Z,52.509863333333335,13.356126666666666,4,2,S1,1624349808.4595857,16.112148333333334,-70.93406111111112,-49.43298333333333,0.0011375986666666,45.0,493.05555555555554,7.722222222222222,0.0905270694444444,8,18,2021-06-22 10:16:48,52.509863333333335,13.356126666666666,30.3,36.6696,262.1,0.0649,0.04,18.15,18.15,14.1,0.77,1011.9,4.07,0.97,3.0,16.093,3.63596,Kemperplatz,3.910526031106132,2697.7235158389444,pc4,Park,2021-06-22 10:16:48,52.50987333333333,13.356475,34.6,37.2252,263.2,0.0649,0.04,18.15,18.15,14.1,0.77,1011.9,4.07,0.97,3.0,16.093,3.38076,Kemperplatz,1.611689665470233,2665.864123138036,pc2,Park,False,False,23.58173630278061,20,2,0.1
1624349808.5057416,2021-06-22T08:16:48.505741Z,52.50987333333333,13.356475,2,4,S1,1624349808.5057416,15.216011,-74.29099,-52.40652,0.0006218218999999,42.0,497.95,4.95,0.0335858339999999,8,20,2021-06-22 10:16:48,52.50987333333333,13.356475,34.6,37.2252,263.2,0.0649,0.04,18.15,18.15,14.1,0.77,1011.9,4.07,0.97,3.0,16.093,3.38076,Kemperplatz,1.611689665470233,2665.864123138036,pc2,Park,2021-06-22 10:16:48,52.509863333333335,13.356126666666666,30.3,36.6696,262.1,0.0649,0.04,18.15,18.15,14.1,0.77,1011.9,4.07,0.97,3.0,16.093,3.63596,Kemperplatz,3.910526031106132,2697.7235158389444,pc4,Park,False,False,23.58173630278061,20,2,0.0
1624349809.4927533,2021-06-22T08:16:49.492753Z,52.50985,13.355975,4,2,S1,1624349809.4927533,18.402599523809524,-67.88619047619048,-45.72007619047619,0.001964237047619,45.0,597.0952380952381,0.4761904761904761,0.1060133523809523,8,21,2021-06-22 10:16:49,52.50985,13.355975,30.4,36.8548,262.2,0.0649,0.04,18.15,18.15,14.1,0.77,1011.9,4.07,0.97,3.0,16.093,3.63596,Kemperplatz,4.111533589151676,2708.0075150441203,pc4,Park,2021-06-22 10:16:49,52.50986,13.356325,34.6,36.8548,262.8,0.0649,0.04,18.15,18.15,14.1,0.77,1011.9,4.07,0.97,3.0,16.093,3.38076,Kemperplatz,1.6009086552054408,2676.712763731492,pc2,Park,False,False,23.69432939003227,20,2,-0.05
1624349809.510042,2021-06-22T08:16:49.510041Z,52.50986,13.356325,2,4,S1,1624349809.510042,18.58775,-70.631415,-49.676415000000006,0.00065986285,42.0,598.55,3.25,0.0612184,8,20,2021-06-22 10:16:49,52.50986,13.356325,34.6,36.8548,262.8,0.0649,0.04,18.15,18.15,14.1,0.77,1011.9,4.07,0.97,3.0,16.093,3.38076,Kemperplatz,1.6009086552054408,2676.712763731492,pc2,Park,2021-06-22 10:16:49,52.50985,13.355975,30.4,36.8548,262.2,0.0649,0.04,18.15,18.15,14.1,0.77,1011.9,4.07,0.97,3.0,16.093,3.63596,Kemperplatz,4.111533589151676,2708.0075150441203,pc4,Park,False,False,23.69432939003227,20,2,0.0
1624349810.5066369,2021-06-22T08:16:50.506636Z,52.50984833333333,13.356176666666666,2,4,S1,1624349810.5066369,15.1113285,-73.89364,-52.415305,0.0006857387,42.0,698.15,3.85,0.0373700555,8,20,2021-06-22 10:16:50,52.50984833333333,13.356176666666666,34.5,36.4844,262.5,0.0649,0.04,18.15,18.15,14.1,0.77,1011.9,4.07,0.97,3.0,16.093,3.63596,Kemperplatz,1.7572267786322424,2687.309963199561,pc2,Park,2021-06-22 10:16:50,52.50984,13.355825,30.6,35.9288,262.8,0.0649,0.04,18.15,18.15,14.1,0.77,1011.9,4.07,0.97,3.0,16.093,3.63596,Kemperplatz,4.659738530713447,2718.2317305674965,pc4,Park,False,False,23.799074877938487,20,2,0.0
1624349810.5138106,2021-06-22T08:16:50.513810Z,52.50984,13.355825,4,2,S1,1624349810.5138106,15.13222,-69.928685,-46.79999,0.00494617755,45.0,699.05,2.0,0.07666371,8,20,2021-06-22 10:16:50,52.50984,13.355825,30.6,35.9288,262.8,0.0649,0.04,18.15,18.15,14.1,0.77,1011.9,4.07,0.97,3.0,16.093,3.63596,Kemperplatz,4.659738530713447,2718.2317305674965,pc4,Park,2021-06-22 10:16:50,52.50984833333333,13.356176666666666,34.5,36.4844,262.5,0.0649,0.04,18.15,18.15,14.1,0.77,1011.9,4.07,0.97,3.0,16.093,3.63596,Kemperplatz,1.7572267786322424,2687.309963199561,pc2,Park,False,False,23.799074877938487,20,2,0.0
1624349811.4923053,2021-06-22T08:16:51.492305Z,52.509836666666665,13.35603,2,4,S1,1624349811.4923053,15.7118925,-73.30711,-52.05459499999999,0.00068928885,42.0,796.5,6.0,0.032688191,8,20,2021-06-22 10:16:51,52.509836666666665,13.35603,34.4,36.299200000000006,262.2,0.0649,0.04,18.15,18.15,14.1,0.77,1011.9,4.07,0.97,3.0,16.093,3.63596,Kemperplatz,2.046629710474528,2697.7235158389444,pc2,Park,2021-06-22 10:16:51,52.50982833333333,13.35568,30.8,35.188,262.9,0.0649,0.04,18.15,18.15,14.1,0.77,1011.9,4.07,0.97,3.0,16.093,3.63596,Kemperplatz,4.862038849319057,2728.4249452276026,pc4,Park,False,False,23.686460523382237,20,2,0.0
1624349811.4954967,2021-06-22T08:16:51.495496Z,52.50982833333333,13.35568,4,2,S1,1624349811.4954967,18.7157,-68.85802,-46.06162,0.0009901498,45.0,796.65,7.7,0.095106265,8,20,2021-06-22 10:16:51,52.50982833333333,13.35568,30.8,35.188,262.9,0.0649,0.04,18.15,18.15,14.1,0.77,1011.9,4.07,0.97,3.0,16.093,3.63596,Kemperplatz,4.862038849319057,2728.4249452276026,pc4,Park,2021-06-22 10:16:51,52.509836666666665,13.35603,34.4,36.299200000000006,262.2,0.0649,0.04,18.15,18.15,14.1,0.77,1011.9,4.07,0.97,3.0,16.093,3.63596,Kemperplatz,2.046629710474528,2697.7235158389444,pc2,Park,False,False,23.686460523382237,20,2,0.0
1624349812.4950995,2021-06-22T08:16:52.495099Z,52.509818333333335,13.355536666666668,4,2,S1,1624349812.4950995,16.2157605,-70.06954,-46.65584,0.0022191987,45.0,896.6,7.8,0.0965538685,8,20,2021-06-22 10:16:52,52.509818333333335,13.355536666666668,30.9,34.262,262.7,0.0649,0.04,18.15,18.15,14.1,0.77,1011.9,4.07,0.97,3.0,16.093,3.63596,Kemperplatz,5.076090381014567,2738.609535727785,pc4,Park,2021-06-22 10:16:52,52.509825,13.355883333333333,34.3,35.9288,262.1,0.0649,0.04,18.15,18.15,14.1,0.77,1011.9,4.07,0.97,3.0,16.093,3.63596,Kemperplatz,2.375552407727502,2708.0075150441203,pc2,Park,False,False,23.45472273367727,20,2,0.0
1624349812.4994917,2021-06-22T08:16:52.499491Z,52.509825,13.355883333333333,2,4,S1,1624349812.4994917,15.708243684210528,-73.5213052631579,-52.19883157894736,0.0006546831578947,42.0,897.2631578947369,5.578947368421052,0.034105777368421,8,19,2021-06-22 10:16:52,52.509825,13.355883333333333,34.3,35.9288,262.1,0.0649,0.04,18.15,18.15,14.1,0.77,1011.9,4.07,0.97,3.0,16.093,3.63596,Kemperplatz,2.375552407727502,2708.0075150441203,pc2,Park,2021-06-22 10:16:52,52.509818333333335,13.355536666666668,30.9,34.262,262.7,0.0649,0.04,18.15,18.15,14.1,0.77,1011.9,4.07,0.97,3.0,16.093,3.63596,Kemperplatz,5.076090381014567,2738.609535727785,pc4,Park,False,False,23.45472273367727,20,2,0.05
1624349813.4967933,2021-06-22T08:16:53.496793Z,52.50980833333333,13.355396666666667,4,2,S1,1624349813.4967933,17.3083325,-69.89913,-48.625885,0.0010819261,45.0,741.3,2.5,0.0860166914999999,8,20,2021-06-22 10:16:53,52.50980833333333,13.355396666666667,30.8,34.262,262.5,0.0649,0.04,18.15,18.15,14.1,0.77,1011.9,4.07,0.97,3.0,16.093,3.38076,Kemperplatz,5.259563748266576,2748.849948486082,pc4,Park,2021-06-22 10:16:53,52.50981333333333,13.355741666666669,34.2,34.6324,262.1,0.0649,0.04,18.15,18.15,14.1,0.77,1011.9,4.07,0.97,3.0,16.093,3.63596,Kemperplatz,2.6450716583792087,2718.2317305674965,pc2,Park,False,False,23.337010896872616,20,2,0.0
1624349813.5216956,2021-06-22T08:16:53.521695Z,52.50981333333333,13.355741666666669,2,4,S1,1624349813.5216956,16.50204,-72.501425,-51.38902,0.0006896359,42.0,743.6,4.4,0.040105398,8,20,2021-06-22 10:16:53,52.50981333333333,13.355741666666669,34.2,34.6324,262.1,0.0649,0.04,18.15,18.15,14.1,0.77,1011.9,4.07,0.97,3.0,16.093,3.63596,Kemperplatz,2.6450716583792087,2718.2317305674965,pc2,Park,2021-06-22 10:16:53,52.50980833333333,13.355396666666667,30.8,34.262,262.5,0.0649,0.04,18.15,18.15,14.1,0.77,1011.9,4.07,0.97,3.0,16.093,3.38076,Kemperplatz,5.259563748266576,2748.849948486082,pc4,Park,False,False,23.337010896872616,20,2,0.0
1624349814.498346,2021-06-22T08:16:54.498345Z,52.509798333333336,13.355258333333332,4,2,S1,1624349814.498346,16.7133535,-70.62321,-49.29856,0.0010587457,45.0,73.6,1.05,0.07153613,8,20,2021-06-22 10:16:54,52.509798333333336,13.355258333333332,30.9,33.891600000000004,262.0,0.0649,0.04,18.15,18.15,14.1,0.77,1011.9,4.07,0.97,3.0,16.093,3.38076,Kemperplatz,5.4280085798210544,2748.849948486082,pc4,Park,2021-06-22 10:16:54,52.5098,13.355606666666668,34.3,32.595200000000006,262.0,0.0649,0.04,18.15,18.15,14.1,0.77,1011.9,4.07,0.97,3.0,16.093,3.63596,Kemperplatz,2.4157293967438367,2728.4249452276026,pc2,Park,False,False,23.556699339795617,20,2,0.0
1624349814.52098,2021-06-22T08:16:54.520979Z,52.5098,13.355606666666668,2,4,S1,1624349814.52098,15.15949,-74.85684,-53.46688,0.0005299883,42.0,75.55,4.2,0.0268694655,8,20,2021-06-22 10:16:54,52.5098,13.355606666666668,34.3,32.595200000000006,262.0,0.0649,0.04,18.15,18.15,14.1,0.77,1011.9,4.07,0.97,3.0,16.093,3.63596,Kemperplatz,2.4157293967438367,2728.4249452276026,pc2,Park,2021-06-22 10:16:54,52.509798333333336,13.355258333333332,30.9,33.891600000000004,262.0,0.0649,0.04,18.15,18.15,14.1,0.77,1011.9,4.07,0.97,3.0,16.093,3.38076,Kemperplatz,5.4280085798210544,2748.849948486082,pc4,Park,False,False,23.556699339795617,20,2,0.0
1624349815.5209928,2021-06-22T08:16:55.520992Z,52.50978833333333,13.35548,2,4,S1,1624349815.5209928,16.0786545,-72.795445,-51.39242,0.00073358645,42.0,175.55,4.2,0.046962058,8,20,2021-06-22 10:16:55,52.50978833333333,13.35548,34.3,30.558,261.9,0.0649,0.04,18.15,18.15,14.1,0.77,1011.9,4.07,0.97,3.0,16.093,3.38076,Kemperplatz,2.293413784991189,2738.609535727785,pc2,Park,2021-06-22 10:16:55,52.509785,13.35512,31.0,34.262,261.4,0.0649,0.04,18.15,18.15,14.1,0.77,1011.9,4.07,0.97,3.0,16.093,3.38076,Kemperplatz,5.365977132062006,2759.153910201065,pc4,Park,False,False,24.34767957181327,20,2,0.0
1624349815.5323677,2021-06-22T08:16:55.532367Z,52.509785,13.35512,4,2,S1,1624349815.5323677,13.779965789473684,-69.03254210526316,-45.9111,0.0110505481052631,45.0,177.05263157894737,0.5263157894736842,0.1334088915789474,8,19,2021-06-22 10:16:55,52.509785,13.35512,31.0,34.262,261.4,0.0649,0.04,18.15,18.15,14.1,0.77,1011.9,4.07,0.97,3.0,16.093,3.38076,Kemperplatz,5.365977132062006,2759.153910201065,pc4,Park,2021-06-22 10:16:55,52.50978833333333,13.35548,34.3,30.558,261.9,0.0649,0.04,18.15,18.15,14.1,0.77,1011.9,4.07,0.97,3.0,16.093,3.38076,Kemperplatz,2.293413784991189,2738.609535727785,pc2,Park,False,False,24.34767957181327,20,2,0.05
1624349816.5023804,2021-06-22T08:16:56.502380Z,52.509773333333335,13.354978333333332,4,2,S1,1624349816.5023804,16.918847894736842,-69.81187368421052,-46.62327894736842,0.0024096136315789,45.0,274.0,1.0526315789473684,0.095341337368421,8,19,2021-06-22 10:16:56,52.509773333333335,13.354978333333332,30.9,35.0028,261.2,0.065,0.04,18.14,18.14,14.06,0.77,1011.9,4.07,0.97,3.0,16.093,3.38076,Kemperplatz,5.520897835718305,2769.516289056088,pc4,Park,2021-06-22 10:16:56,52.50977833333334,13.355358333333331,34.3,29.817200000000003,261.7,0.0649,0.04,18.15,18.15,14.1,0.77,1011.9,4.07,0.97,3.0,16.093,3.38076,Kemperplatz,2.308703592055428,2748.849948486082,pc2,Park,False,False,25.703300295454937,20,2,0.05
1624349816.520302,2021-06-22T08:16:56.520302Z,52.50977833333334,13.355358333333331,2,4,S1,1624349816.520302,16.7137895,-72.11312000000001,-51.06734,0.00072968575,42.0,275.5,4.0,0.0464700425,8,20,2021-06-22 10:16:56,52.50977833333334,13.355358333333331,34.3,29.817200000000003,261.7,0.0649,0.04,18.15,18.15,14.1,0.77,1011.9,4.07,0.97,3.0,16.093,3.38076,Kemperplatz,2.308703592055428,2748.849948486082,pc2,Park,2021-06-22 10:16:56,52.509773333333335,13.354978333333332,30.9,35.0028,261.2,0.065,0.04,18.14,18.14,14.06,0.77,1011.9,4.07,0.97,3.0,16.093,3.38076,Kemperplatz,5.520897835718305,2769.516289056088,pc4,Park,False,False,25.703300295454937,20,2,0.0
1624349817.518576,2021-06-22T08:16:57.518576Z,52.50976,13.354833333333334,4,2,S1,1624349817.518576,14.628294,-70.226265,-47.20652,0.0040829635,45.0,375.65,0.75,0.0759063255,8,20,2021-06-22 10:16:57,52.50976,13.354833333333334,30.7,35.5584,261.4,0.065,0.04,18.14,18.14,14.06,0.77,1011.9,4.07,0.97,3.0,16.093,3.38076,Kemperplatz,5.526529607775532,2779.9063198219187,pc4,Park,2021-06-22 10:16:57,52.50976666666666,13.355235,34.3,30.0024,261.2,0.0649,0.04,18.15,18.15,14.1,0.77,1011.9,4.07,0.97,3.0,16.093,3.38076,Kemperplatz,2.185826420730268,2759.153910201065,pc2,Park,False,False,27.172538142979832,20,2,0.0
1624349817.520999,2021-06-22T08:16:57.520998Z,52.50976666666666,13.355235,2,4,S1,1624349817.520999,14.071146,-75.451505,-53.86794,0.00061195395,42.0,375.55,4.2,0.0224793825,8,20,2021-06-22 10:16:57,52.50976666666666,13.355235,34.3,30.0024,261.2,0.0649,0.04,18.15,18.15,14.1,0.77,1011.9,4.07,0.97,3.0,16.093,3.38076,Kemperplatz,2.185826420730268,2759.153910201065,pc2,Park,2021-06-22 10:16:57,52.50976,13.354833333333334,30.7,35.5584,261.4,0.065,0.04,18.14,18.14,14.06,0.77,1011.9,4.07,0.97,3.0,16.093,3.38076,Kemperplatz,5.526529607775532,2779.9063198219187,pc4,Park,False,False,27.172538142979832,20,2,0.0
1624349818.5047555,2021-06-22T08:16:58.504755Z,52.509753333333336,13.355111666666666,2,4,S1,1624349818.5047555,13.8989915,-75.43045500000001,-53.85903,0.00063124565,42.0,473.7,6.4,0.022835842,8,20,2021-06-22 10:16:58,52.509753333333336,13.355111666666666,34.3,31.1136,260.9,0.0649,0.04,18.15,18.15,14.1,0.77,1011.9,4.07,0.97,3.0,16.093,3.38076,Kemperplatz,1.9717476269953929,2759.153910201065,pc2,Park,2021-06-22 10:16:58,52.50974833333333,13.354686666666666,30.5,36.114,261.3,0.065,0.04,18.14,18.14,14.06,0.77,1011.9,4.07,0.97,3.0,16.093,3.38076,Kemperplatz,5.732154201890675,2790.299072972165,pc4,Park,False,False,28.745810294659663,20,2,0.0
1624349818.5154824,2021-06-22T08:16:58.515482Z,52.50974833333333,13.354686666666666,4,2,S1,1624349818.5154824,15.47677157894737,-71.61854210526316,-47.67943684210527,0.0012474396315789,45.0,475.3157894736842,1.0,0.0589738878947368,8,19,2021-06-22 10:16:58,52.50974833333333,13.354686666666666,30.5,36.114,261.3,0.065,0.04,18.14,18.14,14.06,0.77,1011.9,4.07,0.97,3.0,16.093,3.38076,Kemperplatz,5.732154201890675,2790.299072972165,pc4,Park,2021-06-22 10:16:58,52.509753333333336,13.355111666666666,34.3,31.1136,260.9,0.0649,0.04,18.15,18.15,14.1,0.77,1011.9,4.07,0.97,3.0,16.093,3.38076,Kemperplatz,1.9717476269953929,2759.153910201065,pc2,Park,False,False,28.745810294659663,20,2,0.05
1624349819.498355,2021-06-22T08:16:59.498354Z,52.50974166666666,13.354981666666667,2,4,S1,1624349819.498355,12.89473,-76.801665,-54.99152,0.0005635065499999,42.0,573.05,6.55,0.016024317,8,20,2021-06-22 10:16:59,52.50974166666666,13.354981666666667,34.3,32.410000000000004,260.9,0.065,0.04,18.14,18.14,14.06,0.77,1011.9,4.07,0.97,3.0,16.093,3.38076,Kemperplatz,2.008363492954694,2769.516289056088,pc2,Park,2021-06-22 10:16:59,52.509735,13.354538333333334,30.5,36.4844,261.2,0.065,0.04,18.14,18.14,14.06,0.77,1011.9,4.07,0.97,3.0,16.093,2.66689,Klingelhöfer Straße,5.7715892373034885,2800.6500072515646,pc4,Park,False,False,29.98932041632588,20,2,0.0
1624349819.5082035,2021-06-22T08:16:59.508203Z,52.509735,13.354538333333334,4,2,S1,1624349819.5082035,14.379452105263155,-72.56637894736842,-50.25381578947368,0.0012580095263157,45.0,574.3684210526316,3.210526315789474,0.0391699894736842,8,19,2021-06-22 10:16:59,52.509735,13.354538333333334,30.5,36.4844,261.2,0.065,0.04,18.14,18.14,14.06,0.77,1011.9,4.07,0.97,3.0,16.093,2.66689,Klingelhöfer Straße,5.7715892373034885,2800.6500072515646,pc4,Park,2021-06-22 10:16:59,52.50974166666666,13.354981666666667,34.3,32.410000000000004,260.9,0.065,0.04,18.14,18.14,14.06,0.77,1011.9,4.07,0.97,3.0,16.093,3.38076,Kemperplatz,2.008363492954694,2769.516289056088,pc2,Park,False,False,29.98932041632588,20,2,0.05
1624349820.482774,2021-06-22T08:17:00.482774Z,52.509725,13.354391666666666,4,2,S1,1624349820.482774,15.159843529411765,-71.2635705882353,-47.0304,0.0017098902941176,45.0,671.8823529411765,2.647058823529412,0.0531929117647058,8,17,2021-06-22 10:17:00,52.509725,13.354391666666666,30.0,36.6696,261.0,0.065,0.04,18.14,18.14,14.06,0.77,1011.9,4.07,0.97,3.0,16.093,2.66689,Klingelhöfer Straße,6.160306872474167,2810.9118140170763,pc4,Park,2021-06-22 10:17:00,52.50973,13.354848333333331,34.2,33.52120000000001,261.2,0.065,0.04,18.14,18.14,14.06,0.77,1011.9,4.07,0.97,3.0,16.093,3.38076,Kemperplatz,2.078781499625591,2779.9063198219187,pc2,Park,False,False,30.8869177270238,20,2,0.15
1624349820.5191462,2021-06-22T08:17:00.519146Z,52.50973,13.354848333333331,2,4,S1,1624349820.5191462,14.106570555555557,-75.24245,-53.62772777777778,0.0006203639444444,42.0,675.4444444444445,3.388888888888889,0.0265428944444444,8,18,2021-06-22 10:17:00,52.50973,13.354848333333331,34.2,33.52120000000001,261.2,0.065,0.04,18.14,18.14,14.06,0.77,1011.9,4.07,0.97,3.0,16.093,3.38076,Kemperplatz,2.078781499625591,2779.9063198219187,pc2,Park,2021-06-22 10:17:00,52.509725,13.354391666666666,30.0,36.6696,261.0,0.065,0.04,18.14,18.14,14.06,0.77,1011.9,4.07,0.97,3.0,16.093,2.66689,Klingelhöfer Straße,6.160306872474167,2810.9118140170763,pc4,Park,False,False,30.8869177270238,20,2,0.1
1624349821.4832914,2021-06-22T08:17:01.483291Z,52.50971666666667,13.35471,2,4,S1,1624349821.4832914,10.936721052631578,-78.6863105263158,-56.7012105263158,0.0005567474736842,42.0,771.578947368421,6.2105263157894735,0.0106141789473684,8,19,2021-06-22 10:17:01,52.50971666666667,13.35471,34.1,34.6324,261.3,0.065,0.04,18.14,18.14,14.06,0.77,1011.9,4.07,0.97,3.0,16.093,3.21934,Kemperplatz,2.016811217724431,2790.299072972165,pc2,Park,2021-06-22 10:17:01,52.50971,13.354243333333333,30.2,36.299200000000006,260.9,0.065,0.04,18.14,18.14,14.06,0.77,1011.9,4.07,0.97,3.0,16.093,2.26199,Klingelhöfer Straße,6.016652566979756,2821.034351166543,pc4,Park,False,False,31.56680309248766,20,2,0.05
1624349821.522797,2021-06-22T08:17:01.522797Z,52.50971,13.354243333333333,4,2,S1,1624349821.522797,12.677607,-74.71297,-49.686935,0.00100733655,45.0,775.75,4.0,0.0255101815,8,20,2021-06-22 10:17:01,52.50971,13.354243333333333,30.2,36.299200000000006,260.9,0.065,0.04,18.14,18.14,14.06,0.77,1011.9,4.07,0.97,3.0,16.093,2.26199,Klingelhöfer Straße,6.016652566979756,2821.034351166543,pc4,Park,2021-06-22 10:17:01,52.50971666666667,13.35471,34.1,34.6324,261.3,0.065,0.04,18.14,18.14,14.06,0.77,1011.9,4.07,0.97,3.0,16.093,3.21934,Kemperplatz,2.016811217724431,2790.299072972165,pc2,Park,False,False,31.56680309248766,20,2,0.0
1624349822.4999063,2021-06-22T08:17:02.499906Z,52.50970333333333,13.354568333333331,2,4,S1,1624349822.4999063,14.725037,-74.42761,-52.997135,0.00067209705,42.0,873.45,4.1,0.0292394694999999,8,20,2021-06-22 10:17:02,52.50970333333333,13.354568333333331,34.1,35.373200000000004,261.7,0.065,0.04,18.14,18.14,14.06,0.77,1011.9,4.07,0.97,3.0,16.093,2.26199,Klingelhöfer Straße,1.9886432108085064,2800.6500072515646,pc2,Park,2021-06-22 10:17:02,52.50969666666667,13.354096666666669,30.2,35.373200000000004,260.9,0.065,0.04,18.14,18.14,14.06,0.77,1011.9,4.07,0.97,3.0,16.093,2.26199,Klingelhöfer Straße,6.039189638690015,2830.99578931066,pc4,Park,False,False,31.90484785588713,20,2,0.0
1624349822.522098,2021-06-22T08:17:02.522098Z,52.50969666666667,13.354096666666669,4,2,S1,1624349822.522098,13.730273,-72.14520999999999,-48.02521,0.0032316317499999,45.0,875.6,4.75,0.0506525905,8,20,2021-06-22 10:17:02,52.50969666666667,13.354096666666669,30.2,35.373200000000004,260.9,0.065,0.04,18.14,18.14,14.06,0.77,1011.9,4.07,0.97,3.0,16.093,2.26199,Klingelhöfer Straße,6.039189638690015,2830.99578931066,pc4,Park,2021-06-22 10:17:02,52.50970333333333,13.354568333333331,34.1,35.373200000000004,261.7,0.065,0.04,18.14,18.14,14.06,0.77,1011.9,4.07,0.97,3.0,16.093,2.26199,Klingelhöfer Straße,1.9886432108085064,2800.6500072515646,pc2,Park,False,False,31.90484785588713,20,2,0.0
1624349823.49605,2021-06-22T08:17:03.496049Z,52.509685,13.353956666666669,4,2,S1,1624349823.49605,13.410699411764703,-73.64038823529413,-49.648188235294114,0.0012531979411764,45.0,973.0588235294116,4.117647058823529,0.0397558664705882,8,17,2021-06-22 10:17:03,52.509685,13.353956666666669,30.2,34.0768,261.2,0.065,0.04,18.14,18.14,14.06,0.77,1011.9,4.07,0.97,3.0,16.093,2.26199,Klingelhöfer Straße,6.1769308129662575,2840.792111538011,pc4,Park,2021-06-22 10:17:03,52.50968833333334,13.354426666666669,34.1,35.7436,261.8,0.065,0.04,18.14,18.14,14.06,0.77,1011.9,4.07,0.97,3.0,16.093,2.26199,Klingelhöfer Straße,1.7773848570060533,2810.9118140170763,pc2,Park,False,False,31.785851944187023,20,2,0.15
1624349823.5003028,2021-06-22T08:17:03.500302Z,52.50968833333334,13.354426666666669,2,4,S1,1624349823.5003028,13.2411055,-76.44047,-54.80114,0.00057714215,42.0,973.5,4.0,0.0161124689999999,8,20,2021-06-22 10:17:03,52.50968833333334,13.354426666666669,34.1,35.7436,261.8,0.065,0.04,18.14,18.14,14.06,0.77,1011.9,4.07,0.97,3.0,16.093,2.26199,Klingelhöfer Straße,1.7773848570060533,2810.9118140170763,pc2,Park,2021-06-22 10:17:03,52.509685,13.353956666666669,30.2,34.0768,261.2,0.065,0.04,18.14,18.14,14.06,0.77,1011.9,4.07,0.97,3.0,16.093,2.26199,Klingelhöfer Straße,6.1769308129662575,2840.792111538011,pc4,Park,False,False,31.785851944187023,20,2,0.0
1624349824.497748,2021-06-22T08:17:04.497747Z,52.50967333333333,13.35382,4,2,S1,1624349824.497748,13.670459047619048,-73.85337142857144,-49.01802380952381,0.001123992,45.0,49.19047619047619,4.523809523809524,0.03346891,8,21,2021-06-22 10:17:04,52.50967333333333,13.35382,30.2,32.7804,261.6,0.065,0.04,18.14,18.14,14.06,0.77,1011.9,4.07,0.97,3.0,16.093,2.26199,Klingelhöfer Straße,6.146351450531889,2850.353602923325,pc4,Park,2021-06-22 10:17:04,52.509675,13.354283333333331,34.1,36.114,261.8,0.065,0.04,18.14,18.14,14.06,0.77,1011.9,4.07,0.97,3.0,16.093,2.26199,Klingelhöfer Straße,1.766119311820899,2821.034351166543,pc2,Park,False,False,31.333487943924208,20,2,-0.05
1624349824.5025525,2021-06-22T08:17:04.502552Z,52.509675,13.354283333333331,2,4,S1,1624349824.5025525,12.600852499999998,-77.16598,-55.313095,0.00054367415,42.0,49.65,4.75,0.019044485,8,20,2021-06-22 10:17:04,52.509675,13.354283333333331,34.1,36.114,261.8,0.065,0.04,18.14,18.14,14.06,0.77,1011.9,4.07,0.97,3.0,16.093,2.26199,Klingelhöfer Straße,1.766119311820899,2821.034351166543,pc2,Park,2021-06-22 10:17:04,52.50967333333333,13.35382,30.2,32.7804,261.6,0.065,0.04,18.14,18.14,14.06,0.77,1011.9,4.07,0.97,3.0,16.093,2.26199,Klingelhöfer Straße,6.146351450531889,2850.353602923325,pc4,Park,False,False,31.333487943924208,20,2,0.0
1624349825.5025582,2021-06-22T08:17:05.502558Z,52.509665,13.354136666666667,2,4,S1,1624349825.5025582,13.956107,-75.50851,-53.984475,0.0006035274999999,42.0,149.65,4.75,0.0234097339999999,8,20,2021-06-22 10:17:05,52.509665,13.354136666666667,34.1,35.9288,261.8,0.065,0.04,18.14,18.14,14.06,0.77,1011.9,4.07,0.97,3.0,16.093,2.26199,Klingelhöfer Straße,2.1548385623660917,2830.99578931066,pc2,Park,2021-06-22 10:17:05,52.509663333333336,13.353688333333332,30.1,32.410000000000004,262.7,0.065,0.04,18.14,18.14,14.06,0.77,1011.9,4.07,0.97,3.0,16.093,2.26199,Klingelhöfer Straße,6.253377616307522,2859.677829761212,pc4,Park,False,False,30.31913541301243,20,2,0.0
1624349825.52208,2021-06-22T08:17:05.522079Z,52.509663333333336,13.353688333333332,4,2,S1,1624349825.52208,15.1054285,-71.87682,-49.384095,0.0012699159999999,45.0,151.6,4.75,0.0523354705,8,20,2021-06-22 10:17:05,52.509663333333336,13.353688333333332,30.1,32.410000000000004,262.7,0.065,0.04,18.14,18.14,14.06,0.77,1011.9,4.07,0.97,3.0,16.093,2.26199,Klingelhöfer Straße,6.253377616307522,2859.677829761212,pc4,Park,2021-06-22 10:17:05,52.509665,13.354136666666667,34.1,35.9288,261.8,0.065,0.04,18.14,18.14,14.06,0.77,1011.9,4.07,0.97,3.0,16.093,2.26199,Klingelhöfer Straße,2.1548385623660917,2830.99578931066,pc2,Park,False,False,30.31913541301243,20,2,0.0
1624349826.5002527,2021-06-22T08:17:06.500252Z,52.509655,13.353556666666666,4,2,S1,1624349826.5002527,16.991766666666667,-69.92662777777778,-48.68795,0.0012481302777777,45.0,249.16666666666663,7.277777777777778,0.0793291444444444,8,18,2021-06-22 10:17:06,52.509655,13.353556666666666,30.2,32.7804,264.4,0.065,0.04,18.14,18.14,14.06,0.77,1011.9,4.07,0.97,3.0,16.093,2.26199,Klingelhöfer Straße,6.31188733009597,2868.768832631953,pc4,Park,2021-06-22 10:17:06,52.50965166666667,13.353991666666667,34.2,35.5584,261.7,0.065,0.04,18.14,18.14,14.06,0.77,1011.9,4.07,0.97,3.0,16.093,2.26199,Klingelhöfer Straße,2.160475556577105,2840.792111538011,pc2,Park,False,False,29.419451858790413,20,2,0.1
1624349826.5036154,2021-06-22T08:17:06.503615Z,52.50965166666667,13.353991666666667,2,4,S1,1624349826.5036154,15.5105085,-73.7664,-51.33254,0.00068149855,42.0,249.8,4.3,0.0319719655,8,20,2021-06-22 10:17:06,52.50965166666667,13.353991666666667,34.2,35.5584,261.7,0.065,0.04,18.14,18.14,14.06,0.77,1011.9,4.07,0.97,3.0,16.093,2.26199,Klingelhöfer Straße,2.160475556577105,2840.792111538011,pc2,Park,2021-06-22 10:17:06,52.509655,13.353556666666666,30.2,32.7804,264.4,0.065,0.04,18.14,18.14,14.06,0.77,1011.9,4.07,0.97,3.0,16.093,2.26199,Klingelhöfer Straße,6.31188733009597,2868.768832631953,pc4,Park,False,False,29.419451858790413,20,2,0.0
1624349827.5000796,2021-06-22T08:17:07.500079Z,52.50964,13.353848333333334,2,4,S1,1624349827.5000796,15.3257377,-73.30597,-49.076925,0.0007592513,42.0,349.75,1.25,0.041333656,8,20,2021-06-22 10:17:07,52.50964,13.353848333333334,34.2,35.188,261.9,0.065,0.04,18.14,18.14,14.06,0.77,1011.9,4.07,0.97,3.0,16.093,2.26199,Klingelhöfer Straße,2.2169672581703086,2850.353602923325,pc2,Park,2021-06-22 10:17:07,52.50964166666667,13.353431666666667,30.5,33.336,266.7,0.065,0.04,18.14,18.14,14.06,0.77,1011.9,4.07,0.97,3.0,16.093,3.23543,Kemperplatz,5.32813080426082,2877.633898501741,pc4,Park,False,False,28.177869719241937,20,2,0.0
1624349827.508786,2021-06-22T08:17:07.508785Z,52.50964166666667,13.353431666666667,4,2,S1,1624349827.508786,17.849061578947367,-68.82566315789474,-47.69378421052632,0.0013184129473684,45.0,349.94736842105266,8.0,0.1084601052631578,8,19,2021-06-22 10:17:07,52.50964166666667,13.353431666666667,30.5,33.336,266.7,0.065,0.04,18.14,18.14,14.06,0.77,1011.9,4.07,0.97,3.0,16.093,3.23543,Kemperplatz,5.32813080426082,2877.633898501741,pc4,Park,2021-06-22 10:17:07,52.50964,13.353848333333334,34.2,35.188,261.9,0.065,0.04,18.14,18.14,14.06,0.77,1011.9,4.07,0.97,3.0,16.093,2.26199,Klingelhöfer Straße,2.2169672581703086,2850.353602923325,pc2,Park,False,False,28.177869719241937,20,2,0.05
1624349828.494301,2021-06-22T08:17:08.494301Z,52.50964,13.353291666666667,4,2,S1,1624349828.494301,18.05185,-69.43654000000001,-48.38528,0.00101054495,45.0,448.5,8.0,0.0923075335,8,20,2021-06-22 10:17:08,52.50964,13.353291666666667,30.5,33.891600000000004,269.4,0.065,0.04,18.14,18.14,14.06,0.77,1011.9,4.07,0.97,3.0,16.093,3.23543,Kemperplatz,5.347056236287177,2886.245010930513,pc4,Park,2021-06-22 10:17:08,52.50963,13.353705,34.1,34.817600000000006,262.4,0.065,0.04,18.14,18.14,14.06,0.77,1011.9,4.07,0.97,3.0,16.093,2.26199,Klingelhöfer Straße,2.4310193729047955,2859.677829761212,pc2,Park,False,False,27.97427255859381,20,2,0.0
1624349828.4978025,2021-06-22T08:17:08.497802Z,52.50963,13.353705,2,4,S1,1624349828.4978025,15.570301578947369,-72.62667368421053,-44.51802631578947,0.0008371053157894,42.0,449.05263157894734,6.0,0.0454270847368421,8,19,2021-06-22 10:17:08,52.50963,13.353705,34.1,34.817600000000006,262.4,0.065,0.04,18.14,18.14,14.06,0.77,1011.9,4.07,0.97,3.0,16.093,2.26199,Klingelhöfer Straße,2.4310193729047955,2859.677829761212,pc2,Park,2021-06-22 10:17:08,52.50964,13.353291666666667,30.5,33.891600000000004,269.4,0.065,0.04,18.14,18.14,14.06,0.77,1011.9,4.07,0.97,3.0,16.093,3.23543,Kemperplatz,5.347056236287177,2886.245010930513,pc4,Park,False,False,27.97427255859381,20,2,0.05
1624349829.494453,2021-06-22T08:17:09.494452Z,52.509645,13.353151666666667,4,2,S1,1624349829.494453,15.5642075,-71.478865,-50.01948,0.00111373235,45.0,548.55,7.65,0.0561785355,8,20,2021-06-22 10:17:09,52.509645,13.353151666666667,30.6,34.817600000000006,270.8,0.065,0.04,18.14,18.14,14.06,0.77,1011.9,4.07,0.97,3.0,16.093,3.38076,Kemperplatz,5.195962026685748,2894.5997640187343,pc4,Park,2021-06-22 10:17:09,52.50962,13.353563333333334,34.1,34.4472,263.8,0.065,0.04,18.14,18.14,14.06,0.77,1011.9,4.07,0.97,3.0,16.093,2.26199,Klingelhöfer Straße,2.403270887655878,2868.768832631953,pc2,Park,False,False,27.97835092338417,20,2,0.0
1624349829.503284,2021-06-22T08:17:09.503283Z,52.50962,13.353563333333334,2,4,S1,1624349829.503284,14.745617,-73.826375,-48.368285,0.0007681713,42.0,549.7,5.0,0.0325510515,8,20,2021-06-22 10:17:09,52.50962,13.353563333333334,34.1,34.4472,263.8,0.065,0.04,18.14,18.14,14.06,0.77,1011.9,4.07,0.97,3.0,16.093,2.26199,Klingelhöfer Straße,2.403270887655878,2868.768832631953,pc2,Park,2021-06-22 10:17:09,52.509645,13.353151666666667,30.6,34.817600000000006,270.8,0.065,0.04,18.14,18.14,14.06,0.77,1011.9,4.07,0.97,3.0,16.093,3.38076,Kemperplatz,5.195962026685748,2894.5997640187343,pc4,Park,False,False,27.97835092338417,20,2,0.0
1624349830.500496,2021-06-22T08:17:10.500496Z,52.509616666666666,13.353423333333334,2,4,S1,1624349830.500496,15.9437455,-72.32829000000001,-50.97158,0.0008691617,42.0,649.55,3.7,0.05723423,8,20,2021-06-22 10:17:10,52.509616666666666,13.353423333333334,34.0,34.262,264.6,0.065,0.04,18.14,18.14,14.06,0.77,1011.9,4.07,0.97,3.0,16.093,3.23543,Kemperplatz,2.588137859607744,2877.633898501741,pc2,Park,2021-06-22 10:17:10,52.509655,13.353005,30.7,37.04,273.5,0.065,0.04,18.14,18.14,14.06,0.77,1011.9,4.07,0.97,3.0,16.093,3.38076,Kemperplatz,5.172520733720315,2910.6548852051847,pc4,Park,False,False,28.61031610912257,20,2,0.0
1624349830.512885,2021-06-22T08:17:10.512885Z,52.509655,13.353005,4,2,S1,1624349830.512885,18.0918935,-68.501775,-47.33545,0.0013161471,45.0,650.6,5.6,0.1440682455,8,20,2021-06-22 10:17:10,52.509655,13.353005,30.7,37.04,273.5,0.065,0.04,18.14,18.14,14.06,0.77,1011.9,4.07,0.97,3.0,16.093,3.38076,Kemperplatz,5.172520733720315,2910.6548852051847,pc4,Park,2021-06-22 10:17:10,52.509616666666666,13.353423333333334,34.0,34.262,264.6,0.065,0.04,18.14,18.14,14.06,0.77,1011.9,4.07,0.97,3.0,16.093,3.23543,Kemperplatz,2.588137859607744,2877.633898501741,pc2,Park,False,False,28.61031610912257,20,2,0.0
1624349831.4778435,2021-06-22T08:17:11.477843Z,52.509616666666666,13.353283333333334,2,4,S1,1624349831.4778435,14.742303684210526,-73.82161578947368,-52.25945263157895,0.0007984524210526,42.0,747.1052631578947,5.473684210526316,0.0453315968421052,8,19,2021-06-22 10:17:11,52.509616666666666,13.353283333333334,33.9,34.262,265.6,0.065,0.04,18.14,18.14,14.06,0.77,1011.9,4.07,0.97,3.0,16.093,3.23543,Kemperplatz,2.7196957700864237,2886.245010930513,pc2,Park,2021-06-22 10:17:11,52.50966666666667,13.352853333333334,30.6,38.52160000000001,276.2,0.065,0.04,18.14,18.14,14.06,0.77,1011.9,4.07,0.97,3.0,16.093,2.26199,Klingelhöfer Straße,5.172520691321017,2918.3574335736607,pc4,Park,False,False,29.60683570188204,20,2,0.05
1624349831.5108366,2021-06-22T08:17:11.510836Z,52.50966666666667,13.352853333333334,4,2,S1,1624349831.5108366,17.2921575,-69.95709500000001,-48.47023,0.00108801355,45.0,750.5,4.5,0.109400744,8,20,2021-06-22 10:17:11,52.50966666666667,13.352853333333334,30.6,38.52160000000001,276.2,0.065,0.04,18.14,18.14,14.06,0.77,1011.9,4.07,0.97,3.0,16.093,2.26199,Klingelhöfer Straße,5.172520691321017,2918.3574335736607,pc4,Park,2021-06-22 10:17:11,52.509616666666666,13.353283333333334,33.9,34.262,265.6,0.065,0.04,18.14,18.14,14.06,0.77,1011.9,4.07,0.97,3.0,16.093,3.23543,Kemperplatz,2.7196957700864237,2886.245010930513,pc2,Park,False,False,29.60683570188204,20,2,0.0
1624349832.5016694,2021-06-22T08:17:12.501669Z,52.509685,13.352698333333333,4,2,S1,1624349832.5016694,16.32113,-71.28304736842105,-49.93337368421053,0.000972001368421,45.0,849.4736842105264,5.631578947368421,0.0697479984210526,8,19,2021-06-22 10:17:12,52.509685,13.352698333333333,30.7,39.818000000000005,277.6,0.065,0.04,18.14,18.14,14.06,0.77,1011.9,4.07,0.97,3.0,16.093,3.23543,Kemperplatz,6.284302442778412,2925.755617478503,pc4,Park,2021-06-22 10:17:12,52.50962333333333,13.353145,33.9,33.7064,266.4,0.065,0.04,18.14,18.14,14.06,0.77,1011.9,4.07,0.97,3.0,16.093,3.38076,Kemperplatz,2.7616663950569285,2894.5997640187343,pc2,Park,False,False,30.97579776400888,20,2,0.05
1624349832.5140748,2021-06-22T08:17:12.514074Z,52.50962333333333,13.353145,2,4,S1,1624349832.5140748,14.715084999999998,-74.569655,-53.254155,0.00063762035,42.0,850.6,6.75,0.0239191679999999,8,20,2021-06-22 10:17:12,52.50962333333333,13.353145,33.9,33.7064,266.4,0.065,0.04,18.14,18.14,14.06,0.77,1011.9,4.07,0.97,3.0,16.093,3.38076,Kemperplatz,2.7616663950569285,2894.5997640187343,pc2,Park,2021-06-22 10:17:12,52.509685,13.352698333333333,30.7,39.818000000000005,277.6,0.065,0.04,18.14,18.14,14.06,0.77,1011.9,4.07,0.97,3.0,16.093,3.23543,Kemperplatz,6.284302442778412,2925.755617478503,pc4,Park,False,False,30.97579776400888,20,2,0.0
1624349833.4600625,2021-06-22T08:17:13.460062Z,52.50963,13.35301,2,4,S1,1624349833.4600625,12.911066470588237,-75.79980588235294,-48.19338235294118,0.0007315726470588,42.0,945.1176470588236,7.588235294117647,0.0223124388235294,8,17,2021-06-22 10:17:13,52.50963,13.35301,33.9,33.336,267.2,0.065,0.04,18.14,18.14,14.06,0.77,1011.9,4.07,0.97,3.0,16.093,3.38076,Kemperplatz,2.45906701452872,2910.6548852051847,pc2,Park,2021-06-22 10:17:13,52.509708333333336,13.352538333333332,30.7,39.818000000000005,278.9,0.065,0.04,18.14,18.14,14.06,0.77,1011.9,4.07,0.97,3.0,16.093,2.26199,Klingelhöfer Straße,2.918986375985657,2939.3842765803274,pc4,Park,False,False,33.06583690726014,20,2,0.15
1624349833.4942968,2021-06-22T08:17:13.494296Z,52.509708333333336,13.352538333333332,4,2,S1,1624349833.4942968,15.462835000000002,-71.6554,-50.104155000000006,0.00108943085,45.0,948.5,8.0,0.05281666,8,20,2021-06-22 10:17:13,52.509708333333336,13.352538333333332,30.7,39.818000000000005,278.9,0.065,0.04,18.14,18.14,14.06,0.77,1011.9,4.07,0.97,3.0,16.093,2.26199,Klingelhöfer Straße,2.918986375985657,2939.3842765803274,pc4,Park,2021-06-22 10:17:13,52.50963,13.35301,33.9,33.336,267.2,0.065,0.04,18.14,18.14,14.06,0.77,1011.9,4.07,0.97,3.0,16.093,3.38076,Kemperplatz,2.45906701452872,2910.6548852051847,pc2,Park,False,False,33.06583690726014,20,2,0.0
1624349834.4954815,2021-06-22T08:17:14.495481Z,52.509728333333335,13.352383333333334,4,2,S1,1624349834.4954815,15.5463625,-71.53515,-50.0441,0.00112964155,45.0,280.7,7.2,0.057826668,8,20,2021-06-22 10:17:14,52.509728333333335,13.352383333333334,30.9,37.2252,280.8,0.065,0.04,18.14,18.14,14.06,0.77,1011.9,4.07,0.97,3.0,16.093,2.26199,Klingelhöfer Straße,2.343708727147945,2950.9290666973425,pc4,Park,2021-06-22 10:17:14,52.509638333333335,13.352875,33.8,33.52120000000001,268.0,0.065,0.04,18.14,18.14,14.06,0.77,1011.9,4.07,0.97,3.0,16.093,2.26199,Klingelhöfer Straße,2.2329457682180016,2918.3574335736607,pc2,Park,False,False,34.72381350205714,20,2,0.0
1624349834.512509,2021-06-22T08:17:14.512509Z,52.509638333333335,13.352875,2,4,S1,1624349834.512509,13.890338500000002,-75.51104000000001,-53.686400000000006,0.0007186604,42.0,282.6,5.2,0.0247822514999999,8,20,2021-06-22 10:17:14,52.509638333333335,13.352875,33.8,33.52120000000001,268.0,0.065,0.04,18.14,18.14,14.06,0.77,1011.9,4.07,0.97,3.0,16.093,2.26199,Klingelhöfer Straße,2.2329457682180016,2918.3574335736607,pc2,Park,2021-06-22 10:17:14,52.509728333333335,13.352383333333334,30.9,37.2252,280.8,0.065,0.04,18.14,18.14,14.06,0.77,1011.9,4.07,0.97,3.0,16.093,2.26199,Klingelhöfer Straße,2.343708727147945,2950.9290666973425,pc4,Park,False,False,34.72381350205714,20,2,0.0
1624349835.4995506,2021-06-22T08:17:15.499550Z,52.50974166666666,13.352238333333334,4,2,S1,1624349835.4995506,16.5486945,-70.074055,-48.77577,0.0012715055,45.0,125.2,6.25,0.0983275919999999,8,20,2021-06-22 10:17:15,52.50974166666666,13.352238333333334,31.0,33.52120000000001,280.1,0.065,0.04,18.14,18.14,14.06,0.77,1011.9,4.07,0.97,3.0,16.093,2.26199,Klingelhöfer Straße,3.091988609065144,2960.193914611533,pc4,Park,2021-06-22 10:17:15,52.50965166666667,13.352738333333331,33.8,34.6324,269.2,0.065,0.04,18.14,18.14,14.06,0.77,1011.9,4.07,0.97,3.0,16.093,2.26199,Klingelhöfer Straße,2.5438627919987717,2925.755617478503,pc2,Park,False,False,35.26382687695121,20,2,0.0
1624349835.5050168,2021-06-22T08:17:15.505016Z,52.50965166666667,13.352738333333331,2,4,S1,1624349835.5050168,15.614755,-73.73956,-52.287805000000006,0.0006571031,42.0,125.6,7.7,0.0457893954999999,8,20,2021-06-22 10:17:15,52.50965166666667,13.352738333333331,33.8,34.6324,269.2,0.065,0.04,18.14,18.14,14.06,0.77,1011.9,4.07,0.97,3.0,16.093,2.26199,Klingelhöfer Straße,2.5438627919987717,2925.755617478503,pc2,Park,2021-06-22 10:17:15,52.50974166666666,13.352238333333334,31.0,33.52120000000001,280.1,0.065,0.04,18.14,18.14,14.06,0.77,1011.9,4.07,0.97,3.0,16.093,2.26199,Klingelhöfer Straße,3.091988609065144,2960.193914611533,pc4,Park,False,False,35.26382687695121,20,2,0.0
1624349836.5057058,2021-06-22T08:17:16.505705Z,52.50967333333333,13.352601666666668,2,4,S1,1624349836.5057058,14.508622499999998,-74.99907,-53.40069,0.0005999362,42.0,225.8,6.3,0.0257790425,8,20,2021-06-22 10:17:16,52.50967333333333,13.352601666666668,33.9,34.262,270.5,0.065,0.04,18.14,18.14,14.06,0.77,1011.9,4.07,0.97,3.0,16.093,2.26199,Klingelhöfer Straße,1.1215036124976565,2932.7901473576576,pc2,Park,2021-06-22 10:17:16,52.50974833333333,13.352108333333334,31.0,30.558,272.3,0.065,0.04,18.14,18.14,14.06,0.77,1011.9,4.07,0.97,3.0,16.093,2.25507,Klingelhöfer Straße,3.380959530968037,2967.742294522762,pc4,Park,False,False,34.38970596481254,20,2,0.0
1624349836.509933,2021-06-22T08:17:16.509932Z,52.50974833333333,13.352108333333334,4,2,S1,1624349836.509933,16.560694,-70.597905,-49.13346,0.0011143147,45.0,226.55,3.15,0.0795843115,8,20,2021-06-22 10:17:16,52.50974833333333,13.352108333333334,31.0,30.558,272.3,0.065,0.04,18.14,18.14,14.06,0.77,1011.9,4.07,0.97,3.0,16.093,2.25507,Klingelhöfer Straße,3.380959530968037,2967.742294522762,pc4,Park,2021-06-22 10:17:16,52.50967333333333,13.352601666666668,33.9,34.262,270.5,0.065,0.04,18.14,18.14,14.06,0.77,1011.9,4.07,0.97,3.0,16.093,2.26199,Klingelhöfer Straße,1.1215036124976565,2932.7901473576576,pc2,Park,False,False,34.38970596481254,20,2,0.0
1624349837.503517,2021-06-22T08:17:17.503516Z,52.50969333333333,13.35247,2,4,S1,1624349837.503517,17.5020995,-71.572095,-50.48074,0.00069469965,42.0,325.55,6.7,0.0583957325,8,20,2021-06-22 10:17:17,52.50969333333333,13.35247,33.9,32.2248,271.8,0.065,0.04,18.14,18.14,14.06,0.77,1011.9,4.07,0.97,3.0,16.093,2.26199,Klingelhöfer Straße,0.1030203341750053,2945.4408629388035,pc2,Park,2021-06-22 10:17:17,52.509745,13.351993333333333,31.0,26.2984,263.4,0.065,0.04,18.14,18.14,14.06,0.77,1011.9,4.07,0.97,3.0,16.093,2.26199,Klingelhöfer Straße,2.777775000092213,2974.8023189991727,pc4,Park,False,False,32.74388986486584,20,2,0.0
1624349837.5099611,2021-06-22T08:17:17.509961Z,52.509745,13.351993333333333,4,2,S1,1624349837.5099611,18.560025000000003,-67.61195000000001,-46.648155,0.0014338633,45.0,326.55,3.15,0.13226895,8,20,2021-06-22 10:17:17,52.509745,13.351993333333333,31.0,26.2984,263.4,0.065,0.04,18.14,18.14,14.06,0.77,1011.9,4.07,0.97,3.0,16.093,2.26199,Klingelhöfer Straße,2.777775000092213,2974.8023189991727,pc4,Park,2021-06-22 10:17:17,52.50969333333333,13.35247,33.9,32.2248,271.8,0.065,0.04,18.14,18.14,14.06,0.77,1011.9,4.07,0.97,3.0,16.093,2.26199,Klingelhöfer Straße,0.1030203341750053,2945.4408629388035,pc2,Park,False,False,32.74388986486584,20,2,0.0
1624349838.492313,2021-06-22T08:17:18.492312Z,52.50971166666667,13.352345,2,4,S1,1624349838.492313,16.30946,-72.815005,-51.500565,0.00066556935,42.0,424.5,6.0,0.0406695225,8,20,2021-06-22 10:17:18,52.50971166666667,13.352345,33.9,30.3728,273.0,0.065,0.04,18.14,18.14,14.06,0.77,1011.9,4.07,0.97,3.0,16.093,2.26199,Klingelhöfer Straße,0.1329266046717883,2950.9290666973425,pc2,Park,2021-06-22 10:17:18,52.50973833333333,13.351901666666668,30.9,20.1868,265.0,0.065,0.04,18.14,18.14,14.06,0.77,1011.9,4.07,0.97,3.0,16.093,2.26199,Klingelhöfer Straße,2.2978123059105267,2982.8253714372545,pc4,Park,False,False,30.127592655816,20,2,0.0
1624349838.511279,2021-06-22T08:17:18.511279Z,52.50973833333333,13.351901666666668,4,2,S1,1624349838.511279,17.1217575,-69.103155,-47.99029,0.00161123055,45.0,426.65,3.45,0.082156735,8,20,2021-06-22 10:17:18,52.50973833333333,13.351901666666668,30.9,20.1868,265.0,0.065,0.04,18.14,18.14,14.06,0.77,1011.9,4.07,0.97,3.0,16.093,2.26199,Klingelhöfer Straße,2.2978123059105267,2982.8253714372545,pc4,Park,2021-06-22 10:17:18,52.50971166666667,13.352345,33.9,30.3728,273.0,0.065,0.04,18.14,18.14,14.06,0.77,1011.9,4.07,0.97,3.0,16.093,2.26199,Klingelhöfer Straße,0.1329266046717883,2950.9290666973425,pc2,Park,False,False,30.127592655816,20,2,0.0
1624349839.5053017,2021-06-22T08:17:19.505301Z,52.50972166666666,13.352226666666668,2,4,S1,1624349839.5053017,16.2437115,-73.35779,-52.143015000000005,0.00059827375,42.0,525.5,9.0,0.0324897575,8,20,2021-06-22 10:17:19,52.50972166666666,13.352226666666668,33.9,28.706000000000003,275.8,0.065,0.04,18.14,18.14,14.06,0.77,1011.9,4.07,0.97,3.0,16.093,2.26199,Klingelhöfer Straße,0.8322361408580659,2960.193914611533,pc2,Park,2021-06-22 10:17:19,52.50973333333334,13.351831666666667,30.8,14.816,264.6,0.065,0.04,18.14,18.14,14.06,0.77,1011.9,4.07,0.97,3.0,16.093,2.15329,Klingelhöfer Straße,2.1317053737596856,2987.6101911007827,pc4,Park,False,False,26.743823476893567,20,2,0.0
1624349839.5064194,2021-06-22T08:17:19.506419Z,52.50973333333334,13.351831666666667,4,2,S1,1624349839.5064194,17.87687052631579,-69.15207894736842,-47.90124210526316,0.0011530405789473,45.0,525.8947368421053,6.157894736842105,0.1082487278947368,8,19,2021-06-22 10:17:19,52.50973333333334,13.351831666666667,30.8,14.816,264.6,0.065,0.04,18.14,18.14,14.06,0.77,1011.9,4.07,0.97,3.0,16.093,2.15329,Klingelhöfer Straße,2.1317053737596856,2987.6101911007827,pc4,Park,2021-06-22 10:17:19,52.50972166666666,13.352226666666668,33.9,28.706000000000003,275.8,0.065,0.04,18.14,18.14,14.06,0.77,1011.9,4.07,0.97,3.0,16.093,2.26199,Klingelhöfer Straße,0.8322361408580659,2960.193914611533,pc2,Park,False,False,26.743823476893567,20,2,0.05
1624349840.4943948,2021-06-22T08:17:20.494394Z,52.509726666666666,13.351783333333334,4,2,S1,1624349840.4943948,19.062855,-67.70495,-46.519775,0.00126896935,45.0,624.55,7.6,0.12300708,8,20,2021-06-22 10:17:20,52.509726666666666,13.351783333333334,30.8,11.112,251.6,0.065,0.04,18.14,18.14,14.06,0.77,1011.9,4.07,0.97,3.0,16.093,2.15329,Klingelhöfer Straße,1.6610691339168624,2993.0616037731816,pc4,Park,2021-06-22 10:17:20,52.509726666666666,13.352116666666667,33.9,25.1872,271.6,0.065,0.04,18.14,18.14,14.06,0.77,1011.9,4.07,0.97,3.0,16.093,2.25507,Klingelhöfer Straße,1.0056186986742788,2967.742294522762,pc2,Park,False,False,22.54170852137463,20,2,0.0
1624349840.5138009,2021-06-22T08:17:20.513800Z,52.509726666666666,13.352116666666667,2,4,S1,1624349840.5138009,16.06981,-72.66634,-51.437070000000006,0.00076838775,42.0,626.35,9.0,0.0504180569999999,8,20,2021-06-22 10:17:20,52.509726666666666,13.352116666666667,33.9,25.1872,271.6,0.065,0.04,18.14,18.14,14.06,0.77,1011.9,4.07,0.97,3.0,16.093,2.25507,Klingelhöfer Straße,1.0056186986742788,2967.742294522762,pc2,Park,2021-06-22 10:17:20,52.509726666666666,13.351783333333334,30.8,11.112,251.6,0.065,0.04,18.14,18.14,14.06,0.77,1011.9,4.07,0.97,3.0,16.093,2.15329,Klingelhöfer Straße,1.6610691339168624,2993.0616037731816,pc4,Park,False,False,22.54170852137463,20,2,0.0
1624349841.497305,2021-06-22T08:17:21.497304Z,52.50972166666666,13.351751666666669,4,2,S1,1624349841.497305,18.6739915,-68.7902,-47.59574,0.00101863555,45.0,725.1,5.0,0.123259784,8,20,2021-06-22 10:17:21,52.50972166666666,13.351751666666669,31.0,6.1116,252.2,0.065,0.04,18.14,18.14,14.06,0.77,1011.9,4.07,0.97,3.0,16.093,2.15329,Klingelhöfer Straße,1.2827145223685352,2993.0616037731816,pc4,Park,2021-06-22 10:17:21,52.509726666666666,13.352025,33.8,20.5572,266.6,0.065,0.04,18.14,18.14,14.06,0.77,1011.9,4.07,0.97,3.0,16.093,2.25507,Klingelhöfer Straße,0.7407399997087936,2974.8023189991727,pc2,Park,False,False,18.492350969835105,20,2,0.0
1624349841.5148764,2021-06-22T08:17:21.514876Z,52.509726666666666,13.352025,2,4,S1,1624349841.5148764,18.91643,-69.417805,-48.39928,0.0008197470999999,42.0,726.5,8.6,0.083587339,8,20,2021-06-22 10:17:21,52.509726666666666,13.352025,33.8,20.5572,266.6,0.065,0.04,18.14,18.14,14.06,0.77,1011.9,4.07,0.97,3.0,16.093,2.25507,Klingelhöfer Straße,0.7407399997087936,2974.8023189991727,pc2,Park,2021-06-22 10:17:21,52.50972166666666,13.351751666666669,31.0,6.1116,252.2,0.065,0.04,18.14,18.14,14.06,0.77,1011.9,4.07,0.97,3.0,16.093,2.15329,Klingelhöfer Straße,1.2827145223685352,2993.0616037731816,pc4,Park,False,False,18.492350969835105,20,2,0.0
1624349842.4992878,2021-06-22T08:17:22.499287Z,52.50972166666666,13.351735,4,2,S1,1624349842.4992878,21.15912,-64.943305,-43.961255,0.0015363669999999,45.0,825.5,3.0,0.338551385,8,20,2021-06-22 10:17:22,52.50972166666666,13.351735,31.0,0.0,252.2,0.065,0.04,18.14,18.14,14.06,0.77,1011.9,4.07,0.97,3.0,16.093,2.15329,Klingelhöfer Straße,1.3904283309640917,2993.0616037731816,pc4,Park,2021-06-22 10:17:22,52.50972166666666,13.35195,33.6,17.0384,263.6,0.065,0.04,18.14,18.14,14.06,0.77,1011.9,4.07,0.97,3.0,16.093,2.26199,Klingelhöfer Straße,0.1851849995324528,2978.6021876882555,pc2,Park,False,False,14.539403650435588,20,2,0.0
1624349842.5133023,2021-06-22T08:17:22.513302Z,52.50972166666666,13.35195,2,4,S1,1624349842.5133023,17.7916585,-70.26857,-49.122945,0.00098303615,42.0,826.5,7.0,0.110669002,8,20,2021-06-22 10:17:22,52.50972166666666,13.35195,33.6,17.0384,263.6,0.065,0.04,18.14,18.14,14.06,0.77,1011.9,4.07,0.97,3.0,16.093,2.26199,Klingelhöfer Straße,0.1851849995324528,2978.6021876882555,pc2,Park,2021-06-22 10:17:22,52.50972166666666,13.351735,31.0,0.0,252.2,0.065,0.04,18.14,18.14,14.06,0.77,1011.9,4.07,0.97,3.0,16.093,2.15329,Klingelhöfer Straße,1.3904283309640917,2993.0616037731816,pc4,Park,False,False,14.539403650435588,20,2,0.0
1624349843.4963002,2021-06-22T08:17:23.496300Z,52.50972333333333,13.35173,4,2,S1,1624349843.4963002,22.41149,-62.23430499999999,-41.45211,0.0029999621,45.0,924.75,7.5,0.509102135,8,20,2021-06-22 10:17:23,52.50972333333333,13.35173,31.0,0.0,252.2,0.065,0.04,18.14,18.14,14.06,0.77,1011.9,4.07,0.97,3.0,16.093,2.15329,Klingelhöfer Straße,1.6082062557567465,2993.0616037731816,pc4,Park,2021-06-22 10:17:23,52.50971833333333,13.351895,33.6,11.852800000000002,263.5,0.065,0.04,18.14,18.14,14.06,0.77,1011.9,4.07,0.97,3.0,16.093,2.26199,Klingelhöfer Straße,0.119966056281949,2982.8253714372545,pc2,Park,False,False,11.172166186344946,20,2,0.0
1624349843.513312,2021-06-22T08:17:23.513312Z,52.50971833333333,13.351895,2,4,S1,1624349843.513312,20.601155,-65.381525,-44.371055,0.0015909199,42.0,926.5,7.0,0.2565387,8,20,2021-06-22 10:17:23,52.50971833333333,13.351895,33.6,11.852800000000002,263.5,0.065,0.04,18.14,18.14,14.06,0.77,1011.9,4.07,0.97,3.0,16.093,2.26199,Klingelhöfer Straße,0.119966056281949,2982.8253714372545,pc2,Park,2021-06-22 10:17:23,52.50972333333333,13.35173,31.0,0.0,252.2,0.065,0.04,18.14,18.14,14.06,0.77,1011.9,4.07,0.97,3.0,16.093,2.15329,Klingelhöfer Straße,1.6082062557567465,2993.0616037731816,pc4,Park,False,False,11.172166186344946,20,2,0.0
1624349844.495282,2021-06-22T08:17:24.495281Z,52.509725,13.351728333333334,4,2,S1,1624349844.495282,25.643061904761907,-56.08609047619048,-35.20786666666667,0.0049203428571428,45.0,488.1904761904762,8.285714285714286,1.541485238095238,8,21,2021-06-22 10:17:24,52.509725,13.351728333333334,31.0,0.0,252.2,0.065,0.04,18.14,18.14,14.06,0.77,1011.9,4.07,0.97,3.0,16.093,2.15329,Klingelhöfer Straße,1.8036479910001069,2993.0616037731816,pc4,Park,2021-06-22 10:17:24,52.509715,13.351861666666666,33.7,6.1116,262.5,0.065,0.04,18.14,18.14,14.06,0.77,1011.9,4.07,0.97,3.0,16.093,2.26199,Klingelhöfer Straße,0.0645971965392202,2987.6101911007827,pc2,Park,False,False,9.085278613189338,20,2,-0.05
1624349844.5133104,2021-06-22T08:17:24.513310Z,52.509715,13.351861666666666,2,4,S1,1624349844.5133104,22.74941,-60.95101999999999,-40.006855,0.00288557245,42.0,463.3,7.0,0.5633242,8,20,2021-06-22 10:17:24,52.509715,13.351861666666666,33.7,6.1116,262.5,0.065,0.04,18.14,18.14,14.06,0.77,1011.9,4.07,0.97,3.0,16.093,2.26199,Klingelhöfer Straße,0.0645971965392202,2987.6101911007827,pc2,Park,2021-06-22 10:17:24,52.509725,13.351728333333334,31.0,0.0,252.2,0.065,0.04,18.14,18.14,14.06,0.77,1011.9,4.07,0.97,3.0,16.093,2.15329,Klingelhöfer Straße,1.8036479910001069,2993.0616037731816,pc4,Park,False,False,9.085278613189338,20,2,0.0
1624349845.5092869,2021-06-22T08:17:25.509286Z,52.509726666666666,13.351726666666666,4,2,S1,1624349845.5092869,25.20932,-59.05532000000001,-38.27963,0.0021982365,45.0,102.5,3.0,0.7708508000000001,8,20,2021-06-22 10:17:25,52.509726666666666,13.351726666666666,31.1,0.0,252.2,0.065,0.04,18.14,18.14,14.06,0.77,1011.9,4.07,0.97,3.0,16.093,2.15329,Klingelhöfer Straße,1.99908972551228,2993.0616037731816,pc4,Park,2021-06-22 10:17:25,52.50971333333333,13.351845,33.7,0.0,262.5,0.065,0.04,18.14,18.14,14.06,0.77,1011.9,4.07,0.97,3.0,16.093,2.15329,Klingelhöfer Straße,0.1568788180685321,2987.6101911007827,pc2,Park,False,False,8.138804078419051,20,2,0.0
1624349845.513308,2021-06-22T08:17:25.513308Z,52.50971333333333,13.351845,2,4,S1,1624349845.513308,22.55962,-62.729685,-41.93821,0.00178319355,42.0,102.5,7.0,0.33733555,8,20,2021-06-22 10:17:25,52.50971333333333,13.351845,33.7,0.0,262.5,0.065,0.04,18.14,18.14,14.06,0.77,1011.9,4.07,0.97,3.0,16.093,2.15329,Klingelhöfer Straße,0.1568788180685321,2987.6101911007827,pc2,Park,2021-06-22 10:17:25,52.509726666666666,13.351726666666666,31.1,0.0,252.2,0.065,0.04,18.14,18.14,14.06,0.77,1011.9,4.07,0.97,3.0,16.093,2.15329,Klingelhöfer Straße,1.99908972551228,2993.0616037731816,pc4,Park,False,False,8.138804078419051,20,2,0.0
1624349846.493348,2021-06-22T08:17:26.493347Z,52.50971333333333,13.351843333333331,2,4,S1,1624349846.493348,23.190545,-60.88349,-40.06402,0.002298999,42.0,200.6,6.05,0.5061537,8,20,2021-06-22 10:17:26,52.50971333333333,13.351843333333331,33.8,0.0,262.5,0.065,0.04,18.14,18.14,14.06,0.77,1011.9,4.07,0.97,3.0,16.093,2.15329,Klingelhöfer Straße,0.1476506558812283,2987.6101911007827,pc2,Park,2021-06-22 10:17:26,52.509726666666666,13.351726666666666,31.1,0.0,252.2,0.065,0.04,18.14,18.14,14.06,0.77,1011.9,4.07,0.97,3.0,16.093,2.15329,Klingelhöfer Straße,1.99908972551228,2993.0616037731816,pc4,Park,False,False,8.028004673202755,20,2,0.0
1624349846.5092945,2021-06-22T08:17:26.509294Z,52.509726666666666,13.351726666666666,4,2,S1,1624349846.5092945,24.98869,-56.874495,-36.0195,0.0048442465,45.0,202.5,3.0,1.27413645,8,20,2021-06-22 10:17:26,52.509726666666666,13.351726666666666,31.1,0.0,252.2,0.065,0.04,18.14,18.14,14.06,0.77,1011.9,4.07,0.97,3.0,16.093,2.15329,Klingelhöfer Straße,1.99908972551228,2993.0616037731816,pc4,Park,2021-06-22 10:17:26,52.50971333333333,13.351843333333331,33.8,0.0,262.5,0.065,0.04,18.14,18.14,14.06,0.77,1011.9,4.07,0.97,3.0,16.093,2.15329,Klingelhöfer Straße,0.1476506558812283,2987.6101911007827,pc2,Park,False,False,8.028004673202755,20,2,0.0
1624349847.4955392,2021-06-22T08:17:27.495539Z,52.50971333333333,13.351841666666669,2,4,S1,1624349847.4955392,23.45289,-60.99545500000001,-40.144635,0.00206613125,42.0,300.75,6.75,0.5044815500000001,8,20,2021-06-22 10:17:27,52.50971333333333,13.351841666666669,33.5,0.0,262.5,0.065,0.04,18.14,18.14,14.06,0.77,1011.9,4.07,0.97,3.0,16.093,2.15329,Klingelhöfer Straße,0.1384224936689991,2987.6101911007827,pc2,Park,2021-06-22 10:17:27,52.509726666666666,13.351726666666666,31.1,0.0,252.2,0.065,0.04,18.14,18.14,14.06,0.77,1011.9,4.07,0.97,3.0,16.093,2.15329,Klingelhöfer Straße,1.99908972551228,2993.0616037731816,pc4,Park,False,False,7.917259165109716,20,2,0.0
1624349847.5158825,2021-06-22T08:17:27.515882Z,52.509726666666666,13.351726666666666,4,2,S1,1624349847.5158825,24.89682105263158,-57.712031578947375,-36.7670947368421,0.0035504521052631,45.0,303.1578947368421,3.0,1.0638828421052633,8,19,2021-06-22 10:17:27,52.509726666666666,13.351726666666666,31.1,0.0,252.2,0.065,0.04,18.14,18.14,14.06,0.77,1011.9,4.07,0.97,3.0,16.093,2.15329,Klingelhöfer Straße,1.99908972551228,2993.0616037731816,pc4,Park,2021-06-22 10:17:27,52.50971333333333,13.351841666666669,33.5,0.0,262.5,0.065,0.04,18.14,18.14,14.06,0.77,1011.9,4.07,0.97,3.0,16.093,2.15329,Klingelhöfer Straße,0.1384224936689991,2987.6101911007827,pc2,Park,False,False,7.917259165109716,20,2,0.05
1624349848.5052972,2021-06-22T08:17:28.505297Z,52.509715,13.351841666666669,2,4,S1,1624349848.5052972,22.860175,-61.21414,-40.18242,0.0027963809999999,42.0,401.5,9.0,0.47978475,8,20,2021-06-22 10:17:28,52.509715,13.351841666666669,33.3,0.0,262.5,0.065,0.04,18.14,18.14,14.06,0.77,1011.9,4.07,0.97,3.0,16.093,2.15329,Klingelhöfer Straße,0.0461407477244952,2987.6101911007827,pc2,Park,2021-06-22 10:17:28,52.509726666666666,13.351726666666666,31.1,0.0,252.2,0.065,0.04,18.14,18.14,14.06,0.77,1011.9,4.07,0.97,3.0,16.093,2.15329,Klingelhöfer Straße,1.99908972551228,2993.0616037731816,pc4,Park,False,False,7.884641104765419,20,2,0.0
1624349848.508608,2021-06-22T08:17:28.508607Z,52.509726666666666,13.351726666666666,4,2,S1,1624349848.508608,25.429085,-57.93526000000001,-36.94834,0.0030552628499999,45.0,402.35,3.8,1.1767542,8,20,2021-06-22 10:17:28,52.509726666666666,13.351726666666666,31.1,0.0,252.2,0.065,0.04,18.14,18.14,14.06,0.77,1011.9,4.07,0.97,3.0,16.093,2.15329,Klingelhöfer Straße,1.99908972551228,2993.0616037731816,pc4,Park,2021-06-22 10:17:28,52.509715,13.351841666666669,33.3,0.0,262.5,0.065,0.04,18.14,18.14,14.06,0.77,1011.9,4.07,0.97,3.0,16.093,2.15329,Klingelhöfer Straße,0.0461407477244952,2987.6101911007827,pc2,Park,False,False,7.884641104765419,20,2,0.0
1624349849.5052996,2021-06-22T08:17:29.505299Z,52.509715,13.351841666666669,2,4,S1,1624349849.5052996,21.328604,-59.922465,-38.92694,0.0105094003,42.0,501.5,9.0,0.65338445,8,20,2021-06-22 10:17:29,52.509715,13.351841666666669,33.3,0.0,262.5,0.065,0.04,18.14,18.14,14.06,0.77,1011.9,4.07,0.97,3.0,16.093,2.15329,Klingelhöfer Straße,0.0461407477244952,2987.6101911007827,pc2,Park,2021-06-22 10:17:29,52.509726666666666,13.351726666666666,31.1,0.0,252.2,0.065,0.04,18.14,18.14,14.06,0.77,1011.9,4.07,0.97,3.0,16.093,2.15329,Klingelhöfer Straße,1.99908972551228,2993.0616037731816,pc4,Park,False,False,7.884641104765419,20,2,0.0
1624349849.5098028,2021-06-22T08:17:29.509802Z,52.509726666666666,13.351726666666666,4,2,S1,1624349849.5098028,25.68899,-55.65739,-33.87325,0.004613739,45.0,502.45,4.0,1.6867353,8,20,2021-06-22 10:17:29,52.509726666666666,13.351726666666666,31.1,0.0,252.2,0.065,0.04,18.14,18.14,14.06,0.77,1011.9,4.07,0.97,3.0,16.093,2.15329,Klingelhöfer Straße,1.99908972551228,2993.0616037731816,pc4,Park,2021-06-22 10:17:29,52.509715,13.351841666666669,33.3,0.0,262.5,0.065,0.04,18.14,18.14,14.06,0.77,1011.9,4.07,0.97,3.0,16.093,2.15329,Klingelhöfer Straße,0.0461407477244952,2987.6101911007827,pc2,Park,False,False,7.884641104765419,20,2,0.0
1624349850.5053115,2021-06-22T08:17:30.505311Z,52.509715,13.351841666666669,2,4,S1,1624349850.5053115,22.07687,-63.727340000000005,-42.752545,0.0016886516,42.0,601.5,9.0,0.364353455,8,20,2021-06-22 10:17:30,52.509715,13.351841666666669,33.3,0.0,262.5,0.065,0.04,18.14,18.14,14.06,0.77,1011.9,4.07,0.97,3.0,16.093,2.15329,Klingelhöfer Straße,0.0461407477244952,2987.6101911007827,pc2,Park,2021-06-22 10:17:30,52.509726666666666,13.351726666666666,31.1,0.0,252.2,0.065,0.04,18.14,18.14,14.06,0.77,1011.9,4.07,0.97,3.0,16.093,2.15329,Klingelhöfer Straße,1.99908972551228,2993.0616037731816,pc4,Park,False,False,7.884641104765419,20,2,0.0
1624349850.5093126,2021-06-22T08:17:30.509312Z,52.509726666666666,13.351726666666666,4,2,S1,1624349850.5093126,24.671605,-59.578905,-38.59401,0.002583417,45.0,602.5,3.0,0.993530225,8,20,2021-06-22 10:17:30,52.509726666666666,13.351726666666666,31.1,0.0,252.2,0.065,0.04,18.14,18.14,14.06,0.77,1011.9,4.07,0.97,3.0,16.093,2.15329,Klingelhöfer Straße,1.99908972551228,2993.0616037731816,pc4,Park,2021-06-22 10:17:30,52.509715,13.351841666666669,33.3,0.0,262.5,0.065,0.04,18.14,18.14,14.06,0.77,1011.9,4.07,0.97,3.0,16.093,2.15329,Klingelhöfer Straße,0.0461407477244952,2987.6101911007827,pc2,Park,False,False,7.884641104765419,20,2,0.0
1624349851.5052972,2021-06-22T08:17:31.505297Z,52.509715,13.351841666666669,2,4,S1,1624349851.5052972,23.162125,-61.4215,-40.57583,0.0020207207,42.0,701.5,9.0,0.47107725,8,20,2021-06-22 10:17:31,52.509715,13.351841666666669,33.3,0.0,262.5,0.065,0.04,18.14,18.14,14.06,0.77,1011.9,4.07,0.97,3.0,16.093,2.15329,Klingelhöfer Straße,0.0461407477244952,2987.6101911007827,pc2,Park,2021-06-22 10:17:31,52.509726666666666,13.351726666666666,31.1,0.0,252.2,0.065,0.04,18.14,18.14,14.06,0.77,1011.9,4.07,0.97,3.0,16.093,2.15329,Klingelhöfer Straße,1.99908972551228,2993.0616037731816,pc4,Park,False,False,7.884641104765419,20,2,0.0
1624349851.5126307,2021-06-22T08:17:31.512630Z,52.509726666666666,13.351726666666666,4,2,S1,1624349851.5126307,26.14437,-57.87806500000001,-37.018405,0.002394947,45.0,702.5,6.3,1.0902133,8,20,2021-06-22 10:17:31,52.509726666666666,13.351726666666666,31.1,0.0,252.2,0.065,0.04,18.14,18.14,14.06,0.77,1011.9,4.07,0.97,3.0,16.093,2.15329,Klingelhöfer Straße,1.99908972551228,2993.0616037731816,pc4,Park,2021-06-22 10:17:31,52.509715,13.351841666666669,33.3,0.0,262.5,0.065,0.04,18.14,18.14,14.06,0.77,1011.9,4.07,0.97,3.0,16.093,2.15329,Klingelhöfer Straße,0.0461407477244952,2987.6101911007827,pc2,Park,False,False,7.884641104765419,20,2,0.0
1624349852.4979532,2021-06-22T08:17:32.497953Z,52.509726666666666,13.351726666666666,4,2,S1,1624349852.4979532,24.5119,-59.87075789473684,-38.97463684210526,0.0022943826315789,45.0,800.7894736842105,8.736842105263158,0.7056785263157895,8,19,2021-06-22 10:17:32,52.509726666666666,13.351726666666666,31.1,0.0,252.2,0.065,0.04,18.14,18.14,14.06,0.77,1011.9,4.07,0.97,3.0,16.093,2.15329,Klingelhöfer Straße,1.99908972551228,2993.0616037731816,pc4,Park,2021-06-22 10:17:32,52.509715,13.351841666666669,33.3,0.0,262.5,0.065,0.04,18.14,18.14,14.06,0.77,1011.9,4.07,0.97,3.0,16.093,2.15329,Klingelhöfer Straße,0.0461407477244952,2987.6101911007827,pc2,Park,False,False,7.884641104765419,20,2,0.05
1624349852.5053158,2021-06-22T08:17:32.505315Z,52.509715,13.351841666666669,2,4,S1,1624349852.5053158,21.77034,-64.0823,-43.16853,0.0016658941,42.0,801.5,9.0,0.2879887499999999,8,20,2021-06-22 10:17:32,52.509715,13.351841666666669,33.3,0.0,262.5,0.065,0.04,18.14,18.14,14.06,0.77,1011.9,4.07,0.97,3.0,16.093,2.15329,Klingelhöfer Straße,0.0461407477244952,2987.6101911007827,pc2,Park,2021-06-22 10:17:32,52.509726666666666,13.351726666666666,31.1,0.0,252.2,0.065,0.04,18.14,18.14,14.06,0.77,1011.9,4.07,0.97,3.0,16.093,2.15329,Klingelhöfer Straße,1.99908972551228,2993.0616037731816,pc4,Park,False,False,7.884641104765419,20,2,0.0
1624349853.4943044,2021-06-22T08:17:33.494304Z,52.509726666666666,13.351726666666666,4,2,S1,1624349853.4943044,23.953495,-59.773745,-38.877915,0.002984858,45.0,900.5,8.0,0.876511925,8,20,2021-06-22 10:17:33,52.509726666666666,13.351726666666666,31.1,0.0,252.2,0.065,0.04,18.14,18.14,14.06,0.77,1011.9,4.07,0.97,3.0,16.093,2.15329,Klingelhöfer Straße,1.99908972551228,2993.0616037731816,pc4,Park,2021-06-22 10:17:33,52.509715,13.351841666666669,33.3,0.0,262.5,0.065,0.04,18.14,18.14,14.06,0.77,1011.9,4.07,0.97,3.0,16.093,2.15329,Klingelhöfer Straße,0.0461407477244952,2987.6101911007827,pc2,Park,False,False,7.884641104765419,20,2,0.0
1624349853.5053124,2021-06-22T08:17:33.505312Z,52.509715,13.351841666666669,2,4,S1,1624349853.5053124,22.078285,-63.592735000000005,-42.717705,0.00179120745,42.0,901.5,9.0,0.305651845,8,20,2021-06-22 10:17:33,52.509715,13.351841666666669,33.3,0.0,262.5,0.065,0.04,18.14,18.14,14.06,0.77,1011.9,4.07,0.97,3.0,16.093,2.15329,Klingelhöfer Straße,0.0461407477244952,2987.6101911007827,pc2,Park,2021-06-22 10:17:33,52.509726666666666,13.351726666666666,31.1,0.0,252.2,0.065,0.04,18.14,18.14,14.06,0.77,1011.9,4.07,0.97,3.0,16.093,2.15329,Klingelhöfer Straße,1.99908972551228,2993.0616037731816,pc4,Park,False,False,7.884641104765419,20,2,0.0
1624349854.505309,2021-06-22T08:17:34.505309Z,52.509715,13.351841666666669,2,4,S1,1624349854.505309,21.108315,-65.14433,-44.236525,0.0014403063,42.0,694.3,9.0,0.242310895,8,20,2021-06-22 10:17:34,52.509715,13.351841666666669,33.3,0.0,262.5,0.065,0.04,18.14,18.14,14.06,0.77,1011.9,4.07,0.97,3.0,16.093,2.15329,Klingelhöfer Straße,0.0461407477244952,2987.6101911007827,pc2,Park,2021-06-22 10:17:34,52.509726666666666,13.351726666666666,31.1,0.0,252.2,0.065,0.04,18.14,18.14,14.06,0.77,1011.9,4.07,0.97,3.0,16.093,2.15329,Klingelhöfer Straße,1.99908972551228,2993.0616037731816,pc4,Park,False,False,7.884641104765419,20,2,0.0
1624349854.5123053,2021-06-22T08:17:34.512305Z,52.509726666666666,13.351726666666666,4,2,S1,1624349854.5123053,23.25533,-60.716150000000006,-39.909355,0.0027653959,45.0,695.1,8.0,0.69333071,8,20,2021-06-22 10:17:34,52.509726666666666,13.351726666666666,31.1,0.0,252.2,0.065,0.04,18.14,18.14,14.06,0.77,1011.9,4.07,0.97,3.0,16.093,2.15329,Klingelhöfer Straße,1.99908972551228,2993.0616037731816,pc4,Park,2021-06-22 10:17:34,52.509715,13.351841666666669,33.3,0.0,262.5,0.065,0.04,18.14,18.14,14.06,0.77,1011.9,4.07,0.97,3.0,16.093,2.15329,Klingelhöfer Straße,0.0461407477244952,2987.6101911007827,pc2,Park,False,False,7.884641104765419,20,2,0.0
1624349855.5078614,2021-06-22T08:17:35.507861Z,52.509715,13.351841666666669,2,4,S1,1624349855.5078614,23.816205,-59.55499999999999,-38.64024,0.0026698645,42.0,77.8,8.55,0.7185370499999999,8,20,2021-06-22 10:17:35,52.509715,13.351841666666669,33.3,0.0,262.5,0.065,0.04,18.14,18.14,14.06,0.77,1011.9,4.07,0.97,3.0,16.093,2.15329,Klingelhöfer Straße,0.0461407477244952,2987.6101911007827,pc2,Park,2021-06-22 10:17:35,52.509726666666666,13.351726666666666,31.1,0.0,252.2,0.065,0.04,18.14,18.14,14.06,0.77,1011.9,4.07,0.97,3.0,16.093,2.15329,Klingelhöfer Straße,1.99908972551228,2993.0616037731816,pc4,Park,False,False,7.884641104765419,20,2,0.0
1624349855.524299,2021-06-22T08:17:35.524298Z,52.509726666666666,13.351726666666666,4,2,S1,1624349855.524299,25.776345,-55.671665,-34.74822,0.005297086,45.0,79.5,8.0,1.88353915,8,20,2021-06-22 10:17:35,52.509726666666666,13.351726666666666,31.1,0.0,252.2,0.065,0.04,18.14,18.14,14.06,0.77,1011.9,4.07,0.97,3.0,16.093,2.15329,Klingelhöfer Straße,1.99908972551228,2993.0616037731816,pc4,Park,2021-06-22 10:17:35,52.509715,13.351841666666669,33.3,0.0,262.5,0.065,0.04,18.14,18.14,14.06,0.77,1011.9,4.07,0.97,3.0,16.093,2.15329,Klingelhöfer Straße,0.0461407477244952,2987.6101911007827,pc2,Park,False,False,7.884641104765419,20,2,0.0
1624349856.522925,2021-06-22T08:17:36.522924Z,52.509715,13.351841666666669,2,4,S1,1624349856.522925,21.810865,-63.76021,-42.69959,0.00181790865,42.0,179.5,6.0,0.36761949,8,20,2021-06-22 10:17:36,52.509715,13.351841666666669,33.3,0.0,262.5,0.065,0.04,18.14,18.14,14.06,0.77,1011.9,4.07,0.97,3.0,16.093,2.15329,Klingelhöfer Straße,0.0461407477244952,2987.6101911007827,pc2,Park,2021-06-22 10:17:36,52.509726666666666,13.351726666666666,31.1,0.0,252.2,0.065,0.04,18.14,18.14,14.06,0.77,1011.9,4.07,0.97,3.0,16.093,2.15329,Klingelhöfer Straße,1.99908972551228,2993.0616037731816,pc4,Park,False,False,7.884641104765419,20,2,0.0
1624349856.5282395,2021-06-22T08:17:36.528239Z,52.509726666666666,13.351726666666666,4,2,S1,1624349856.5282395,23.649015789473683,-58.65203684210526,-37.58702105263158,0.0057898384210526,45.0,179.89473684210526,8.0,0.9648652105263158,8,19,2021-06-22 10:17:36,52.509726666666666,13.351726666666666,31.1,0.0,252.2,0.065,0.04,18.14,18.14,14.06,0.77,1011.9,4.07,0.97,3.0,16.093,2.15329,Klingelhöfer Straße,1.99908972551228,2993.0616037731816,pc4,Park,2021-06-22 10:17:36,52.509715,13.351841666666669,33.3,0.0,262.5,0.065,0.04,18.14,18.14,14.06,0.77,1011.9,4.07,0.97,3.0,16.093,2.15329,Klingelhöfer Straße,0.0461407477244952,2987.6101911007827,pc2,Park,False,False,7.884641104765419,20,2,0.05
1624349857.5126722,2021-06-22T08:17:37.512672Z,52.509726666666666,13.351726666666666,4,2,S1,1624349857.5126722,24.565773684210527,-57.37898947368421,-35.34261052631579,0.0079807210526315,45.0,278.7894736842105,3.473684210526316,1.1914572105263157,8,19,2021-06-22 10:17:37,52.509726666666666,13.351726666666666,31.1,0.0,252.2,0.065,0.04,18.14,18.14,14.06,0.77,1011.9,4.07,0.97,3.0,16.093,2.15329,Klingelhöfer Straße,1.99908972551228,2993.0616037731816,pc4,Park,2021-06-22 10:17:37,52.509715,13.351841666666669,33.3,0.0,262.5,0.065,0.04,18.14,18.14,14.06,0.77,1011.9,4.07,0.97,3.0,16.093,2.15329,Klingelhöfer Straße,0.0461407477244952,2987.6101911007827,pc2,Park,False,False,7.884641104765419,20,2,0.05
1624349857.522305,2021-06-22T08:17:37.522305Z,52.509715,13.351841666666669,2,4,S1,1624349857.522305,22.74567,-61.589345,-40.72423,0.0021927525,42.0,279.5,6.0,0.45625355,8,20,2021-06-22 10:17:37,52.509715,13.351841666666669,33.3,0.0,262.5,0.065,0.04,18.14,18.14,14.06,0.77,1011.9,4.07,0.97,3.0,16.093,2.15329,Klingelhöfer Straße,0.0461407477244952,2987.6101911007827,pc2,Park,2021-06-22 10:17:37,52.509726666666666,13.351726666666666,31.1,0.0,252.2,0.065,0.04,18.14,18.14,14.06,0.77,1011.9,4.07,0.97,3.0,16.093,2.15329,Klingelhöfer Straße,1.99908972551228,2993.0616037731816,pc4,Park,False,False,7.884641104765419,20,2,0.0
1624349858.496325,2021-06-22T08:17:38.496325Z,52.509726666666666,13.351726666666666,4,2,S1,1624349858.496325,19.5522885,-57.00317,-35.585455,0.0751573545,45.0,377.5,0.0,1.2303662,8,20,2021-06-22 10:17:38,52.509726666666666,13.351726666666666,31.1,0.0,252.2,0.065,0.04,18.14,18.14,14.06,0.77,1011.9,4.07,0.97,3.0,16.093,2.15329,Klingelhöfer Straße,1.99908972551228,2993.0616037731816,pc4,Park,2021-06-22 10:17:38,52.509715,13.351843333333331,33.3,0.0,262.5,0.065,0.04,18.14,18.14,14.06,0.77,1011.9,4.07,0.97,3.0,16.093,2.15329,Klingelhöfer Straße,0.0369125855146119,2987.6101911007827,pc2,Park,False,False,7.995837465442924,20,2,0.0
1624349858.5223162,2021-06-22T08:17:38.522316Z,52.509715,13.351843333333331,2,4,S1,1624349858.5223162,22.8701,-60.90789,-40.09809,0.0024151605,42.0,379.5,6.0,0.5066476,8,20,2021-06-22 10:17:38,52.509715,13.351843333333331,33.3,0.0,262.5,0.065,0.04,18.14,18.14,14.06,0.77,1011.9,4.07,0.97,3.0,16.093,2.15329,Klingelhöfer Straße,0.0369125855146119,2987.6101911007827,pc2,Park,2021-06-22 10:17:38,52.509726666666666,13.351726666666666,31.1,0.0,252.2,0.065,0.04,18.14,18.14,14.06,0.77,1011.9,4.07,0.97,3.0,16.093,2.15329,Klingelhöfer Straße,1.99908972551228,2993.0616037731816,pc4,Park,False,False,7.995837465442924,20,2,0.0
1624349859.5000892,2021-06-22T08:17:39.500089Z,52.509726666666666,13.351726666666666,4,2,S1,1624349859.5000892,25.4437965,-56.251045,-34.12977,0.0124288455,45.0,477.75,1.25,1.5427874,8,20,2021-06-22 10:17:39,52.509726666666666,13.351726666666666,31.1,0.0,252.2,0.065,0.04,18.14,18.14,14.06,0.77,1011.9,4.07,0.97,3.0,16.093,2.15329,Klingelhöfer Straße,1.99908972551228,2993.0616037731816,pc4,Park,2021-06-22 10:17:39,52.509715,13.351843333333331,33.3,0.0,262.5,0.065,0.04,18.14,18.14,14.06,0.77,1011.9,4.07,0.97,3.0,16.093,2.15329,Klingelhöfer Straße,0.0369125855146119,2987.6101911007827,pc2,Park,False,False,7.995837465442924,20,2,0.0
1624349859.522305,2021-06-22T08:17:39.522305Z,52.509715,13.351843333333331,2,4,S1,1624349859.522305,23.016185,-60.23071,-39.406065,0.0029384855,42.0,479.5,6.0,0.63212485,8,20,2021-06-22 10:17:39,52.509715,13.351843333333331,33.3,0.0,262.5,0.065,0.04,18.14,18.14,14.06,0.77,1011.9,4.07,0.97,3.0,16.093,2.15329,Klingelhöfer Straße,0.0369125855146119,2987.6101911007827,pc2,Park,2021-06-22 10:17:39,52.509726666666666,13.351726666666666,31.1,0.0,252.2,0.065,0.04,18.14,18.14,14.06,0.77,1011.9,4.07,0.97,3.0,16.093,2.15329,Klingelhöfer Straße,1.99908972551228,2993.0616037731816,pc4,Park,False,False,7.995837465442924,20,2,0.0
1624349860.5025885,2021-06-22T08:17:40.502588Z,52.509715,13.351843333333331,2,4,S1,1624349860.5025885,23.23051052631579,-60.08676842105263,-39.22096315789474,0.0027008557894736,42.0,577.5263157894736,6.0,0.6113037894736842,8,19,2021-06-22 10:17:40,52.509715,13.351843333333331,33.3,0.0,262.5,0.065,0.04,18.14,18.14,14.06,0.77,1011.9,4.07,0.97,3.0,16.093,2.15329,Klingelhöfer Straße,0.0369125855146119,2987.6101911007827,pc2,Park,2021-06-22 10:17:40,52.509726666666666,13.351726666666666,31.1,0.0,252.2,0.065,0.04,18.14,18.14,14.06,0.77,1011.9,4.07,0.97,3.0,16.093,2.15329,Klingelhöfer Straße,1.99908972551228,2993.0616037731816,pc4,Park,False,False,7.995837465442924,20,2,0.05
1624349860.5062258,2021-06-22T08:17:40.506225Z,52.509726666666666,13.351726666666666,4,2,S1,1624349860.5062258,25.70467,-56.37148,-35.113205,0.0048971545,45.0,577.9,5.9,1.4337408,8,20,2021-06-22 10:17:40,52.509726666666666,13.351726666666666,31.1,0.0,252.2,0.065,0.04,18.14,18.14,14.06,0.77,1011.9,4.07,0.97,3.0,16.093,2.15329,Klingelhöfer Straße,1.99908972551228,2993.0616037731816,pc4,Park,2021-06-22 10:17:40,52.509715,13.351843333333331,33.3,0.0,262.5,0.065,0.04,18.14,18.14,14.06,0.77,1011.9,4.07,0.97,3.0,16.093,2.15329,Klingelhöfer Straße,0.0369125855146119,2987.6101911007827,pc2,Park,False,False,7.995837465442924,20,2,0.0
1624349861.4923074,2021-06-22T08:17:41.492307Z,52.509715,13.351843333333331,2,4,S1,1624349861.4923074,22.91856,-61.95351000000001,-41.053375,0.00204744195,42.0,676.5,6.0,0.4116201,8,20,2021-06-22 10:17:41,52.509715,13.351843333333331,33.3,0.0,262.5,0.065,0.04,18.14,18.14,14.06,0.77,1011.9,4.07,0.97,3.0,16.093,2.15329,Klingelhöfer Straße,0.0369125855146119,2987.6101911007827,pc2,Park,2021-06-22 10:17:41,52.509726666666666,13.351726666666666,31.1,0.0,252.2,0.065,0.04,18.14,18.14,14.06,0.77,1011.9,4.07,0.97,3.0,16.093,2.15329,Klingelhöfer Straße,1.99908972551228,2993.0616037731816,pc4,Park,False,False,7.995837465442924,20,2,0.0
1624349861.4988072,2021-06-22T08:17:41.498807Z,52.509726666666666,13.351726666666666,4,2,S1,1624349861.4988072,25.823555,-57.744475,-36.91762,0.002601446,45.0,677.25,5.0,1.0523021,8,20,2021-06-22 10:17:41,52.509726666666666,13.351726666666666,31.1,0.0,252.2,0.065,0.04,18.14,18.14,14.06,0.77,1011.9,4.07,0.97,3.0,16.093,2.15329,Klingelhöfer Straße,1.99908972551228,2993.0616037731816,pc4,Park,2021-06-22 10:17:41,52.509715,13.351843333333331,33.3,0.0,262.5,0.065,0.04,18.14,18.14,14.06,0.77,1011.9,4.07,0.97,3.0,16.093,2.15329,Klingelhöfer Straße,0.0369125855146119,2987.6101911007827,pc2,Park,False,False,7.995837465442924,20,2,0.0
1624349862.4923265,2021-06-22T08:17:42.492326Z,52.509715,13.351843333333331,2,4,S1,1624349862.4923265,23.77902,-60.55425,-39.749245,0.00220981625,42.0,776.5,6.0,0.5900886,8,20,2021-06-22 10:17:42,52.509715,13.351843333333331,33.3,0.0,262.5,0.065,0.04,18.14,18.14,14.06,0.77,1011.9,4.07,0.97,3.0,16.093,2.15329,Klingelhöfer Straße,0.0369125855146119,2987.6101911007827,pc2,Park,2021-06-22 10:17:42,52.509726666666666,13.351726666666666,31.1,0.0,252.2,0.065,0.04,18.14,18.14,14.06,0.77,1011.9,4.07,0.97,3.0,16.093,2.15329,Klingelhöfer Straße,1.99908972551228,2993.0616037731816,pc4,Park,False,False,7.995837465442924,20,2,0.0
1624349862.5003238,2021-06-22T08:17:42.500323Z,52.509726666666666,13.351726666666666,4,2,S1,1624349862.5003238,24.7105,-57.178255,-36.438225,0.0041096825,45.0,777.5,4.0,1.2541821,8,20,2021-06-22 10:17:42,52.509726666666666,13.351726666666666,31.1,0.0,252.2,0.065,0.04,18.14,18.14,14.06,0.77,1011.9,4.07,0.97,3.0,16.093,2.15329,Klingelhöfer Straße,1.99908972551228,2993.0616037731816,pc4,Park,2021-06-22 10:17:42,52.509715,13.351843333333331,33.3,0.0,262.5,0.065,0.04,18.14,18.14,14.06,0.77,1011.9,4.07,0.97,3.0,16.093,2.15329,Klingelhöfer Straße,0.0369125855146119,2987.6101911007827,pc2,Park,False,False,7.995837465442924,20,2,0.0
1624349863.5003152,2021-06-22T08:17:43.500315Z,52.509726666666666,13.351726666666666,4,2,S1,1624349863.5003152,25.52216,-57.731245,-36.88222,0.002741862,45.0,877.5,4.0,1.03065285,8,20,2021-06-22 10:17:43,52.509726666666666,13.351726666666666,31.1,0.0,252.2,0.065,0.04,18.14,18.14,14.06,0.77,1011.9,4.07,0.97,3.0,16.093,2.15329,Klingelhöfer Straße,1.99908972551228,2993.0616037731816,pc4,Park,2021-06-22 10:17:43,52.509715,13.351843333333331,33.3,0.0,262.5,0.065,0.04,18.14,18.14,14.06,0.77,1011.9,4.07,0.97,3.0,16.093,2.15329,Klingelhöfer Straße,0.0369125855146119,2987.6101911007827,pc2,Park,False,False,7.995837465442924,20,2,0.0
1624349863.5084586,2021-06-22T08:17:43.508458Z,52.509715,13.351843333333331,2,4,S1,1624349863.5084586,22.774520000000003,-61.65423,-40.64602,0.0021830785,42.0,878.2,5.15,0.43223801,8,20,2021-06-22 10:17:43,52.509715,13.351843333333331,33.3,0.0,262.5,0.065,0.04,18.14,18.14,14.06,0.77,1011.9,4.07,0.97,3.0,16.093,2.15329,Klingelhöfer Straße,0.0369125855146119,2987.6101911007827,pc2,Park,2021-06-22 10:17:43,52.509726666666666,13.351726666666666,31.1,0.0,252.2,0.065,0.04,18.14,18.14,14.06,0.77,1011.9,4.07,0.97,3.0,16.093,2.15329,Klingelhöfer Straße,1.99908972551228,2993.0616037731816,pc4,Park,False,False,7.995837465442924,20,2,0.0
1624349864.4995582,2021-06-22T08:17:44.499558Z,52.509726666666666,13.351726666666666,4,2,S1,1624349864.4995582,25.4198,-58.00352,-37.168145,0.002699633,45.0,926.15,4.75,1.01898785,8,20,2021-06-22 10:17:44,52.509726666666666,13.351726666666666,31.1,0.0,252.2,0.065,0.04,18.14,18.14,14.06,0.77,1011.9,4.07,0.97,3.0,16.093,2.15329,Klingelhöfer Straße,1.99908972551228,2993.0616037731816,pc4,Park,2021-06-22 10:17:44,52.509715,13.351843333333331,33.3,0.0,262.5,0.065,0.04,18.14,18.14,14.06,0.77,1011.9,4.07,0.97,3.0,16.093,2.15329,Klingelhöfer Straße,0.0369125855146119,2987.6101911007827,pc2,Park,False,False,7.995837465442924,20,2,0.0
1624349864.511933,2021-06-22T08:17:44.511933Z,52.509715,13.351843333333331,2,4,S1,1624349864.511933,20.757060000000003,-62.364610000000006,-41.34392,0.00397391425,42.0,927.4,4.6,0.3794828,8,20,2021-06-22 10:17:44,52.509715,13.351843333333331,33.3,0.0,262.5,0.065,0.04,18.14,18.14,14.06,0.77,1011.9,4.07,0.97,3.0,16.093,2.15329,Klingelhöfer Straße,0.0369125855146119,2987.6101911007827,pc2,Park,2021-06-22 10:17:44,52.509726666666666,13.351726666666666,31.1,0.0,252.2,0.065,0.04,18.14,18.14,14.06,0.77,1011.9,4.07,0.97,3.0,16.093,2.15329,Klingelhöfer Straße,1.99908972551228,2993.0616037731816,pc4,Park,False,False,7.995837465442924,20,2,0.0
1624349865.4957583,2021-06-22T08:17:45.495758Z,52.509726666666666,13.351726666666666,4,2,S1,1624349865.4957583,25.089225,-57.501195,-36.734575,0.003518143,45.0,52.65,7.95,1.1171465,8,20,2021-06-22 10:17:45,52.509726666666666,13.351726666666666,31.2,0.0,252.2,0.065,0.04,18.14,18.14,14.06,0.77,1011.9,4.07,0.97,3.0,16.093,2.15329,Klingelhöfer Straße,1.99908972551228,2993.0616037731816,pc4,Park,2021-06-22 10:17:45,52.509715,13.351843333333331,33.3,0.0,262.5,0.065,0.04,18.14,18.14,14.06,0.77,1011.9,4.07,0.97,3.0,16.093,2.15329,Klingelhöfer Straße,0.0369125855146119,2987.6101911007827,pc2,Park,False,False,7.995837465442924,20,2,0.0
1624349865.517316,2021-06-22T08:17:45.517316Z,52.509715,13.351843333333331,2,4,S1,1624349865.517316,23.80087,-61.369505,-40.614065,0.0017408657,42.0,55.5,1.0,0.46416405,8,20,2021-06-22 10:17:45,52.509715,13.351843333333331,33.3,0.0,262.5,0.065,0.04,18.14,18.14,14.06,0.77,1011.9,4.07,0.97,3.0,16.093,2.15329,Klingelhöfer Straße,0.0369125855146119,2987.6101911007827,pc2,Park,2021-06-22 10:17:45,52.509726666666666,13.351726666666666,31.2,0.0,252.2,0.065,0.04,18.14,18.14,14.06,0.77,1011.9,4.07,0.97,3.0,16.093,2.15329,Klingelhöfer Straße,1.99908972551228,2993.0616037731816,pc4,Park,False,False,7.995837465442924,20,2,0.0
1624349866.4983137,2021-06-22T08:17:46.498313Z,52.509726666666666,13.351726666666666,4,2,S1,1624349866.4983137,24.69256,-56.8642,-36.084775,0.004689798,45.0,153.5,2.0,1.2921701,8,20,2021-06-22 10:17:46,52.509726666666666,13.351726666666666,31.2,0.0,252.2,0.065,0.04,18.14,18.14,14.06,0.77,1011.9,4.07,0.97,3.0,16.093,2.15329,Klingelhöfer Straße,1.99908972551228,2993.0616037731816,pc4,Park,2021-06-22 10:17:46,52.509715,13.351843333333331,33.3,0.0,262.5,0.065,0.04,18.14,18.14,14.06,0.77,1011.9,4.07,0.97,3.0,16.093,2.15329,Klingelhöfer Straße,0.0369125855146119,2987.6101911007827,pc2,Park,False,False,7.995837465442924,20,2,0.0
1624349866.5173106,2021-06-22T08:17:46.517310Z,52.509715,13.351843333333331,2,4,S1,1624349866.5173106,24.09193,-60.58479,-39.85111,0.0020182815,42.0,155.5,1.0,0.5644492999999999,8,20,2021-06-22 10:17:46,52.509715,13.351843333333331,33.3,0.0,262.5,0.065,0.04,18.14,18.14,14.06,0.77,1011.9,4.07,0.97,3.0,16.093,2.15329,Klingelhöfer Straße,0.0369125855146119,2987.6101911007827,pc2,Park,2021-06-22 10:17:46,52.509726666666666,13.351726666666666,31.2,0.0,252.2,0.065,0.04,18.14,18.14,14.06,0.77,1011.9,4.07,0.97,3.0,16.093,2.15329,Klingelhöfer Straße,1.99908972551228,2993.0616037731816,pc4,Park,False,False,7.995837465442924,20,2,0.0
1624349867.4983146,2021-06-22T08:17:47.498314Z,52.509726666666666,13.351726666666666,4,2,S1,1624349867.4983146,25.695915000000003,-56.44446000000001,-35.633095000000004,0.0037621435,45.0,253.5,2.0,1.35969565,8,20,2021-06-22 10:17:47,52.509726666666666,13.351726666666666,31.2,0.0,252.2,0.065,0.04,18.14,18.14,14.06,0.77,1011.9,4.07,0.97,3.0,16.093,2.15329,Klingelhöfer Straße,1.99908972551228,2993.0616037731816,pc4,Park,2021-06-22 10:17:47,52.509715,13.351843333333331,33.3,0.0,262.5,0.065,0.04,18.14,18.14,14.06,0.77,1011.9,4.07,0.97,3.0,16.093,2.15329,Klingelhöfer Straße,0.0369125855146119,2987.6101911007827,pc2,Park,False,False,7.995837465442924,20,2,0.0
1624349867.5173,2021-06-22T08:17:47.517300Z,52.509715,13.351843333333331,2,4,S1,1624349867.5173,24.048445,-60.986975,-40.141595,0.0017477775,42.0,255.5,1.0,0.4826126,8,20,2021-06-22 10:17:47,52.509715,13.351843333333331,33.3,0.0,262.5,0.065,0.04,18.14,18.14,14.06,0.77,1011.9,4.07,0.97,3.0,16.093,2.15329,Klingelhöfer Straße,0.0369125855146119,2987.6101911007827,pc2,Park,2021-06-22 10:17:47,52.509726666666666,13.351726666666666,31.2,0.0,252.2,0.065,0.04,18.14,18.14,14.06,0.77,1011.9,4.07,0.97,3.0,16.093,2.15329,Klingelhöfer Straße,1.99908972551228,2993.0616037731816,pc4,Park,False,False,7.995837465442924,20,2,0.0
1624349868.4976025,2021-06-22T08:17:48.497602Z,52.509726666666666,13.351726666666666,4,2,S1,1624349868.4976025,26.49152,-55.310865,-34.444914999999995,0.00400528,45.0,353.5,1.3,1.7828775,8,20,2021-06-22 10:17:48,52.509726666666666,13.351726666666666,31.1,0.0,252.2,0.065,0.04,18.14,18.14,14.06,0.77,1011.9,4.07,0.97,3.0,16.093,2.15329,Klingelhöfer Straße,1.99908972551228,2993.0616037731816,pc4,Park,2021-06-22 10:17:48,52.509715,13.351841666666669,33.3,0.0,262.5,0.065,0.04,18.14,18.14,14.06,0.77,1011.9,4.07,0.97,3.0,16.093,2.15329,Klingelhöfer Straße,0.0461407477244952,2987.6101911007827,pc2,Park,False,False,7.884641104765419,20,2,0.0
1624349868.5173252,2021-06-22T08:17:48.517325Z,52.509715,13.351841666666669,2,4,S1,1624349868.5173252,23.60159,-59.02177,-38.194085,0.003102317,42.0,355.5,1.0,0.7525989,8,20,2021-06-22 10:17:48,52.509715,13.351841666666669,33.3,0.0,262.5,0.065,0.04,18.14,18.14,14.06,0.77,1011.9,4.07,0.97,3.0,16.093,2.15329,Klingelhöfer Straße,0.0461407477244952,2987.6101911007827,pc2,Park,2021-06-22 10:17:48,52.509726666666666,13.351726666666666,31.1,0.0,252.2,0.065,0.04,18.14,18.14,14.06,0.77,1011.9,4.07,0.97,3.0,16.093,2.15329,Klingelhöfer Straße,1.99908972551228,2993.0616037731816,pc4,Park,False,False,7.884641104765419,20,2,0.0
1624349869.5035553,2021-06-22T08:17:49.503555Z,52.509726666666666,13.351726666666666,4,2,S1,1624349869.5035553,26.106465,-55.55255,-34.669015,0.004357146,45.0,454.0,2.25,1.7282629,8,20,2021-06-22 10:17:49,52.509726666666666,13.351726666666666,31.1,0.0,252.2,0.065,0.04,18.14,18.14,14.06,0.77,1011.9,4.07,0.97,3.0,16.093,2.15329,Klingelhöfer Straße,1.99908972551228,2993.0616037731816,pc4,Park,2021-06-22 10:17:49,52.509715,13.351841666666669,33.3,0.0,262.5,0.065,0.04,18.14,18.14,14.06,0.77,1011.9,4.07,0.97,3.0,16.093,2.15329,Klingelhöfer Straße,0.0461407477244952,2987.6101911007827,pc2,Park,False,False,7.884641104765419,20,2,0.0
1624349869.5167978,2021-06-22T08:17:49.516797Z,52.509715,13.351841666666669,2,4,S1,1624349869.5167978,23.203275,-59.70524,-38.84497,0.003117946,42.0,455.4,1.5,0.65808305,8,20,2021-06-22 10:17:49,52.509715,13.351841666666669,33.3,0.0,262.5,0.065,0.04,18.14,18.14,14.06,0.77,1011.9,4.07,0.97,3.0,16.093,2.15329,Klingelhöfer Straße,0.0461407477244952,2987.6101911007827,pc2,Park,2021-06-22 10:17:49,52.509726666666666,13.351726666666666,31.1,0.0,252.2,0.065,0.04,18.14,18.14,14.06,0.77,1011.9,4.07,0.97,3.0,16.093,2.15329,Klingelhöfer Straße,1.99908972551228,2993.0616037731816,pc4,Park,False,False,7.884641104765419,20,2,0.0
1624349870.5123146,2021-06-22T08:17:50.512314Z,52.509715,13.351841666666669,2,4,S1,1624349870.5123146,21.983600000000003,-64.62988,-43.634730000000005,0.0012744841,42.0,554.5,6.0,0.239459475,8,20,2021-06-22 10:17:50,52.509715,13.351841666666669,33.3,0.0,262.5,0.065,0.04,18.14,18.14,14.06,0.77,1011.9,4.07,0.97,3.0,16.093,2.15329,Klingelhöfer Straße,0.0461407477244952,2987.6101911007827,pc2,Park,2021-06-22 10:17:50,52.509726666666666,13.351726666666666,31.1,0.0,252.2,0.065,0.04,18.14,18.14,14.06,0.77,1011.9,4.07,0.97,3.0,16.093,2.15329,Klingelhöfer Straße,1.99908972551228,2993.0616037731816,pc4,Park,False,False,7.884641104765419,20,2,0.0
1624349870.522316,2021-06-22T08:17:50.522315Z,52.509726666666666,13.351726666666666,4,2,S1,1624349870.522316,24.67823,-59.820945,-38.869025,0.0022013358,45.0,555.5,6.0,0.719493,8,20,2021-06-22 10:17:50,52.509726666666666,13.351726666666666,31.1,0.0,252.2,0.065,0.04,18.14,18.14,14.06,0.77,1011.9,4.07,0.97,3.0,16.093,2.15329,Klingelhöfer Straße,1.99908972551228,2993.0616037731816,pc4,Park,2021-06-22 10:17:50,52.509715,13.351841666666669,33.3,0.0,262.5,0.065,0.04,18.14,18.14,14.06,0.77,1011.9,4.07,0.97,3.0,16.093,2.15329,Klingelhöfer Straße,0.0461407477244952,2987.6101911007827,pc2,Park,False,False,7.884641104765419,20,2,0.0
1624349871.5030994,2021-06-22T08:17:51.503099Z,52.509726666666666,13.351726666666666,4,2,S1,1624349871.5030994,24.863594736842103,-56.38875789473685,-35.495563157894736,0.0072242584210526,45.0,653.5263157894736,6.526315789473684,1.3976406315789474,8,19,2021-06-22 10:17:51,52.509726666666666,13.351726666666666,31.1,0.0,252.2,0.065,0.04,18.14,18.14,14.06,0.77,1011.9,4.07,0.97,3.0,16.093,2.15329,Klingelhöfer Straße,1.99908972551228,2993.0616037731816,pc4,Park,2021-06-22 10:17:51,52.50971333333333,13.351841666666669,33.2,0.0,262.5,0.065,0.04,18.14,18.14,14.06,0.77,1011.9,4.07,0.97,3.0,16.093,2.15329,Klingelhöfer Straße,0.1384224936689991,2987.6101911007827,pc2,Park,False,False,7.917259165109716,20,2,0.05
1624349871.5125685,2021-06-22T08:17:51.512568Z,52.50971333333333,13.351841666666669,2,4,S1,1624349871.5125685,22.737326315789478,-60.83768421052631,-39.92124210526316,0.0026317810526315,42.0,654.5263157894736,6.0,0.514938947368421,8,19,2021-06-22 10:17:51,52.50971333333333,13.351841666666669,33.2,0.0,262.5,0.065,0.04,18.14,18.14,14.06,0.77,1011.9,4.07,0.97,3.0,16.093,2.15329,Klingelhöfer Straße,0.1384224936689991,2987.6101911007827,pc2,Park,2021-06-22 10:17:51,52.509726666666666,13.351726666666666,31.1,0.0,252.2,0.065,0.04,18.14,18.14,14.06,0.77,1011.9,4.07,0.97,3.0,16.093,2.15329,Klingelhöfer Straße,1.99908972551228,2993.0616037731816,pc4,Park,False,False,7.917259165109716,20,2,0.05
1624349872.495739,2021-06-22T08:17:52.495738Z,52.509726666666666,13.351726666666666,4,2,S1,1624349872.495739,24.29152,-56.49491,-35.5738,0.0070902115,45.0,752.7,7.4,1.42430785,8,20,2021-06-22 10:17:52,52.509726666666666,13.351726666666666,31.1,0.0,252.2,0.065,0.04,18.14,18.14,14.06,0.77,1011.9,4.07,0.97,3.0,16.093,2.15329,Klingelhöfer Straße,1.99908972551228,2993.0616037731816,pc4,Park,2021-06-22 10:17:52,52.50971333333333,13.351841666666669,33.2,0.0,262.5,0.065,0.04,18.14,18.14,14.06,0.77,1011.9,4.07,0.97,3.0,16.093,2.15329,Klingelhöfer Straße,0.1384224936689991,2987.6101911007827,pc2,Park,False,False,7.917259165109716,20,2,0.0
1624349872.5028312,2021-06-22T08:17:52.502831Z,52.50971333333333,13.351841666666669,2,4,S1,1624349872.5028312,23.13993,-60.53808,-39.722175,0.0026980325,42.0,754.0,1.5,0.54967305,8,20,2021-06-22 10:17:52,52.50971333333333,13.351841666666669,33.2,0.0,262.5,0.065,0.04,18.14,18.14,14.06,0.77,1011.9,4.07,0.97,3.0,16.093,2.15329,Klingelhöfer Straße,0.1384224936689991,2987.6101911007827,pc2,Park,2021-06-22 10:17:52,52.509726666666666,13.351726666666666,31.1,0.0,252.2,0.065,0.04,18.14,18.14,14.06,0.77,1011.9,4.07,0.97,3.0,16.093,2.15329,Klingelhöfer Straße,1.99908972551228,2993.0616037731816,pc4,Park,False,False,7.917259165109716,20,2,0.0
1624349873.5063329,2021-06-22T08:17:53.506332Z,52.50971333333333,13.351841666666669,2,4,S1,1624349873.5063329,22.648785,-59.53771,-38.63349,0.00403083,42.0,854.5,0.0,0.6952391,8,20,2021-06-22 10:17:53,52.50971333333333,13.351841666666669,33.2,0.0,262.5,0.065,0.04,18.14,18.14,14.06,0.77,1011.9,4.07,0.97,3.0,16.093,2.15329,Klingelhöfer Straße,0.1384224936689991,2987.6101911007827,pc2,Park,2021-06-22 10:17:53,52.509726666666666,13.351726666666666,31.1,0.0,252.2,0.065,0.04,18.14,18.14,14.06,0.77,1011.9,4.07,0.97,3.0,16.093,2.15329,Klingelhöfer Straße,1.99908972551228,2993.0616037731816,pc4,Park,False,False,7.917259165109716,20,2,0.0
1624349873.511793,2021-06-22T08:17:53.511792Z,52.509726666666666,13.351726666666666,4,2,S1,1624349873.511793,22.398105,-54.94932,-33.734325,0.052426216,45.0,854.6,4.45,1.9924273,8,20,2021-06-22 10:17:53,52.509726666666666,13.351726666666666,31.1,0.0,252.2,0.065,0.04,18.14,18.14,14.06,0.77,1011.9,4.07,0.97,3.0,16.093,2.15329,Klingelhöfer Straße,1.99908972551228,2993.0616037731816,pc4,Park,2021-06-22 10:17:53,52.50971333333333,13.351841666666669,33.2,0.0,262.5,0.065,0.04,18.14,18.14,14.06,0.77,1011.9,4.07,0.97,3.0,16.093,2.15329,Klingelhöfer Straße,0.1384224936689991,2987.6101911007827,pc2,Park,False,False,7.917259165109716,20,2,0.0
1624349874.4955444,2021-06-22T08:17:54.495544Z,52.50971333333333,13.351841666666669,2,4,S1,1624349874.4955444,22.808147368421054,-60.42093157894736,-39.49545263157895,0.0047052104210526,42.0,953.2631578947368,1.5789473684210529,0.5969896842105263,8,19,2021-06-22 10:17:54,52.50971333333333,13.351841666666669,33.2,0.0,262.5,0.065,0.04,18.14,18.14,14.06,0.77,1011.9,4.07,0.97,3.0,16.093,2.15329,Klingelhöfer Straße,0.1384224936689991,2987.6101911007827,pc2,Park,2021-06-22 10:17:54,52.509726666666666,13.351726666666666,31.1,0.0,252.2,0.065,0.04,18.14,18.14,14.06,0.77,1011.9,4.07,0.97,3.0,16.093,2.15329,Klingelhöfer Straße,1.99908972551228,2993.0616037731816,pc4,Park,False,False,7.917259165109716,20,2,0.05
1624349874.5189636,2021-06-22T08:17:54.518963Z,52.509726666666666,13.351726666666666,4,2,S1,1624349874.5189636,22.760199,-56.294985,-34.947605,0.050353846,45.0,955.35,4.15,1.4830465,8,20,2021-06-22 10:17:54,52.509726666666666,13.351726666666666,31.1,0.0,252.2,0.065,0.04,18.14,18.14,14.06,0.77,1011.9,4.07,0.97,3.0,16.093,2.15329,Klingelhöfer Straße,1.99908972551228,2993.0616037731816,pc4,Park,2021-06-22 10:17:54,52.50971333333333,13.351841666666669,33.2,0.0,262.5,0.065,0.04,18.14,18.14,14.06,0.77,1011.9,4.07,0.97,3.0,16.093,2.15329,Klingelhöfer Straße,0.1384224936689991,2987.6101911007827,pc2,Park,False,False,7.917259165109716,20,2,0.0
1624349875.4993005,2021-06-22T08:17:55.499300Z,52.509726666666666,13.351726666666666,4,2,S1,1624349875.4993005,25.65574,-55.042815,-34.19834,0.0058277195,45.0,234.3,3.0,1.98098505,8,20,2021-06-22 10:17:55,52.509726666666666,13.351726666666666,31.1,0.0,252.2,0.065,0.04,18.14,18.14,14.06,0.77,1011.9,4.07,0.97,3.0,16.093,2.15329,Klingelhöfer Straße,1.99908972551228,2993.0616037731816,pc4,Park,2021-06-22 10:17:55,52.50971333333333,13.351841666666669,33.2,0.0,262.5,0.065,0.04,18.14,18.14,14.06,0.77,1011.9,4.07,0.97,3.0,16.093,2.15329,Klingelhöfer Straße,0.1384224936689991,2987.6101911007827,pc2,Park,False,False,7.917259165109716,20,2,0.0
1624349875.5013096,2021-06-22T08:17:55.501309Z,52.50971333333333,13.351841666666669,2,4,S1,1624349875.5013096,20.6871705,-59.1705,-38.15943,0.0159232425,42.0,234.3,5.0,0.7607404,8,20,2021-06-22 10:17:55,52.50971333333333,13.351841666666669,33.2,0.0,262.5,0.065,0.04,18.14,18.14,14.06,0.77,1011.9,4.07,0.97,3.0,16.093,2.15329,Klingelhöfer Straße,0.1384224936689991,2987.6101911007827,pc2,Park,2021-06-22 10:17:55,52.509726666666666,13.351726666666666,31.1,0.0,252.2,0.065,0.04,18.14,18.14,14.06,0.77,1011.9,4.07,0.97,3.0,16.093,2.15329,Klingelhöfer Straße,1.99908972551228,2993.0616037731816,pc4,Park,False,False,7.917259165109716,20,2,0.0
1624349876.4990852,2021-06-22T08:17:56.499085Z,52.50971333333333,13.351841666666669,2,4,S1,1624349876.4990852,23.135335,-59.50472499999999,-38.34433,0.0072884981,42.0,129.25,5.25,0.78501065,8,20,2021-06-22 10:17:56,52.50971333333333,13.351841666666669,33.2,0.0,262.5,0.065,0.04,18.14,18.14,14.06,0.77,1011.9,4.07,0.97,3.0,16.093,2.15329,Klingelhöfer Straße,0.1384224936689991,2987.6101911007827,pc2,Park,2021-06-22 10:17:56,52.509726666666666,13.351726666666666,31.1,0.0,252.2,0.065,0.04,18.14,18.14,14.06,0.77,1011.9,4.07,0.97,3.0,16.093,2.15329,Klingelhöfer Straße,1.99908972551228,2993.0616037731816,pc4,Park,False,False,7.917259165109716,20,2,0.0
1624349876.499315,2021-06-22T08:17:56.499315Z,52.509726666666666,13.351726666666666,4,2,S1,1624349876.499315,25.770545,-54.97365,-34.1516,0.005162097,45.0,129.5,3.0,2.13395055,8,20,2021-06-22 10:17:56,52.509726666666666,13.351726666666666,31.1,0.0,252.2,0.065,0.04,18.14,18.14,14.06,0.77,1011.9,4.07,0.97,3.0,16.093,2.15329,Klingelhöfer Straße,1.99908972551228,2993.0616037731816,pc4,Park,2021-06-22 10:17:56,52.50971333333333,13.351841666666669,33.2,0.0,262.5,0.065,0.04,18.14,18.14,14.06,0.77,1011.9,4.07,0.97,3.0,16.093,2.15329,Klingelhöfer Straße,0.1384224936689991,2987.6101911007827,pc2,Park,False,False,7.917259165109716,20,2,0.0
1624349877.4923153,2021-06-22T08:17:57.492315Z,52.50971333333333,13.351841666666669,2,4,S1,1624349877.4923153,24.49215,-59.94678,-39.089615,0.0020263175,42.0,228.5,6.0,0.6146898000000001,8,20,2021-06-22 10:17:57,52.50971333333333,13.351841666666669,33.2,0.0,262.5,0.065,0.04,18.14,18.14,14.06,0.77,1011.9,4.07,0.97,3.0,16.093,2.15329,Klingelhöfer Straße,0.1384224936689991,2987.6101911007827,pc2,Park,2021-06-22 10:17:57,52.509726666666666,13.351726666666666,31.1,0.0,252.2,0.065,0.04,18.14,18.14,14.06,0.77,1011.9,4.07,0.97,3.0,16.093,2.15329,Klingelhöfer Straße,1.99908972551228,2993.0616037731816,pc4,Park,False,False,7.917259165109716,20,2,0.0
1624349877.499331,2021-06-22T08:17:57.499330Z,52.509726666666666,13.351726666666666,4,2,S1,1624349877.499331,25.87163,-55.812485,-34.95188,0.004038148,45.0,229.5,3.0,1.6001710500000002,8,20,2021-06-22 10:17:57,52.509726666666666,13.351726666666666,31.1,0.0,252.2,0.065,0.04,18.14,18.14,14.06,0.77,1011.9,4.07,0.97,3.0,16.093,2.15329,Klingelhöfer Straße,1.99908972551228,2993.0616037731816,pc4,Park,2021-06-22 10:17:57,52.50971333333333,13.351841666666669,33.2,0.0,262.5,0.065,0.04,18.14,18.14,14.06,0.77,1011.9,4.07,0.97,3.0,16.093,2.15329,Klingelhöfer Straße,0.1384224936689991,2987.6101911007827,pc2,Park,False,False,7.917259165109716,20,2,0.0
1624349878.4947228,2021-06-22T08:17:58.494722Z,52.50971333333333,13.351841666666669,2,4,S1,1624349878.4947228,23.483885,-60.75237,-39.925985,0.00239289045,42.0,329.1,2.4,0.52614845,8,20,2021-06-22 10:17:58,52.50971333333333,13.351841666666669,33.2,0.0,262.5,0.065,0.04,18.14,18.14,14.06,0.77,1011.9,4.07,0.97,3.0,16.093,2.15329,Klingelhöfer Straße,0.1384224936689991,2987.6101911007827,pc2,Park,2021-06-22 10:17:58,52.509726666666666,13.351726666666666,31.1,0.0,252.2,0.065,0.04,18.14,18.14,14.06,0.77,1011.9,4.07,0.97,3.0,16.093,2.15329,Klingelhöfer Straße,1.99908972551228,2993.0616037731816,pc4,Park,False,False,7.917259165109716,20,2,0.0
1624349878.4992888,2021-06-22T08:17:58.499288Z,52.509726666666666,13.351726666666666,4,2,S1,1624349878.4992888,25.268465,-56.5466,-35.714365,0.0044477419999999,45.0,329.5,3.0,1.3801924,8,20,2021-06-22 10:17:58,52.509726666666666,13.351726666666666,31.1,0.0,252.2,0.065,0.04,18.14,18.14,14.06,0.77,1011.9,4.07,0.97,3.0,16.093,2.15329,Klingelhöfer Straße,1.99908972551228,2993.0616037731816,pc4,Park,2021-06-22 10:17:58,52.50971333333333,13.351841666666669,33.2,0.0,262.5,0.065,0.04,18.14,18.14,14.06,0.77,1011.9,4.07,0.97,3.0,16.093,2.15329,Klingelhöfer Straße,0.1384224936689991,2987.6101911007827,pc2,Park,False,False,7.917259165109716,20,2,0.0
1624349879.5019135,2021-06-22T08:17:59.501913Z,52.50971333333333,13.351841666666669,2,4,S1,1624349879.5019135,24.746755,-57.522850000000005,-36.70151,0.003424287,42.0,429.5,5.6,1.08366365,8,20,2021-06-22 10:17:59,52.50971333333333,13.351841666666669,33.2,0.0,262.5,0.065,0.04,18.14,18.14,14.06,0.77,1011.9,4.07,0.97,3.0,16.093,2.15329,Klingelhöfer Straße,0.1384224936689991,2987.6101911007827,pc2,Park,2021-06-22 10:17:59,52.509726666666666,13.351726666666666,31.1,0.0,252.2,0.065,0.04,18.14,18.14,14.06,0.77,1011.9,4.07,0.97,3.0,16.093,2.15329,Klingelhöfer Straße,1.99908972551228,2993.0616037731816,pc4,Park,False,False,7.917259165109716,20,2,0.0
1624349879.502465,2021-06-22T08:17:59.502465Z,52.509726666666666,13.351726666666666,4,2,S1,1624349879.502465,23.010632,-53.561225,-32.51466,0.0646427045,45.0,429.95,1.65,2.6521045,8,20,2021-06-22 10:17:59,52.509726666666666,13.351726666666666,31.1,0.0,252.2,0.065,0.04,18.14,18.14,14.06,0.77,1011.9,4.07,0.97,3.0,16.093,2.15329,Klingelhöfer Straße,1.99908972551228,2993.0616037731816,pc4,Park,2021-06-22 10:17:59,52.50971333333333,13.351841666666669,33.2,0.0,262.5,0.065,0.04,18.14,18.14,14.06,0.77,1011.9,4.07,0.97,3.0,16.093,2.15329,Klingelhöfer Straße,0.1384224936689991,2987.6101911007827,pc2,Park,False,False,7.917259165109716,20,2,0.0
1624349880.5033283,2021-06-22T08:18:00.503328Z,52.50971333333333,13.351841666666669,2,4,S1,1624349880.5033283,23.542160000000003,-60.048825,-39.137315,0.0026730635,42.0,529.5,7.0,0.649716,8,20,2021-06-22 10:18:00,52.50971333333333,13.351841666666669,33.2,0.0,262.5,0.065,0.04,18.14,18.14,14.06,0.77,1011.9,4.07,0.97,3.0,16.093,2.15329,Klingelhöfer Straße,0.1384224936689991,2987.6101911007827,pc2,Park,2021-06-22 10:18:00,52.509726666666666,13.351726666666666,31.1,0.0,252.2,0.065,0.04,18.14,18.14,14.06,0.77,1011.9,4.07,0.97,3.0,16.093,2.15329,Klingelhöfer Straße,1.99908972551228,2993.0616037731816,pc4,Park,False,False,7.917259165109716,20,2,0.0
1624349880.506322,2021-06-22T08:18:00.506321Z,52.509726666666666,13.351726666666666,4,2,S1,1624349880.506322,20.276713,-55.077625,-33.48893,0.1001372624999999,45.0,530.5,0.0,2.0038604,8,20,2021-06-22 10:18:00,52.509726666666666,13.351726666666666,31.1,0.0,252.2,0.065,0.04,18.14,18.14,14.06,0.77,1011.9,4.07,0.97,3.0,16.093,2.15329,Klingelhöfer Straße,1.99908972551228,2993.0616037731816,pc4,Park,2021-06-22 10:18:00,52.50971333333333,13.351841666666669,33.2,0.0,262.5,0.065,0.04,18.14,18.14,14.06,0.77,1011.9,4.07,0.97,3.0,16.093,2.15329,Klingelhöfer Straße,0.1384224936689991,2987.6101911007827,pc2,Park,False,False,7.917259165109716,20,2,0.0
1624349881.498529,2021-06-22T08:18:01.498528Z,52.509726666666666,13.351726666666666,4,2,S1,1624349881.498529,17.188291,-57.72608,-36.04031,0.061930324,45.0,629.7,0.2,1.05053245,8,20,2021-06-22 10:18:01,52.509726666666666,13.351726666666666,31.1,0.0,252.2,0.065,0.04,18.14,18.14,14.06,0.77,1011.9,4.07,0.97,3.0,16.093,2.15329,Klingelhöfer Straße,1.99908972551228,2993.0616037731816,pc4,Park,2021-06-22 10:18:01,52.50971333333333,13.351841666666669,33.2,0.0,262.5,0.065,0.04,18.14,18.14,14.06,0.77,1011.9,4.07,0.97,3.0,16.093,2.15329,Klingelhöfer Straße,0.1384224936689991,2987.6101911007827,pc2,Park,False,False,7.917259165109716,20,2,0.0
1624349881.5032978,2021-06-22T08:18:01.503297Z,52.50971333333333,13.351841666666669,2,4,S1,1624349881.5032978,22.663105,-62.06836500000001,-41.118285,0.0019918208,42.0,629.5,7.0,0.4183617,8,20,2021-06-22 10:18:01,52.50971333333333,13.351841666666669,33.2,0.0,262.5,0.065,0.04,18.14,18.14,14.06,0.77,1011.9,4.07,0.97,3.0,16.093,2.15329,Klingelhöfer Straße,0.1384224936689991,2987.6101911007827,pc2,Park,2021-06-22 10:18:01,52.509726666666666,13.351726666666666,31.1,0.0,252.2,0.065,0.04,18.14,18.14,14.06,0.77,1011.9,4.07,0.97,3.0,16.093,2.15329,Klingelhöfer Straße,1.99908972551228,2993.0616037731816,pc4,Park,False,False,7.917259165109716,20,2,0.0
1624349882.4963295,2021-06-22T08:18:02.496329Z,52.509726666666666,13.351726666666666,4,2,S1,1624349882.4963295,19.785704000000003,-55.665915,-34.18018,0.0928069649999999,45.0,729.5,0.0,1.6333445000000002,8,20,2021-06-22 10:18:02,52.509726666666666,13.351726666666666,31.1,0.0,252.2,0.065,0.04,18.14,18.14,14.06,0.77,1011.9,4.07,0.97,3.0,16.093,2.15329,Klingelhöfer Straße,1.99908972551228,2993.0616037731816,pc4,Park,2021-06-22 10:18:02,52.50971333333333,13.351841666666669,33.2,0.0,262.5,0.065,0.04,18.14,18.14,14.06,0.77,1011.9,4.07,0.97,3.0,16.093,2.15329,Klingelhöfer Straße,0.1384224936689991,2987.6101911007827,pc2,Park,False,False,7.917259165109716,20,2,0.0
1624349882.51471,2021-06-22T08:18:02.514709Z,52.50971333333333,13.351841666666669,2,4,S1,1624349882.51471,23.697155,-60.47079,-39.624085,0.0022417904999999,42.0,730.45,8.9,0.5454852,8,20,2021-06-22 10:18:02,52.50971333333333,13.351841666666669,33.2,0.0,262.5,0.065,0.04,18.14,18.14,14.06,0.77,1011.9,4.07,0.97,3.0,16.093,2.15329,Klingelhöfer Straße,0.1384224936689991,2987.6101911007827,pc2,Park,2021-06-22 10:18:02,52.509726666666666,13.351726666666666,31.1,0.0,252.2,0.065,0.04,18.14,18.14,14.06,0.77,1011.9,4.07,0.97,3.0,16.093,2.15329,Klingelhöfer Straße,1.99908972551228,2993.0616037731816,pc4,Park,False,False,7.917259165109716,20,2,0.0
1624349883.4965308,2021-06-22T08:18:03.496530Z,52.509726666666666,13.351726666666666,4,2,S1,1624349883.4965308,20.9757255,-56.80114999999999,-35.012645,0.0699872065,45.0,829.5,0.2,1.3222965,8,20,2021-06-22 10:18:03,52.509726666666666,13.351726666666666,31.1,0.0,252.2,0.065,0.04,18.14,18.14,14.06,0.77,1011.9,4.07,0.97,3.0,16.093,2.15329,Klingelhöfer Straße,1.99908972551228,2993.0616037731816,pc4,Park,2021-06-22 10:18:03,52.50971333333333,13.351841666666669,33.2,0.0,262.5,0.065,0.04,18.14,18.14,14.06,0.77,1011.9,4.07,0.97,3.0,16.093,2.15329,Klingelhöfer Straße,0.1384224936689991,2987.6101911007827,pc2,Park,False,False,7.917259165109716,20,2,0.0
1624349883.5083082,2021-06-22T08:18:03.508308Z,52.50971333333333,13.351841666666669,2,4,S1,1624349883.5083082,23.21236842105263,-61.10732631578947,-40.29602631578948,0.0022232094736842,42.0,829.8947368421053,8.052631578947368,0.4788644736842105,8,19,2021-06-22 10:18:03,52.50971333333333,13.351841666666669,33.2,0.0,262.5,0.065,0.04,18.14,18.14,14.06,0.77,1011.9,4.07,0.97,3.0,16.093,2.15329,Klingelhöfer Straße,0.1384224936689991,2987.6101911007827,pc2,Park,2021-06-22 10:18:03,52.509726666666666,13.351726666666666,31.1,0.0,252.2,0.065,0.04,18.14,18.14,14.06,0.77,1011.9,4.07,0.97,3.0,16.093,2.15329,Klingelhöfer Straße,1.99908972551228,2993.0616037731816,pc4,Park,False,False,7.917259165109716,20,2,0.05
1624349884.4973311,2021-06-22T08:18:04.497331Z,52.509726666666666,13.351726666666666,4,2,S1,1624349884.4973311,20.81741,-59.47281,-37.175495,0.0209421205,45.0,929.5,1.0,0.81705875,8,20,2021-06-22 10:18:04,52.509726666666666,13.351726666666666,31.1,0.0,252.2,0.065,0.04,18.14,18.14,14.06,0.77,1011.9,4.07,0.97,3.0,16.093,2.15329,Klingelhöfer Straße,1.99908972551228,2993.0616037731816,pc4,Park,2021-06-22 10:18:04,52.50971333333333,13.351841666666669,33.2,0.0,262.5,0.065,0.04,18.14,18.14,14.06,0.77,1011.9,4.07,0.97,3.0,16.093,2.15329,Klingelhöfer Straße,0.1384224936689991,2987.6101911007827,pc2,Park,False,False,7.917259165109716,20,2,0.0
1624349884.5033135,2021-06-22T08:18:04.503313Z,52.50971333333333,13.351841666666669,2,4,S1,1624349884.5033135,21.529905,-64.346565,-43.351445,0.00164796495,42.0,929.5,7.0,0.27119995,8,20,2021-06-22 10:18:04,52.50971333333333,13.351841666666669,33.2,0.0,262.5,0.065,0.04,18.14,18.14,14.06,0.77,1011.9,4.07,0.97,3.0,16.093,2.15329,Klingelhöfer Straße,0.1384224936689991,2987.6101911007827,pc2,Park,2021-06-22 10:18:04,52.509726666666666,13.351726666666666,31.1,0.0,252.2,0.065,0.04,18.14,18.14,14.06,0.77,1011.9,4.07,0.97,3.0,16.093,2.15329,Klingelhöfer Straße,1.99908972551228,2993.0616037731816,pc4,Park,False,False,7.917259165109716,20,2,0.0
1624349885.5030165,2021-06-22T08:18:05.503016Z,52.50971333333333,13.351841666666669,2,4,S1,1624349885.5030165,21.65694761904762,-64.0748,-43.15132857142857,0.0015992198095238,42.0,444.3809523809524,6.476190476190476,0.2525807857142857,8,21,2021-06-22 10:18:05,52.50971333333333,13.351841666666669,33.2,0.0,262.5,0.065,0.04,18.14,18.14,14.06,0.77,1011.9,4.07,0.97,3.0,16.093,2.15329,Klingelhöfer Straße,0.1384224936689991,2987.6101911007827,pc2,Park,2021-06-22 10:18:05,52.509726666666666,13.351726666666666,31.1,0.0,252.2,0.065,0.04,18.14,18.14,14.06,0.77,1011.9,4.07,0.97,3.0,16.093,2.15329,Klingelhöfer Straße,1.99908972551228,2993.0616037731816,pc4,Park,False,False,7.917259165109716,20,2,-0.05
1624349885.511375,2021-06-22T08:18:05.511374Z,52.509726666666666,13.351726666666666,4,2,S1,1624349885.511375,23.902975,-59.47818,-37.489075,0.0050281254999999,45.0,467.4,4.05,0.6935827999999999,8,20,2021-06-22 10:18:05,52.509726666666666,13.351726666666666,31.1,0.0,252.2,0.065,0.04,18.14,18.14,14.06,0.77,1011.9,4.07,0.97,3.0,16.093,2.15329,Klingelhöfer Straße,1.99908972551228,2993.0616037731816,pc4,Park,2021-06-22 10:18:05,52.50971333333333,13.351841666666669,33.2,0.0,262.5,0.065,0.04,18.14,18.14,14.06,0.77,1011.9,4.07,0.97,3.0,16.093,2.15329,Klingelhöfer Straße,0.1384224936689991,2987.6101911007827,pc2,Park,False,False,7.917259165109716,20,2,0.0
1624349886.499005,2021-06-22T08:18:06.499005Z,52.50971333333333,13.351841666666669,2,4,S1,1624349886.499005,22.05898947368421,-63.38797894736842,-42.49521578947368,0.0021419046842105,42.0,105.26315789473684,5.0,0.291289947368421,8,19,2021-06-22 10:18:06,52.50971333333333,13.351841666666669,33.2,0.0,262.5,0.065,0.04,18.14,18.14,14.06,0.77,1011.9,4.07,0.97,3.0,16.093,2.15329,Klingelhöfer Straße,0.1384224936689991,2987.6101911007827,pc2,Park,2021-06-22 10:18:06,52.509726666666666,13.351726666666666,31.1,0.0,252.2,0.065,0.04,18.14,18.14,14.06,0.77,1011.9,4.07,0.97,3.0,16.093,2.15329,Klingelhöfer Straße,1.99908972551228,2993.0616037731816,pc4,Park,False,False,7.917259165109716,20,2,0.05
1624349886.5187929,2021-06-22T08:18:06.518792Z,52.509726666666666,13.351726666666666,4,2,S1,1624349886.5187929,23.48624761904762,-59.63280952380952,-38.68850476190477,0.0048393704761904,45.0,107.04761904761904,7.0,0.676156619047619,8,21,2021-06-22 10:18:06,52.509726666666666,13.351726666666666,31.1,0.0,252.2,0.065,0.04,18.14,18.14,14.06,0.77,1011.9,4.07,0.97,3.0,16.093,2.15329,Klingelhöfer Straße,1.99908972551228,2993.0616037731816,pc4,Park,2021-06-22 10:18:06,52.50971333333333,13.351841666666669,33.2,0.0,262.5,0.065,0.04,18.14,18.14,14.06,0.77,1011.9,4.07,0.97,3.0,16.093,2.15329,Klingelhöfer Straße,0.1384224936689991,2987.6101911007827,pc2,Park,False,False,7.917259165109716,20,2,-0.05
1624349887.512314,2021-06-22T08:18:07.512314Z,52.509726666666666,13.351726666666666,4,2,S1,1624349887.512314,24.08517,-61.006355,-40.013715000000005,0.0018525949999999,45.0,206.5,6.0,0.5237209,8,20,2021-06-22 10:18:07,52.509726666666666,13.351726666666666,31.1,0.0,252.2,0.065,0.04,18.14,18.14,14.06,0.77,1011.9,4.07,0.97,3.0,16.093,2.15329,Klingelhöfer Straße,1.99908972551228,2993.0616037731816,pc4,Park,2021-06-22 10:18:07,52.50971333333333,13.351841666666669,33.2,0.0,262.5,0.065,0.04,18.14,18.14,14.06,0.77,1011.9,4.07,0.97,3.0,16.093,2.15329,Klingelhöfer Straße,0.1384224936689991,2987.6101911007827,pc2,Park,False,False,7.917259165109716,20,2,0.0
1624349887.5213192,2021-06-22T08:18:07.521319Z,52.50971333333333,13.351841666666669,2,4,S1,1624349887.5213192,20.780655,-64.82418,-43.695425,0.0021964423,42.0,207.5,5.0,0.232582705,8,20,2021-06-22 10:18:07,52.50971333333333,13.351841666666669,33.2,0.0,262.5,0.065,0.04,18.14,18.14,14.06,0.77,1011.9,4.07,0.97,3.0,16.093,2.15329,Klingelhöfer Straße,0.1384224936689991,2987.6101911007827,pc2,Park,2021-06-22 10:18:07,52.509726666666666,13.351726666666666,31.1,0.0,252.2,0.065,0.04,18.14,18.14,14.06,0.77,1011.9,4.07,0.97,3.0,16.093,2.15329,Klingelhöfer Straße,1.99908972551228,2993.0616037731816,pc4,Park,False,False,7.917259165109716,20,2,0.0
1624349888.5123005,2021-06-22T08:18:08.512300Z,52.509726666666666,13.351726666666666,4,2,S1,1624349888.5123005,24.84448,-56.9769,-36.089225,0.0046411915,45.0,306.5,6.0,1.298716,8,20,2021-06-22 10:18:08,52.509726666666666,13.351726666666666,31.1,0.0,252.2,0.065,0.04,18.14,18.14,14.06,0.77,1011.9,4.07,0.97,3.0,16.093,2.15329,Klingelhöfer Straße,1.99908972551228,2993.0616037731816,pc4,Park,2021-06-22 10:18:08,52.50971333333333,13.351841666666669,33.2,0.0,262.5,0.065,0.04,18.14,18.14,14.06,0.77,1011.9,4.07,0.97,3.0,16.093,2.15329,Klingelhöfer Straße,0.1384224936689991,2987.6101911007827,pc2,Park,False,False,7.917259165109716,20,2,0.0
1624349888.521321,2021-06-22T08:18:08.521321Z,52.50971333333333,13.351841666666669,2,4,S1,1624349888.521321,22.48183,-61.491075,-40.48745,0.0028579722499999,42.0,307.5,5.0,0.4926819,8,20,2021-06-22 10:18:08,52.50971333333333,13.351841666666669,33.2,0.0,262.5,0.065,0.04,18.14,18.14,14.06,0.77,1011.9,4.07,0.97,3.0,16.093,2.15329,Klingelhöfer Straße,0.1384224936689991,2987.6101911007827,pc2,Park,2021-06-22 10:18:08,52.509726666666666,13.351726666666666,31.1,0.0,252.2,0.065,0.04,18.14,18.14,14.06,0.77,1011.9,4.07,0.97,3.0,16.093,2.15329,Klingelhöfer Straße,1.99908972551228,2993.0616037731816,pc4,Park,False,False,7.917259165109716,20,2,0.0
1624349889.504029,2021-06-22T08:18:09.504029Z,52.50971333333333,13.351841666666669,2,4,S1,1624349889.504029,23.14294736842105,-60.09256842105263,-39.168694736842106,0.0031001463157894,42.0,405.7368421052632,5.368421052631579,0.624435,8,19,2021-06-22 10:18:09,52.50971333333333,13.351841666666669,33.2,0.0,262.5,0.065,0.04,18.14,18.14,14.06,0.77,1011.9,4.07,0.97,3.0,16.093,2.15329,Klingelhöfer Straße,0.1384224936689991,2987.6101911007827,pc2,Park,2021-06-22 10:18:09,52.509726666666666,13.351726666666666,31.2,0.0,252.2,0.065,0.04,18.14,18.14,14.06,0.77,1011.9,4.07,0.97,3.0,16.093,2.15329,Klingelhöfer Straße,1.99908972551228,2993.0616037731816,pc4,Park,False,False,7.917259165109716,20,2,0.05
1624349889.5173883,2021-06-22T08:18:09.517388Z,52.509726666666666,13.351726666666666,4,2,S1,1624349889.5173883,25.74813,-55.99365,-35.105445,0.004155491,45.0,407.35,2.6,1.5575307500000002,8,20,2021-06-22 10:18:09,52.509726666666666,13.351726666666666,31.2,0.0,252.2,0.065,0.04,18.14,18.14,14.06,0.77,1011.9,4.07,0.97,3.0,16.093,2.15329,Klingelhöfer Straße,1.99908972551228,2993.0616037731816,pc4,Park,2021-06-22 10:18:09,52.50971333333333,13.351841666666669,33.2,0.0,262.5,0.065,0.04,18.14,18.14,14.06,0.77,1011.9,4.07,0.97,3.0,16.093,2.15329,Klingelhöfer Straße,0.1384224936689991,2987.6101911007827,pc2,Park,False,False,7.917259165109716,20,2,0.0
