timestamp,timestamp_iso,lat,lon,Source,Destination,Scenario,time_epoch,SNR,RSRP,RSSI,NOISE POWER,RX_GAIN,SubFrame_NUMBER,SubFrame_LENGHT,Rx_power,MCS,Received Packets,ts_gps_source,Latitude_source,Longitude_source,Altitude_source,speed_kmh_source,COG_source,precipIntensity_source,precipProbability_source,temperature_source,apparentTemperature_source,dewPoint_source,humidity_source,pressure_source,windSpeed_source,cloudCover_source,uvIndex_source,visibility_source,Traffic_Jam_Factor_source,Traffic_Street_Name_source,Traffic_Distance_source,Pos_in_Ref_Round_source,device_source,area_source,ts_gps_destination,Latitude_destination,Longitude_destination,Altitude_destination,speed_kmh_destination,COG_destination,precipIntensity_destination,precipProbability_destination,temperature_destination,apparentTemperature_destination,dewPoint_destination,humidity_destination,pressure_destination,windSpeed_destination,cloudCover_destination,uvIndex_destination,visibility_destination,Traffic_Jam_Factor_destination,Traffic_Street_Name_destination,Traffic_Distance_destination,Pos_in_Ref_Round_destination,device_destination,area_destination,syncref_source,syncref_destination,distance,Packet_transmission_rate_hz,Sub_channels,Packet_error_ratio
1624348308.506485,2021-06-22T07:51:48.506484Z,52.51338333333333,13.332535,4,2,S1,1624348308.506485,15.227671,-68.7524,-46.97077,0.0046330502499999,45.0,463.3,0.3,0.09826624,8,20,2021-06-22 09:51:48,52.51338333333333,13.332535,32.4,22.9648,230.3,0.0653,0.04,18.13,18.13,14.04,0.77,1011.9,4.07,0.97,3.0,16.093,2.73675,Bachstraße,16.470066185166576,15118.046494442657,pc4,Avenue,2021-06-22 09:51:48,52.51344,13.332978333333331,34.6,31.8544,250.1,0.0653,0.04,18.13,18.13,14.04,0.77,1011.9,4.07,0.97,3.0,16.093,3.08926,Ernst-Reuter-Platz,4.74336913665704,15156.00135187366,pc2,Avenue,False,False,30.63146577530113,20,2,0.0
1624348308.5366912,2021-06-22T07:51:48.536691Z,52.51344,13.332978333333331,2,4,S1,1624348308.5366912,14.144092352941176,-71.16034117647058,-41.73748823529412,0.0020128435882352,44.0,426.9411764705882,2.4705882352941178,0.0531563764705882,8,17,2021-06-22 09:51:48,52.51344,13.332978333333331,34.6,31.8544,250.1,0.0653,0.04,18.13,18.13,14.04,0.77,1011.9,4.07,0.97,3.0,16.093,3.08926,Ernst-Reuter-Platz,4.74336913665704,15156.00135187366,pc2,Avenue,2021-06-22 09:51:48,52.51338333333333,13.332535,32.4,22.9648,230.3,0.0653,0.04,18.13,18.13,14.04,0.77,1011.9,4.07,0.97,3.0,16.093,2.73675,Bachstraße,16.470066185166576,15118.046494442657,pc4,Avenue,False,False,30.63146577530113,20,2,0.15
1624348309.4913375,2021-06-22T07:51:49.491337Z,52.51341666666666,13.33285,2,4,S1,1624348309.4913375,14.29509789473684,-70.77713684210526,-46.17014210526316,0.002736519368421,44.0,100.52631578947368,4.789473684210527,0.0661034394736842,8,19,2021-06-22 09:51:49,52.51341666666666,13.33285,34.8,33.1508,255.9,0.0653,0.04,18.13,18.13,14.04,0.77,1011.9,4.07,0.97,3.0,16.093,2.73675,Bachstraße,17.99172942700821,15143.190884237029,pc2,Avenue,2021-06-22 09:51:49,52.51337,13.332443333333334,32.4,22.4092,233.4,0.0653,0.04,18.13,18.13,14.04,0.77,1011.9,4.07,0.97,3.0,16.093,3.03573,Ernst-Reuter-Platz,0.015063299142321,15118.046494442657,pc4,Avenue,False,False,27.982724344250013,20,2,0.05
1624348309.506333,2021-06-22T07:51:49.506333Z,52.51337,13.332443333333334,4,2,S1,1624348309.506333,15.273688000000002,-67.572225,-45.74656,0.00628195705,45.0,102.5,0.15,0.123602568,8,20,2021-06-22 09:51:49,52.51337,13.332443333333334,32.4,22.4092,233.4,0.0653,0.04,18.13,18.13,14.04,0.77,1011.9,4.07,0.97,3.0,16.093,3.03573,Ernst-Reuter-Platz,0.015063299142321,15118.046494442657,pc4,Avenue,2021-06-22 09:51:49,52.51341666666666,13.33285,34.8,33.1508,255.9,0.0653,0.04,18.13,18.13,14.04,0.77,1011.9,4.07,0.97,3.0,16.093,2.73675,Bachstraße,17.99172942700821,15143.190884237029,pc2,Avenue,False,False,27.982724344250013,20,2,0.0
1624348310.4334142,2021-06-22T07:51:50.433414Z,52.51340166666667,13.332716666666666,2,4,S1,1624348310.4334142,15.777865,-71.63443125,-49.92345,0.00122852925,44.0,194.5625,6.5,0.052275034375,8,16,2021-06-22 09:51:50,52.51340166666667,13.332716666666666,34.9,32.595200000000006,258.7,0.0653,0.04,18.13,18.13,14.04,0.77,1011.9,4.07,0.97,3.0,16.093,2.73675,Bachstraße,17.26323294652186,15130.561672340606,pc2,Avenue,2021-06-22 09:51:50,52.51336166666667,13.332355,32.6,20.7424,236.6,0.0653,0.04,18.13,18.13,14.04,0.77,1011.9,4.07,0.97,3.0,16.093,3.03573,Ernst-Reuter-Platz,0.4086196409100986,15105.63214099668,pc4,Avenue,False,False,24.855905351611938,20,2,0.2
1624348310.4855611,2021-06-22T07:51:50.485561Z,52.51336166666667,13.332355,4,2,S1,1624348310.4855611,15.494668823529413,-69.35631176470588,-47.53086470588236,0.0074272692941176,45.0,200.2941176470588,1.4705882352941178,0.0955820647058823,8,17,2021-06-22 09:51:50,52.51336166666667,13.332355,32.6,20.7424,236.6,0.0653,0.04,18.13,18.13,14.04,0.77,1011.9,4.07,0.97,3.0,16.093,3.03573,Ernst-Reuter-Platz,0.4086196409100986,15105.63214099668,pc4,Avenue,2021-06-22 09:51:50,52.51340166666667,13.332716666666666,34.9,32.595200000000006,258.7,0.0653,0.04,18.13,18.13,14.04,0.77,1011.9,4.07,0.97,3.0,16.093,2.73675,Bachstraße,17.26323294652186,15130.561672340606,pc2,Avenue,False,False,24.855905351611938,20,2,0.15
1624348311.452166,2021-06-22T07:51:51.452166Z,52.51338666666667,13.332591666666668,2,4,S1,1624348311.452166,14.310427647058823,-71.74012352941178,-44.18296470588236,0.0027576747647058,44.0,296.52941176470586,5.588235294117647,0.0551253735294117,8,17,2021-06-22 09:51:51,52.51338666666667,13.332591666666668,34.9,29.0764,260.0,0.0653,0.04,18.13,18.13,14.04,0.77,1011.9,4.07,0.97,3.0,16.093,2.73675,Bachstraße,16.470066299235175,15118.046494442657,pc2,Avenue,2021-06-22 09:51:51,52.513355,13.332273333333331,32.6,18.52,239.4,0.0653,0.04,18.13,18.13,14.04,0.77,1011.9,4.07,0.97,3.0,16.093,3.03573,Ernst-Reuter-Platz,0.6854256302616936,15105.63214099668,pc4,Avenue,False,False,21.810912709027917,20,2,0.15
1624348311.5074923,2021-06-22T07:51:51.507492Z,52.513355,13.332273333333331,4,2,S1,1624348311.5074923,13.79845,-70.10035500000001,-48.123805,0.00330088025,45.0,302.5,1.3,0.0765763235,8,20,2021-06-22 09:51:51,52.513355,13.332273333333331,32.6,18.52,239.4,0.0653,0.04,18.13,18.13,14.04,0.77,1011.9,4.07,0.97,3.0,16.093,3.03573,Ernst-Reuter-Platz,0.6854256302616936,15105.63214099668,pc4,Avenue,2021-06-22 09:51:51,52.51338666666667,13.332591666666668,34.9,29.0764,260.0,0.0653,0.04,18.13,18.13,14.04,0.77,1011.9,4.07,0.97,3.0,16.093,2.73675,Bachstraße,16.470066299235175,15118.046494442657,pc2,Avenue,False,False,21.810912709027917,20,2,0.0
1624348312.4270377,2021-06-22T07:51:52.427037Z,52.513353333333335,13.33221,4,2,S1,1624348312.4270377,18.795426875,-66.03056875,-45.0180375,0.0095060965,45.0,394.4375,1.5,0.22996871875,8,16,2021-06-22 09:51:52,52.513353333333335,13.33221,32.7,12.964,242.4,0.0653,0.04,18.13,18.13,14.04,0.77,1011.9,4.07,0.97,3.0,16.093,3.03573,Ernst-Reuter-Platz,0.5917051240933396,15093.329804032222,pc4,Avenue,2021-06-22 09:51:52,52.513375,13.332485,34.9,23.705600000000004,261.2,0.0653,0.04,18.13,18.13,14.04,0.77,1011.9,4.07,0.97,3.0,16.093,3.03573,Ernst-Reuter-Platz,0.3332964093770157,15118.046494442657,pc2,Avenue,False,False,18.75035210420346,20,2,0.2
1624348312.456027,2021-06-22T07:51:52.456027Z,52.513375,13.332485,2,4,S1,1624348312.456027,15.863845,-69.41214375,-45.156225,0.002852254875,44.0,396.625,8.5,0.109637589375,8,16,2021-06-22 09:51:52,52.513375,13.332485,34.9,23.705600000000004,261.2,0.0653,0.04,18.13,18.13,14.04,0.77,1011.9,4.07,0.97,3.0,16.093,3.03573,Ernst-Reuter-Platz,0.3332964093770157,15118.046494442657,pc2,Avenue,2021-06-22 09:51:52,52.513353333333335,13.33221,32.7,12.964,242.4,0.0653,0.04,18.13,18.13,14.04,0.77,1011.9,4.07,0.97,3.0,16.093,3.03573,Ernst-Reuter-Platz,0.5917051240933396,15093.329804032222,pc4,Avenue,False,False,18.75035210420346,20,2,0.2
1624348313.447018,2021-06-22T07:51:53.447017Z,52.513351666666665,13.332161666666666,4,2,S1,1624348313.447018,14.228123571428572,-69.90910714285714,-48.05388571428572,0.0039886557142857,45.0,496.3571428571428,2.2857142857142856,0.078469395,8,14,2021-06-22 09:51:53,52.513351666666665,13.332161666666666,32.6,10.926800000000002,259.8,0.0653,0.04,18.13,18.13,14.04,0.77,1011.9,4.07,0.97,3.0,16.093,3.03573,Ernst-Reuter-Platz,0.5978687424340027,15093.329804032222,pc4,Avenue,2021-06-22 09:51:53,52.51336833333333,13.332398333333334,35.0,19.0756,262.1,0.0653,0.04,18.13,18.13,14.04,0.77,1011.9,4.07,0.97,3.0,16.093,3.03573,Ernst-Reuter-Platz,0.0847358578930435,15105.63214099668,pc2,Avenue,False,False,16.109922396001508,20,2,0.3
1624348313.55135,2021-06-22T07:51:53.551349Z,52.51336833333333,13.332398333333334,2,4,S1,1624348313.55135,16.28312,-71.70969333333332,-48.8948,0.0009071324666666,44.0,506.1333333333333,8.733333333333333,0.0513450593333333,8,15,2021-06-22 09:51:53,52.51336833333333,13.332398333333334,35.0,19.0756,262.1,0.0653,0.04,18.13,18.13,14.04,0.77,1011.9,4.07,0.97,3.0,16.093,3.03573,Ernst-Reuter-Platz,0.0847358578930435,15105.63214099668,pc2,Avenue,2021-06-22 09:51:53,52.513351666666665,13.332161666666666,32.6,10.926800000000002,259.8,0.0653,0.04,18.13,18.13,14.04,0.77,1011.9,4.07,0.97,3.0,16.093,3.03573,Ernst-Reuter-Platz,0.5978687424340027,15093.329804032222,pc4,Avenue,False,False,16.109922396001508,20,2,0.25
1624348314.4847715,2021-06-22T07:51:54.484771Z,52.51336166666667,13.33233,2,4,S1,1624348314.4847715,17.27605789473684,-66.77708421052631,-45.12615789473684,0.0088255632105263,44.0,600.0526315789474,2.9473684210526314,0.2634174310526315,8,19,2021-06-22 09:51:54,52.51336166666667,13.33233,35.0,14.816,262.8,0.0653,0.04,18.13,18.13,14.04,0.77,1011.9,4.07,0.97,3.0,16.093,3.03573,Ernst-Reuter-Platz,0.2673917321754441,15105.63214099668,pc2,Avenue,2021-06-22 09:51:54,52.51335,13.332118333333334,32.6,9.8156,260.6,0.0653,0.04,18.13,18.13,14.04,0.77,1011.9,4.07,0.97,3.0,16.093,3.03573,Ernst-Reuter-Platz,0.6225231306592937,15093.329804032222,pc4,Avenue,False,False,14.371276310370522,20,2,0.05
1624348314.5264912,2021-06-22T07:51:54.526491Z,52.51335,13.332118333333334,4,2,S1,1624348314.5264912,18.040305555555555,-62.64507222222223,-40.207594444444446,0.0157263872222222,45.0,603.8333333333334,7.0,0.4654472055555556,8,18,2021-06-22 09:51:54,52.51335,13.332118333333334,32.6,9.8156,260.6,0.0653,0.04,18.13,18.13,14.04,0.77,1011.9,4.07,0.97,3.0,16.093,3.03573,Ernst-Reuter-Platz,0.6225231306592937,15093.329804032222,pc4,Avenue,2021-06-22 09:51:54,52.51336166666667,13.33233,35.0,14.816,262.8,0.0653,0.04,18.13,18.13,14.04,0.77,1011.9,4.07,0.97,3.0,16.093,3.03573,Ernst-Reuter-Platz,0.2673917321754441,15105.63214099668,pc2,Avenue,False,False,14.371276310370522,20,2,0.1
1624348315.4706364,2021-06-22T07:51:55.470636Z,52.51334833333333,13.332081666666667,4,2,S1,1624348315.4706364,17.08251,-67.01245882352941,-45.28204117647059,0.0058684496470588,45.0,698.2352941176471,7.117647058823529,0.1763069429411764,8,17,2021-06-22 09:51:55,52.51334833333333,13.332081666666667,32.5,8.5192,261.3,0.0653,0.04,18.13,18.13,14.04,0.77,1011.9,4.07,0.97,3.0,16.093,3.05937,Ernst-Reuter-Platz,0.6718318888977518,15093.329804032222,pc4,Avenue,2021-06-22 09:51:55,52.51336,13.332281666666669,35.1,9.630400000000002,263.9,0.0653,0.04,18.13,18.13,14.04,0.77,1011.9,4.07,0.97,3.0,16.093,3.03573,Ernst-Reuter-Platz,0.1788887160761522,15105.63214099668,pc2,Avenue,False,False,13.58578511199332,20,2,0.15
1624348315.5105474,2021-06-22T07:51:55.510547Z,52.51336,13.332281666666669,2,4,S1,1624348315.5105474,16.008146111111113,-68.14154444444445,-46.47945555555555,0.0061802289444444,44.0,702.2777777777778,6.5,0.12608341,8,18,2021-06-22 09:51:55,52.51336,13.332281666666669,35.1,9.630400000000002,263.9,0.0653,0.04,18.13,18.13,14.04,0.77,1011.9,4.07,0.97,3.0,16.093,3.03573,Ernst-Reuter-Platz,0.1788887160761522,15105.63214099668,pc2,Avenue,2021-06-22 09:51:55,52.51334833333333,13.332081666666667,32.5,8.5192,261.3,0.0653,0.04,18.13,18.13,14.04,0.77,1011.9,4.07,0.97,3.0,16.093,3.05937,Ernst-Reuter-Platz,0.6718318888977518,15093.329804032222,pc4,Avenue,False,False,13.58578511199332,20,2,0.1
1624348316.4790478,2021-06-22T07:51:56.479047Z,52.513358333333336,13.33225,2,4,S1,1624348316.4790478,14.833175625,-71.20959375,-49.34885,0.00291999225,44.0,799.0625,7.125,0.077432608125,8,16,2021-06-22 09:51:56,52.513358333333336,13.33225,35.1,7.0376,263.2,0.0653,0.04,18.13,18.13,14.04,0.77,1011.9,4.07,0.97,3.0,16.093,3.03573,Ernst-Reuter-Platz,0.1849078417851648,15105.63214099668,pc2,Avenue,2021-06-22 09:51:56,52.51334666666666,13.33205,32.4,7.408,263.3,0.0653,0.04,18.13,18.13,14.04,0.77,1011.9,4.07,0.97,3.0,16.093,3.05937,Ernst-Reuter-Platz,0.7396314252748353,15081.18833687726,pc4,Avenue,False,False,13.585786188562864,20,2,0.2
1624348316.516853,2021-06-22T07:51:56.516853Z,52.51334666666666,13.33205,4,2,S1,1624348316.516853,18.886236842105266,-66.55957894736842,-45.09814736842105,0.0042274676315789,45.0,802.8421052631579,7.263157894736842,0.1892748578947368,8,19,2021-06-22 09:51:56,52.51334666666666,13.33205,32.4,7.408,263.3,0.0653,0.04,18.13,18.13,14.04,0.77,1011.9,4.07,0.97,3.0,16.093,3.05937,Ernst-Reuter-Platz,0.7396314252748353,15081.18833687726,pc4,Avenue,2021-06-22 09:51:56,52.513358333333336,13.33225,35.1,7.0376,263.2,0.0653,0.04,18.13,18.13,14.04,0.77,1011.9,4.07,0.97,3.0,16.093,3.03573,Ernst-Reuter-Platz,0.1849078417851648,15105.63214099668,pc2,Avenue,False,False,13.585786188562864,20,2,0.05
1624348317.4619467,2021-06-22T07:51:57.461946Z,52.513358333333336,13.332221666666667,2,4,S1,1624348317.4619467,17.91541294117647,-67.13431176470588,-44.96446470588235,0.0022675858823529,44.0,897.2352941176471,8.294117647058824,0.2470127576470588,8,17,2021-06-22 09:51:57,52.513358333333336,13.332221666666667,35.1,7.2228,263.7,0.0653,0.04,18.13,18.13,14.04,0.77,1011.9,4.07,0.97,3.0,16.093,3.03573,Ernst-Reuter-Platz,0.0801267528058469,15093.329804032222,pc2,Avenue,2021-06-22 09:51:57,52.51334333333333,13.332023333333334,32.3,7.0376,249.5,0.0653,0.04,18.13,18.13,14.04,0.77,1011.9,4.07,0.97,3.0,16.093,3.05937,Ernst-Reuter-Platz,1.0108295841439174,15081.18833687726,pc4,Avenue,False,False,13.5142383813088,20,2,0.15
1624348317.511367,2021-06-22T07:51:57.511367Z,52.51334333333333,13.332023333333334,4,2,S1,1624348317.511367,19.294605789473685,-64.51383157894736,-43.13701052631579,0.004844578368421,45.0,902.9473684210526,0.7368421052631579,0.4281444,8,19,2021-06-22 09:51:57,52.51334333333333,13.332023333333334,32.3,7.0376,249.5,0.0653,0.04,18.13,18.13,14.04,0.77,1011.9,4.07,0.97,3.0,16.093,3.05937,Ernst-Reuter-Platz,1.0108295841439174,15081.18833687726,pc4,Avenue,2021-06-22 09:51:57,52.513358333333336,13.332221666666667,35.1,7.2228,263.7,0.0653,0.04,18.13,18.13,14.04,0.77,1011.9,4.07,0.97,3.0,16.093,3.03573,Ernst-Reuter-Platz,0.0801267528058469,15093.329804032222,pc2,Avenue,False,False,13.5142383813088,20,2,0.05
1624348318.507126,2021-06-22T07:51:58.507126Z,52.513333333333335,13.331996666666669,4,2,S1,1624348318.507126,22.13514526315789,-59.30244210526316,-38.18717894736842,0.0254535430526315,45.0,679.0,2.3157894736842106,1.1911859105263158,8,19,2021-06-22 09:51:58,52.513333333333335,13.331996666666669,32.3,8.148800000000001,229.1,0.0653,0.04,18.13,18.13,14.04,0.77,1011.9,4.07,0.97,3.0,16.093,3.05937,Ernst-Reuter-Platz,2.021659107282653,15081.18833687726,pc4,Avenue,2021-06-22 09:51:58,52.51335666666667,13.33219,35.1,8.8896,265.2,0.0653,0.04,18.13,18.13,14.04,0.77,1011.9,4.07,0.97,3.0,16.093,3.03573,Ernst-Reuter-Platz,0.1479263141201369,15093.329804032222,pc2,Avenue,False,False,13.327500198305106,20,2,0.05
1624348318.535411,2021-06-22T07:51:58.535410Z,52.51335666666667,13.33219,2,4,S1,1624348318.535411,22.083975,-59.77045,-38.700475,0.013932128375,44.0,684.625,7.875,0.9726826125,8,16,2021-06-22 09:51:58,52.51335666666667,13.33219,35.1,8.8896,265.2,0.0653,0.04,18.13,18.13,14.04,0.77,1011.9,4.07,0.97,3.0,16.093,3.03573,Ernst-Reuter-Platz,0.1479263141201369,15093.329804032222,pc2,Avenue,2021-06-22 09:51:58,52.513333333333335,13.331996666666669,32.3,8.148800000000001,229.1,0.0653,0.04,18.13,18.13,14.04,0.77,1011.9,4.07,0.97,3.0,16.093,3.05937,Ernst-Reuter-Platz,2.021659107282653,15081.18833687726,pc4,Avenue,False,False,13.327500198305106,20,2,0.2
1624348319.4850929,2021-06-22T07:51:59.485092Z,52.513355,13.332148333333333,2,4,S1,1624348319.4850929,21.22224842105263,-59.99746315789474,-38.71208947368421,0.0100393333157894,44.0,76.26315789473684,1.1578947368421053,1.3555435684210526,8,19,2021-06-22 09:51:59,52.513355,13.332148333333333,35.1,12.2232,267.4,0.0653,0.04,18.13,18.13,14.04,0.77,1011.9,4.07,0.97,3.0,16.093,3.03573,Ernst-Reuter-Platz,0.1787443043533904,15093.329804032222,pc2,Avenue,2021-06-22 09:51:59,52.51331833333333,13.33198,32.3,8.148800000000001,204.1,0.0653,0.04,18.13,18.13,14.04,0.77,1011.9,4.07,0.97,3.0,16.093,3.05937,Ernst-Reuter-Platz,3.6241937291838,15081.18833687726,pc4,Avenue,False,False,12.089444030209368,20,2,0.05
1624348319.5210936,2021-06-22T07:51:59.521093Z,52.51331833333333,13.33198,4,2,S1,1624348319.5210936,22.407729473684213,-56.92807894736842,-35.948405263157895,0.0464708082105263,45.0,79.3157894736842,6.789473684210527,2.3000491,8,19,2021-06-22 09:51:59,52.51331833333333,13.33198,32.3,8.148800000000001,204.1,0.0653,0.04,18.13,18.13,14.04,0.77,1011.9,4.07,0.97,3.0,16.093,3.05937,Ernst-Reuter-Platz,3.6241937291838,15081.18833687726,pc4,Avenue,2021-06-22 09:51:59,52.513355,13.332148333333333,35.1,12.2232,267.4,0.0653,0.04,18.13,18.13,14.04,0.77,1011.9,4.07,0.97,3.0,16.093,3.03573,Ernst-Reuter-Platz,0.1787443043533904,15093.329804032222,pc2,Avenue,False,False,12.089444030209368,20,2,0.05
1624348320.4905071,2021-06-22T07:52:00.490507Z,52.513351666666665,13.332098333333333,2,4,S1,1624348320.4905071,22.453705,-46.921815,-26.011125,0.123974892,44.0,176.3,6.2,15.0802225,8,20,2021-06-22 09:52:00,52.513351666666665,13.332098333333333,35.2,13.7048,267.1,0.0653,0.04,18.13,18.13,14.04,0.77,1011.9,4.07,0.97,3.0,16.093,3.05937,Ernst-Reuter-Platz,0.3636521529943738,15093.329804032222,pc2,Avenue,2021-06-22 09:52:00,52.51329666666667,13.331978333333334,32.1,9.630400000000002,167.2,0.0653,0.04,18.13,18.13,14.04,0.77,1011.9,4.07,0.97,3.0,16.093,3.05937,Ernst-Reuter-Platz,6.02183208055076,15081.18833687726,pc4,Avenue,False,False,10.157765415229472,20,2,0.0
1624348320.5233483,2021-06-22T07:52:00.523348Z,52.51329666666667,13.331978333333334,4,2,S1,1624348320.5233483,26.376665000000003,-45.768365,-24.932055,0.0581479225,45.0,179.5,7.2,22.69567625,8,20,2021-06-22 09:52:00,52.51329666666667,13.331978333333334,32.1,9.630400000000002,167.2,0.0653,0.04,18.13,18.13,14.04,0.77,1011.9,4.07,0.97,3.0,16.093,3.05937,Ernst-Reuter-Platz,6.02183208055076,15081.18833687726,pc4,Avenue,2021-06-22 09:52:00,52.513351666666665,13.332098333333333,35.2,13.7048,267.1,0.0653,0.04,18.13,18.13,14.04,0.77,1011.9,4.07,0.97,3.0,16.093,3.05937,Ernst-Reuter-Platz,0.3636521529943738,15093.329804032222,pc2,Avenue,False,False,10.157765415229472,20,2,0.0
1624348321.5079567,2021-06-22T07:52:01.507956Z,52.51334666666666,13.332041666666669,2,4,S1,1624348321.5079567,20.48773894736842,-51.72963684210527,-29.99947894736842,0.131728177368421,44.0,278.63157894736844,0.3157894736842105,5.269674157894737,8,19,2021-06-22 09:52:01,52.51334666666666,13.332041666666669,35.2,13.7048,255.7,0.0653,0.04,18.13,18.13,14.04,0.77,1011.9,4.07,0.97,3.0,16.093,3.05937,Ernst-Reuter-Platz,0.7088134490452584,15081.18833687726,pc2,Avenue,2021-06-22 09:52:01,52.51327166666667,13.332005,32.0,14.6308,132.1,0.0653,0.04,18.13,18.13,14.04,0.77,1011.9,4.07,0.97,3.0,16.093,2.88663,Bachstraße,7.679508109148109,15081.18833687726,pc4,Avenue,False,False,8.69415295709272,20,2,0.05
1624348321.5217605,2021-06-22T07:52:01.521760Z,52.51327166666667,13.332005,4,2,S1,1624348321.5217605,21.63109,-51.04078,-29.93039,0.2225653305,45.0,279.45,6.1,7.035413750000001,8,20,2021-06-22 09:52:01,52.51327166666667,13.332005,32.0,14.6308,132.1,0.0653,0.04,18.13,18.13,14.04,0.77,1011.9,4.07,0.97,3.0,16.093,2.88663,Bachstraße,7.679508109148109,15081.18833687726,pc4,Avenue,2021-06-22 09:52:01,52.51334666666666,13.332041666666669,35.2,13.7048,255.7,0.0653,0.04,18.13,18.13,14.04,0.77,1011.9,4.07,0.97,3.0,16.093,3.05937,Ernst-Reuter-Platz,0.7088134490452584,15081.18833687726,pc2,Avenue,False,False,8.69415295709272,20,2,0.0
1624348322.4863136,2021-06-22T07:52:02.486313Z,52.51332833333333,13.332,2,4,S1,1624348322.4863136,22.4791045,-51.05379,-30.070475,0.0837421719999999,44.0,376.5,0.0,6.3322778,8,20,2021-06-22 09:52:02,52.51332833333333,13.332,35.3,12.964,217.8,0.0653,0.04,18.13,18.13,14.04,0.77,1011.9,4.07,0.97,3.0,16.093,3.05937,Ernst-Reuter-Platz,2.588709825290119,15081.18833687726,pc2,Avenue,2021-06-22 09:52:02,52.51325666666666,13.33207,31.9,19.446,101.2,0.0653,0.04,18.13,18.13,14.04,0.77,1011.9,4.07,0.97,3.0,16.093,2.88663,Bachstraße,5.572536478883812,15081.18833687726,pc4,Avenue,False,False,9.26388894813695,20,2,0.0
1624348322.4923165,2021-06-22T07:52:02.492316Z,52.51325666666666,13.33207,4,2,S1,1624348322.4923165,22.476584210526315,-48.92928947368421,-27.9331052631579,0.1045462731578947,45.0,376.42105263157896,6.947368421052632,9.419398421052632,8,19,2021-06-22 09:52:02,52.51325666666666,13.33207,31.9,19.446,101.2,0.0653,0.04,18.13,18.13,14.04,0.77,1011.9,4.07,0.97,3.0,16.093,2.88663,Bachstraße,5.572536478883812,15081.18833687726,pc4,Avenue,2021-06-22 09:52:02,52.51332833333333,13.332,35.3,12.964,217.8,0.0653,0.04,18.13,18.13,14.04,0.77,1011.9,4.07,0.97,3.0,16.093,3.05937,Ernst-Reuter-Platz,2.588709825290119,15081.18833687726,pc2,Avenue,False,False,9.26388894813695,20,2,0.05
1624348323.4666789,2021-06-22T07:52:03.466678Z,52.513295,13.332003333333333,2,4,S1,1624348323.4666789,15.565356421052632,-65.18846315789473,-42.70583684210526,0.0132950446842105,44.0,474.5263157894737,0.1052631578947368,0.4478808121052631,8,19,2021-06-22 09:52:03,52.513295,13.332003333333333,35.3,17.0384,150.3,0.0653,0.04,18.13,18.13,14.04,0.77,1011.9,4.07,0.97,3.0,16.093,3.05937,Ernst-Reuter-Platz,6.299193859708907,15081.18833687726,pc2,Avenue,2021-06-22 09:52:03,52.51325833333333,13.332163333333334,32.0,24.6316,86.8,0.0653,0.04,18.13,18.13,14.04,0.77,1011.9,4.07,0.97,3.0,16.093,3.03274,Bachstraße,5.111996239116501,15093.329804032222,pc4,Avenue,False,False,11.561108032703928,20,2,0.05
1624348323.49615,2021-06-22T07:52:03.496150Z,52.51325833333333,13.332163333333334,4,2,S1,1624348323.49615,18.112049,-61.301485,-39.557655,0.0500710036,45.0,476.85,6.5,0.861288405,8,20,2021-06-22 09:52:03,52.51325833333333,13.332163333333334,32.0,24.6316,86.8,0.0653,0.04,18.13,18.13,14.04,0.77,1011.9,4.07,0.97,3.0,16.093,3.03274,Bachstraße,5.111996239116501,15093.329804032222,pc4,Avenue,2021-06-22 09:52:03,52.513295,13.332003333333333,35.3,17.0384,150.3,0.0653,0.04,18.13,18.13,14.04,0.77,1011.9,4.07,0.97,3.0,16.093,3.05937,Ernst-Reuter-Platz,6.299193859708907,15081.18833687726,pc2,Avenue,False,False,11.561108032703928,20,2,0.0
1624348324.4572651,2021-06-22T07:52:04.457265Z,52.513265,13.332296666666666,4,2,S1,1624348324.4572651,16.313615,-69.89405000000001,-48.288975,0.002691696,45.0,573.0625,5.5,0.1157103406249999,8,16,2021-06-22 09:52:04,52.513265,13.332296666666666,32.0,30.187600000000003,84.3,0.0653,0.04,18.13,18.13,14.04,0.77,1011.9,4.07,0.97,3.0,16.093,3.03274,Bachstraße,4.933429990251427,15105.63214099668,pc4,Avenue,2021-06-22 09:52:04,52.51327,13.33207,35.3,23.705600000000004,102.3,0.0653,0.04,18.13,18.13,14.04,0.77,1011.9,4.07,0.97,3.0,16.093,2.88663,Bachstraße,7.0462651918479775,15081.18833687726,pc2,Avenue,False,False,15.337238405535391,20,2,0.2
1624348324.4646146,2021-06-22T07:52:04.464614Z,52.51327,13.33207,2,4,S1,1624348324.4646146,15.9424975,-70.71308125,-49.03089375,0.0039213555,44.0,574.3125,0.1875,0.0851821487499999,8,16,2021-06-22 09:52:04,52.51327,13.33207,35.3,23.705600000000004,102.3,0.0653,0.04,18.13,18.13,14.04,0.77,1011.9,4.07,0.97,3.0,16.093,2.88663,Bachstraße,7.0462651918479775,15081.18833687726,pc2,Avenue,2021-06-22 09:52:04,52.513265,13.332296666666666,32.0,30.187600000000003,84.3,0.0653,0.04,18.13,18.13,14.04,0.77,1011.9,4.07,0.97,3.0,16.093,3.03274,Bachstraße,4.933429990251427,15105.63214099668,pc4,Avenue,False,False,15.337238405535391,20,2,0.2
1624348325.5212116,2021-06-22T07:52:05.521211Z,52.51327333333333,13.332445,4,2,S1,1624348325.5212116,15.315263529411766,-67.11025294117647,-45.17995882352941,0.0091017104705882,45.0,679.7058823529412,3.0,0.1592713882352941,8,17,2021-06-22 09:52:05,52.51327333333333,13.332445,31.9,35.188,84.1,0.0653,0.04,18.13,18.13,14.04,0.77,1011.9,4.07,0.97,3.0,16.093,3.03274,Bachstraße,4.890058955324159,15118.046494442657,pc4,Avenue,2021-06-22 09:52:05,52.513265,13.332196666666666,35.1,37.595600000000005,87.1,0.0653,0.04,18.13,18.13,14.04,0.77,1011.9,4.07,0.97,3.0,16.093,3.03274,Bachstraße,5.618590520083779,15093.329804032222,pc2,Avenue,False,False,16.81764853237615,20,2,0.15
1624348325.5914562,2021-06-22T07:52:05.591456Z,52.513265,13.332196666666666,2,4,S1,1624348325.5914562,15.091499166666669,-68.32435833333334,-37.60158333333333,0.0043534281666666,44.0,686.9166666666666,1.0,0.1062984583333333,8,12,2021-06-22 09:52:05,52.513265,13.332196666666666,35.1,37.595600000000005,87.1,0.0653,0.04,18.13,18.13,14.04,0.77,1011.9,4.07,0.97,3.0,16.093,3.03274,Bachstraße,5.618590520083779,15093.329804032222,pc2,Avenue,2021-06-22 09:52:05,52.51327333333333,13.332445,31.9,35.188,84.1,0.0653,0.04,18.13,18.13,14.04,0.77,1011.9,4.07,0.97,3.0,16.093,3.03274,Bachstraße,4.890058955324159,15118.046494442657,pc4,Avenue,False,False,16.81764853237615,20,2,0.4
1624348326.564042,2021-06-22T07:52:06.564041Z,52.51327333333333,13.332368333333331,2,4,S1,1624348326.564042,14.8359915,-69.58904285714286,-46.16902857142857,0.0067362181428571,44.0,784.2142857142857,0.5714285714285714,0.1097463228571428,8,14,2021-06-22 09:52:06,52.51327333333333,13.332368333333331,35.1,45.9296,83.7,0.0653,0.04,18.13,18.13,14.04,0.77,1011.9,4.07,0.97,3.0,16.093,3.03274,Bachstraße,5.388823375116801,15105.63214099668,pc2,Avenue,2021-06-22 09:52:06,52.51328333333333,13.332598333333332,31.9,36.114,84.0,0.0653,0.04,18.13,18.13,14.04,0.77,1011.9,4.07,0.97,3.0,16.093,2.73675,Bachstraße,4.998486162918221,15118.046494442657,pc4,Avenue,False,False,15.592064292907558,20,2,0.3
1624348326.5768027,2021-06-22T07:52:06.576802Z,52.51328333333333,13.332598333333332,4,2,S1,1624348326.5768027,18.550964705882357,-67.29019411764706,-46.02716470588236,0.0018905932941176,45.0,785.2352941176471,3.294117647058824,0.1547899647058823,8,17,2021-06-22 09:52:06,52.51328333333333,13.332598333333332,31.9,36.114,84.0,0.0653,0.04,18.13,18.13,14.04,0.77,1011.9,4.07,0.97,3.0,16.093,2.73675,Bachstraße,4.998486162918221,15118.046494442657,pc4,Avenue,2021-06-22 09:52:06,52.51327333333333,13.332368333333331,35.1,45.9296,83.7,0.0653,0.04,18.13,18.13,14.04,0.77,1011.9,4.07,0.97,3.0,16.093,3.03274,Bachstraße,5.388823375116801,15105.63214099668,pc2,Avenue,False,False,15.592064292907558,20,2,0.15
1624348327.4963417,2021-06-22T07:52:07.496341Z,52.513285,13.332553333333331,2,4,S1,1624348327.4963417,14.933037,-69.78531000000001,-47.84059,0.0032237310999999,44.0,877.5,0.0,0.098216923,8,20,2021-06-22 09:52:07,52.513285,13.332553333333331,35.0,43.70720000000001,84.1,0.0653,0.04,18.13,18.13,14.04,0.77,1011.9,4.07,0.97,3.0,16.093,2.73675,Bachstraße,5.475565017260002,15118.046494442657,pc2,Avenue,2021-06-22 09:52:07,52.51329333333333,13.332756666666668,31.8,38.52160000000001,83.8,0.0653,0.04,18.13,18.13,14.04,0.77,1011.9,4.07,0.97,3.0,16.093,2.73675,Bachstraße,5.011530639518381,15130.561672340606,pc4,Avenue,False,False,13.78038642071689,20,2,0.0
1624348327.5211546,2021-06-22T07:52:07.521154Z,52.51329333333333,13.332756666666668,4,2,S1,1624348327.5211546,15.87396,-66.50636,-44.88652,0.00887311455,45.0,879.7,3.0,0.203217945,8,20,2021-06-22 09:52:07,52.51329333333333,13.332756666666668,31.8,38.52160000000001,83.8,0.0653,0.04,18.13,18.13,14.04,0.77,1011.9,4.07,0.97,3.0,16.093,2.73675,Bachstraße,5.011530639518381,15130.561672340606,pc4,Avenue,2021-06-22 09:52:07,52.513285,13.332553333333331,35.0,43.70720000000001,84.1,0.0653,0.04,18.13,18.13,14.04,0.77,1011.9,4.07,0.97,3.0,16.093,2.73675,Bachstraße,5.475565017260002,15118.046494442657,pc2,Avenue,False,False,13.78038642071689,20,2,0.0
1624348328.5128784,2021-06-22T07:52:08.512878Z,52.513295,13.332733333333334,2,4,S1,1624348328.5128784,15.705479523809524,-68.39668095238096,-46.48510476190476,0.0046694724285714,44.0,929.809523809524,5.857142857142857,0.1130723999999999,8,21,2021-06-22 09:52:08,52.513295,13.332733333333334,34.9,42.9664,84.4,0.0653,0.04,18.13,18.13,14.04,0.77,1011.9,4.07,0.97,3.0,16.093,2.73675,Bachstraße,5.358355400967517,15130.561672340606,pc2,Avenue,2021-06-22 09:52:08,52.51330333333333,13.332921666666667,31.8,40.9292,83.9,0.0653,0.04,18.13,18.13,14.04,0.77,1011.9,4.07,0.97,3.0,16.093,2.73675,Bachstraße,4.966724424567045,15143.190884237029,pc4,Avenue,False,False,12.768560756755605,20,2,-0.05
1624348328.5501738,2021-06-22T07:52:08.550173Z,52.51330333333333,13.332921666666667,4,2,S1,1624348328.5501738,18.56760555555556,-66.88418333333334,-44.80427777777778,0.002270322,45.0,925.8333333333334,1.7777777777777777,0.1647510388888889,8,18,2021-06-22 09:52:08,52.51330333333333,13.332921666666667,31.8,40.9292,83.9,0.0653,0.04,18.13,18.13,14.04,0.77,1011.9,4.07,0.97,3.0,16.093,2.73675,Bachstraße,4.966724424567045,15143.190884237029,pc4,Avenue,2021-06-22 09:52:08,52.513295,13.332733333333334,34.9,42.9664,84.4,0.0653,0.04,18.13,18.13,14.04,0.77,1011.9,4.07,0.97,3.0,16.093,2.73675,Bachstraße,5.358355400967517,15130.561672340606,pc2,Avenue,False,False,12.768560756755605,20,2,0.1
1624348329.4852045,2021-06-22T07:52:09.485204Z,52.513315,13.333095,4,2,S1,1624348329.4852045,15.247172631578948,-66.00383157894737,-44.24512631578948,0.0135950696315789,45.0,51.68421052631579,7.2105263157894735,0.2135990894736842,8,19,2021-06-22 09:52:09,52.513315,13.333095,31.8,42.9664,84.1,0.0653,0.04,18.13,18.13,14.04,0.77,1011.9,4.07,0.97,3.0,16.093,3.08926,Ernst-Reuter-Platz,9.756015733425649,15156.00135187366,pc4,Avenue,2021-06-22 09:52:09,52.51330333333333,13.332905,34.9,41.299600000000005,84.2,0.0653,0.04,18.13,18.13,14.04,0.77,1011.9,4.07,0.97,3.0,16.093,2.73675,Bachstraße,5.082885849242328,15143.190884237029,pc2,Avenue,False,False,12.912834458015915,20,2,0.05
1624348329.5344288,2021-06-22T07:52:09.534428Z,52.51330333333333,13.332905,2,4,S1,1624348329.5344288,14.03799125,-69.73830000000001,-43.5562125,0.0050893190625,44.0,56.6875,6.25,0.07085393125,8,16,2021-06-22 09:52:09,52.51330333333333,13.332905,34.9,41.299600000000005,84.2,0.0653,0.04,18.13,18.13,14.04,0.77,1011.9,4.07,0.97,3.0,16.093,2.73675,Bachstraße,5.082885849242328,15143.190884237029,pc2,Avenue,2021-06-22 09:52:09,52.513315,13.333095,31.8,42.9664,84.1,0.0653,0.04,18.13,18.13,14.04,0.77,1011.9,4.07,0.97,3.0,16.093,3.08926,Ernst-Reuter-Platz,9.756015733425649,15156.00135187366,pc4,Avenue,False,False,12.912834458015915,20,2,0.2
1624348330.487913,2021-06-22T07:52:10.487912Z,52.51332833333333,13.333276666666666,4,2,S1,1624348330.487913,15.8233675,-66.583575,-44.74081,0.0075580080999999,45.0,152.0,6.75,0.17739125,8,20,2021-06-22 09:52:10,52.51332833333333,13.333276666666666,31.9,44.6332,84.0,0.0653,0.04,18.13,18.13,14.04,0.77,1011.9,4.07,0.97,3.0,16.093,3.05937,Ernst-Reuter-Platz,9.348966224343474,15169.013494019811,pc4,Avenue,2021-06-22 09:52:10,52.513313333333336,13.33307,34.9,40.00320000000001,84.0,0.0653,0.04,18.13,18.13,14.04,0.77,1011.9,4.07,0.97,3.0,16.093,3.08926,Ernst-Reuter-Platz,9.799325695565098,15156.00135187366,pc2,Avenue,False,False,14.073589936534734,20,2,0.0
1624348330.4880912,2021-06-22T07:52:10.488091Z,52.513313333333336,13.33307,2,4,S1,1624348330.4880912,13.383330999999998,-67.992625,-46.29211,0.0064259552999999,44.0,152.5,1.8,0.10772366,8,20,2021-06-22 09:52:10,52.513313333333336,13.33307,34.9,40.00320000000001,84.0,0.0653,0.04,18.13,18.13,14.04,0.77,1011.9,4.07,0.97,3.0,16.093,3.08926,Ernst-Reuter-Platz,9.799325695565098,15156.00135187366,pc2,Avenue,2021-06-22 09:52:10,52.51332833333333,13.333276666666666,31.9,44.6332,84.0,0.0653,0.04,18.13,18.13,14.04,0.77,1011.9,4.07,0.97,3.0,16.093,3.05937,Ernst-Reuter-Platz,9.348966224343474,15169.013494019811,pc4,Avenue,False,False,14.073589936534734,20,2,0.0
1624348331.485687,2021-06-22T07:52:11.485687Z,52.51333833333333,13.333463333333333,4,2,S1,1624348331.485687,15.5263885,-67.627995,-46.093045,0.0072279715499999,45.0,251.7,7.5,0.13815718,8,20,2021-06-22 09:52:11,52.51333833333333,13.333463333333333,31.7,44.448,83.8,0.0653,0.04,18.13,18.13,14.04,0.77,1011.9,4.07,0.97,3.0,16.093,3.05937,Ernst-Reuter-Platz,9.533182697429895,15182.22734654035,pc4,Avenue,2021-06-22 09:52:11,52.51332333333333,13.333231666666666,34.8,39.6328,83.7,0.0653,0.04,18.13,18.13,14.04,0.77,1011.9,4.07,0.97,3.0,16.093,3.05937,Ernst-Reuter-Platz,9.60537202067044,15169.013494019811,pc2,Avenue,False,False,15.753448398363938,20,2,0.0
1624348331.5075188,2021-06-22T07:52:11.507518Z,52.51332333333333,13.333231666666666,2,4,S1,1624348331.5075188,15.784942222222222,-69.8505111111111,-48.27542222222222,0.0018689682222222,44.0,254.44444444444449,1.7777777777777777,0.0998659438888888,8,18,2021-06-22 09:52:11,52.51332333333333,13.333231666666666,34.8,39.6328,83.7,0.0653,0.04,18.13,18.13,14.04,0.77,1011.9,4.07,0.97,3.0,16.093,3.05937,Ernst-Reuter-Platz,9.60537202067044,15169.013494019811,pc2,Avenue,2021-06-22 09:52:11,52.51333833333333,13.333463333333333,31.7,44.448,83.8,0.0653,0.04,18.13,18.13,14.04,0.77,1011.9,4.07,0.97,3.0,16.093,3.05937,Ernst-Reuter-Platz,9.533182697429895,15182.22734654035,pc4,Avenue,False,False,15.753448398363938,20,2,0.1
1624348332.4662137,2021-06-22T07:52:12.466213Z,52.51335,13.333648333333333,4,2,S1,1624348332.4662137,13.3934155,-67.86141,-43.21005,0.0095989278,45.0,350.1,4.05,0.1313340999999999,8,20,2021-06-22 09:52:12,52.51335,13.333648333333333,31.6,43.8924,83.6,0.0653,0.04,18.13,18.13,14.04,0.77,1011.9,4.07,0.97,3.0,16.093,3.03274,Bachstraße,5.059655003377598,15195.684013335902,pc4,Avenue,2021-06-22 09:52:12,52.513331666666666,13.333393333333332,34.6,39.6328,83.7,0.0653,0.04,18.13,18.13,14.04,0.77,1011.9,4.07,0.97,3.0,16.093,3.05937,Ernst-Reuter-Platz,9.7864797393945,15182.22734654035,pc2,Avenue,False,False,17.3626899152888,20,2,0.0
1624348332.508566,2021-06-22T07:52:12.508565Z,52.513331666666666,13.333393333333332,2,4,S1,1624348332.508566,15.032993,-69.81966,-48.282475,0.00228144635,44.0,354.65,0.75,0.0788345749999999,8,20,2021-06-22 09:52:12,52.513331666666666,13.333393333333332,34.6,39.6328,83.7,0.0653,0.04,18.13,18.13,14.04,0.77,1011.9,4.07,0.97,3.0,16.093,3.05937,Ernst-Reuter-Platz,9.7864797393945,15182.22734654035,pc2,Avenue,2021-06-22 09:52:12,52.51335,13.333648333333333,31.6,43.8924,83.6,0.0653,0.04,18.13,18.13,14.04,0.77,1011.9,4.07,0.97,3.0,16.093,3.03274,Bachstraße,5.059655003377598,15195.684013335902,pc4,Avenue,False,False,17.3626899152888,20,2,0.0
1624348333.5070744,2021-06-22T07:52:13.507074Z,52.51334166666667,13.333556666666668,2,4,S1,1624348333.5070744,14.9348435,-71.786975,-50.23066,0.0012668292,44.0,454.55,0.25,0.059485725,8,20,2021-06-22 09:52:13,52.51334166666667,13.333556666666668,34.5,39.6328,83.4,0.0653,0.04,18.13,18.13,14.04,0.77,1011.9,4.07,0.97,3.0,16.093,3.03274,Bachstraße,4.777548127650336,15182.22734654035,pc2,Avenue,2021-06-22 09:52:13,52.51336,13.33383,31.5,43.1516,83.6,0.0653,0.04,18.13,18.13,14.04,0.77,1011.9,4.07,0.97,3.0,16.093,3.03274,Bachstraße,5.246020567672796,15209.36134237652,pc4,Avenue,False,False,18.59438025932034,20,2,0.0
1624348333.568326,2021-06-22T07:52:13.568325Z,52.51336,13.33383,4,2,S1,1624348333.568326,15.052004705882354,-69.0862411764706,-40.128682352941176,0.0031698589411764,45.0,460.5882352941176,1.2941176470588236,0.1033526176470588,8,17,2021-06-22 09:52:13,52.51336,13.33383,31.5,43.1516,83.6,0.0653,0.04,18.13,18.13,14.04,0.77,1011.9,4.07,0.97,3.0,16.093,3.03274,Bachstraße,5.246020567672796,15209.36134237652,pc4,Avenue,2021-06-22 09:52:13,52.51334166666667,13.333556666666668,34.5,39.6328,83.4,0.0653,0.04,18.13,18.13,14.04,0.77,1011.9,4.07,0.97,3.0,16.093,3.03274,Bachstraße,4.777548127650336,15182.22734654035,pc2,Avenue,False,False,18.59438025932034,20,2,0.15
1624348334.5042212,2021-06-22T07:52:14.504221Z,52.513351666666665,13.333721666666667,2,4,S1,1624348334.5042212,16.307197,-68.04211000000001,-46.758605,0.002690713,44.0,554.2,0.9,0.1074372099999999,8,20,2021-06-22 09:52:14,52.513351666666665,13.333721666666667,34.4,40.5588,83.3,0.0653,0.04,18.13,18.13,14.04,0.77,1011.9,4.07,0.97,3.0,16.093,3.03274,Bachstraße,4.732744551344343,15195.684013335902,pc2,Avenue,2021-06-22 09:52:14,52.51337333333333,13.334003333333332,31.5,42.0404,83.7,0.0653,0.04,18.13,18.13,14.04,0.77,1011.9,4.07,0.97,3.0,16.093,3.03274,Bachstraße,6.142776240032664,15223.182754049689,pc4,Avenue,False,False,19.19745576291842,20,2,0.0
1624348334.5318315,2021-06-22T07:52:14.531831Z,52.51337333333333,13.334003333333332,4,2,S1,1624348334.5318315,15.929462941176473,-66.6778705882353,-39.5382294117647,0.01675212,45.0,556.8823529411765,1.8823529411764703,0.1840752058823529,8,17,2021-06-22 09:52:14,52.51337333333333,13.334003333333332,31.5,42.0404,83.7,0.0653,0.04,18.13,18.13,14.04,0.77,1011.9,4.07,0.97,3.0,16.093,3.03274,Bachstraße,6.142776240032664,15223.182754049689,pc4,Avenue,2021-06-22 09:52:14,52.513351666666665,13.333721666666667,34.4,40.5588,83.3,0.0653,0.04,18.13,18.13,14.04,0.77,1011.9,4.07,0.97,3.0,16.093,3.03274,Bachstraße,4.732744551344343,15195.684013335902,pc2,Avenue,False,False,19.19745576291842,20,2,0.15
1624348335.4860842,2021-06-22T07:52:15.486084Z,52.51336333333333,13.333886666666666,2,4,S1,1624348335.4860842,17.083526499999998,-68.438405,-47.132845,0.00194442885,44.0,651.6,8.8,0.1142839409999999,8,20,2021-06-22 09:52:15,52.51336333333333,13.333886666666666,34.4,40.744,83.5,0.0653,0.04,18.13,18.13,14.04,0.77,1011.9,4.07,0.97,3.0,16.093,3.03274,Bachstraße,5.425371687957803,15209.36134237652,pc2,Avenue,2021-06-22 09:52:15,52.51338333333333,13.334171666666666,31.6,41.299600000000005,83.9,0.0653,0.04,18.13,18.13,14.04,0.77,1011.9,4.07,0.97,3.0,16.093,3.03274,Bachstraße,6.716251712312974,15223.182754049689,pc4,Avenue,False,False,19.399020442548597,20,2,0.0
1624348335.5088491,2021-06-22T07:52:15.508849Z,52.51338333333333,13.334171666666666,4,2,S1,1624348335.5088491,18.831856,-66.41708,-45.26258,0.00207725755,45.0,654.5,2.7,0.17278468,8,20,2021-06-22 09:52:15,52.51338333333333,13.334171666666666,31.6,41.299600000000005,83.9,0.0653,0.04,18.13,18.13,14.04,0.77,1011.9,4.07,0.97,3.0,16.093,3.03274,Bachstraße,6.716251712312974,15223.182754049689,pc4,Avenue,2021-06-22 09:52:15,52.51336333333333,13.333886666666666,34.4,40.744,83.5,0.0653,0.04,18.13,18.13,14.04,0.77,1011.9,4.07,0.97,3.0,16.093,3.03274,Bachstraße,5.425371687957803,15209.36134237652,pc2,Avenue,False,False,19.399020442548597,20,2,0.0
1624348336.4868767,2021-06-22T07:52:16.486876Z,52.51337166666666,13.334048333333334,2,4,S1,1624348336.4868767,14.074429,-72.5249,-50.815545,0.0013692418999999,44.0,752.3,2.55,0.0547273835,8,20,2021-06-22 09:52:16,52.51337166666666,13.334048333333334,34.3,38.892,84.0,0.0653,0.04,18.13,18.13,14.04,0.77,1011.9,4.07,0.97,3.0,16.093,3.03274,Bachstraße,5.806492892300067,15223.182754049689,pc2,Avenue,2021-06-22 09:52:16,52.51339333333333,13.334338333333331,31.5,40.3736,84.1,0.0653,0.04,18.13,18.13,14.04,0.77,1011.9,4.07,0.97,3.0,16.093,2.73675,Bachstraße,7.312338331445846,15237.105143921744,pc4,Avenue,False,False,19.756610167102437,20,2,0.0
1624348336.5106251,2021-06-22T07:52:16.510625Z,52.51339333333333,13.334338333333331,4,2,S1,1624348336.5106251,14.024105,-70.162525,-48.62537,0.0031014555,45.0,754.6,3.5,0.08152803,8,20,2021-06-22 09:52:16,52.51339333333333,13.334338333333331,31.5,40.3736,84.1,0.0653,0.04,18.13,18.13,14.04,0.77,1011.9,4.07,0.97,3.0,16.093,2.73675,Bachstraße,7.312338331445846,15237.105143921744,pc4,Avenue,2021-06-22 09:52:16,52.51337166666666,13.334048333333334,34.3,38.892,84.0,0.0653,0.04,18.13,18.13,14.04,0.77,1011.9,4.07,0.97,3.0,16.093,3.03274,Bachstraße,5.806492892300067,15223.182754049689,pc2,Avenue,False,False,19.756610167102437,20,2,0.0
1624348337.4945471,2021-06-22T07:52:17.494547Z,52.51338166666667,13.334201666666669,2,4,S1,1624348337.4945471,14.502297,-71.457465,-49.951055,0.0018144247999999,44.0,852.8,5.25,0.0607662845,8,20,2021-06-22 09:52:17,52.51338166666667,13.334201666666669,34.3,36.4844,84.0,0.0653,0.04,18.13,18.13,14.04,0.77,1011.9,4.07,0.97,3.0,16.093,3.03274,Bachstraße,6.43876310937902,15237.105143921744,pc2,Avenue,2021-06-22 09:52:17,52.51340166666667,13.334496666666666,31.6,37.966,84.4,0.0653,0.04,18.13,18.13,14.04,0.77,1011.9,4.07,0.97,3.0,16.093,2.73675,Bachstraße,7.587031061391542,15251.074140344765,pc4,Avenue,False,False,20.07089568390699,20,2,0.0
1624348337.5070071,2021-06-22T07:52:17.507007Z,52.51340166666667,13.334496666666666,4,2,S1,1624348337.5070071,15.629501875,-69.87869375,-44.01978125,0.0025171108125,45.0,854.1875,4.0,0.0723092999999999,8,16,2021-06-22 09:52:17,52.51340166666667,13.334496666666666,31.6,37.966,84.4,0.0653,0.04,18.13,18.13,14.04,0.77,1011.9,4.07,0.97,3.0,16.093,2.73675,Bachstraße,7.587031061391542,15251.074140344765,pc4,Avenue,2021-06-22 09:52:17,52.51338166666667,13.334201666666669,34.3,36.4844,84.0,0.0653,0.04,18.13,18.13,14.04,0.77,1011.9,4.07,0.97,3.0,16.093,3.03274,Bachstraße,6.43876310937902,15237.105143921744,pc2,Avenue,False,False,20.07089568390699,20,2,0.2
1624348338.493051,2021-06-22T07:52:18.493051Z,52.51339,13.334345,2,4,S1,1624348338.493051,15.3874045,-68.600065,-47.150855,0.0028051952,44.0,952.6,5.75,0.1115915344999999,8,20,2021-06-22 09:52:18,52.51339,13.334345,34.2,34.4472,84.2,0.0653,0.04,18.13,18.13,14.04,0.77,1011.9,4.07,0.97,3.0,16.093,2.73675,Bachstraße,6.92179882815195,15237.105143921744,pc2,Avenue,2021-06-22 09:52:18,52.51340833333333,13.334643333333334,31.5,33.891600000000004,84.6,0.0653,0.04,18.13,18.13,14.04,0.77,1011.9,4.07,0.97,3.0,16.093,2.73675,Bachstraße,7.551865105421069,15265.08211048676,pc4,Avenue,False,False,20.27549544654225,20,2,0.0
1624348338.5291853,2021-06-22T07:52:18.529185Z,52.51340833333333,13.334643333333334,4,2,S1,1624348338.5291853,17.81995789473684,-67.93777368421053,-40.84516842105263,0.0016086961578947,45.0,956.4736842105264,3.3157894736842106,0.120178347368421,8,19,2021-06-22 09:52:18,52.51340833333333,13.334643333333334,31.5,33.891600000000004,84.6,0.0653,0.04,18.13,18.13,14.04,0.77,1011.9,4.07,0.97,3.0,16.093,2.73675,Bachstraße,7.551865105421069,15265.08211048676,pc4,Avenue,2021-06-22 09:52:18,52.51339,13.334345,34.2,34.4472,84.2,0.0653,0.04,18.13,18.13,14.04,0.77,1011.9,4.07,0.97,3.0,16.093,2.73675,Bachstraße,6.92179882815195,15237.105143921744,pc2,Avenue,False,False,20.27549544654225,20,2,0.05
1624348339.5007217,2021-06-22T07:52:19.500721Z,52.513396666666665,13.33448,2,4,S1,1624348339.5007217,17.830895,-68.876575,-47.603315,0.00125673705,44.0,234.0,7.4,0.085530475,8,20,2021-06-22 09:52:19,52.513396666666665,13.33448,34.2,32.595200000000006,84.5,0.0653,0.04,18.13,18.13,14.04,0.77,1011.9,4.07,0.97,3.0,16.093,2.73675,Bachstraße,7.121083634627578,15251.074140344765,pc2,Avenue,2021-06-22 09:52:19,52.513415,13.334773333333333,31.5,30.0024,84.7,0.0653,0.04,18.13,18.13,14.04,0.77,1011.9,4.07,0.97,3.0,16.093,2.73675,Bachstraße,7.604613982534171,15265.08211048676,pc4,Avenue,False,False,19.939130964538357,20,2,0.0
1624348339.5234137,2021-06-22T07:52:19.523413Z,52.513415,13.334773333333333,4,2,S1,1624348339.5234137,16.215603684210528,-66.94921578947368,-43.85089473684211,0.0169369152105263,45.0,247.57894736842104,2.263157894736842,0.1873339631578947,8,19,2021-06-22 09:52:19,52.513415,13.334773333333333,31.5,30.0024,84.7,0.0653,0.04,18.13,18.13,14.04,0.77,1011.9,4.07,0.97,3.0,16.093,2.73675,Bachstraße,7.604613982534171,15265.08211048676,pc4,Avenue,2021-06-22 09:52:19,52.513396666666665,13.33448,34.2,32.595200000000006,84.5,0.0653,0.04,18.13,18.13,14.04,0.77,1011.9,4.07,0.97,3.0,16.093,2.73675,Bachstraße,7.121083634627578,15251.074140344765,pc2,Avenue,False,False,19.939130964538357,20,2,0.05
1624348340.5006309,2021-06-22T07:52:20.500630Z,52.513403333333336,13.334606666666666,2,4,S1,1624348340.5006309,14.7810515,-70.90261000000001,-49.36499,0.00166519695,44.0,129.6,3.3,0.0716491549999999,8,20,2021-06-22 09:52:20,52.513403333333336,13.334606666666666,34.3,30.9284,84.8,0.0653,0.04,18.13,18.13,14.04,0.77,1011.9,4.07,0.97,3.0,16.093,2.73675,Bachstraße,7.191415192444343,15265.08211048676,pc2,Avenue,2021-06-22 09:52:20,52.51342,13.334891666666667,31.5,27.9652,84.8,0.0653,0.04,18.13,18.13,14.04,0.77,1011.9,4.07,0.97,3.0,16.093,2.73675,Bachstraße,7.605928065073593,15279.061978238047,pc4,Avenue,False,False,19.360095039247906,20,2,0.0
1624348340.5081396,2021-06-22T07:52:20.508139Z,52.51342,13.334891666666667,4,2,S1,1624348340.5081396,16.24547,-70.209265,-48.658405,0.00147797885,45.0,130.6,1.0,0.0819642665,8,20,2021-06-22 09:52:20,52.51342,13.334891666666667,31.5,27.9652,84.8,0.0653,0.04,18.13,18.13,14.04,0.77,1011.9,4.07,0.97,3.0,16.093,2.73675,Bachstraße,7.605928065073593,15279.061978238047,pc4,Avenue,2021-06-22 09:52:20,52.513403333333336,13.334606666666666,34.3,30.9284,84.8,0.0653,0.04,18.13,18.13,14.04,0.77,1011.9,4.07,0.97,3.0,16.093,2.73675,Bachstraße,7.191415192444343,15265.08211048676,pc2,Avenue,False,False,19.360095039247906,20,2,0.0
1624348341.4963353,2021-06-22T07:52:21.496335Z,52.51340833333333,13.334726666666668,2,4,S1,1624348341.4963353,17.719037,-68.925825,-47.82699,0.001286798,44.0,229.5,0.0,0.1023181625,8,20,2021-06-22 09:52:21,52.51340833333333,13.334726666666668,34.3,29.0764,84.8,0.0653,0.04,18.13,18.13,14.04,0.77,1011.9,4.07,0.97,3.0,16.093,2.73675,Bachstraße,7.112292081321251,15265.08211048676,pc2,Avenue,2021-06-22 09:52:21,52.513425,13.335005,31.4,28.1504,84.5,0.0652,0.04,18.15,18.15,14.06,0.77,1011.9,4.07,0.97,3.0,16.093,3.04167,Bachstraße,7.727061844620173,15279.061978238047,pc4,Avenue,False,False,18.911409737179746,20,2,0.0
1624348341.543671,2021-06-22T07:52:21.543670Z,52.513425,13.335005,4,2,S1,1624348341.543671,19.17980736842105,-65.60393157894737,-44.435221052631576,0.0022396012105263,45.0,233.68421052631575,5.684210526315789,0.2132738210526316,8,19,2021-06-22 09:52:21,52.513425,13.335005,31.4,28.1504,84.5,0.0652,0.04,18.15,18.15,14.06,0.77,1011.9,4.07,0.97,3.0,16.093,3.04167,Bachstraße,7.727061844620173,15279.061978238047,pc4,Avenue,2021-06-22 09:52:21,52.51340833333333,13.334726666666668,34.3,29.0764,84.8,0.0653,0.04,18.13,18.13,14.04,0.77,1011.9,4.07,0.97,3.0,16.093,2.73675,Bachstraße,7.112292081321251,15265.08211048676,pc2,Avenue,False,False,18.911409737179746,20,2,0.05
1624348342.489307,2021-06-22T07:52:22.489306Z,52.51341,13.33484,2,4,S1,1624348342.489307,18.3810815,-67.13689500000001,-46.11338,0.0016251440499999,44.0,328.25,5.5,0.1746541949999999,8,20,2021-06-22 09:52:22,52.51341,13.33484,34.2,28.5208,85.0,0.0653,0.04,18.13,18.13,14.04,0.77,1011.9,4.07,0.97,3.0,16.093,2.73675,Bachstraße,6.699093585508956,15279.061978238047,pc2,Avenue,2021-06-22 09:52:22,52.51343166666667,13.335118333333334,31.4,27.78,84.1,0.0652,0.04,18.15,18.15,14.06,0.77,1011.9,4.07,0.97,3.0,16.093,3.04167,Bachstraße,8.03308414670735,15292.910051486298,pc4,Avenue,False,False,18.973795969779815,20,2,0.0
1624348342.515,2021-06-22T07:52:22.515000Z,52.51343166666667,13.335118333333334,4,2,S1,1624348342.515,18.694951,-66.014625,-44.80783,0.0023192485,45.0,330.85,5.35,0.255103635,8,20,2021-06-22 09:52:22,52.51343166666667,13.335118333333334,31.4,27.78,84.1,0.0652,0.04,18.15,18.15,14.06,0.77,1011.9,4.07,0.97,3.0,16.093,3.04167,Bachstraße,8.03308414670735,15292.910051486298,pc4,Avenue,2021-06-22 09:52:22,52.51341,13.33484,34.2,28.5208,85.0,0.0653,0.04,18.13,18.13,14.04,0.77,1011.9,4.07,0.97,3.0,16.093,2.73675,Bachstraße,6.699093585508956,15279.061978238047,pc2,Avenue,False,False,18.973795969779815,20,2,0.0
1624348343.4854584,2021-06-22T07:52:23.485458Z,52.513415,13.334956666666669,2,4,S1,1624348343.4854584,13.7401165,-73.7126,-51.809735,0.00107324515,44.0,427.55,8.65,0.0295049049999999,8,20,2021-06-22 09:52:23,52.513415,13.334956666666669,34.1,29.446800000000003,84.7,0.0653,0.04,18.13,18.13,14.04,0.77,1011.9,4.07,0.97,3.0,16.093,2.73675,Bachstraße,6.8026196233372,15279.061978238047,pc2,Avenue,2021-06-22 09:52:23,52.51343666666666,13.335226666666667,31.3,27.4096,83.6,0.0652,0.04,18.15,18.15,14.06,0.77,1011.9,4.07,0.97,3.0,16.093,3.04167,Bachstraße,7.795616205481722,15306.49806208714,pc4,Avenue,False,False,18.414987807202056,20,2,0.0
1624348343.5122752,2021-06-22T07:52:23.512275Z,52.51343666666666,13.335226666666667,4,2,S1,1624348343.5122752,14.794864,-71.87068500000001,-50.002415,0.0013595744,45.0,430.6,5.1,0.051864255,8,20,2021-06-22 09:52:23,52.51343666666666,13.335226666666667,31.3,27.4096,83.6,0.0652,0.04,18.15,18.15,14.06,0.77,1011.9,4.07,0.97,3.0,16.093,3.04167,Bachstraße,7.795616205481722,15306.49806208714,pc4,Avenue,2021-06-22 09:52:23,52.513415,13.334956666666669,34.1,29.446800000000003,84.7,0.0653,0.04,18.13,18.13,14.04,0.77,1011.9,4.07,0.97,3.0,16.093,2.73675,Bachstraße,6.8026196233372,15279.061978238047,pc2,Avenue,False,False,18.414987807202056,20,2,0.0
1624348344.4949217,2021-06-22T07:52:24.494921Z,52.51342,13.335073333333334,2,4,S1,1624348344.4949217,17.18624,-69.45570000000001,-48.19448,0.00124367095,44.0,528.7,6.6,0.08779661,8,20,2021-06-22 09:52:24,52.51342,13.335073333333334,34.1,30.0024,83.9,0.0652,0.04,18.15,18.15,14.06,0.77,1011.9,4.07,0.97,3.0,16.093,3.04167,Bachstraße,6.91100252046501,15292.910051486298,pc2,Avenue,2021-06-22 09:52:24,52.513445,13.335333333333333,31.2,25.928,83.4,0.0652,0.04,18.15,18.15,14.06,0.77,1011.9,4.07,0.97,3.0,16.093,3.04167,Bachstraße,7.894023920186668,15306.49806208714,pc4,Avenue,False,False,17.798794924099024,20,2,0.0
1624348344.5111544,2021-06-22T07:52:24.511154Z,52.513445,13.335333333333333,4,2,S1,1624348344.5111544,19.259015,-67.238175,-45.832,0.0016544955,45.0,530.5,5.0,0.153051855,8,20,2021-06-22 09:52:24,52.513445,13.335333333333333,31.2,25.928,83.4,0.0652,0.04,18.15,18.15,14.06,0.77,1011.9,4.07,0.97,3.0,16.093,3.04167,Bachstraße,7.894023920186668,15306.49806208714,pc4,Avenue,2021-06-22 09:52:24,52.51342,13.335073333333334,34.1,30.0024,83.9,0.0652,0.04,18.15,18.15,14.06,0.77,1011.9,4.07,0.97,3.0,16.093,3.04167,Bachstraße,6.91100252046501,15292.910051486298,pc2,Avenue,False,False,17.798794924099024,20,2,0.0
1624348345.5013149,2021-06-22T07:52:25.501314Z,52.51342666666667,13.335186666666669,2,4,S1,1624348345.5013149,17.879517,-69.17656,-48.01665,0.0011029685,44.0,629.5,5.0,0.0966694165,8,20,2021-06-22 09:52:25,52.51342666666667,13.335186666666669,34.0,28.335600000000003,83.7,0.0652,0.04,18.15,18.15,14.06,0.77,1011.9,4.07,0.97,3.0,16.093,3.04167,Bachstraße,6.999795992949056,15292.910051486298,pc2,Avenue,2021-06-22 09:52:25,52.51345,13.335436666666666,31.1,25.1872,83.6,0.0652,0.04,18.15,18.15,14.06,0.77,1011.9,4.07,0.97,3.0,16.093,2.63792,Bachstraße,7.650143581298959,15319.773339257556,pc4,Avenue,False,False,17.10217730232538,20,2,0.0
1624348345.5093155,2021-06-22T07:52:25.509315Z,52.51345,13.335436666666666,4,2,S1,1624348345.5093155,19.753855,-66.19986,-45.126940000000005,0.00155332725,45.0,630.5,3.15,0.1903449549999999,8,20,2021-06-22 09:52:25,52.51345,13.335436666666666,31.1,25.1872,83.6,0.0652,0.04,18.15,18.15,14.06,0.77,1011.9,4.07,0.97,3.0,16.093,2.63792,Bachstraße,7.650143581298959,15319.773339257556,pc4,Avenue,2021-06-22 09:52:25,52.51342666666667,13.335186666666669,34.0,28.335600000000003,83.7,0.0652,0.04,18.15,18.15,14.06,0.77,1011.9,4.07,0.97,3.0,16.093,3.04167,Bachstraße,6.999795992949056,15292.910051486298,pc2,Avenue,False,False,17.10217730232538,20,2,0.0
1624348346.486209,2021-06-22T07:52:26.486208Z,52.51345666666667,13.335541666666666,4,2,S1,1624348346.486209,18.461752105263155,-66.35836842105263,-45.28747894736842,0.0019215614736842,45.0,728.421052631579,0.8421052631578947,0.2049933736842105,8,19,2021-06-22 09:52:26,52.51345666666667,13.335541666666666,31.1,26.483600000000003,83.7,0.0652,0.04,18.15,18.15,14.06,0.77,1011.9,4.07,0.97,3.0,16.093,2.63792,Bachstraße,7.577407673549132,15319.773339257556,pc4,Avenue,2021-06-22 09:52:26,52.51343,13.335296666666666,33.9,27.2244,83.7,0.0652,0.04,18.15,18.15,14.06,0.77,1011.9,4.07,0.97,3.0,16.093,3.04167,Bachstraße,6.52059205002399,15306.49806208714,pc2,Avenue,False,False,16.829256675018634,20,2,0.05
1624348346.5038652,2021-06-22T07:52:26.503865Z,52.51343,13.335296666666666,2,4,S1,1624348346.5038652,17.781955500000002,-68.60455,-47.621385,0.0013436959,44.0,729.8,4.55,0.1201155224999999,8,20,2021-06-22 09:52:26,52.51343,13.335296666666666,33.9,27.2244,83.7,0.0652,0.04,18.15,18.15,14.06,0.77,1011.9,4.07,0.97,3.0,16.093,3.04167,Bachstraße,6.52059205002399,15306.49806208714,pc2,Avenue,2021-06-22 09:52:26,52.51345666666667,13.335541666666666,31.1,26.483600000000003,83.7,0.0652,0.04,18.15,18.15,14.06,0.77,1011.9,4.07,0.97,3.0,16.093,2.63792,Bachstraße,7.577407673549132,15319.773339257556,pc4,Avenue,False,False,16.829256675018634,20,2,0.0
1624348347.4808965,2021-06-22T07:52:27.480896Z,52.513466666666666,13.335653333333331,4,2,S1,1624348347.4808965,15.887678500000002,-68.31721999999999,-47.067875,0.00244452785,45.0,827.55,4.25,0.13089436,8,20,2021-06-22 09:52:27,52.513466666666666,13.335653333333331,31.0,28.706000000000003,83.0,0.0652,0.04,18.15,18.15,14.06,0.77,1011.9,4.07,0.97,3.0,16.093,2.73675,Bachstraße,7.294142260397733,15332.656539151018,pc4,Avenue,2021-06-22 09:52:27,52.51343666666666,13.33541,33.7,28.1504,83.7,0.0652,0.04,18.15,18.15,14.06,0.77,1011.9,4.07,0.97,3.0,16.093,2.63792,Bachstraße,6.383676730316214,15319.773339257556,pc2,Avenue,False,False,16.78787274296516,20,2,0.0
1624348347.4937596,2021-06-22T07:52:27.493759Z,52.51343666666666,13.33541,2,4,S1,1624348347.4937596,14.023683684210528,-72.44017894736842,-50.8234,0.001283877368421,44.0,829.0526315789474,1.947368421052632,0.0458066152631579,8,19,2021-06-22 09:52:27,52.51343666666666,13.33541,33.7,28.1504,83.7,0.0652,0.04,18.15,18.15,14.06,0.77,1011.9,4.07,0.97,3.0,16.093,2.63792,Bachstraße,6.383676730316214,15319.773339257556,pc2,Avenue,2021-06-22 09:52:27,52.513466666666666,13.335653333333331,31.0,28.706000000000003,83.0,0.0652,0.04,18.15,18.15,14.06,0.77,1011.9,4.07,0.97,3.0,16.093,2.73675,Bachstraße,7.294142260397733,15332.656539151018,pc4,Avenue,False,False,16.78787274296516,20,2,0.05
1624348348.4721005,2021-06-22T07:52:28.472100Z,52.513441666666665,13.33553,2,4,S1,1624348348.4721005,15.875944999999998,-69.12063500000001,-47.685505,0.00206428945,44.0,926.9,1.8,0.116894405,8,20,2021-06-22 09:52:28,52.513441666666665,13.33553,33.7,30.187600000000003,83.7,0.0652,0.04,18.15,18.15,14.06,0.77,1011.9,4.07,0.97,3.0,16.093,2.63792,Bachstraße,6.011438529443575,15319.773339257556,pc2,Avenue,2021-06-22 09:52:28,52.51347833333333,13.335775,31.1,31.8544,81.2,0.0652,0.04,18.15,18.15,14.06,0.77,1011.9,4.07,0.97,3.0,16.093,2.73675,Bachstraße,7.952894193235484,15332.656539151018,pc4,Avenue,False,False,17.059818922331612,20,2,0.0
1624348348.4855678,2021-06-22T07:52:28.485567Z,52.51347833333333,13.335775,4,2,S1,1624348348.4855678,18.83637,-66.10532500000001,-44.924105,0.00217385035,45.0,928.4,0.4,0.219128005,8,20,2021-06-22 09:52:28,52.51347833333333,13.335775,31.1,31.8544,81.2,0.0652,0.04,18.15,18.15,14.06,0.77,1011.9,4.07,0.97,3.0,16.093,2.73675,Bachstraße,7.952894193235484,15332.656539151018,pc4,Avenue,2021-06-22 09:52:28,52.513441666666665,13.33553,33.7,30.187600000000003,83.7,0.0652,0.04,18.15,18.15,14.06,0.77,1011.9,4.07,0.97,3.0,16.093,2.63792,Bachstraße,6.011438529443575,15319.773339257556,pc2,Avenue,False,False,17.059818922331612,20,2,0.0
1624348349.4847243,2021-06-22T07:52:29.484724Z,52.51349666666667,13.335908333333334,4,2,S1,1624348349.4847243,18.885154545454547,-65.5366409090909,-44.47762727272727,0.0024791272727272,45.0,469.4090909090909,4.045454545454546,0.1994501409090909,8,22,2021-06-22 09:52:29,52.51349666666667,13.335908333333334,31.2,34.4472,78.9,0.0652,0.04,18.15,18.15,14.06,0.77,1011.9,4.07,0.97,3.0,16.093,2.37618,Großer Stern,7.142549087867111,15345.087749067889,pc4,Avenue,2021-06-22 09:52:29,52.51345,13.335655,33.5,31.1136,82.6,0.0652,0.04,18.15,18.15,14.06,0.77,1011.9,4.07,0.97,3.0,16.093,2.73675,Bachstraße,5.454563798522937,15332.656539151018,pc2,Avenue,False,False,17.897134825595455,20,2,-0.1
1624348349.4972937,2021-06-22T07:52:29.497293Z,52.51345,13.335655,2,4,S1,1624348349.4972937,17.88842,-67.902355,-46.94812,0.0015908908,44.0,466.3,1.0,0.1298186,8,20,2021-06-22 09:52:29,52.51345,13.335655,33.5,31.1136,82.6,0.0652,0.04,18.15,18.15,14.06,0.77,1011.9,4.07,0.97,3.0,16.093,2.73675,Bachstraße,5.454563798522937,15332.656539151018,pc2,Avenue,2021-06-22 09:52:29,52.51349666666667,13.335908333333334,31.2,34.4472,78.9,0.0652,0.04,18.15,18.15,14.06,0.77,1011.9,4.07,0.97,3.0,16.093,2.37618,Großer Stern,7.142549087867111,15345.087749067889,pc4,Avenue,False,False,17.897134825595455,20,2,0.0
1624348350.4973075,2021-06-22T07:52:30.497307Z,52.513466666666666,13.33578,2,4,S1,1624348350.4973075,17.686315,-67.537635,-46.360215,0.00199881485,44.0,105.5,1.0,0.15014779,8,20,2021-06-22 09:52:30,52.513466666666666,13.33578,33.6,31.669200000000004,81.9,0.0652,0.04,18.15,18.15,14.06,0.77,1011.9,4.07,0.97,3.0,16.093,2.73675,Bachstraße,6.852670536853865,15332.656539151018,pc2,Avenue,2021-06-22 09:52:30,52.513515,13.336046666666666,31.4,34.817600000000006,77.8,0.0652,0.04,18.15,18.15,14.06,0.77,1011.9,4.07,0.97,3.0,16.093,2.37618,Großer Stern,7.242859600305633,15357.073267943077,pc4,Avenue,False,False,18.8138574550296,20,2,0.0
1624348350.4984236,2021-06-22T07:52:30.498423Z,52.513515,13.336046666666666,4,2,S1,1624348350.4984236,19.795536842105264,-64.25271578947368,-43.30098421052632,0.0024893821052631,45.0,105.26315789473684,4.631578947368421,0.2817047157894736,8,19,2021-06-22 09:52:30,52.513515,13.336046666666666,31.4,34.817600000000006,77.8,0.0652,0.04,18.15,18.15,14.06,0.77,1011.9,4.07,0.97,3.0,16.093,2.37618,Großer Stern,7.242859600305633,15357.073267943077,pc4,Avenue,2021-06-22 09:52:30,52.513466666666666,13.33578,33.6,31.669200000000004,81.9,0.0652,0.04,18.15,18.15,14.06,0.77,1011.9,4.07,0.97,3.0,16.093,2.73675,Bachstraße,6.852670536853865,15332.656539151018,pc2,Avenue,False,False,18.8138574550296,20,2,0.05
1624348351.4811444,2021-06-22T07:52:31.481144Z,52.51353,13.336186666666666,4,2,S1,1624348351.4811444,21.76947,-60.338350000000005,-38.35634,0.0050628407,45.0,203.5,5.0,0.8273299100000001,8,20,2021-06-22 09:52:31,52.51353,13.336186666666666,31.4,35.188,78.0,0.0652,0.04,18.15,18.15,14.06,0.77,1011.9,4.07,0.97,3.0,16.093,2.48787,Bachstraße,9.27464819270118,15368.65508851101,pc4,Avenue,2021-06-22 09:52:31,52.51348333333333,13.335911666666666,33.7,35.0028,81.0,0.0652,0.04,18.15,18.15,14.06,0.77,1011.9,4.07,0.97,3.0,16.093,2.37618,Großer Stern,5.646014790861663,15345.087749067889,pc2,Avenue,False,False,19.30402015293722,20,2,0.0
1624348351.5044794,2021-06-22T07:52:31.504479Z,52.51348333333333,13.335911666666666,2,4,S1,1624348351.5044794,19.99029,-64.80850000000001,-43.83275,0.00211367405,44.0,205.9,4.2,0.325658205,8,20,2021-06-22 09:52:31,52.51348333333333,13.335911666666666,33.7,35.0028,81.0,0.0652,0.04,18.15,18.15,14.06,0.77,1011.9,4.07,0.97,3.0,16.093,2.37618,Großer Stern,5.646014790861663,15345.087749067889,pc2,Avenue,2021-06-22 09:52:31,52.51353,13.336186666666666,31.4,35.188,78.0,0.0652,0.04,18.15,18.15,14.06,0.77,1011.9,4.07,0.97,3.0,16.093,2.48787,Bachstraße,9.27464819270118,15368.65508851101,pc4,Avenue,False,False,19.30402015293722,20,2,0.0
1624348352.4893982,2021-06-22T07:52:32.489398Z,52.51353666666667,13.336331666666666,4,2,S1,1624348352.4893982,20.331319047619047,-63.56407619047619,-42.28989523809524,0.0029080316190476,45.0,304.7619047619048,0.6190476190476191,0.4123046571428571,8,21,2021-06-22 09:52:32,52.51353666666667,13.336331666666666,31.5,36.4844,78.3,0.0652,0.04,18.15,18.15,14.06,0.77,1011.9,4.07,0.97,3.0,16.093,2.87596,Großer Stern,5.330943813500518,15379.894281406978,pc4,Avenue,2021-06-22 09:52:32,52.513505,13.33605,34.0,34.4472,79.5,0.0652,0.04,18.15,18.15,14.06,0.77,1011.9,4.07,0.97,3.0,16.093,2.37618,Großer Stern,6.109411220596187,15357.073267943077,pc2,Avenue,False,False,19.367890878261125,20,2,-0.05
1624348352.516507,2021-06-22T07:52:32.516506Z,52.513505,13.33605,2,4,S1,1624348352.516507,20.5686,-63.73207,-42.725335,0.00230258315,44.0,307.0,5.2,0.3939267999999999,8,20,2021-06-22 09:52:32,52.513505,13.33605,34.0,34.4472,79.5,0.0652,0.04,18.15,18.15,14.06,0.77,1011.9,4.07,0.97,3.0,16.093,2.37618,Großer Stern,6.109411220596187,15357.073267943077,pc2,Avenue,2021-06-22 09:52:32,52.51353666666667,13.336331666666666,31.5,36.4844,78.3,0.0652,0.04,18.15,18.15,14.06,0.77,1011.9,4.07,0.97,3.0,16.093,2.87596,Großer Stern,5.330943813500518,15379.894281406978,pc4,Avenue,False,False,19.367890878261125,20,2,0.0
1624348353.497232,2021-06-22T07:52:33.497231Z,52.513545,13.336476666666666,4,2,S1,1624348353.497232,18.63494736842105,-66.85438421052632,-45.48122631578947,0.0017250672105263,45.0,405.3157894736842,2.9473684210526314,0.2069087647368421,8,19,2021-06-22 09:52:33,52.513545,13.336476666666666,31.5,35.373200000000004,78.8,0.0652,0.04,18.15,18.15,14.06,0.77,1011.9,4.07,0.97,3.0,16.093,2.87596,Großer Stern,4.641454873949287,15390.776835549088,pc4,Park,2021-06-22 09:52:33,52.513515,13.33619,34.1,36.114,84.5,0.0652,0.04,18.15,18.15,14.06,0.77,1011.9,4.07,0.97,3.0,16.093,2.87596,Großer Stern,5.100516640415945,15368.65508851101,pc2,Avenue,False,False,19.66824191354147,20,2,0.05
1624348353.5049202,2021-06-22T07:52:33.504920Z,52.513515,13.33619,2,4,S1,1624348353.5049202,17.705205,-68.124675,-46.84116,0.0015159710499999,44.0,406.3,0.6,0.153257235,8,20,2021-06-22 09:52:33,52.513515,13.33619,34.1,36.114,84.5,0.0652,0.04,18.15,18.15,14.06,0.77,1011.9,4.07,0.97,3.0,16.093,2.87596,Großer Stern,5.100516640415945,15368.65508851101,pc2,Avenue,2021-06-22 09:52:33,52.513545,13.336476666666666,31.5,35.373200000000004,78.8,0.0652,0.04,18.15,18.15,14.06,0.77,1011.9,4.07,0.97,3.0,16.093,2.87596,Großer Stern,4.641454873949287,15390.776835549088,pc4,Park,False,False,19.66824191354147,20,2,0.0
1624348354.4884334,2021-06-22T07:52:34.488433Z,52.513555,13.336615,4,2,S1,1624348354.4884334,17.028338095238094,-66.94963809523809,-45.56890476190476,0.0030037376666666,45.0,504.2857142857143,4.428571428571429,0.161735419047619,8,21,2021-06-22 09:52:34,52.513555,13.336615,31.6,32.595200000000006,80.6,0.0652,0.04,18.15,18.15,14.06,0.77,1011.9,4.07,0.97,3.0,16.093,2.31139,Großer Stern,4.221165954265913,15390.776835549088,pc4,Park,2021-06-22 09:52:34,52.51352333333333,13.336331666666666,34.3,34.817600000000006,84.2,0.0652,0.04,18.15,18.15,14.06,0.77,1011.9,4.07,0.97,3.0,16.093,2.87596,Großer Stern,3.8861085108804536,15379.894281406978,pc2,Avenue,False,False,19.478703743987364,20,2,-0.05
1624348354.4992886,2021-06-22T07:52:34.499288Z,52.51352333333333,13.336331666666666,2,4,S1,1624348354.4992886,16.9093725,-68.95685499999999,-47.71674,0.00157528415,44.0,505.5,3.0,0.09841361,8,20,2021-06-22 09:52:34,52.51352333333333,13.336331666666666,34.3,34.817600000000006,84.2,0.0652,0.04,18.15,18.15,14.06,0.77,1011.9,4.07,0.97,3.0,16.093,2.87596,Großer Stern,3.8861085108804536,15379.894281406978,pc2,Avenue,2021-06-22 09:52:34,52.513555,13.336615,31.6,32.595200000000006,80.6,0.0652,0.04,18.15,18.15,14.06,0.77,1011.9,4.07,0.97,3.0,16.093,2.31139,Großer Stern,4.221165954265913,15390.776835549088,pc4,Park,False,False,19.478703743987364,20,2,0.0
1624348355.4924998,2021-06-22T07:52:35.492499Z,52.513565,13.336746666666668,4,2,S1,1624348355.4924998,19.00667368421053,-66.36001578947369,-45.22976842105263,0.0017973474736842,45.0,604.6842105263158,4.526315789473684,0.2620837,8,19,2021-06-22 09:52:35,52.513565,13.336746666666668,31.8,30.743200000000005,82.4,0.0652,0.04,18.15,18.15,14.06,0.77,1011.9,4.07,0.97,3.0,16.093,2.31139,Großer Stern,4.314846882758653,15401.352902481982,pc4,Park,2021-06-22 09:52:35,52.513535,13.336468333333332,34.3,32.9656,82.1,0.0652,0.04,18.15,18.15,14.06,0.77,1011.9,4.07,0.97,3.0,16.093,2.87596,Großer Stern,3.63641532345964,15390.776835549088,pc2,Park,False,False,19.113117157669823,20,2,0.05
1624348355.5006957,2021-06-22T07:52:35.500695Z,52.513535,13.336468333333332,2,4,S1,1624348355.5006957,15.969413499999998,-70.42869,-48.76051,0.00196496945,44.0,605.6,3.4,0.0864043705,8,20,2021-06-22 09:52:35,52.513535,13.336468333333332,34.3,32.9656,82.1,0.0652,0.04,18.15,18.15,14.06,0.77,1011.9,4.07,0.97,3.0,16.093,2.87596,Großer Stern,3.63641532345964,15390.776835549088,pc2,Park,2021-06-22 09:52:35,52.513565,13.336746666666668,31.8,30.743200000000005,82.4,0.0652,0.04,18.15,18.15,14.06,0.77,1011.9,4.07,0.97,3.0,16.093,2.31139,Großer Stern,4.314846882758653,15401.352902481982,pc4,Park,False,False,19.113117157669823,20,2,0.0
1624348356.4791284,2021-06-22T07:52:36.479128Z,52.51357,13.336875,4,2,S1,1624348356.4791284,17.7322485,-66.41831499999999,-45.237035,0.0029376279,45.0,703.5,3.0,0.199093415,8,20,2021-06-22 09:52:36,52.51357,13.336875,32.0,30.558,83.3,0.0652,0.04,18.15,18.15,14.06,0.77,1011.9,4.07,0.97,3.0,16.093,2.01357,Bachstraße,9.461905529645229,15411.682122783985,pc4,Park,2021-06-22 09:52:36,52.51354666666667,13.336596666666669,34.6,30.558,81.4,0.0652,0.04,18.15,18.15,14.06,0.77,1011.9,4.07,0.97,3.0,16.093,2.31139,Großer Stern,3.508501433347593,15390.776835549088,pc2,Park,False,False,18.998037105729065,20,2,0.0
1624348356.498851,2021-06-22T07:52:36.498851Z,52.51354666666667,13.336596666666669,2,4,S1,1624348356.498851,17.885686842105265,-68.21326315789473,-47.08549473684211,0.001423113368421,44.0,705.7368421052631,0.1578947368421052,0.1536119352631579,8,19,2021-06-22 09:52:36,52.51354666666667,13.336596666666669,34.6,30.558,81.4,0.0652,0.04,18.15,18.15,14.06,0.77,1011.9,4.07,0.97,3.0,16.093,2.31139,Großer Stern,3.508501433347593,15390.776835549088,pc2,Park,2021-06-22 09:52:36,52.51357,13.336875,32.0,30.558,83.3,0.0652,0.04,18.15,18.15,14.06,0.77,1011.9,4.07,0.97,3.0,16.093,2.01357,Bachstraße,9.461905529645229,15411.682122783985,pc4,Park,False,False,18.998037105729065,20,2,0.05
1624348357.4791334,2021-06-22T07:52:37.479133Z,52.51357333333333,13.337003333333334,4,2,S1,1624348357.4791334,18.994195,-65.63238,-44.490595,0.00222007655,45.0,803.5,3.0,0.27460625,8,20,2021-06-22 09:52:37,52.51357333333333,13.337003333333334,32.2,31.2988,85.9,0.0652,0.04,18.15,18.15,14.06,0.77,1011.9,4.07,0.97,3.0,16.093,2.01357,Bachstraße,10.07651332659917,15421.8267652498,pc4,Park,2021-06-22 09:52:37,52.513556666666666,13.336721666666667,34.7,30.3728,82.7,0.0652,0.04,18.15,18.15,14.06,0.77,1011.9,4.07,0.97,3.0,16.093,2.31139,Großer Stern,3.564240978585996,15401.352902481982,pc2,Park,False,False,19.135622416276327,20,2,0.0
1624348357.4879987,2021-06-22T07:52:37.487998Z,52.513556666666666,13.336721666666667,2,4,S1,1624348357.4879987,18.9388925,-67.93854999999999,-46.693075,0.0011872717,44.0,804.5,1.7,0.155392503,8,20,2021-06-22 09:52:37,52.513556666666666,13.336721666666667,34.7,30.3728,82.7,0.0652,0.04,18.15,18.15,14.06,0.77,1011.9,4.07,0.97,3.0,16.093,2.31139,Großer Stern,3.564240978585996,15401.352902481982,pc2,Park,2021-06-22 09:52:37,52.51357333333333,13.337003333333334,32.2,31.2988,85.9,0.0652,0.04,18.15,18.15,14.06,0.77,1011.9,4.07,0.97,3.0,16.093,2.01357,Bachstraße,10.07651332659917,15421.8267652498,pc4,Park,False,False,19.135622416276327,20,2,0.0
1624348358.4881911,2021-06-22T07:52:38.488191Z,52.513578333333335,13.337126666666666,4,2,S1,1624348358.4881911,18.11190571428571,-66.87530476190476,-45.6631,0.0020684203333333,45.0,904.6190476190476,0.8571428571428571,0.1751587809523809,8,21,2021-06-22 09:52:38,52.513578333333335,13.337126666666666,32.2,32.410000000000004,87.5,0.0652,0.04,18.15,18.15,14.06,0.77,1011.9,4.07,0.97,3.0,16.093,2.01357,Bachstraße,10.532680313790824,15431.812500524067,pc4,Park,2021-06-22 09:52:38,52.513565,13.33685,34.9,31.669200000000004,84.4,0.0652,0.04,18.15,18.15,14.06,0.77,1011.9,4.07,0.97,3.0,16.093,2.01357,Bachstraße,9.830073089604904,15411.682122783985,pc2,Park,False,False,18.766326708759863,20,2,-0.05
1624348358.503264,2021-06-22T07:52:38.503263Z,52.513565,13.33685,2,4,S1,1624348358.503264,19.1823465,-67.64189,-46.50727,0.00126669365,44.0,905.8,3.95,0.181563286,8,20,2021-06-22 09:52:38,52.513565,13.33685,34.9,31.669200000000004,84.4,0.0652,0.04,18.15,18.15,14.06,0.77,1011.9,4.07,0.97,3.0,16.093,2.01357,Bachstraße,9.830073089604904,15411.682122783985,pc2,Park,2021-06-22 09:52:38,52.513578333333335,13.337126666666666,32.2,32.410000000000004,87.5,0.0652,0.04,18.15,18.15,14.06,0.77,1011.9,4.07,0.97,3.0,16.093,2.01357,Bachstraße,10.532680313790824,15431.812500524067,pc4,Park,False,False,18.766326708759863,20,2,0.0
1624348359.5023062,2021-06-22T07:52:39.502306Z,52.51357166666666,13.336975,2,4,S1,1624348359.5023062,18.256225,-69.024,-48.00988,0.0010524854,44.0,647.45,2.5,0.08715227,8,20,2021-06-22 09:52:39,52.51357166666666,13.336975,34.9,29.2616,83.8,0.0652,0.04,18.15,18.15,14.06,0.77,1011.9,4.07,0.97,3.0,16.093,2.01357,Bachstraße,10.028853964907078,15421.8267652498,pc2,Park,2021-06-22 09:52:39,52.513585,13.337255,32.4,34.262,87.7,0.0652,0.04,18.15,18.15,14.06,0.77,1011.9,4.07,0.97,3.0,16.093,2.49432,Großer Stern,3.0570125911016253,15441.644242683702,pc4,Park,False,False,18.991023508684663,20,2,0.0
1624348359.5061424,2021-06-22T07:52:39.506142Z,52.513585,13.337255,4,2,S1,1624348359.5061424,17.0933535,-68.0459,-46.73454,0.00193556325,45.0,648.1,0.0,0.14916886,8,20,2021-06-22 09:52:39,52.513585,13.337255,32.4,34.262,87.7,0.0652,0.04,18.15,18.15,14.06,0.77,1011.9,4.07,0.97,3.0,16.093,2.49432,Großer Stern,3.0570125911016253,15441.644242683702,pc4,Park,2021-06-22 09:52:39,52.51357166666666,13.336975,34.9,29.2616,83.8,0.0652,0.04,18.15,18.15,14.06,0.77,1011.9,4.07,0.97,3.0,16.093,2.01357,Bachstraße,10.028853964907078,15421.8267652498,pc2,Park,False,False,18.991023508684663,20,2,0.0
1624348360.498018,2021-06-22T07:52:40.498018Z,52.51358166666667,13.337086666666666,2,4,S1,1624348360.498018,16.806941000000002,-69.837215,-48.694885,0.0012425379,44.0,81.55,1.25,0.126909651,8,20,2021-06-22 09:52:40,52.51358166666667,13.337086666666666,35.0,26.483600000000003,84.2,0.0652,0.04,18.15,18.15,14.06,0.77,1011.9,4.07,0.97,3.0,16.093,2.01357,Bachstraße,9.838217812024494,15431.812500524067,pc2,Park,2021-06-22 09:52:40,52.51359333333333,13.33739,32.2,35.373200000000004,87.0,0.0652,0.04,18.15,18.15,14.06,0.77,1011.9,4.07,0.97,3.0,16.093,2.49432,Großer Stern,3.057013289326591,15451.38432793734,pc4,Park,False,False,20.551875714524744,20,2,0.0
1624348360.5061526,2021-06-22T07:52:40.506152Z,52.51359333333333,13.33739,4,2,S1,1624348360.5061526,16.8273085,-68.42661000000001,-47.155155,0.0018030901499999,45.0,82.5,0.0,0.134630814,8,20,2021-06-22 09:52:40,52.51359333333333,13.33739,32.2,35.373200000000004,87.0,0.0652,0.04,18.15,18.15,14.06,0.77,1011.9,4.07,0.97,3.0,16.093,2.49432,Großer Stern,3.057013289326591,15451.38432793734,pc4,Park,2021-06-22 09:52:40,52.51358166666667,13.337086666666666,35.0,26.483600000000003,84.2,0.0652,0.04,18.15,18.15,14.06,0.77,1011.9,4.07,0.97,3.0,16.093,2.01357,Bachstraße,9.838217812024494,15431.812500524067,pc2,Park,False,False,20.551875714524744,20,2,0.0
1624348361.4937773,2021-06-22T07:52:41.493777Z,52.513603333333336,13.337533333333331,4,2,S1,1624348361.4937773,15.412126315789472,-70.72451578947368,-49.3742947368421,0.0014598876315789,45.0,181.05263157894737,2.1052631578947367,0.0825380736842105,8,19,2021-06-22 09:52:41,52.513603333333336,13.337533333333331,32.2,36.4844,85.9,0.0652,0.04,18.15,18.15,14.06,0.77,1011.9,4.07,0.97,3.0,16.093,2.49432,Großer Stern,3.0891272808272747,15461.077573911942,pc4,Park,2021-06-22 09:52:41,52.51358833333333,13.337193333333332,34.7,27.78,84.6,0.0652,0.04,18.15,18.15,14.06,0.77,1011.9,4.07,0.97,3.0,16.093,2.49432,Großer Stern,3.8462860347007286,15431.812500524067,pc2,Park,False,False,23.050592257841263,20,2,0.05
1624348361.498787,2021-06-22T07:52:41.498786Z,52.51358833333333,13.337193333333332,2,4,S1,1624348361.498787,16.284,-70.11363,-44.74185,0.0012869126499999,44.0,181.6,1.5,0.0693681505,8,20,2021-06-22 09:52:41,52.51358833333333,13.337193333333332,34.7,27.78,84.6,0.0652,0.04,18.15,18.15,14.06,0.77,1011.9,4.07,0.97,3.0,16.093,2.49432,Großer Stern,3.8462860347007286,15431.812500524067,pc2,Park,2021-06-22 09:52:41,52.513603333333336,13.337533333333331,32.2,36.4844,85.9,0.0652,0.04,18.15,18.15,14.06,0.77,1011.9,4.07,0.97,3.0,16.093,2.49432,Großer Stern,3.0891272808272747,15461.077573911942,pc4,Park,False,False,23.050592257841263,20,2,0.0
1624348362.4819045,2021-06-22T07:52:42.481904Z,52.51361333333333,13.337683333333333,4,2,S1,1624348362.4819045,16.699571499999998,-69.63194999999999,-48.33362,0.0013415894,45.0,279.6,4.75,0.125738948,8,20,2021-06-22 09:52:42,52.51361333333333,13.337683333333333,32.3,37.04,84.2,0.0652,0.04,18.15,18.15,14.06,0.77,1011.9,4.07,0.97,3.0,16.093,2.49432,Großer Stern,2.988830430915469,15470.699615204923,pc4,Park,2021-06-22 09:52:42,52.513596666666665,13.33732,34.7,34.262,85.1,0.0652,0.04,18.15,18.15,14.06,0.77,1011.9,4.07,0.97,3.0,16.093,2.49432,Großer Stern,3.9031506270494174,15441.644242683702,pc2,Park,False,False,24.63769684738927,20,2,0.0
1624348362.5286276,2021-06-22T07:52:42.528627Z,52.513596666666665,13.33732,2,4,S1,1624348362.5286276,15.771363157894736,-71.1602947368421,-44.4705,0.0011347726315789,44.0,284.42105263157896,3.1052631578947367,0.0670492789473684,8,19,2021-06-22 09:52:42,52.513596666666665,13.33732,34.7,34.262,85.1,0.0652,0.04,18.15,18.15,14.06,0.77,1011.9,4.07,0.97,3.0,16.093,2.49432,Großer Stern,3.9031506270494174,15441.644242683702,pc2,Park,2021-06-22 09:52:42,52.51361333333333,13.337683333333333,32.3,37.04,84.2,0.0652,0.04,18.15,18.15,14.06,0.77,1011.9,4.07,0.97,3.0,16.093,2.49432,Großer Stern,2.988830430915469,15470.699615204923,pc4,Park,False,False,24.63769684738927,20,2,0.05
1624348363.4811535,2021-06-22T07:52:43.481153Z,52.513625,13.337836666666666,4,2,S1,1624348363.4811535,16.71241,-70.035995,-48.77771,0.00125298075,45.0,379.5,5.0,0.0729603,8,20,2021-06-22 09:52:43,52.513625,13.337836666666666,32.5,36.4844,83.2,0.0652,0.04,18.15,18.15,14.06,0.77,1011.9,4.07,0.97,3.0,16.093,2.49432,Großer Stern,3.045665145106175,15480.237448318683,pc4,Park,2021-06-22 09:52:43,52.513603333333336,13.337473333333334,34.2,40.3736,85.5,0.0652,0.04,18.15,18.15,14.06,0.77,1011.9,4.07,0.97,3.0,16.093,2.49432,Großer Stern,3.5705501506777084,15451.38432793734,pc2,Park,False,False,24.68557392022324,20,2,0.0
1624348363.4884305,2021-06-22T07:52:43.488430Z,52.513603333333336,13.337473333333334,2,4,S1,1624348363.4884305,15.714639,-70.99607,-47.904520000000005,0.0011822803499999,44.0,379.95,7.65,0.063932608,8,20,2021-06-22 09:52:43,52.513603333333336,13.337473333333334,34.2,40.3736,85.5,0.0652,0.04,18.15,18.15,14.06,0.77,1011.9,4.07,0.97,3.0,16.093,2.49432,Großer Stern,3.5705501506777084,15451.38432793734,pc2,Park,2021-06-22 09:52:43,52.513625,13.337836666666666,32.5,36.4844,83.2,0.0652,0.04,18.15,18.15,14.06,0.77,1011.9,4.07,0.97,3.0,16.093,2.49432,Großer Stern,3.045665145106175,15480.237448318683,pc4,Park,False,False,24.68557392022324,20,2,0.0
1624348364.4811556,2021-06-22T07:52:44.481155Z,52.51363666666666,13.337986666666666,4,2,S1,1624348364.4811556,18.21524,-67.59227,-46.383535,0.00179146455,45.0,479.5,5.0,0.213024995,8,20,2021-06-22 09:52:44,52.51363666666666,13.337986666666666,32.8,36.4844,82.4,0.0652,0.04,18.15,18.15,14.06,0.77,1011.9,4.07,0.97,3.0,16.093,2.49432,Großer Stern,3.129246156513054,15489.756872724667,pc4,Park,2021-06-22 09:52:44,52.51361,13.337645,33.9,42.9664,86.0,0.0652,0.04,18.15,18.15,14.06,0.77,1011.9,4.07,0.97,3.0,16.093,2.49432,Großer Stern,2.928652687118089,15461.077573911942,pc2,Park,False,False,23.29195082087316,20,2,0.0
1624348364.5040388,2021-06-22T07:52:44.504038Z,52.51361,13.337645,2,4,S1,1624348364.5040388,17.241068000000002,-69.18994,-47.812925,0.0013952266999999,44.0,481.8,4.75,0.1991145635,8,20,2021-06-22 09:52:44,52.51361,13.337645,33.9,42.9664,86.0,0.0652,0.04,18.15,18.15,14.06,0.77,1011.9,4.07,0.97,3.0,16.093,2.49432,Großer Stern,2.928652687118089,15461.077573911942,pc2,Park,2021-06-22 09:52:44,52.51363666666666,13.337986666666666,32.8,36.4844,82.4,0.0652,0.04,18.15,18.15,14.06,0.77,1011.9,4.07,0.97,3.0,16.093,2.49432,Großer Stern,3.129246156513054,15489.756872724667,pc4,Park,False,False,23.29195082087316,20,2,0.0
1624348365.4818506,2021-06-22T07:52:45.481850Z,52.513648333333336,13.338136666666667,4,2,S1,1624348365.4818506,17.3963225,-69.375895,-48.233555,0.00123391225,45.0,579.5,5.7,0.095413932,8,20,2021-06-22 09:52:45,52.513648333333336,13.338136666666667,33.0,36.114,82.2,0.0652,0.04,18.15,18.15,14.06,0.77,1011.9,4.07,0.97,3.0,16.093,2.49432,Großer Stern,3.275652773226366,15499.250462566872,pc4,Park,2021-06-22 09:52:45,52.51361833333333,13.337821666666668,33.9,42.596,86.4,0.0652,0.04,18.15,18.15,14.06,0.77,1011.9,4.07,0.97,3.0,16.093,2.49432,Großer Stern,2.430514123175101,15480.237448318683,pc2,Park,False,False,21.558726967482198,20,2,0.0
1624348365.5100627,2021-06-22T07:52:45.510062Z,52.51361833333333,13.337821666666668,2,4,S1,1624348365.5100627,16.547394,-71.151745,-49.91599,0.00092518065,44.0,582.55,3.25,0.059107114,8,20,2021-06-22 09:52:45,52.51361833333333,13.337821666666668,33.9,42.596,86.4,0.0652,0.04,18.15,18.15,14.06,0.77,1011.9,4.07,0.97,3.0,16.093,2.49432,Großer Stern,2.430514123175101,15480.237448318683,pc2,Park,2021-06-22 09:52:45,52.513648333333336,13.338136666666667,33.0,36.114,82.2,0.0652,0.04,18.15,18.15,14.06,0.77,1011.9,4.07,0.97,3.0,16.093,2.49432,Großer Stern,3.275652773226366,15499.250462566872,pc4,Park,False,False,21.558726967482198,20,2,0.0
1624348366.48466,2021-06-22T07:52:46.484659Z,52.51366,13.338285,4,2,S1,1624348366.48466,13.0062915,-73.73519999999999,-51.79857500000001,0.0011823057499999,45.0,679.7,6.5,0.036741118,8,20,2021-06-22 09:52:46,52.51366,13.338285,33.5,35.7436,82.5,0.0652,0.04,18.15,18.15,14.06,0.77,1011.9,4.07,0.97,3.0,16.093,2.49432,Großer Stern,3.443210306703885,15508.719955372026,pc4,Park,2021-06-22 09:52:46,52.51362666666667,13.337991666666667,34.3,40.00320000000001,85.7,0.0652,0.04,18.15,18.15,14.06,0.77,1011.9,4.07,0.97,3.0,16.093,2.49432,Großer Stern,1.985867727816001,15489.756872724667,pc2,Park,False,False,20.177156913585858,20,2,0.0
1624348366.5100513,2021-06-22T07:52:46.510051Z,52.51362666666667,13.337991666666667,2,4,S1,1624348366.5100513,15.264212,-72.765765,-51.288155,0.0008574854,44.0,682.55,3.25,0.0442181905,8,20,2021-06-22 09:52:46,52.51362666666667,13.337991666666667,34.3,40.00320000000001,85.7,0.0652,0.04,18.15,18.15,14.06,0.77,1011.9,4.07,0.97,3.0,16.093,2.49432,Großer Stern,1.985867727816001,15489.756872724667,pc2,Park,2021-06-22 09:52:46,52.51366,13.338285,33.5,35.7436,82.5,0.0652,0.04,18.15,18.15,14.06,0.77,1011.9,4.07,0.97,3.0,16.093,2.49432,Großer Stern,3.443210306703885,15508.719955372026,pc4,Park,False,False,20.177156913585858,20,2,0.0
1624348367.4838803,2021-06-22T07:52:47.483880Z,52.51367,13.338431666666668,4,2,S1,1624348367.4838803,19.17566,-65.93469,-44.81527,0.0019088661,45.0,779.6,6.75,0.2361685,8,20,2021-06-22 09:52:47,52.51367,13.338431666666668,34.0,35.373200000000004,83.3,0.0652,0.04,18.15,18.15,14.06,0.77,1011.9,4.07,0.97,3.0,16.093,2.49432,Großer Stern,3.439334017184651,15518.22476312094,pc4,Park,2021-06-22 09:52:47,52.51364,13.33815,34.6,37.2252,84.5,0.0652,0.04,18.15,18.15,14.06,0.77,1011.9,4.07,0.97,3.0,16.093,2.49432,Großer Stern,2.2547947980364107,15499.250462566872,pc2,Park,False,False,19.334978970644663,20,2,0.0
1624348367.5092862,2021-06-22T07:52:47.509286Z,52.51364,13.33815,2,4,S1,1624348367.5092862,18.975576,-67.228395,-46.14734,0.00151001065,44.0,782.5,3.0,0.2088402625,8,20,2021-06-22 09:52:47,52.51364,13.33815,34.6,37.2252,84.5,0.0652,0.04,18.15,18.15,14.06,0.77,1011.9,4.07,0.97,3.0,16.093,2.49432,Großer Stern,2.2547947980364107,15499.250462566872,pc2,Park,2021-06-22 09:52:47,52.51367,13.338431666666668,34.0,35.373200000000004,83.3,0.0652,0.04,18.15,18.15,14.06,0.77,1011.9,4.07,0.97,3.0,16.093,2.49432,Großer Stern,3.439334017184651,15518.22476312094,pc4,Park,False,False,19.334978970644663,20,2,0.0
1624348368.4816372,2021-06-22T07:52:48.481637Z,52.51367666666667,13.338578333333333,4,2,S1,1624348368.4816372,18.31874,-66.54257,-45.42246,0.0020334795,45.0,879.5,5.5,0.183765335,8,20,2021-06-22 09:52:48,52.51367666666667,13.338578333333333,34.4,35.9288,84.6,0.0652,0.04,18.15,18.15,14.06,0.77,1011.9,4.07,0.97,3.0,16.093,2.49432,Großer Stern,3.067407061243987,15527.82102628634,pc4,Park,2021-06-22 09:52:48,52.51365,13.338293333333333,35.0,34.262,84.0,0.0652,0.04,18.15,18.15,14.06,0.77,1011.9,4.07,0.97,3.0,16.093,2.49432,Großer Stern,2.276100539894927,15508.719955372026,pc2,Park,False,False,19.49738124871836,20,2,0.0
1624348368.5092983,2021-06-22T07:52:48.509298Z,52.51365,13.338293333333333,2,4,S1,1624348368.5092983,17.776355000000002,-69.53593,-48.483865,0.00106326965,44.0,882.5,3.0,0.087370745,8,20,2021-06-22 09:52:48,52.51365,13.338293333333333,35.0,34.262,84.0,0.0652,0.04,18.15,18.15,14.06,0.77,1011.9,4.07,0.97,3.0,16.093,2.49432,Großer Stern,2.276100539894927,15508.719955372026,pc2,Park,2021-06-22 09:52:48,52.51367666666667,13.338578333333333,34.4,35.9288,84.6,0.0652,0.04,18.15,18.15,14.06,0.77,1011.9,4.07,0.97,3.0,16.093,2.49432,Großer Stern,3.067407061243987,15527.82102628634,pc4,Park,False,False,19.49738124871836,20,2,0.0
1624348369.4772844,2021-06-22T07:52:49.477284Z,52.51368333333333,13.338728333333334,4,2,S1,1624348369.4772844,16.299740500000002,-68.65256,-47.32916,0.0021452922,45.0,928.3,1.15,0.12956455,8,20,2021-06-22 09:52:49,52.51368333333333,13.338728333333334,34.8,37.04,85.4,0.0652,0.04,18.15,18.15,14.06,0.77,1011.9,4.07,0.97,3.0,16.093,2.49432,Großer Stern,2.6702981415523994,15537.613188448157,pc4,Park,2021-06-22 09:52:49,52.51365666666667,13.338435,35.2,34.4472,85.0,0.0652,0.04,18.15,18.15,14.06,0.77,1011.9,4.07,0.97,3.0,16.093,2.49432,Großer Stern,1.9419468385344227,15518.22476312094,pc2,Park,False,False,20.054502763134657,20,2,0.0
1624348369.5092936,2021-06-22T07:52:49.509293Z,52.51365666666667,13.338435,2,4,S1,1624348369.5092936,18.121285,-68.84761999999999,-47.66787,0.00112870215,44.0,880.1,3.0,0.106624505,8,20,2021-06-22 09:52:49,52.51365666666667,13.338435,35.2,34.4472,85.0,0.0652,0.04,18.15,18.15,14.06,0.77,1011.9,4.07,0.97,3.0,16.093,2.49432,Großer Stern,1.9419468385344227,15518.22476312094,pc2,Park,2021-06-22 09:52:49,52.51368333333333,13.338728333333334,34.8,37.04,85.4,0.0652,0.04,18.15,18.15,14.06,0.77,1011.9,4.07,0.97,3.0,16.093,2.49432,Großer Stern,2.6702981415523994,15537.613188448157,pc4,Park,False,False,20.054502763134657,20,2,0.0
1624348370.5030997,2021-06-22T07:52:50.503099Z,52.513691666666666,13.338878333333334,4,2,S1,1624348370.5030997,15.082970952380952,-71.72749047619047,-50.25677142857143,0.0011729249523809,45.0,57.66666666666666,5.285714285714286,0.0510004833333333,8,21,2021-06-22 09:52:50,52.513691666666666,13.338878333333334,35.1,38.1512,85.2,0.0652,0.04,18.15,18.15,14.06,0.77,1011.9,4.07,0.97,3.0,16.093,2.49432,Großer Stern,2.4572153369917213,15547.584871001563,pc4,Park,2021-06-22 09:52:50,52.51366,13.338576666666668,35.3,34.4472,86.1,0.0652,0.04,18.15,18.15,14.06,0.77,1011.9,4.07,0.97,3.0,16.093,2.49432,Großer Stern,1.2397424334737872,15527.82102628634,pc2,Park,False,False,20.699038345322784,20,2,-0.05
1624348370.5100288,2021-06-22T07:52:50.510028Z,52.51366,13.338576666666668,2,4,S1,1624348370.5100288,15.0497915,-72.007875,-50.443285,0.0011016786,44.0,58.55,3.25,0.0534945785,8,20,2021-06-22 09:52:50,52.51366,13.338576666666668,35.3,34.4472,86.1,0.0652,0.04,18.15,18.15,14.06,0.77,1011.9,4.07,0.97,3.0,16.093,2.49432,Großer Stern,1.2397424334737872,15527.82102628634,pc2,Park,2021-06-22 09:52:50,52.513691666666666,13.338878333333334,35.1,38.1512,85.2,0.0652,0.04,18.15,18.15,14.06,0.77,1011.9,4.07,0.97,3.0,16.093,2.49432,Großer Stern,2.4572153369917213,15547.584871001563,pc4,Park,False,False,20.699038345322784,20,2,0.0
1624348371.509438,2021-06-22T07:52:51.509438Z,52.513666666666666,13.33872,2,4,S1,1624348371.509438,15.550387,-72.15896000000001,-50.65729,0.0009392220999999,44.0,158.5,3.15,0.0513663679999999,8,20,2021-06-22 09:52:51,52.513666666666666,13.33872,35.5,35.7436,86.8,0.0652,0.04,18.15,18.15,14.06,0.77,1011.9,4.07,0.97,3.0,16.093,2.49432,Großer Stern,0.89299843715319,15537.613188448157,pc2,Park,2021-06-22 09:52:51,52.513705,13.339033333333331,35.5,39.2624,84.2,0.0652,0.04,18.15,18.15,14.06,0.77,1011.9,4.07,0.97,3.0,16.093,2.49432,Großer Stern,2.7584361608469714,15557.704142799412,pc4,Park,False,False,21.610437028404466,20,2,0.0
1624348371.523135,2021-06-22T07:52:51.523134Z,52.513705,13.339033333333331,4,2,S1,1624348371.523135,17.481502,-68.74571,-47.56941,0.0013727227499999,45.0,159.5,7.0,0.10474705,8,20,2021-06-22 09:52:51,52.513705,13.339033333333331,35.5,39.2624,84.2,0.0652,0.04,18.15,18.15,14.06,0.77,1011.9,4.07,0.97,3.0,16.093,2.49432,Großer Stern,2.7584361608469714,15557.704142799412,pc4,Park,2021-06-22 09:52:51,52.513666666666666,13.33872,35.5,35.7436,86.8,0.0652,0.04,18.15,18.15,14.06,0.77,1011.9,4.07,0.97,3.0,16.093,2.49432,Großer Stern,0.89299843715319,15537.613188448157,pc2,Park,False,False,21.610437028404466,20,2,0.0
1624348372.513043,2021-06-22T07:52:52.513042Z,52.513675,13.338868333333334,2,4,S1,1624348372.513043,16.3956685,-71.562765,-50.26522,0.00088437635,44.0,258.6,5.75,0.0578984495,8,20,2021-06-22 09:52:52,52.513675,13.338868333333334,35.9,37.04,86.2,0.0652,0.04,18.15,18.15,14.06,0.77,1011.9,4.07,0.97,3.0,16.093,2.49432,Großer Stern,0.6925068259965551,15547.584871001563,pc2,Park,2021-06-22 09:52:52,52.51371666666667,13.339191666666666,35.6,40.00320000000001,83.4,0.0652,0.04,18.15,18.15,14.06,0.77,1011.9,4.07,0.97,3.0,16.093,2.49432,Großer Stern,2.850449531742044,15567.926126143582,pc4,Park,False,False,22.347464481486757,20,2,0.0
1624348372.5231228,2021-06-22T07:52:52.523122Z,52.51371666666667,13.339191666666666,4,2,S1,1624348372.5231228,16.70824,-70.056425,-48.824175,0.00122281035,45.0,259.5,7.0,0.07892468,8,20,2021-06-22 09:52:52,52.51371666666667,13.339191666666666,35.6,40.00320000000001,83.4,0.0652,0.04,18.15,18.15,14.06,0.77,1011.9,4.07,0.97,3.0,16.093,2.49432,Großer Stern,2.850449531742044,15567.926126143582,pc4,Park,2021-06-22 09:52:52,52.513675,13.338868333333334,35.9,37.04,86.2,0.0652,0.04,18.15,18.15,14.06,0.77,1011.9,4.07,0.97,3.0,16.093,2.49432,Großer Stern,0.6925068259965551,15547.584871001563,pc2,Park,False,False,22.347464481486757,20,2,0.0
1624348373.4989314,2021-06-22T07:52:53.498931Z,52.51373,13.339351666666667,4,2,S1,1624348373.4989314,18.530573684210527,-67.90976842105263,-46.84601578947368,0.0013021992105263,45.0,357.10526315789474,6.7368421052631575,0.1420679842105263,8,19,2021-06-22 09:52:53,52.51373,13.339351666666667,35.8,40.00320000000001,82.6,0.0652,0.04,18.15,18.15,14.06,0.77,1011.9,4.07,0.97,3.0,16.093,2.49432,Großer Stern,3.1138978736463265,15578.233824172548,pc4,Park,2021-06-22 09:52:53,52.513685,13.339023333333332,35.9,39.2624,85.1,0.0652,0.04,18.15,18.15,14.06,0.77,1011.9,4.07,0.97,3.0,16.093,2.49432,Großer Stern,0.6256764315699405,15557.704142799412,pc2,Park,False,False,22.756749158903933,20,2,0.05
1624348373.5138023,2021-06-22T07:52:53.513802Z,52.513685,13.339023333333332,2,4,S1,1624348373.5138023,16.848764499999998,-70.34245999999999,-49.150025,0.0011236859,44.0,358.7,5.5,0.086836068,8,20,2021-06-22 09:52:53,52.513685,13.339023333333332,35.9,39.2624,85.1,0.0652,0.04,18.15,18.15,14.06,0.77,1011.9,4.07,0.97,3.0,16.093,2.49432,Großer Stern,0.6256764315699405,15557.704142799412,pc2,Park,2021-06-22 09:52:53,52.51373,13.339351666666667,35.8,40.00320000000001,82.6,0.0652,0.04,18.15,18.15,14.06,0.77,1011.9,4.07,0.97,3.0,16.093,2.49432,Großer Stern,3.1138978736463265,15578.233824172548,pc4,Park,False,False,22.756749158903933,20,2,0.0
1624348374.4980483,2021-06-22T07:52:54.498048Z,52.513745,13.339511666666668,4,2,S1,1624348374.4980483,19.981385714285715,-66.2730619047619,-45.3906,0.0014249468095238,45.0,457.04761904761904,6.428571428571429,0.1877077571428571,8,21,2021-06-22 09:52:54,52.513745,13.339511666666668,36.2,38.3364,82.0,0.0652,0.04,18.15,18.15,14.06,0.77,1011.9,4.07,0.97,3.0,16.093,2.49432,Großer Stern,3.561372409045468,15588.56042698966,pc4,Park,2021-06-22 09:52:54,52.51369666666667,13.339183333333333,36.0,40.9292,83.8,0.0652,0.04,18.15,18.15,14.06,0.77,1011.9,4.07,0.97,3.0,16.093,2.49432,Großer Stern,0.7050985428855547,15567.926126143582,pc2,Park,False,False,22.840899818309925,20,2,-0.05
1624348374.5111098,2021-06-22T07:52:54.511109Z,52.51369666666667,13.339183333333333,2,4,S1,1624348374.5111098,18.360305500000003,-68.356765,-47.161645,0.0011951687,44.0,458.4,5.8,0.13891392,8,20,2021-06-22 09:52:54,52.51369666666667,13.339183333333333,36.0,40.9292,83.8,0.0652,0.04,18.15,18.15,14.06,0.77,1011.9,4.07,0.97,3.0,16.093,2.49432,Großer Stern,0.7050985428855547,15567.926126143582,pc2,Park,2021-06-22 09:52:54,52.513745,13.339511666666668,36.2,38.3364,82.0,0.0652,0.04,18.15,18.15,14.06,0.77,1011.9,4.07,0.97,3.0,16.093,2.49432,Großer Stern,3.561372409045468,15588.56042698966,pc4,Park,False,False,22.840899818309925,20,2,0.0
1624348375.5002854,2021-06-22T07:52:55.500285Z,52.51370666666666,13.339345,2,4,S1,1624348375.5002854,19.062005,-67.349675,-46.27356,0.0013596171,44.0,557.5,4.0,0.17975212,8,20,2021-06-22 09:52:55,52.51370666666666,13.339345,36.1,39.6328,82.9,0.0652,0.04,18.15,18.15,14.06,0.77,1011.9,4.07,0.97,3.0,16.093,2.49432,Großer Stern,0.5879044577393454,15578.233824172548,pc2,Park,2021-06-22 09:52:55,52.51376,13.339661666666666,36.6,35.5584,81.6,0.0652,0.04,18.15,18.15,14.06,0.77,1011.9,4.07,0.97,3.0,16.093,2.49432,Großer Stern,4.084394730171288,15598.881944405684,pc4,Park,False,False,22.216481420545243,20,2,0.0
1624348375.5061584,2021-06-22T07:52:55.506158Z,52.51376,13.339661666666666,4,2,S1,1624348375.5061584,20.39619,-64.996175,-44.044235,0.002039868,45.0,558.5,0.0,0.301055505,8,20,2021-06-22 09:52:55,52.51376,13.339661666666666,36.6,35.5584,81.6,0.0652,0.04,18.15,18.15,14.06,0.77,1011.9,4.07,0.97,3.0,16.093,2.49432,Großer Stern,4.084394730171288,15598.881944405684,pc4,Park,2021-06-22 09:52:55,52.51370666666666,13.339345,36.1,39.6328,82.9,0.0652,0.04,18.15,18.15,14.06,0.77,1011.9,4.07,0.97,3.0,16.093,2.49432,Großer Stern,0.5879044577393454,15578.233824172548,pc2,Park,False,False,22.216481420545243,20,2,0.0
1624348376.5002768,2021-06-22T07:52:56.500276Z,52.51371833333334,13.339503333333331,2,4,S1,1624348376.5002768,18.282657,-67.889125,-46.728265,0.0015729093999999,44.0,657.5,4.0,0.184263738,8,20,2021-06-22 09:52:56,52.51371833333334,13.339503333333331,36.2,37.595600000000005,82.6,0.0652,0.04,18.15,18.15,14.06,0.77,1011.9,4.07,0.97,3.0,16.093,2.49432,Großer Stern,0.6799189842444033,15588.56042698966,pc2,Park,2021-06-22 09:52:56,52.51376833333333,13.3398,36.3,32.7804,81.9,0.0652,0.04,18.15,18.15,14.06,0.77,1011.9,4.07,0.97,3.0,16.093,2.49432,Großer Stern,3.959453559043512,15609.169864862955,pc4,Park,False,False,20.81435937384782,20,2,0.0
1624348376.5095742,2021-06-22T07:52:56.509574Z,52.51376833333333,13.3398,4,2,S1,1624348376.5095742,21.57598947368421,-63.50726842105263,-42.5699,0.0018931170526315,45.0,658.7368421052631,1.0526315789473684,0.3428950421052631,8,19,2021-06-22 09:52:56,52.51376833333333,13.3398,36.3,32.7804,81.9,0.0652,0.04,18.15,18.15,14.06,0.77,1011.9,4.07,0.97,3.0,16.093,2.49432,Großer Stern,3.959453559043512,15609.169864862955,pc4,Park,2021-06-22 09:52:56,52.51371833333334,13.339503333333331,36.2,37.595600000000005,82.6,0.0652,0.04,18.15,18.15,14.06,0.77,1011.9,4.07,0.97,3.0,16.093,2.49432,Großer Stern,0.6799189842444033,15588.56042698966,pc2,Park,False,False,20.81435937384782,20,2,0.05
1624348377.4988933,2021-06-22T07:52:57.498893Z,52.51373,13.339651666666668,2,4,S1,1624348377.4988933,21.68859,-63.60399,-42.7195,0.0018397724,44.0,757.5,2.6,0.3310462,8,20,2021-06-22 09:52:57,52.51373,13.339651666666668,36.2,35.373200000000004,82.5,0.0652,0.04,18.15,18.15,14.06,0.77,1011.9,4.07,0.97,3.0,16.093,2.49432,Großer Stern,0.8474812839600526,15598.881944405684,pc2,Park,2021-06-22 09:52:57,52.513778333333335,13.339931666666669,36.7,31.2988,82.2,0.0652,0.04,18.15,18.15,14.06,0.77,1011.9,4.07,0.97,3.0,16.093,2.49432,Großer Stern,4.0581821674149126,15619.412993249984,pc4,Park,False,False,19.679233512939007,20,2,0.0
1624348377.5211616,2021-06-22T07:52:57.521161Z,52.513778333333335,13.339931666666669,4,2,S1,1624348377.5211616,22.592595,-61.317605,-40.419245,0.00251066795,45.0,759.5,5.0,0.558150735,8,20,2021-06-22 09:52:57,52.513778333333335,13.339931666666669,36.7,31.2988,82.2,0.0652,0.04,18.15,18.15,14.06,0.77,1011.9,4.07,0.97,3.0,16.093,2.49432,Großer Stern,4.0581821674149126,15619.412993249984,pc4,Park,2021-06-22 09:52:57,52.51373,13.339651666666668,36.2,35.373200000000004,82.5,0.0652,0.04,18.15,18.15,14.06,0.77,1011.9,4.07,0.97,3.0,16.093,2.49432,Großer Stern,0.8474812839600526,15598.881944405684,pc2,Park,False,False,19.679233512939007,20,2,0.0
1624348378.496904,2021-06-22T07:52:58.496904Z,52.513738333333336,13.33979,2,4,S1,1624348378.496904,20.08865,-65.88972,-44.84939,0.0015246973,44.0,857.5,0.6,0.2164461895,8,20,2021-06-22 09:52:58,52.513738333333336,13.33979,36.0,33.336,82.4,0.0652,0.04,18.15,18.15,14.06,0.77,1011.9,4.07,0.97,3.0,16.093,2.49432,Großer Stern,0.7225400716094159,15609.169864862955,pc2,Park,2021-06-22 09:52:58,52.51378666666667,13.34006,36.9,32.0396,82.7,0.0652,0.04,18.15,18.15,14.06,0.77,1011.9,4.07,0.97,3.0,16.093,2.49432,Großer Stern,3.960636757199405,15629.53996768139,pc4,Park,False,False,19.02959166207464,20,2,0.0
1624348378.5211594,2021-06-22T07:52:58.521159Z,52.51378666666667,13.34006,4,2,S1,1624348378.5211594,20.117156,-65.59554,-44.49072,0.0017786745,45.0,859.5,5.0,0.33655311,8,20,2021-06-22 09:52:58,52.51378666666667,13.34006,36.9,32.0396,82.7,0.0652,0.04,18.15,18.15,14.06,0.77,1011.9,4.07,0.97,3.0,16.093,2.49432,Großer Stern,3.960636757199405,15629.53996768139,pc4,Park,2021-06-22 09:52:58,52.513738333333336,13.33979,36.0,33.336,82.4,0.0652,0.04,18.15,18.15,14.06,0.77,1011.9,4.07,0.97,3.0,16.093,2.49432,Großer Stern,0.7225400716094159,15609.169864862955,pc2,Park,False,False,19.02959166207464,20,2,0.0
1624348379.5022938,2021-06-22T07:52:59.502293Z,52.51374833333333,13.33992,2,4,S1,1624348379.5022938,17.336012500000002,-69.82426000000001,-48.463495,0.0011213783999999,44.0,957.5,6.0,0.13523265,8,20,2021-06-22 09:52:59,52.51374833333333,13.33992,35.9,31.1136,82.5,0.0652,0.04,18.15,18.15,14.06,0.77,1011.9,4.07,0.97,3.0,16.093,2.49432,Großer Stern,0.8402894680224867,15619.412993249984,pc2,Park,2021-06-22 09:52:59,52.51379833333333,13.340193333333334,37.1,33.336,82.7,0.0652,0.04,18.15,18.15,14.06,0.77,1011.9,4.07,0.97,3.0,16.093,2.49432,Großer Stern,4.191282230788024,15639.494835892312,pc4,Park,False,False,19.29837657871102,20,2,0.0
1624348379.518473,2021-06-22T07:52:59.518472Z,52.51379833333333,13.340193333333334,4,2,S1,1624348379.518473,19.29854,-66.712865,-45.608055,0.001533067,45.0,959.2,5.3,0.263778225,8,20,2021-06-22 09:52:59,52.51379833333333,13.340193333333334,37.1,33.336,82.7,0.0652,0.04,18.15,18.15,14.06,0.77,1011.9,4.07,0.97,3.0,16.093,2.49432,Großer Stern,4.191282230788024,15639.494835892312,pc4,Park,2021-06-22 09:52:59,52.51374833333333,13.33992,35.9,31.1136,82.5,0.0652,0.04,18.15,18.15,14.06,0.77,1011.9,4.07,0.97,3.0,16.093,2.49432,Großer Stern,0.8402894680224867,15619.412993249984,pc2,Park,False,False,19.29837657871102,20,2,0.0
1624348380.4961843,2021-06-22T07:53:00.496184Z,52.513756666666666,13.340046666666666,2,4,S1,1624348380.4961843,17.710743,-69.373095,-48.234415,0.0011391397,44.0,186.4,6.9,0.113876554,8,20,2021-06-22 09:53:00,52.513756666666666,13.340046666666666,35.8,30.9284,82.6,0.0652,0.04,18.15,18.15,14.06,0.77,1011.9,4.07,0.97,3.0,16.093,2.49432,Großer Stern,0.7559529499466425,15629.53996768139,pc2,Park,2021-06-22 09:53:00,52.51381,13.34033,37.3,34.6324,82.6,0.0652,0.04,18.15,18.15,14.06,0.77,1011.9,4.07,0.97,3.0,16.093,2.49432,Großer Stern,4.395510310345519,15649.34889041716,pc4,Park,False,False,20.053117560296467,20,2,0.0
1624348380.5121434,2021-06-22T07:53:00.512143Z,52.51381,13.34033,4,2,S1,1624348380.5121434,18.750315,-67.78872,-46.72553,0.00134272915,45.0,188.1,6.0,0.13563762,8,20,2021-06-22 09:53:00,52.51381,13.34033,37.3,34.6324,82.6,0.0652,0.04,18.15,18.15,14.06,0.77,1011.9,4.07,0.97,3.0,16.093,2.49432,Großer Stern,4.395510310345519,15649.34889041716,pc4,Park,2021-06-22 09:53:00,52.513756666666666,13.340046666666666,35.8,30.9284,82.6,0.0652,0.04,18.15,18.15,14.06,0.77,1011.9,4.07,0.97,3.0,16.093,2.49432,Großer Stern,0.7559529499466425,15629.53996768139,pc2,Park,False,False,20.053117560296467,20,2,0.0
1624348381.4852805,2021-06-22T07:53:01.485280Z,52.51376833333333,13.340166666666669,2,4,S1,1624348381.4852805,19.3941905,-67.663855,-46.489285,0.0011775141,44.0,131.5,9.0,0.1873357135,8,20,2021-06-22 09:53:01,52.51376833333333,13.340166666666669,35.9,31.484,82.7,0.0652,0.04,18.15,18.15,14.06,0.77,1011.9,4.07,0.97,3.0,16.093,2.17399,Großer Stern,1.092269846009009,15639.494835892312,pc2,Park,2021-06-22 09:53:01,52.513821666666665,13.34047,37.4,35.0028,82.2,0.0652,0.04,18.15,18.15,14.06,0.77,1011.9,4.07,0.97,3.0,16.093,2.17399,Großer Stern,4.573321031067231,15659.133694435504,pc4,Park,False,False,21.34882250882703,20,2,0.0
1624348381.5121408,2021-06-22T07:53:01.512140Z,52.513821666666665,13.34047,4,2,S1,1624348381.5121408,21.474655,-63.17475,-42.18292,0.0022053758999999,45.0,134.5,6.0,0.37848999,8,20,2021-06-22 09:53:01,52.513821666666665,13.34047,37.4,35.0028,82.2,0.0652,0.04,18.15,18.15,14.06,0.77,1011.9,4.07,0.97,3.0,16.093,2.17399,Großer Stern,4.573321031067231,15659.133694435504,pc4,Park,2021-06-22 09:53:01,52.51376833333333,13.340166666666669,35.9,31.484,82.7,0.0652,0.04,18.15,18.15,14.06,0.77,1011.9,4.07,0.97,3.0,16.093,2.17399,Großer Stern,1.092269846009009,15639.494835892312,pc2,Park,False,False,21.34882250882703,20,2,0.0
1624348382.4852908,2021-06-22T07:53:02.485290Z,52.51378166666667,13.340293333333332,2,4,S1,1624348382.4852908,17.286811,-69.070515,-47.8666,0.00141937455,44.0,231.5,9.0,0.1390825675,8,20,2021-06-22 09:53:02,52.51378166666667,13.340293333333332,36.3,33.1508,82.7,0.0652,0.04,18.15,18.15,14.06,0.77,1011.9,4.07,0.97,3.0,16.093,2.17399,Großer Stern,1.559660028460002,15649.34889041716,pc2,Park,2021-06-22 09:53:02,52.513835,13.34061,37.7,35.373200000000004,81.6,0.0652,0.04,18.15,18.15,14.06,0.77,1011.9,4.07,0.97,3.0,16.093,2.17399,Großer Stern,4.935040892533868,15668.954140053856,pc4,Park,False,False,22.21637118799065,20,2,0.0
1624348382.5121465,2021-06-22T07:53:02.512146Z,52.513835,13.34061,4,2,S1,1624348382.5121465,19.27923,-66.08829,-45.092445,0.0018792995999999,45.0,234.5,6.0,0.2254389799999999,8,20,2021-06-22 09:53:02,52.513835,13.34061,37.7,35.373200000000004,81.6,0.0652,0.04,18.15,18.15,14.06,0.77,1011.9,4.07,0.97,3.0,16.093,2.17399,Großer Stern,4.935040892533868,15668.954140053856,pc4,Park,2021-06-22 09:53:02,52.51378166666667,13.340293333333332,36.3,33.1508,82.7,0.0652,0.04,18.15,18.15,14.06,0.77,1011.9,4.07,0.97,3.0,16.093,2.17399,Großer Stern,1.559660028460002,15649.34889041716,pc2,Park,False,False,22.21637118799065,20,2,0.0
1624348383.4852884,2021-06-22T07:53:03.485288Z,52.51379333333333,13.340435,2,4,S1,1624348383.4852884,17.425800000000002,-69.551975,-48.448685,0.0011436181,44.0,331.5,9.0,0.11150939,8,20,2021-06-22 09:53:03,52.51379333333333,13.340435,36.4,35.373200000000004,82.8,0.0652,0.04,18.15,18.15,14.06,0.77,1011.9,4.07,0.97,3.0,16.093,2.17399,Großer Stern,1.7242616835705764,15659.133694435504,pc2,Park,2021-06-22 09:53:03,52.513846666666666,13.340751666666666,38.0,36.4844,81.8,0.0652,0.04,18.15,18.15,14.06,0.77,1011.9,4.07,0.97,3.0,16.093,2.17399,Großer Stern,5.099643721794987,15678.875386311502,pc4,Park,False,False,22.21635450354826,20,2,0.0
1624348383.515142,2021-06-22T07:53:03.515141Z,52.513846666666666,13.340751666666666,4,2,S1,1624348383.515142,19.7439455,-66.08311,-44.968075,0.00150727795,45.0,334.5,9.0,0.185944845,8,20,2021-06-22 09:53:03,52.513846666666666,13.340751666666666,38.0,36.4844,81.8,0.0652,0.04,18.15,18.15,14.06,0.77,1011.9,4.07,0.97,3.0,16.093,2.17399,Großer Stern,5.099643721794987,15678.875386311502,pc4,Park,2021-06-22 09:53:03,52.51379333333333,13.340435,36.4,35.373200000000004,82.8,0.0652,0.04,18.15,18.15,14.06,0.77,1011.9,4.07,0.97,3.0,16.093,2.17399,Großer Stern,1.7242616835705764,15659.133694435504,pc2,Park,False,False,22.21635450354826,20,2,0.0
1624348384.4852853,2021-06-22T07:53:04.485285Z,52.513805,13.340581666666669,2,4,S1,1624348384.4852853,20.812385,-65.67587,-44.66021,0.00127655865,44.0,431.5,9.0,0.1913908449999999,8,20,2021-06-22 09:53:04,52.513805,13.340581666666669,36.5,35.373200000000004,82.8,0.0652,0.04,18.15,18.15,14.06,0.77,1011.9,4.07,0.97,3.0,16.093,2.17399,Großer Stern,1.8492371076470695,15668.954140053856,pc2,Park,2021-06-22 09:53:04,52.513855,13.3409,38.1,36.299200000000006,81.9,0.0652,0.04,18.15,18.15,14.06,0.77,1011.9,4.07,0.97,3.0,16.093,2.75414,Großer Stern,4.84359419236466,15688.977884665475,pc4,Park,False,False,22.2296032961303,20,2,0.0
1624348384.5151486,2021-06-22T07:53:04.515148Z,52.513855,13.3409,4,2,S1,1624348384.5151486,21.418295,-64.18262,-43.129265,0.0017260635499999,45.0,434.5,9.0,0.3107143599999999,8,20,2021-06-22 09:53:04,52.513855,13.3409,38.1,36.299200000000006,81.9,0.0652,0.04,18.15,18.15,14.06,0.77,1011.9,4.07,0.97,3.0,16.093,2.75414,Großer Stern,4.84359419236466,15688.977884665475,pc4,Park,2021-06-22 09:53:04,52.513805,13.340581666666669,36.5,35.373200000000004,82.8,0.0652,0.04,18.15,18.15,14.06,0.77,1011.9,4.07,0.97,3.0,16.093,2.17399,Großer Stern,1.8492371076470695,15668.954140053856,pc2,Park,False,False,22.2296032961303,20,2,0.0
1624348385.4856682,2021-06-22T07:53:05.485668Z,52.513815,13.340726666666669,2,4,S1,1624348385.4856682,18.977318,-67.9457,-46.855485,0.00117081405,44.0,531.55,8.9,0.1590658254999999,8,20,2021-06-22 09:53:05,52.513815,13.340726666666669,36.3,35.0028,82.9,0.0652,0.04,18.15,18.15,14.06,0.77,1011.9,4.07,0.97,3.0,16.093,2.17399,Großer Stern,1.803513369295676,15678.875386311502,pc2,Park,2021-06-22 09:53:05,52.513866666666665,13.341045,38.3,35.9288,82.3,0.0652,0.04,18.15,18.15,14.06,0.77,1011.9,4.07,0.97,3.0,16.093,2.75414,Großer Stern,4.98178029213522,15699.33294847899,pc4,Park,False,False,22.276553346923983,20,2,0.0
1624348385.5381558,2021-06-22T07:53:05.538155Z,52.513866666666665,13.341045,4,2,S1,1624348385.5381558,20.443066666666667,-64.9978,-43.95463809523809,0.0016934318095238,45.0,536.8095238095239,8.904761904761905,0.2473293047619047,8,21,2021-06-22 09:53:05,52.513866666666665,13.341045,38.3,35.9288,82.3,0.0652,0.04,18.15,18.15,14.06,0.77,1011.9,4.07,0.97,3.0,16.093,2.75414,Großer Stern,4.98178029213522,15699.33294847899,pc4,Park,2021-06-22 09:53:05,52.513815,13.340726666666669,36.3,35.0028,82.9,0.0652,0.04,18.15,18.15,14.06,0.77,1011.9,4.07,0.97,3.0,16.093,2.17399,Großer Stern,1.803513369295676,15678.875386311502,pc2,Park,False,False,22.276553346923983,20,2,-0.05
1624348386.4892254,2021-06-22T07:53:06.489225Z,52.51382666666667,13.340871666666668,2,4,S1,1624348386.4892254,19.692352631578945,-66.83887368421053,-45.89073684210526,0.0013773889473684,44.0,631.8947368421053,9.0,0.1778619263157894,8,19,2021-06-22 09:53:06,52.51382666666667,13.340871666666668,36.4,35.0028,82.8,0.0652,0.04,18.15,18.15,14.06,0.77,1011.9,4.07,0.97,3.0,16.093,2.75414,Großer Stern,1.9416988074877144,15688.977884665475,pc2,Park,2021-06-22 09:53:06,52.513873333333336,13.341185,38.1,33.891600000000004,82.8,0.0652,0.04,18.15,18.15,14.06,0.77,1011.9,4.07,0.97,3.0,16.093,2.75414,Großer Stern,4.607867709832575,15709.95837204454,pc4,Park,False,False,21.81144212977425,20,2,0.05
1624348386.5207589,2021-06-22T07:53:06.520758Z,52.513873333333336,13.341185,4,2,S1,1624348386.5207589,20.0262945,-66.02957,-44.957835,0.0014493366,45.0,635.5,4.6,0.248459775,8,20,2021-06-22 09:53:06,52.513873333333336,13.341185,38.1,33.891600000000004,82.8,0.0652,0.04,18.15,18.15,14.06,0.77,1011.9,4.07,0.97,3.0,16.093,2.75414,Großer Stern,4.607867709832575,15709.95837204454,pc4,Park,2021-06-22 09:53:06,52.51382666666667,13.340871666666668,36.4,35.0028,82.8,0.0652,0.04,18.15,18.15,14.06,0.77,1011.9,4.07,0.97,3.0,16.093,2.75414,Großer Stern,1.9416988074877144,15688.977884665475,pc2,Park,False,False,21.81144212977425,20,2,0.0
1624348387.4852748,2021-06-22T07:53:07.485274Z,52.51383666666667,13.341011666666668,2,4,S1,1624348387.4852748,18.86671,-68.42227,-47.301415,0.00108352555,44.0,731.5,9.0,0.141516265,8,20,2021-06-22 09:53:07,52.51383666666667,13.341011666666668,36.4,34.0768,82.8,0.0652,0.04,18.15,18.15,14.06,0.77,1011.9,4.07,0.97,3.0,16.093,2.75414,Großer Stern,1.9356028546038129,15699.33294847899,pc2,Park,2021-06-22 09:53:07,52.51388166666667,13.34132,37.9,32.410000000000004,83.1,0.0652,0.04,18.15,18.15,14.06,0.77,1011.9,4.07,0.97,3.0,16.093,2.75414,Großer Stern,4.457490923074619,15720.82844461001,pc4,Park,False,False,21.439271702887037,20,2,0.0
1624348387.5011635,2021-06-22T07:53:07.501163Z,52.51388166666667,13.34132,4,2,S1,1624348387.5011635,19.39166894736842,-66.01691578947369,-41.57882631578948,0.0017813090526315,45.0,733.9473684210526,0.5263157894736842,0.2283607589473684,8,19,2021-06-22 09:53:07,52.51388166666667,13.34132,37.9,32.410000000000004,83.1,0.0652,0.04,18.15,18.15,14.06,0.77,1011.9,4.07,0.97,3.0,16.093,2.75414,Großer Stern,4.457490923074619,15720.82844461001,pc4,Park,2021-06-22 09:53:07,52.51383666666667,13.341011666666668,36.4,34.0768,82.8,0.0652,0.04,18.15,18.15,14.06,0.77,1011.9,4.07,0.97,3.0,16.093,2.75414,Großer Stern,1.9356028546038129,15699.33294847899,pc2,Park,False,False,21.439271702887037,20,2,0.05
1624348388.4876733,2021-06-22T07:53:08.487673Z,52.51389,13.341453333333334,4,2,S1,1624348388.4876733,20.37965,-64.823335,-42.61813,0.001819989,45.0,832.6,0.5,0.303295505,8,20,2021-06-22 09:53:08,52.51389,13.341453333333334,38.0,32.0396,83.1,0.0652,0.04,18.15,18.15,14.06,0.77,1011.9,4.07,0.97,3.0,16.093,2.75414,Großer Stern,4.3203234872901,15720.82844461001,pc4,Park,2021-06-22 09:53:08,52.513848333333335,13.341146666666669,36.5,33.52120000000001,82.9,0.0652,0.04,18.15,18.15,14.06,0.77,1011.9,4.07,0.97,3.0,16.093,2.75414,Großer Stern,2.153042721419374,15699.33294847899,pc2,Park,False,False,21.245990705076068,20,2,0.0
1624348388.4878683,2021-06-22T07:53:08.487868Z,52.513848333333335,13.341146666666669,2,4,S1,1624348388.4878683,19.20755,-66.95642000000001,-39.96888,0.0014089537,44.0,832.25,4.1,0.179017865,8,20,2021-06-22 09:53:08,52.513848333333335,13.341146666666669,36.5,33.52120000000001,82.9,0.0652,0.04,18.15,18.15,14.06,0.77,1011.9,4.07,0.97,3.0,16.093,2.75414,Großer Stern,2.153042721419374,15699.33294847899,pc2,Park,2021-06-22 09:53:08,52.51389,13.341453333333334,38.0,32.0396,83.1,0.0652,0.04,18.15,18.15,14.06,0.77,1011.9,4.07,0.97,3.0,16.093,2.75414,Großer Stern,4.3203234872901,15720.82844461001,pc4,Park,False,False,21.245990705076068,20,2,0.0
1624348389.486923,2021-06-22T07:53:09.486922Z,52.51388666666666,13.341581666666666,4,2,S1,1624348389.486923,21.5302085,-63.943595,-42.5587,0.00184763485,45.0,932.55,0.25,0.3687205839999999,8,20,2021-06-22 09:53:09,52.51388666666666,13.341581666666666,36.0,32.595200000000006,83.5,0.0652,0.04,18.15,18.15,14.06,0.77,1011.9,4.07,0.97,3.0,16.093,2.75414,Großer Stern,2.9354226843564097,15731.980989452217,pc4,Park,2021-06-22 09:53:09,52.51385666666667,13.34128,36.6,32.9656,83.0,0.0652,0.04,18.15,18.15,14.06,0.77,1011.9,4.07,0.97,3.0,16.093,2.75414,Großer Stern,2.015874680532776,15709.95837204454,pc2,Park,False,False,20.66818439659992,20,2,0.0
1624348389.4905062,2021-06-22T07:53:09.490506Z,52.51385666666667,13.34128,2,4,S1,1624348389.4905062,17.4085685,-66.50842,-39.04438,0.01878034155,44.0,932.75,1.75,0.263019945,8,20,2021-06-22 09:53:09,52.51385666666667,13.34128,36.6,32.9656,83.0,0.0652,0.04,18.15,18.15,14.06,0.77,1011.9,4.07,0.97,3.0,16.093,2.75414,Großer Stern,2.015874680532776,15709.95837204454,pc2,Park,2021-06-22 09:53:09,52.51388666666666,13.341581666666666,36.0,32.595200000000006,83.5,0.0652,0.04,18.15,18.15,14.06,0.77,1011.9,4.07,0.97,3.0,16.093,2.75414,Großer Stern,2.9354226843564097,15731.980989452217,pc4,Park,False,False,20.66818439659992,20,2,0.0
1624348390.4869268,2021-06-22T07:53:10.486926Z,52.513891666666666,13.341738333333334,4,2,S1,1624348390.4869268,18.067497,-67.344025,-46.28002,0.010210215,45.0,418.15,0.25,0.1906975699999999,8,20,2021-06-22 09:53:10,52.513891666666666,13.341738333333334,35.7,34.6324,83.3,0.0652,0.04,18.15,18.15,14.06,0.77,1011.9,4.07,0.97,3.0,16.093,2.75414,Großer Stern,2.254787475316745,15743.417531458344,pc4,Park,2021-06-22 09:53:10,52.513866666666665,13.341411666666666,36.5,32.410000000000004,83.2,0.0652,0.04,18.15,18.15,14.06,0.77,1011.9,4.07,0.97,3.0,16.093,2.75414,Großer Stern,2.075824615365642,15720.82844461001,pc2,Park,False,False,22.262172481844804,20,2,0.0
1624348390.4911752,2021-06-22T07:53:10.491175Z,52.513866666666665,13.341411666666666,2,4,S1,1624348390.4911752,16.8021825,-70.05892,-42.64274,0.00117752875,44.0,418.4,1.9,0.0861910335,8,20,2021-06-22 09:53:10,52.513866666666665,13.341411666666666,36.5,32.410000000000004,83.2,0.0652,0.04,18.15,18.15,14.06,0.77,1011.9,4.07,0.97,3.0,16.093,2.75414,Großer Stern,2.075824615365642,15720.82844461001,pc2,Park,2021-06-22 09:53:10,52.513891666666666,13.341738333333334,35.7,34.6324,83.3,0.0652,0.04,18.15,18.15,14.06,0.77,1011.9,4.07,0.97,3.0,16.093,2.75414,Großer Stern,2.254787475316745,15743.417531458344,pc4,Park,False,False,22.262172481844804,20,2,0.0
1624348391.486194,2021-06-22T07:53:11.486194Z,52.513891666666666,13.341895,4,2,S1,1624348391.486194,19.90661,-66.28574499999999,-45.360165,0.00146740745,45.0,108.5,0.0,0.18366339,8,20,2021-06-22 09:53:11,52.513891666666666,13.341895,34.9,35.9288,83.0,0.0652,0.04,18.15,18.15,14.06,0.77,1011.9,4.07,0.97,3.0,16.093,2.75414,Großer Stern,1.0779386686884411,15755.118706599096,pc4,Park,2021-06-22 09:53:11,52.513875,13.341543333333334,36.5,32.410000000000004,83.4,0.0652,0.04,18.15,18.15,14.06,0.77,1011.9,4.07,0.97,3.0,16.093,2.75414,Großer Stern,1.951866364765847,15731.980989452217,pc2,Park,False,False,23.850853958145144,20,2,0.0
1624348391.5019574,2021-06-22T07:53:11.501957Z,52.513875,13.341543333333334,2,4,S1,1624348391.5019574,17.924473684210525,-68.56986842105263,-40.25569473684211,0.0012498017894736,44.0,109.89473684210526,1.736842105263158,0.0983740210526315,8,19,2021-06-22 09:53:11,52.513875,13.341543333333334,36.5,32.410000000000004,83.4,0.0652,0.04,18.15,18.15,14.06,0.77,1011.9,4.07,0.97,3.0,16.093,2.75414,Großer Stern,1.951866364765847,15731.980989452217,pc2,Park,2021-06-22 09:53:11,52.513891666666666,13.341895,34.9,35.9288,83.0,0.0652,0.04,18.15,18.15,14.06,0.77,1011.9,4.07,0.97,3.0,16.093,2.75414,Großer Stern,1.0779386686884411,15755.118706599096,pc4,Park,False,False,23.850853958145144,20,2,0.05
1624348392.4869142,2021-06-22T07:53:12.486914Z,52.51391,13.342051666666666,4,2,S1,1624348392.4869142,16.203845,-70.713955,-49.426555,0.0011692731,45.0,208.55,0.25,0.07282662,8,20,2021-06-22 09:53:12,52.51391,13.342051666666666,35.0,38.1512,76.7,0.0652,0.04,18.15,18.15,14.06,0.77,1011.9,4.07,0.97,3.0,16.093,2.75414,Großer Stern,1.9255167835316165,15767.11228348828,pc4,Park,2021-06-22 09:53:12,52.51388333333333,13.341678333333334,36.3,32.595200000000006,83.3,0.0652,0.04,18.15,18.15,14.06,0.77,1011.9,4.07,0.97,3.0,16.093,2.75414,Großer Stern,1.8014908220215475,15743.417531458344,pc2,Park,False,False,25.41696588308786,20,2,0.0
1624348392.489981,2021-06-22T07:53:12.489980Z,52.51388333333333,13.341678333333334,2,4,S1,1624348392.489981,14.3729475,-72.309335,-50.726015,0.0014248722,44.0,208.6,2.7,0.0450966975,8,20,2021-06-22 09:53:12,52.51388333333333,13.341678333333334,36.3,32.595200000000006,83.3,0.0652,0.04,18.15,18.15,14.06,0.77,1011.9,4.07,0.97,3.0,16.093,2.75414,Großer Stern,1.8014908220215475,15743.417531458344,pc2,Park,2021-06-22 09:53:12,52.51391,13.342051666666666,35.0,38.1512,76.7,0.0652,0.04,18.15,18.15,14.06,0.77,1011.9,4.07,0.97,3.0,16.093,2.75414,Großer Stern,1.9255167835316165,15767.11228348828,pc4,Park,False,False,25.41696588308786,20,2,0.0
1624348393.4876704,2021-06-22T07:53:13.487670Z,52.513936666666666,13.342208333333334,4,2,S1,1624348393.4876704,16.3689615,-70.59888,-49.166885,0.00112940475,45.0,308.6,0.5,0.0740943685,8,20,2021-06-22 09:53:13,52.513936666666666,13.342208333333334,35.2,39.6328,74.5,0.0652,0.04,18.15,18.15,14.06,0.77,1011.9,4.07,0.97,3.0,16.093,2.75414,Großer Stern,3.693289275073184,15779.401312454258,pc4,Park,2021-06-22 09:53:13,52.513891666666666,13.341815,36.3,33.891600000000004,82.7,0.0652,0.04,18.15,18.15,14.06,0.77,1011.9,4.07,0.97,3.0,16.093,2.75414,Großer Stern,1.6788826697090495,15755.118706599096,pc2,Park,False,False,27.061503611128707,20,2,0.0
1624348393.490675,2021-06-22T07:53:13.490674Z,52.513891666666666,13.341815,2,4,S1,1624348393.490675,13.919067000000002,-72.586945,-50.752495,0.00133438715,44.0,308.7,2.4,0.0528474684999999,8,20,2021-06-22 09:53:13,52.513891666666666,13.341815,36.3,33.891600000000004,82.7,0.0652,0.04,18.15,18.15,14.06,0.77,1011.9,4.07,0.97,3.0,16.093,2.75414,Großer Stern,1.6788826697090495,15755.118706599096,pc2,Park,2021-06-22 09:53:13,52.513936666666666,13.342208333333334,35.2,39.6328,74.5,0.0652,0.04,18.15,18.15,14.06,0.77,1011.9,4.07,0.97,3.0,16.093,2.75414,Großer Stern,3.693289275073184,15779.401312454258,pc4,Park,False,False,27.061503611128707,20,2,0.0
1624348394.487656,2021-06-22T07:53:14.487656Z,52.51396666666667,13.34237,4,2,S1,1624348394.487656,15.554633999999998,-71.20270500000001,-49.764385,0.00118143285,45.0,408.6,0.5,0.067264695,8,20,2021-06-22 09:53:14,52.51396666666667,13.34237,35.4,41.299600000000005,74.9,0.0652,0.04,18.15,18.15,14.06,0.77,1011.9,4.07,0.97,3.0,16.093,1.95856,Bachstraße,7.708877807096858,15791.91935807024,pc4,Park,2021-06-22 09:53:14,52.51390666666666,13.341956666666666,36.2,35.5584,80.9,0.0652,0.04,18.15,18.15,14.06,0.77,1011.9,4.07,0.97,3.0,16.093,2.75414,Großer Stern,2.2710599360825,15755.118706599096,pc2,Park,False,False,28.73169981141342,20,2,0.0
1624348394.48997,2021-06-22T07:53:14.489969Z,52.51390666666666,13.341956666666666,2,4,S1,1624348394.48997,14.5525475,-72.78738,-50.98074,0.0012984611,44.0,408.6,2.7,0.0402920955,8,20,2021-06-22 09:53:14,52.51390666666666,13.341956666666666,36.2,35.5584,80.9,0.0652,0.04,18.15,18.15,14.06,0.77,1011.9,4.07,0.97,3.0,16.093,2.75414,Großer Stern,2.2710599360825,15755.118706599096,pc2,Park,2021-06-22 09:53:14,52.51396666666667,13.34237,35.4,41.299600000000005,74.9,0.0652,0.04,18.15,18.15,14.06,0.77,1011.9,4.07,0.97,3.0,16.093,1.95856,Bachstraße,7.708877807096858,15791.91935807024,pc4,Park,False,False,28.73169981141342,20,2,0.0
1624348395.4618206,2021-06-22T07:53:15.461820Z,52.51399166666667,13.342545,4,2,S1,1624348395.4618206,16.54363157894737,-70.13437368421053,-47.25954210526316,0.0012497515263157,45.0,506.0,0.631578947368421,0.0766215789473684,8,19,2021-06-22 09:53:15,52.51399166666667,13.342545,35.6,45.5592,77.6,0.0652,0.04,18.15,18.15,14.06,0.77,1011.9,4.07,0.97,3.0,16.093,2.17399,Großer Stern,7.23759979985911,15804.591131124926,pc4,Park,2021-06-22 09:53:15,52.51392833333333,13.342103333333334,36.4,37.595600000000005,80.1,0.0652,0.04,18.15,18.15,14.06,0.77,1011.9,4.07,0.97,3.0,16.093,2.75414,Großer Stern,3.561833741149681,15767.11228348828,pc2,Park,False,False,30.681216901445023,20,2,0.05
1624348395.4899552,2021-06-22T07:53:15.489955Z,52.51392833333333,13.342103333333334,2,4,S1,1624348395.4899552,14.5728305,-72.754395,-51.04978,0.00105975395,44.0,508.6,2.7,0.0630422035,8,20,2021-06-22 09:53:15,52.51392833333333,13.342103333333334,36.4,37.595600000000005,80.1,0.0652,0.04,18.15,18.15,14.06,0.77,1011.9,4.07,0.97,3.0,16.093,2.75414,Großer Stern,3.561833741149681,15767.11228348828,pc2,Park,2021-06-22 09:53:15,52.51399166666667,13.342545,35.6,45.5592,77.6,0.0652,0.04,18.15,18.15,14.06,0.77,1011.9,4.07,0.97,3.0,16.093,2.17399,Großer Stern,7.23759979985911,15804.591131124926,pc4,Park,False,False,30.681216901445023,20,2,0.0
1624348396.4715447,2021-06-22T07:53:16.471544Z,52.51395333333333,13.342255,2,4,S1,1624348396.4715447,15.042785789473683,-72.69108421052631,-51.38083157894737,0.0009169032105263,44.0,606.6315789473684,3.947368421052632,0.0395507584210526,8,19,2021-06-22 09:53:16,52.51395333333333,13.342255,36.5,39.2624,79.2,0.0652,0.04,18.15,18.15,14.06,0.77,1011.9,4.07,0.97,3.0,16.093,1.95856,Bachstraße,8.286051961901125,15779.401312454258,pc2,Park,2021-06-22 09:53:16,52.51401166666667,13.34274,35.4,50.18920000000001,80.4,0.0652,0.04,18.15,18.15,14.06,0.77,1011.9,4.07,0.97,3.0,16.093,2.17399,Großer Stern,7.981267511970243,15817.380798046184,pc4,Park,False,False,33.42792107730437,20,2,0.05
1624348396.5177846,2021-06-22T07:53:16.517784Z,52.51401166666667,13.34274,4,2,S1,1624348396.5177846,13.274156470588236,-73.30339411764706,-44.99405294117647,0.0012050114705882,45.0,611.1764705882352,4.882352941176471,0.0500293517647058,8,17,2021-06-22 09:53:16,52.51401166666667,13.34274,35.4,50.18920000000001,80.4,0.0652,0.04,18.15,18.15,14.06,0.77,1011.9,4.07,0.97,3.0,16.093,2.17399,Großer Stern,7.981267511970243,15817.380798046184,pc4,Park,2021-06-22 09:53:16,52.51395333333333,13.342255,36.5,39.2624,79.2,0.0652,0.04,18.15,18.15,14.06,0.77,1011.9,4.07,0.97,3.0,16.093,1.95856,Bachstraße,8.286051961901125,15779.401312454258,pc2,Park,False,False,33.42792107730437,20,2,0.15
1624348397.4853015,2021-06-22T07:53:17.485301Z,52.513976666666665,13.342411666666669,2,4,S1,1624348397.4853015,13.7527885,-74.614935,-53.023295,0.00078076665,44.0,707.55,8.55,0.028673061,8,20,2021-06-22 09:53:17,52.513976666666665,13.342411666666669,36.7,41.299600000000005,78.4,0.0652,0.04,18.15,18.15,14.06,0.77,1011.9,4.07,0.97,3.0,16.093,1.95856,Bachstraße,6.929227105432325,15791.91935807024,pc2,Park,2021-06-22 09:53:17,52.514028333333336,13.342951666666666,35.3,53.89320000000001,83.0,0.0652,0.04,18.15,18.15,14.06,0.77,1011.9,4.07,0.97,3.0,16.093,2.17399,Großer Stern,8.231662343016223,15830.299756630273,pc4,Park,False,False,36.96124061441526,20,2,0.0
1624348397.4901445,2021-06-22T07:53:17.490144Z,52.514028333333336,13.342951666666666,4,2,S1,1624348397.4901445,14.285359500000002,-73.14894000000001,-51.50419,0.0009946507,45.0,708.5,4.0,0.038549207,8,20,2021-06-22 09:53:17,52.514028333333336,13.342951666666666,35.3,53.89320000000001,83.0,0.0652,0.04,18.15,18.15,14.06,0.77,1011.9,4.07,0.97,3.0,16.093,2.17399,Großer Stern,8.231662343016223,15830.299756630273,pc4,Park,2021-06-22 09:53:17,52.513976666666665,13.342411666666669,36.7,41.299600000000005,78.4,0.0652,0.04,18.15,18.15,14.06,0.77,1011.9,4.07,0.97,3.0,16.093,1.95856,Bachstraße,6.929227105432325,15791.91935807024,pc2,Park,False,False,36.96124061441526,20,2,0.0
1624348398.4853635,2021-06-22T07:53:18.485363Z,52.51399666666666,13.342588333333332,2,4,S1,1624348398.4853635,12.1133185,-75.76571,-53.91359,0.0008775089499999,44.0,807.6,8.1,0.0220920825,8,20,2021-06-22 09:53:18,52.51399666666666,13.342588333333332,36.8,46.1148,79.3,0.0652,0.04,18.15,18.15,14.06,0.77,1011.9,4.07,0.97,3.0,16.093,2.17399,Großer Stern,7.464205467816008,15804.591131124926,pc2,Park,2021-06-22 09:53:18,52.51404333333333,13.343176666666666,35.7,57.412000000000006,85.0,0.0652,0.04,18.15,18.15,14.06,0.77,1011.9,4.07,0.97,3.0,16.093,2.17399,Großer Stern,8.197867665794007,15843.36169121042,pc4,Park,False,False,40.11752965636341,20,2,0.0
1624348398.4923956,2021-06-22T07:53:18.492395Z,52.51404333333333,13.343176666666666,4,2,S1,1624348398.4923956,13.9805315,-73.12788,-51.55226,0.0010681399,45.0,808.65,4.75,0.0451387595,8,20,2021-06-22 09:53:18,52.51404333333333,13.343176666666666,35.7,57.412000000000006,85.0,0.0652,0.04,18.15,18.15,14.06,0.77,1011.9,4.07,0.97,3.0,16.093,2.17399,Großer Stern,8.197867665794007,15843.36169121042,pc4,Park,2021-06-22 09:53:18,52.51399666666666,13.342588333333332,36.8,46.1148,79.3,0.0652,0.04,18.15,18.15,14.06,0.77,1011.9,4.07,0.97,3.0,16.093,2.17399,Großer Stern,7.464205467816008,15804.591131124926,pc2,Park,False,False,40.11752965636341,20,2,0.0
1624348399.48558,2021-06-22T07:53:19.485579Z,52.51401166666667,13.342783333333331,2,4,S1,1624348399.48558,12.1588915,-75.63449,-53.66806,0.000874298,44.0,907.8,6.3,0.0253131995,8,20,2021-06-22 09:53:19,52.51401166666667,13.342783333333331,36.8,49.263200000000005,82.7,0.0652,0.04,18.15,18.15,14.06,0.77,1011.9,4.07,0.97,3.0,16.093,2.17399,Großer Stern,7.655757091545952,15817.380798046184,pc2,Park,2021-06-22 09:53:19,52.51405166666667,13.343411666666666,35.8,58.893600000000006,86.9,0.0652,0.04,18.15,18.15,14.06,0.77,1011.9,4.07,0.97,3.0,16.093,2.17399,Großer Stern,7.410516202490989,15856.521070524395,pc4,Park,False,False,42.7177480791712,20,2,0.0
1624348399.4877694,2021-06-22T07:53:19.487769Z,52.51405166666667,13.343411666666666,4,2,S1,1624348399.4877694,13.9368975,-73.244435,-51.58403,0.00104160445,45.0,908.25,4.1,0.0403332059999999,8,20,2021-06-22 09:53:19,52.51405166666667,13.343411666666666,35.8,58.893600000000006,86.9,0.0652,0.04,18.15,18.15,14.06,0.77,1011.9,4.07,0.97,3.0,16.093,2.17399,Großer Stern,7.410516202490989,15856.521070524395,pc4,Park,2021-06-22 09:53:19,52.51401166666667,13.342783333333331,36.8,49.263200000000005,82.7,0.0652,0.04,18.15,18.15,14.06,0.77,1011.9,4.07,0.97,3.0,16.093,2.17399,Großer Stern,7.655757091545952,15817.380798046184,pc2,Park,False,False,42.7177480791712,20,2,0.0
1624348400.4865377,2021-06-22T07:53:20.486537Z,52.514025,13.342986666666668,2,4,S1,1624348400.4865377,12.2339065,-75.246835,-53.3721,0.0009523846,44.0,649.45,6.75,0.024234169,8,20,2021-06-22 09:53:20,52.514025,13.342986666666668,36.7,50.5596,83.6,0.0652,0.04,18.15,18.15,14.06,0.77,1011.9,4.07,0.97,3.0,16.093,2.17399,Großer Stern,7.60067272170042,15830.299756630273,pc2,Park,2021-06-22 09:53:20,52.51405833333333,13.34365,36.2,60.190000000000005,86.9,0.0652,0.04,18.15,18.15,14.06,0.77,1011.9,4.07,0.97,3.0,16.093,2.17399,Großer Stern,6.414854216086528,15869.740013292094,pc4,Park,False,False,45.005370892907465,20,2,0.0
1624348400.4987545,2021-06-22T07:53:20.498754Z,52.51405833333333,13.34365,4,2,S1,1624348400.4987545,13.639481,-73.607335,-51.736875,0.00104628335,45.0,651.1,2.6,0.0539710505,8,20,2021-06-22 09:53:20,52.51405833333333,13.34365,36.2,60.190000000000005,86.9,0.0652,0.04,18.15,18.15,14.06,0.77,1011.9,4.07,0.97,3.0,16.093,2.17399,Großer Stern,6.414854216086528,15869.740013292094,pc4,Park,2021-06-22 09:53:20,52.514025,13.342986666666668,36.7,50.5596,83.6,0.0652,0.04,18.15,18.15,14.06,0.77,1011.9,4.07,0.97,3.0,16.093,2.17399,Großer Stern,7.60067272170042,15830.299756630273,pc2,Park,False,False,45.005370892907465,20,2,0.0
1624348401.489863,2021-06-22T07:53:21.489862Z,52.51403833333333,13.3432,2,4,S1,1624348401.489863,12.2706275,-76.175825,-54.33179,0.0007460493,44.0,84.5,3.6,0.0161460125,8,20,2021-06-22 09:53:21,52.51403833333333,13.3432,36.6,52.967200000000005,82.9,0.0652,0.04,18.15,18.15,14.06,0.77,1011.9,4.07,0.97,3.0,16.093,2.17399,Großer Stern,7.475927452612419,15843.36169121042,pc2,Park,2021-06-22 09:53:21,52.51407,13.343883333333334,36.4,61.48640000000001,84.4,0.0652,0.04,18.15,18.15,14.06,0.77,1011.9,4.07,0.97,3.0,16.093,2.17399,Großer Stern,6.00786826416978,15896.00414719785,pc4,Park,False,False,46.338878095891054,20,2,0.0
1624348401.4987564,2021-06-22T07:53:21.498756Z,52.51407,13.343883333333334,4,2,S1,1624348401.4987564,12.72365,-74.43888,-52.558040000000005,0.0010794122,45.0,85.5,2.6,0.03109518,8,20,2021-06-22 09:53:21,52.51407,13.343883333333334,36.4,61.48640000000001,84.4,0.0652,0.04,18.15,18.15,14.06,0.77,1011.9,4.07,0.97,3.0,16.093,2.17399,Großer Stern,6.00786826416978,15896.00414719785,pc4,Park,2021-06-22 09:53:21,52.51403833333333,13.3432,36.6,52.967200000000005,82.9,0.0652,0.04,18.15,18.15,14.06,0.77,1011.9,4.07,0.97,3.0,16.093,2.17399,Großer Stern,7.475927452612419,15843.36169121042,pc2,Park,False,False,46.338878095891054,20,2,0.0
1624348402.4873445,2021-06-22T07:53:22.487344Z,52.51408333333333,13.34411,4,2,S1,1624348402.4873445,14.79244,-72.538285,-50.886305,0.0010297452,45.0,184.4,2.2,0.046231577,8,20,2021-06-22 09:53:22,52.51408333333333,13.34411,36.4,55.3748,83.2,0.0652,0.04,18.15,18.15,14.06,0.77,1011.9,4.07,0.97,3.0,16.093,2.83331,Großer Stern,5.833446354573137,15908.832635437184,pc4,Park,2021-06-22 09:53:22,52.51405666666667,13.34343,36.7,58.893600000000006,82.8,0.0652,0.04,18.15,18.15,14.06,0.77,1011.9,4.07,0.97,3.0,16.093,2.17399,Großer Stern,7.829613687651023,15856.521070524395,pc2,Park,False,False,46.07518578782313,20,2,0.0
1624348402.489433,2021-06-22T07:53:22.489433Z,52.51405666666667,13.34343,2,4,S1,1624348402.489433,14.684483,-72.99719999999999,-51.504815,0.0009359217,44.0,184.5,3.15,0.0406159955,8,20,2021-06-22 09:53:22,52.51405666666667,13.34343,36.7,58.893600000000006,82.8,0.0652,0.04,18.15,18.15,14.06,0.77,1011.9,4.07,0.97,3.0,16.093,2.17399,Großer Stern,7.829613687651023,15856.521070524395,pc2,Park,2021-06-22 09:53:22,52.51408333333333,13.34411,36.4,55.3748,83.2,0.0652,0.04,18.15,18.15,14.06,0.77,1011.9,4.07,0.97,3.0,16.093,2.83331,Großer Stern,5.833446354573137,15908.832635437184,pc4,Park,False,False,46.07518578782313,20,2,0.0
1624348403.4781425,2021-06-22T07:53:23.478142Z,52.51409833333334,13.34433,4,2,S1,1624348403.4781425,15.2913095,-71.62805499999999,-50.136675,0.00112066875,45.0,283.5,2.0,0.0566220925,8,20,2021-06-22 09:53:23,52.51409833333334,13.34433,36.6,53.89320000000001,82.9,0.0652,0.04,18.15,18.15,14.06,0.77,1011.9,4.07,0.97,3.0,16.093,2.83331,Großer Stern,5.891588391437667,15921.405386553855,pc4,Park,2021-06-22 09:53:23,52.51407666666667,13.343681666666669,36.8,63.33840000000001,82.0,0.0652,0.04,18.15,18.15,14.06,0.77,1011.9,4.07,0.97,3.0,16.093,2.17399,Großer Stern,8.209948778033617,15882.932841594824,pc2,Park,False,False,43.90472874940359,20,2,0.0
1624348403.4894185,2021-06-22T07:53:23.489418Z,52.51407666666667,13.343681666666669,2,4,S1,1624348403.4894185,14.583638,-72.853065,-51.4252,0.00098175365,44.0,284.5,3.15,0.044620222,8,20,2021-06-22 09:53:23,52.51407666666667,13.343681666666669,36.8,63.33840000000001,82.0,0.0652,0.04,18.15,18.15,14.06,0.77,1011.9,4.07,0.97,3.0,16.093,2.17399,Großer Stern,8.209948778033617,15882.932841594824,pc2,Park,2021-06-22 09:53:23,52.51409833333334,13.34433,36.6,53.89320000000001,82.9,0.0652,0.04,18.15,18.15,14.06,0.77,1011.9,4.07,0.97,3.0,16.093,2.83331,Großer Stern,5.891588391437667,15921.405386553855,pc4,Park,False,False,43.90472874940359,20,2,0.0
1624348404.4781363,2021-06-22T07:53:24.478136Z,52.514118333333336,13.344546666666666,4,2,S1,1624348404.4781363,16.0655225,-71.005665,-49.58962,0.0011227582999999,45.0,383.5,2.0,0.1126316035,8,20,2021-06-22 09:53:24,52.514118333333336,13.344546666666666,36.6,52.782,82.0,0.0652,0.04,18.15,18.15,14.06,0.77,1011.9,4.07,0.97,3.0,16.093,2.83331,Großer Stern,6.526293593937859,15933.756168033007,pc4,Park,2021-06-22 09:53:24,52.514095,13.343941666666666,37.0,63.33840000000001,83.2,0.0652,0.04,18.15,18.15,14.06,0.77,1011.9,4.07,0.97,3.0,16.093,2.16081,Bachstraße,5.768701727385459,15896.00414719785,pc2,Park,False,False,40.99054439720477,20,2,0.0
1624348404.489419,2021-06-22T07:53:24.489418Z,52.514095,13.343941666666666,2,4,S1,1624348404.489419,15.6847855,-72.041755,-50.69117,0.00098816075,44.0,384.5,3.15,0.06473199,8,20,2021-06-22 09:53:24,52.514095,13.343941666666666,37.0,63.33840000000001,83.2,0.0652,0.04,18.15,18.15,14.06,0.77,1011.9,4.07,0.97,3.0,16.093,2.16081,Bachstraße,5.768701727385459,15896.00414719785,pc2,Park,2021-06-22 09:53:24,52.514118333333336,13.344546666666666,36.6,52.782,82.0,0.0652,0.04,18.15,18.15,14.06,0.77,1011.9,4.07,0.97,3.0,16.093,2.83331,Großer Stern,6.526293593937859,15933.756168033007,pc4,Park,False,False,40.99054439720477,20,2,0.0
1624348405.4781506,2021-06-22T07:53:25.478150Z,52.514136666666666,13.344755,4,2,S1,1624348405.4781506,14.3197645,-72.34734499999999,-50.798565,0.0012956761,45.0,483.5,2.0,0.053701111,8,20,2021-06-22 09:53:25,52.514136666666666,13.344755,36.5,50.18920000000001,82.6,0.0652,0.04,18.15,18.15,14.06,0.77,1011.9,4.07,0.97,3.0,16.093,2.87596,Großer Stern,6.989449152129408,15945.903296527653,pc4,Park,2021-06-22 09:53:25,52.51410666666666,13.3442,36.8,62.2272,85.5,0.0652,0.04,18.15,18.15,14.06,0.77,1011.9,4.07,0.97,3.0,16.093,2.16081,Bachstraße,6.490321401534105,15908.832635437184,pc2,Park,False,False,37.6750940347599,20,2,0.0
1624348405.4897368,2021-06-22T07:53:25.489736Z,52.51410666666666,13.3442,2,4,S1,1624348405.4897368,13.067128,-75.08459500000001,-53.383315,0.0008145371,44.0,484.5,3.45,0.0241488075,8,20,2021-06-22 09:53:25,52.51410666666666,13.3442,36.8,62.2272,85.5,0.0652,0.04,18.15,18.15,14.06,0.77,1011.9,4.07,0.97,3.0,16.093,2.16081,Bachstraße,6.490321401534105,15908.832635437184,pc2,Park,2021-06-22 09:53:25,52.514136666666666,13.344755,36.5,50.18920000000001,82.6,0.0652,0.04,18.15,18.15,14.06,0.77,1011.9,4.07,0.97,3.0,16.093,2.87596,Großer Stern,6.989449152129408,15945.903296527653,pc4,Park,False,False,37.6750940347599,20,2,0.0
1624348406.4802418,2021-06-22T07:53:26.480241Z,52.51415333333333,13.34495,4,2,S1,1624348406.4802418,16.5726045,-70.13468,-48.725765,0.00120093755,45.0,583.6,3.1,0.0886995535,8,20,2021-06-22 09:53:26,52.51415333333333,13.34495,36.7,47.226,82.2,0.0652,0.04,18.15,18.15,14.06,0.77,1011.9,4.07,0.97,3.0,16.093,2.16081,Bachstraße,7.1905814147592455,15957.831445692054,pc4,Park,2021-06-22 09:53:26,52.514116666666666,13.344455,36.7,61.116,85.9,0.0652,0.04,18.15,18.15,14.06,0.77,1011.9,4.07,0.97,3.0,16.093,2.83331,Großer Stern,7.008375967283867,15933.756168033007,pc2,Park,False,False,33.7170744345207,20,2,0.0
1624348406.4918234,2021-06-22T07:53:26.491823Z,52.514116666666666,13.344455,2,4,S1,1624348406.4918234,16.178810000000002,-71.71468,-50.612005,0.0009152571999999,44.0,584.5,5.55,0.062769945,8,20,2021-06-22 09:53:26,52.514116666666666,13.344455,36.7,61.116,85.9,0.0652,0.04,18.15,18.15,14.06,0.77,1011.9,4.07,0.97,3.0,16.093,2.83331,Großer Stern,7.008375967283867,15933.756168033007,pc2,Park,2021-06-22 09:53:26,52.51415333333333,13.34495,36.7,47.226,82.2,0.0652,0.04,18.15,18.15,14.06,0.77,1011.9,4.07,0.97,3.0,16.093,2.16081,Bachstraße,7.1905814147592455,15957.831445692054,pc4,Park,False,False,33.7170744345207,20,2,0.0
1624348407.4819384,2021-06-22T07:53:27.481938Z,52.51417,13.345136666666669,4,2,S1,1624348407.4819384,18.8853,-67.06592,-45.97141,0.00155125435,45.0,683.6,4.75,0.1708315,8,20,2021-06-22 09:53:27,52.51417,13.345136666666669,37.1,45.374,82.1,0.065,0.04,18.14,18.14,14.06,0.77,1011.9,4.07,0.97,3.0,16.093,2.16081,Bachstraße,6.816178180077407,15980.947456221473,pc4,Park,2021-06-22 09:53:27,52.51413,13.344701666666667,36.8,59.0788,85.1,0.0652,0.04,18.15,18.15,14.06,0.77,1011.9,4.07,0.97,3.0,16.093,2.83331,Großer Stern,6.686148350957282,15945.903296527653,pc2,Park,False,False,29.74670783753539,20,2,0.0
1624348407.4942856,2021-06-22T07:53:27.494285Z,52.51413,13.344701666666667,2,4,S1,1624348407.4942856,18.03381,-68.66119499999999,-47.498575,0.0014002024999999,44.0,684.5,8.0,0.17155044,8,20,2021-06-22 09:53:27,52.51413,13.344701666666667,36.8,59.0788,85.1,0.0652,0.04,18.15,18.15,14.06,0.77,1011.9,4.07,0.97,3.0,16.093,2.83331,Großer Stern,6.686148350957282,15945.903296527653,pc2,Park,2021-06-22 09:53:27,52.51417,13.345136666666669,37.1,45.374,82.1,0.065,0.04,18.14,18.14,14.06,0.77,1011.9,4.07,0.97,3.0,16.093,2.16081,Bachstraße,6.816178180077407,15980.947456221473,pc4,Park,False,False,29.74670783753539,20,2,0.0
1624348408.4797845,2021-06-22T07:53:28.479784Z,52.51414333333334,13.344936666666667,2,4,S1,1624348408.4797845,19.396889473684208,-66.76634736842105,-45.67566315789473,0.001585510368421,44.0,783.0526315789474,8.0,0.1843749368421052,8,19,2021-06-22 09:53:28,52.51414333333334,13.344936666666667,36.9,60.37520000000001,83.5,0.0652,0.04,18.15,18.15,14.06,0.77,1011.9,4.07,0.97,3.0,16.093,2.87596,Großer Stern,6.253003200113991,15957.831445692054,pc2,Park,2021-06-22 09:53:28,52.514183333333335,13.34532,37.3,45.7444,82.5,0.065,0.04,18.14,18.14,14.06,0.77,1011.9,4.07,0.97,3.0,16.093,2.16081,Bachstraße,6.783481644365985,15992.155775986115,pc4,Park,False,False,26.29746951154119,20,2,0.05
1624348408.4826827,2021-06-22T07:53:28.482682Z,52.514183333333335,13.34532,4,2,S1,1624348408.4826827,20.44366,-65.226275,-44.175795,0.00163641035,45.0,783.65,5.0,0.26871108,8,20,2021-06-22 09:53:28,52.514183333333335,13.34532,37.3,45.7444,82.5,0.065,0.04,18.14,18.14,14.06,0.77,1011.9,4.07,0.97,3.0,16.093,2.16081,Bachstraße,6.783481644365985,15992.155775986115,pc4,Park,2021-06-22 09:53:28,52.51414333333334,13.344936666666667,36.9,60.37520000000001,83.5,0.0652,0.04,18.15,18.15,14.06,0.77,1011.9,4.07,0.97,3.0,16.093,2.87596,Großer Stern,6.253003200113991,15957.831445692054,pc2,Park,False,False,26.29746951154119,20,2,0.0
1624348409.4801142,2021-06-22T07:53:29.480114Z,52.51416,13.345156666666666,2,4,S1,1624348409.4801142,14.921043157894736,-72.55838947368422,-46.73203157894736,0.001019183368421,44.0,883.2105263157895,6.7368421052631575,0.0455295842105263,8,19,2021-06-22 09:53:29,52.51416,13.345156666666666,37.0,51.6708,82.8,0.065,0.04,18.14,18.14,14.06,0.77,1011.9,4.07,0.97,3.0,16.093,2.87596,Großer Stern,6.3090900698625445,15980.947456221473,pc2,Park,2021-06-22 09:53:29,52.514195,13.345505,37.1,45.1888,82.9,0.065,0.04,18.14,18.14,14.06,0.77,1011.9,4.07,0.97,3.0,16.093,2.16081,Bachstraße,6.947797519667843,16003.196006822704,pc4,Park,False,False,23.871563036210254,20,2,0.05
1624348409.4911933,2021-06-22T07:53:29.491193Z,52.514195,13.345505,4,2,S1,1624348409.4911933,15.926852,-70.705425,-49.23443,0.0012370414999999,45.0,884.5,5.0,0.0784772055,8,20,2021-06-22 09:53:29,52.514195,13.345505,37.1,45.1888,82.9,0.065,0.04,18.14,18.14,14.06,0.77,1011.9,4.07,0.97,3.0,16.093,2.16081,Bachstraße,6.947797519667843,16003.196006822704,pc4,Park,2021-06-22 09:53:29,52.51416,13.345156666666666,37.0,51.6708,82.8,0.065,0.04,18.14,18.14,14.06,0.77,1011.9,4.07,0.97,3.0,16.093,2.87596,Großer Stern,6.3090900698625445,15980.947456221473,pc2,Park,False,False,23.871563036210254,20,2,0.0
1624348410.4998708,2021-06-22T07:53:30.499870Z,52.51420666666667,13.345686666666667,4,2,S1,1624348410.4998708,17.702479047619047,-68.5254761904762,-47.34402380952381,0.0014236426190476,45.0,839.1428571428571,4.428571428571429,0.1368468699999999,8,21,2021-06-22 09:53:30,52.51420666666667,13.345686666666667,36.9,44.8184,83.3,0.065,0.04,18.14,18.14,14.06,0.77,1011.9,4.07,0.97,3.0,16.093,2.17399,Großer Stern,7.162903711405532,16014.122204643862,pc4,Park,2021-06-22 09:53:30,52.51417,13.345353333333334,36.8,45.5592,83.3,0.065,0.04,18.14,18.14,14.06,0.77,1011.9,4.07,0.97,3.0,16.093,2.87596,Großer Stern,5.818819223204659,15992.155775986115,pc2,Park,False,False,22.903585362850027,20,2,-0.05
1624348410.5115583,2021-06-22T07:53:30.511558Z,52.51417,13.345353333333334,2,4,S1,1624348410.5115583,17.433547142857144,-70.18599999999999,-47.60890952380952,0.0009639463333333,44.0,840.1904761904761,5.523809523809524,0.0834644271428571,8,21,2021-06-22 09:53:30,52.51417,13.345353333333334,36.8,45.5592,83.3,0.065,0.04,18.14,18.14,14.06,0.77,1011.9,4.07,0.97,3.0,16.093,2.87596,Großer Stern,5.818819223204659,15992.155775986115,pc2,Park,2021-06-22 09:53:30,52.51420666666667,13.345686666666667,36.9,44.8184,83.3,0.065,0.04,18.14,18.14,14.06,0.77,1011.9,4.07,0.97,3.0,16.093,2.17399,Großer Stern,7.162903711405532,16014.122204643862,pc4,Park,False,False,22.903585362850027,20,2,-0.05
1624348411.4922662,2021-06-22T07:53:31.492266Z,52.514181666666666,13.345531666666666,2,4,S1,1624348411.4922662,18.32942,-68.60979999999999,-47.61707,0.0011437585,44.0,60.5,6.0,0.108068715,8,20,2021-06-22 09:53:31,52.514181666666666,13.345531666666666,36.8,42.0404,83.1,0.065,0.04,18.14,18.14,14.06,0.77,1011.9,4.07,0.97,3.0,16.093,2.87596,Großer Stern,5.660935252249263,16003.196006822704,pc2,Park,2021-06-22 09:53:31,52.51421666666667,13.345865,36.9,43.3368,83.5,0.065,0.04,18.14,18.14,14.06,0.77,1011.9,4.07,0.97,3.0,16.093,2.17399,Großer Stern,6.821170453469007,16024.990404976095,pc4,Park,False,False,22.87140483569963,20,2,0.0
1624348411.5201569,2021-06-22T07:53:31.520156Z,52.51421666666667,13.345865,4,2,S1,1624348411.5201569,20.31835,-65.71379,-44.66645,0.0015531579,45.0,63.5,4.0,0.22202949,8,20,2021-06-22 09:53:31,52.51421666666667,13.345865,36.9,43.3368,83.5,0.065,0.04,18.14,18.14,14.06,0.77,1011.9,4.07,0.97,3.0,16.093,2.17399,Großer Stern,6.821170453469007,16024.990404976095,pc4,Park,2021-06-22 09:53:31,52.514181666666666,13.345531666666666,36.8,42.0404,83.1,0.065,0.04,18.14,18.14,14.06,0.77,1011.9,4.07,0.97,3.0,16.093,2.87596,Großer Stern,5.660935252249263,16003.196006822704,pc2,Park,False,False,22.87140483569963,20,2,0.0
1624348412.4922662,2021-06-22T07:53:32.492266Z,52.51419,13.3457,2,4,S1,1624348412.4922662,20.979155,-65.11096,-44.1244,0.0014383381,44.0,160.5,6.0,0.244861375,8,20,2021-06-22 09:53:32,52.51419,13.3457,36.7,40.3736,83.4,0.065,0.04,18.14,18.14,14.06,0.77,1011.9,4.07,0.97,3.0,16.093,2.17399,Großer Stern,5.216369349141203,16014.122204643862,pc2,Park,2021-06-22 09:53:32,52.51422333333333,13.346036666666668,35.9,42.9664,84.0,0.065,0.04,18.14,18.14,14.06,0.77,1011.9,4.07,0.97,3.0,16.093,2.17399,Großer Stern,6.165748861159412,16035.849363250623,pc4,Park,False,False,23.063123540833185,20,2,0.0
1624348412.4992416,2021-06-22T07:53:32.499241Z,52.51422333333333,13.346036666666668,4,2,S1,1624348412.4992416,22.830273684210525,-62.36178421052632,-41.48387368421052,0.0020258489473684,45.0,161.3684210526316,4.368421052631579,0.4078572631578947,8,19,2021-06-22 09:53:32,52.51422333333333,13.346036666666668,35.9,42.9664,84.0,0.065,0.04,18.14,18.14,14.06,0.77,1011.9,4.07,0.97,3.0,16.093,2.17399,Großer Stern,6.165748861159412,16035.849363250623,pc4,Park,2021-06-22 09:53:32,52.51419,13.3457,36.7,40.3736,83.4,0.065,0.04,18.14,18.14,14.06,0.77,1011.9,4.07,0.97,3.0,16.093,2.17399,Großer Stern,5.216369349141203,16014.122204643862,pc2,Park,False,False,23.063123540833185,20,2,0.05
1624348413.4673011,2021-06-22T07:53:33.467301Z,52.514226666666666,13.3462,4,2,S1,1624348413.4673011,21.610714736842105,-61.6625,-38.62366842105263,0.0235060342105263,45.0,258.05263157894734,5.578947368421052,0.5421793947368422,8,19,2021-06-22 09:53:33,52.514226666666666,13.3462,34.6,41.67,84.4,0.065,0.04,18.14,18.14,14.06,0.77,1011.9,4.07,0.97,3.0,16.093,2.17399,Großer Stern,5.210141984860696,16046.70831639553,pc4,Park,2021-06-22 09:53:33,52.514201666666665,13.345863333333334,36.8,40.3736,83.8,0.065,0.04,18.14,18.14,14.06,0.77,1011.9,4.07,0.97,3.0,16.093,2.17399,Großer Stern,5.180015497051538,16024.990404976095,pc2,Park,False,False,22.93288817191408,20,2,0.05
1624348413.4928746,2021-06-22T07:53:33.492874Z,52.514201666666665,13.345863333333334,2,4,S1,1624348413.4928746,19.24683,-66.388445,-45.20349,0.0020237386499999,44.0,260.6,5.6,0.265118935,8,20,2021-06-22 09:53:33,52.514201666666665,13.345863333333334,36.8,40.3736,83.8,0.065,0.04,18.14,18.14,14.06,0.77,1011.9,4.07,0.97,3.0,16.093,2.17399,Großer Stern,5.180015497051538,16024.990404976095,pc2,Park,2021-06-22 09:53:33,52.514226666666666,13.3462,34.6,41.67,84.4,0.065,0.04,18.14,18.14,14.06,0.77,1011.9,4.07,0.97,3.0,16.093,2.17399,Großer Stern,5.210141984860696,16046.70831639553,pc4,Park,False,False,22.93288817191408,20,2,0.0
1624348414.4982796,2021-06-22T07:53:34.498279Z,52.51421166666667,13.346025,2,4,S1,1624348414.4982796,18.244121,-68.288085,-46.96376,0.0014176668,44.0,361.5,2.0,0.177425655,8,20,2021-06-22 09:53:34,52.51421166666667,13.346025,36.9,40.3736,83.8,0.065,0.04,18.14,18.14,14.06,0.77,1011.9,4.07,0.97,3.0,16.093,2.17399,Großer Stern,4.973314619041832,16035.849363250623,pc2,Park,2021-06-22 09:53:34,52.51423666666667,13.346365,34.5,40.3736,84.3,0.065,0.04,18.14,18.14,14.06,0.77,1011.9,4.07,0.97,3.0,16.093,2.17399,Großer Stern,4.976436301655956,16057.580467597516,pc4,Park,False,False,23.15662734914918,20,2,0.0
1624348414.5126965,2021-06-22T07:53:34.512696Z,52.51423666666667,13.346365,4,2,S1,1624348414.5126965,20.067433333333334,-66.56219523809524,-45.53781904761905,0.0012652902857142,45.0,362.5238095238095,6.285714285714286,0.1860930142857143,8,21,2021-06-22 09:53:34,52.51423666666667,13.346365,34.5,40.3736,84.3,0.065,0.04,18.14,18.14,14.06,0.77,1011.9,4.07,0.97,3.0,16.093,2.17399,Großer Stern,4.976436301655956,16057.580467597516,pc4,Park,2021-06-22 09:53:34,52.51421166666667,13.346025,36.9,40.3736,83.8,0.065,0.04,18.14,18.14,14.06,0.77,1011.9,4.07,0.97,3.0,16.093,2.17399,Großer Stern,4.973314619041832,16035.849363250623,pc2,Park,False,False,23.15662734914918,20,2,-0.05
1624348415.4982498,2021-06-22T07:53:35.498249Z,52.51422166666666,13.346185,2,4,S1,1624348415.4982498,19.727765,-66.71929,-45.87852,0.0012964715,44.0,461.5,2.0,0.153731535,8,20,2021-06-22 09:53:35,52.51422166666666,13.346185,36.9,38.892,83.7,0.065,0.04,18.14,18.14,14.06,0.77,1011.9,4.07,0.97,3.0,16.093,2.17399,Großer Stern,4.780117593341262,16046.70831639553,pc2,Park,2021-06-22 09:53:35,52.514246666666665,13.34652,34.1,37.966,83.9,0.065,0.04,18.14,18.14,14.06,0.77,1011.9,4.07,0.97,3.0,16.093,2.17399,Großer Stern,4.728670390540619,16068.499446274418,pc4,Park,False,False,22.821002512361773,20,2,0.0
1624348415.5192456,2021-06-22T07:53:35.519245Z,52.514246666666665,13.34652,4,2,S1,1624348415.5192456,21.01069,-64.64419000000001,-43.649885,0.001631985,45.0,463.5,3.1,0.302822495,8,20,2021-06-22 09:53:35,52.514246666666665,13.34652,34.1,37.966,83.9,0.065,0.04,18.14,18.14,14.06,0.77,1011.9,4.07,0.97,3.0,16.093,2.17399,Großer Stern,4.728670390540619,16068.499446274418,pc4,Park,2021-06-22 09:53:35,52.51422166666666,13.346185,36.9,38.892,83.7,0.065,0.04,18.14,18.14,14.06,0.77,1011.9,4.07,0.97,3.0,16.093,2.17399,Großer Stern,4.780117593341262,16046.70831639553,pc2,Park,False,False,22.821002512361773,20,2,0.0
1624348416.496822,2021-06-22T07:53:36.496822Z,52.51425666666667,13.346668333333334,4,2,S1,1624348416.496822,19.308247368421053,-67.40023684210526,-46.34261052631579,0.001226118,45.0,561.3157894736842,2.526315789473684,0.139145547368421,8,19,2021-06-22 09:53:36,52.51425666666667,13.346668333333334,34.4,35.188,83.8,0.065,0.04,18.14,18.14,14.06,0.77,1011.9,4.07,0.97,3.0,16.093,2.83331,Großer Stern,4.696221066986987,16079.440821932996,pc4,Park,2021-06-22 09:53:36,52.51423166666667,13.346336666666666,36.8,35.7436,83.7,0.065,0.04,18.14,18.14,14.06,0.77,1011.9,4.07,0.97,3.0,16.093,2.17399,Großer Stern,4.654436959728804,16057.580467597516,pc2,Park,False,False,22.597290334463576,20,2,0.05
1624348416.498251,2021-06-22T07:53:36.498250Z,52.51423166666667,13.346336666666666,2,4,S1,1624348416.498251,17.492145,-69.93676500000001,-48.770065,0.0010500331,44.0,561.5,2.0,0.0824705449999999,8,20,2021-06-22 09:53:36,52.51423166666667,13.346336666666666,36.8,35.7436,83.7,0.065,0.04,18.14,18.14,14.06,0.77,1011.9,4.07,0.97,3.0,16.093,2.17399,Großer Stern,4.654436959728804,16057.580467597516,pc2,Park,2021-06-22 09:53:36,52.51425666666667,13.346668333333334,34.4,35.188,83.8,0.065,0.04,18.14,18.14,14.06,0.77,1011.9,4.07,0.97,3.0,16.093,2.83331,Großer Stern,4.696221066986987,16079.440821932996,pc4,Park,False,False,22.597290334463576,20,2,0.0
1624348417.5031626,2021-06-22T07:53:37.503162Z,52.514265,13.346806666666666,4,2,S1,1624348417.5031626,20.492405,-63.97097,-42.963895,0.00259769015,45.0,661.5,7.0,0.5772209100000001,8,20,2021-06-22 09:53:37,52.514265,13.346806666666666,34.5,32.9656,83.5,0.065,0.04,18.14,18.14,14.06,0.77,1011.9,4.07,0.97,3.0,16.093,2.67251,Großer Stern,4.790943081435639,16090.337388237498,pc4,Park,2021-06-22 09:53:37,52.51423833333333,13.346476666666666,36.7,33.7064,83.8,0.065,0.04,18.14,18.14,14.06,0.77,1011.9,4.07,0.97,3.0,16.093,2.17399,Großer Stern,4.245813254006583,16068.499446274418,pc2,Park,False,False,22.50901842215264,20,2,0.0
1624348417.5150597,2021-06-22T07:53:37.515059Z,52.51423833333333,13.346476666666666,2,4,S1,1624348417.5150597,20.44578421052632,-65.19746842105263,-44.23766315789474,0.0018226009473684,44.0,662.7368421052631,6.421052631578948,0.3404078894736842,8,19,2021-06-22 09:53:37,52.51423833333333,13.346476666666666,36.7,33.7064,83.8,0.065,0.04,18.14,18.14,14.06,0.77,1011.9,4.07,0.97,3.0,16.093,2.17399,Großer Stern,4.245813254006583,16068.499446274418,pc2,Park,2021-06-22 09:53:37,52.514265,13.346806666666666,34.5,32.9656,83.5,0.065,0.04,18.14,18.14,14.06,0.77,1011.9,4.07,0.97,3.0,16.093,2.67251,Großer Stern,4.790943081435639,16090.337388237498,pc4,Park,False,False,22.50901842215264,20,2,0.05
1624348418.4857662,2021-06-22T07:53:38.485766Z,52.514245,13.34661,2,4,S1,1624348418.4857662,18.364625,-69.212215,-48.127875,0.0010426997,44.0,759.75,7.0,0.0838461,8,20,2021-06-22 09:53:38,52.514245,13.34661,36.4,31.669200000000004,83.7,0.065,0.04,18.14,18.14,14.06,0.77,1011.9,4.07,0.97,3.0,16.093,2.83331,Großer Stern,3.753985710932645,16079.440821932996,pc2,Park,2021-06-22 09:53:38,52.514275,13.346935,34.6,31.2988,83.0,0.065,0.04,18.14,18.14,14.06,0.77,1011.9,4.07,0.97,3.0,16.093,2.67251,Großer Stern,5.129948623352452,16101.065954686675,pc4,Park,False,False,22.22632132044352,20,2,0.0
1624348418.5032086,2021-06-22T07:53:38.503208Z,52.514275,13.346935,4,2,S1,1624348418.5032086,19.72043,-66.87672,-45.842245,0.00127845525,45.0,761.5,7.05,0.138672515,8,20,2021-06-22 09:53:38,52.514275,13.346935,34.6,31.2988,83.0,0.065,0.04,18.14,18.14,14.06,0.77,1011.9,4.07,0.97,3.0,16.093,2.67251,Großer Stern,5.129948623352452,16101.065954686675,pc4,Park,2021-06-22 09:53:38,52.514245,13.34661,36.4,31.669200000000004,83.7,0.065,0.04,18.14,18.14,14.06,0.77,1011.9,4.07,0.97,3.0,16.093,2.83331,Großer Stern,3.753985710932645,16079.440821932996,pc2,Park,False,False,22.22632132044352,20,2,0.0
1624348419.488552,2021-06-22T07:53:39.488552Z,52.51425166666667,13.346735,2,4,S1,1624348419.488552,17.95924,-69.905525,-48.83438,0.00091544425,44.0,860.15,5.8,0.079246915,8,20,2021-06-22 09:53:39,52.51425166666667,13.346735,36.3,29.632,83.7,0.065,0.04,18.14,18.14,14.06,0.77,1011.9,4.07,0.97,3.0,16.093,2.83331,Großer Stern,3.744014780876674,16079.440821932996,pc2,Park,2021-06-22 09:53:39,52.514285,13.347056666666669,34.7,29.2616,82.7,0.065,0.04,18.14,18.14,14.06,0.77,1011.9,4.07,0.97,3.0,16.093,2.67251,Großer Stern,5.362972508752637,16111.42995428008,pc4,Park,False,False,22.0625332782971,20,2,0.0
1624348419.5032067,2021-06-22T07:53:39.503206Z,52.514285,13.347056666666669,4,2,S1,1624348419.5032067,19.0259015,-68.05996,-46.681555,0.00110149275,45.0,861.5,7.05,0.127906279,8,20,2021-06-22 09:53:39,52.514285,13.347056666666669,34.7,29.2616,82.7,0.065,0.04,18.14,18.14,14.06,0.77,1011.9,4.07,0.97,3.0,16.093,2.67251,Großer Stern,5.362972508752637,16111.42995428008,pc4,Park,2021-06-22 09:53:39,52.51425166666667,13.346735,36.3,29.632,83.7,0.065,0.04,18.14,18.14,14.06,0.77,1011.9,4.07,0.97,3.0,16.093,2.83331,Großer Stern,3.744014780876674,16079.440821932996,pc2,Park,False,False,22.0625332782971,20,2,0.0
1624348420.4640727,2021-06-22T07:53:40.464072Z,52.51425666666667,13.34685,2,4,S1,1624348420.4640727,15.554365,-69.64561666666667,-47.77297222222222,0.0052830344444444,44.0,957.7777777777778,5.0,0.0944349811111111,8,18,2021-06-22 09:53:40,52.51425666666667,13.34685,36.2,27.594800000000003,83.7,0.065,0.04,18.14,18.14,14.06,0.77,1011.9,4.07,0.97,3.0,16.093,2.67251,Großer Stern,3.609409747372442,16090.337388237498,pc2,Park,2021-06-22 09:53:40,52.514293333333335,13.347166666666666,34.6,26.2984,83.0,0.065,0.04,18.14,18.14,14.06,0.77,1011.9,4.07,0.97,3.0,16.093,2.22615,Großer Stern,5.473422762997775,16111.42995428008,pc4,Park,False,False,21.795384831902872,20,2,0.1
1624348420.5011165,2021-06-22T07:53:40.501116Z,52.514293333333335,13.347166666666666,4,2,S1,1624348420.5011165,17.825094999999997,-68.85206500000001,-47.63099,0.0012340113999999,45.0,961.25,7.45,0.106151275,8,20,2021-06-22 09:53:40,52.514293333333335,13.347166666666666,34.6,26.2984,83.0,0.065,0.04,18.14,18.14,14.06,0.77,1011.9,4.07,0.97,3.0,16.093,2.22615,Großer Stern,5.473422762997775,16111.42995428008,pc4,Park,2021-06-22 09:53:40,52.51425666666667,13.34685,36.2,27.594800000000003,83.7,0.065,0.04,18.14,18.14,14.06,0.77,1011.9,4.07,0.97,3.0,16.093,2.67251,Großer Stern,3.609409747372442,16090.337388237498,pc2,Park,False,False,21.795384831902872,20,2,0.0
1624348421.4765422,2021-06-22T07:53:41.476542Z,52.514265,13.346956666666667,2,4,S1,1624348421.4765422,15.0737955,-71.960975,-49.08151,0.0025594831,44.0,188.45,6.8,0.053056965,8,20,2021-06-22 09:53:41,52.514265,13.346956666666667,36.2,25.742800000000003,83.8,0.065,0.04,18.14,18.14,14.06,0.77,1011.9,4.07,0.97,3.0,16.093,2.67251,Großer Stern,3.890302876033432,16101.065954686675,pc2,Park,2021-06-22 09:53:41,52.514293333333335,13.347263333333334,34.5,23.5204,83.4,0.065,0.04,18.14,18.14,14.06,0.77,1011.9,4.07,0.97,3.0,16.093,2.22615,Großer Stern,4.755709008977717,16121.205396926842,pc4,Park,False,False,20.972932000362142,20,2,0.0
1624348421.479346,2021-06-22T07:53:41.479346Z,52.514293333333335,13.347263333333334,4,2,S1,1624348421.479346,16.864761904761902,-70.15610476190476,-48.75256666666667,0.0011324532380952,45.0,181.28571428571428,8.142857142857142,0.0927115428571428,8,21,2021-06-22 09:53:41,52.514293333333335,13.347263333333334,34.5,23.5204,83.4,0.065,0.04,18.14,18.14,14.06,0.77,1011.9,4.07,0.97,3.0,16.093,2.22615,Großer Stern,4.755709008977717,16121.205396926842,pc4,Park,2021-06-22 09:53:41,52.514265,13.346956666666667,36.2,25.742800000000003,83.8,0.065,0.04,18.14,18.14,14.06,0.77,1011.9,4.07,0.97,3.0,16.093,2.67251,Großer Stern,3.890302876033432,16101.065954686675,pc2,Park,False,False,20.972932000362142,20,2,-0.05
1624348422.4855652,2021-06-22T07:53:42.485565Z,52.514271666666666,13.34705,2,4,S1,1624348422.4855652,16.7719965,-71.41169,-50.118185,0.0008388358,44.0,135.6,8.3,0.0638397605,8,20,2021-06-22 09:53:42,52.514271666666666,13.34705,36.2,22.7796,83.8,0.065,0.04,18.14,18.14,14.06,0.77,1011.9,4.07,0.97,3.0,16.093,2.67251,Großer Stern,3.93939165509562,16101.065954686675,pc2,Park,2021-06-22 09:53:42,52.514298333333336,13.347341666666669,34.2,18.7052,83.5,0.065,0.04,18.14,18.14,14.06,0.77,1011.9,4.07,0.97,3.0,16.093,2.22615,Großer Stern,4.690021811059586,16130.255837275374,pc4,Park,False,False,19.942425580286898,20,2,0.0
1624348422.5150096,2021-06-22T07:53:42.515009Z,52.514298333333336,13.347341666666669,4,2,S1,1624348422.5150096,18.005390476190478,-68.70514285714286,-47.75805714285715,0.001256063095238,45.0,138.61904761904762,7.666666666666667,0.1031539857142857,8,21,2021-06-22 09:53:42,52.514298333333336,13.347341666666669,34.2,18.7052,83.5,0.065,0.04,18.14,18.14,14.06,0.77,1011.9,4.07,0.97,3.0,16.093,2.22615,Großer Stern,4.690021811059586,16130.255837275374,pc4,Park,2021-06-22 09:53:42,52.514271666666666,13.34705,36.2,22.7796,83.8,0.065,0.04,18.14,18.14,14.06,0.77,1011.9,4.07,0.97,3.0,16.093,2.67251,Großer Stern,3.93939165509562,16101.065954686675,pc2,Park,False,False,19.942425580286898,20,2,-0.05
1624348423.4854016,2021-06-22T07:53:43.485401Z,52.51427833333333,13.347128333333334,2,4,S1,1624348423.4854016,16.975018499999997,-68.15825,-45.380195,0.0081934668,44.0,235.55,8.65,0.123117836,8,20,2021-06-22 09:53:43,52.51427833333333,13.347128333333334,36.2,18.7052,83.8,0.065,0.04,18.14,18.14,14.06,0.77,1011.9,4.07,0.97,3.0,16.093,2.22615,Großer Stern,4.098930858586819,16111.42995428008,pc2,Park,2021-06-22 09:53:43,52.5143,13.347398333333333,34.1,12.964,84.1,0.065,0.04,18.14,18.14,14.06,0.77,1011.9,4.07,0.97,3.0,16.093,2.22615,Großer Stern,4.427275111456265,16130.255837275374,pc4,Park,False,False,18.414229857919096,20,2,0.0
1624348423.494419,2021-06-22T07:53:43.494419Z,52.5143,13.347398333333333,4,2,S1,1624348423.494419,19.470136842105266,-67.1870947368421,-46.09782631578948,0.0012559663157894,45.0,237.1578947368421,1.6842105263157894,0.1319441368421052,8,19,2021-06-22 09:53:43,52.5143,13.347398333333333,34.1,12.964,84.1,0.065,0.04,18.14,18.14,14.06,0.77,1011.9,4.07,0.97,3.0,16.093,2.22615,Großer Stern,4.427275111456265,16130.255837275374,pc4,Park,2021-06-22 09:53:43,52.51427833333333,13.347128333333334,36.2,18.7052,83.8,0.065,0.04,18.14,18.14,14.06,0.77,1011.9,4.07,0.97,3.0,16.093,2.22615,Großer Stern,4.098930858586819,16111.42995428008,pc2,Park,False,False,18.414229857919096,20,2,0.05
1624348424.4762046,2021-06-22T07:53:44.476204Z,52.5143,13.347428333333331,4,2,S1,1624348424.4762046,20.251025,-66.40699500000001,-45.315085,0.0012488249999999,45.0,335.5,0.0,0.19267277,8,20,2021-06-22 09:53:44,52.5143,13.347428333333331,34.0,6.6672,84.7,0.065,0.04,18.14,18.14,14.06,0.77,1011.9,4.07,0.97,3.0,16.093,2.22615,Großer Stern,4.190803242187294,16130.255837275374,pc4,Park,2021-06-22 09:53:44,52.51428333333333,13.347191666666667,36.3,16.4828,83.5,0.065,0.04,18.14,18.14,14.06,0.77,1011.9,4.07,0.97,3.0,16.093,2.22615,Großer Stern,4.184836676050095,16111.42995428008,pc2,Park,False,False,16.109202431026247,20,2,0.0
1624348424.4852448,2021-06-22T07:53:44.485244Z,52.51428333333333,13.347191666666667,2,4,S1,1624348424.4852448,18.646201,-67.95899,-46.902425,0.00126912095,44.0,335.5,9.0,0.130211405,8,20,2021-06-22 09:53:44,52.51428333333333,13.347191666666667,36.3,16.4828,83.5,0.065,0.04,18.14,18.14,14.06,0.77,1011.9,4.07,0.97,3.0,16.093,2.22615,Großer Stern,4.184836676050095,16111.42995428008,pc2,Park,2021-06-22 09:53:44,52.5143,13.347428333333331,34.0,6.6672,84.7,0.065,0.04,18.14,18.14,14.06,0.77,1011.9,4.07,0.97,3.0,16.093,2.22615,Großer Stern,4.190803242187294,16130.255837275374,pc4,Park,False,False,16.109202431026247,20,2,0.0
1624348425.4852428,2021-06-22T07:53:45.485242Z,52.51428833333333,13.347246666666669,2,4,S1,1624348425.4852428,18.1386085,-68.91406500000001,-47.71967,0.00111764755,44.0,435.5,9.0,0.143561875,8,20,2021-06-22 09:53:45,52.51428833333333,13.347246666666669,36.3,14.0752,83.1,0.065,0.04,18.14,18.14,14.06,0.77,1011.9,4.07,0.97,3.0,16.093,2.22615,Großer Stern,4.33210380070221,16121.205396926842,pc2,Park,2021-06-22 09:53:45,52.51430166666667,13.34744,33.8,0.0,84.7,0.065,0.04,18.14,18.14,14.06,0.77,1011.9,4.07,0.97,3.0,16.093,2.22615,Großer Stern,4.282764415864976,16130.255837275374,pc4,Park,False,False,13.156076350687348,20,2,0.0
1624348425.4994574,2021-06-22T07:53:45.499457Z,52.51430166666667,13.34744,4,2,S1,1624348425.4994574,18.69398,-67.70306190476191,-46.43222380952381,0.0013279848095238,45.0,437.57142857142856,2.571428571428572,0.2011194666666667,8,21,2021-06-22 09:53:45,52.51430166666667,13.34744,33.8,0.0,84.7,0.065,0.04,18.14,18.14,14.06,0.77,1011.9,4.07,0.97,3.0,16.093,2.22615,Großer Stern,4.282764415864976,16130.255837275374,pc4,Park,2021-06-22 09:53:45,52.51428833333333,13.347246666666669,36.3,14.0752,83.1,0.065,0.04,18.14,18.14,14.06,0.77,1011.9,4.07,0.97,3.0,16.093,2.22615,Großer Stern,4.33210380070221,16121.205396926842,pc2,Park,False,False,13.156076350687348,20,2,-0.05
1624348426.485402,2021-06-22T07:53:46.485401Z,52.514293333333335,13.347295,2,4,S1,1624348426.485402,18.483745,-68.083845,-46.433405,0.0013030768499999,44.0,535.55,8.65,0.137332615,8,20,2021-06-22 09:53:46,52.514293333333335,13.347295,36.3,11.112,83.0,0.065,0.04,18.14,18.14,14.06,0.77,1011.9,4.07,0.97,3.0,16.093,2.22615,Großer Stern,4.506099705733534,16121.205396926842,pc2,Park,2021-06-22 09:53:46,52.5143,13.347441666666668,33.6,0.0,84.7,0.065,0.04,18.14,18.14,14.06,0.77,1011.9,4.07,0.97,3.0,16.093,2.22615,Großer Stern,4.085704640927334,16130.255837275374,pc4,Park,False,False,9.944728278630002,20,2,0.0
1624348426.5221624,2021-06-22T07:53:46.522162Z,52.5143,13.347441666666668,4,2,S1,1624348426.5221624,20.409605,-66.48474,-45.38117,0.001175153,45.0,539.5,6.0,0.181842285,8,20,2021-06-22 09:53:46,52.5143,13.347441666666668,33.6,0.0,84.7,0.065,0.04,18.14,18.14,14.06,0.77,1011.9,4.07,0.97,3.0,16.093,2.22615,Großer Stern,4.085704640927334,16130.255837275374,pc4,Park,2021-06-22 09:53:46,52.514293333333335,13.347295,36.3,11.112,83.0,0.065,0.04,18.14,18.14,14.06,0.77,1011.9,4.07,0.97,3.0,16.093,2.22615,Großer Stern,4.506099705733534,16121.205396926842,pc2,Park,False,False,9.944728278630002,20,2,0.0
1624348427.489918,2021-06-22T07:53:47.489917Z,52.514295,13.347331666666667,2,4,S1,1624348427.489918,19.18392,-67.47177500000001,-46.25598,0.0012751162999999,44.0,636.15,7.15,0.1763161815,8,20,2021-06-22 09:53:47,52.514295,13.347331666666667,36.2,7.2228,83.1,0.065,0.04,18.14,18.14,14.06,0.77,1011.9,4.07,0.97,3.0,16.093,2.22615,Großer Stern,4.401000887716132,16121.205396926842,pc2,Park,2021-06-22 09:53:47,52.5143,13.347446666666666,33.7,0.0,84.7,0.065,0.04,18.14,18.14,14.06,0.77,1011.9,4.07,0.97,3.0,16.093,2.22615,Großer Stern,4.046292666615166,16130.255837275374,pc4,Park,False,False,7.795737856434354,20,2,0.0
1624348427.5221586,2021-06-22T07:53:47.522158Z,52.5143,13.347446666666666,4,2,S1,1624348427.5221586,19.97869,-65.92165,-44.859065,0.0016383154,45.0,639.5,6.0,0.248127425,8,20,2021-06-22 09:53:47,52.5143,13.347446666666666,33.7,0.0,84.7,0.065,0.04,18.14,18.14,14.06,0.77,1011.9,4.07,0.97,3.0,16.093,2.22615,Großer Stern,4.046292666615166,16130.255837275374,pc4,Park,2021-06-22 09:53:47,52.514295,13.347331666666667,36.2,7.2228,83.1,0.065,0.04,18.14,18.14,14.06,0.77,1011.9,4.07,0.97,3.0,16.093,2.22615,Großer Stern,4.401000887716132,16121.205396926842,pc2,Park,False,False,7.795737856434354,20,2,0.0
1624348428.4922647,2021-06-22T07:53:48.492264Z,52.514298333333336,13.347353333333333,2,4,S1,1624348428.4922647,19.23335,-68.19822,-47.11197,0.00101999805,44.0,736.5,6.0,0.124552835,8,20,2021-06-22 09:53:48,52.514298333333336,13.347353333333333,36.2,4.4448,83.1,0.065,0.04,18.14,18.14,14.06,0.77,1011.9,4.07,0.97,3.0,16.093,2.22615,Großer Stern,4.59806050911406,16130.255837275374,pc2,Park,2021-06-22 09:53:48,52.5143,13.347453333333334,33.7,0.0,84.7,0.065,0.04,18.14,18.14,14.06,0.77,1011.9,4.07,0.97,3.0,16.093,2.22615,Großer Stern,3.9937433685059647,16130.255837275374,pc4,Park,False,False,6.764289803278714,20,2,0.0
1624348428.51918,2021-06-22T07:53:48.519180Z,52.5143,13.347453333333334,4,2,S1,1624348428.51918,19.115605,-67.63967,-46.40869,0.00124027455,45.0,739.5,3.0,0.1679693025,8,20,2021-06-22 09:53:48,52.5143,13.347453333333334,33.7,0.0,84.7,0.065,0.04,18.14,18.14,14.06,0.77,1011.9,4.07,0.97,3.0,16.093,2.22615,Großer Stern,3.9937433685059647,16130.255837275374,pc4,Park,2021-06-22 09:53:48,52.514298333333336,13.347353333333333,36.2,4.4448,83.1,0.065,0.04,18.14,18.14,14.06,0.77,1011.9,4.07,0.97,3.0,16.093,2.22615,Großer Stern,4.59806050911406,16130.255837275374,pc2,Park,False,False,6.764289803278714,20,2,0.0
1624348429.4928658,2021-06-22T07:53:49.492865Z,52.5143,13.347363333333334,2,4,S1,1624348429.4928658,20.57416,-64.576325,-43.53923,0.00204524765,44.0,836.65,5.1,0.347804155,8,20,2021-06-22 09:53:49,52.5143,13.347363333333334,36.2,0.0,83.1,0.065,0.04,18.14,18.14,14.06,0.77,1011.9,4.07,0.97,3.0,16.093,2.22615,Großer Stern,4.703158987673889,16130.255837275374,pc2,Park,2021-06-22 09:53:49,52.51430166666667,13.347456666666666,33.9,0.0,84.7,0.065,0.04,18.14,18.14,14.06,0.77,1011.9,4.07,0.97,3.0,16.093,2.22615,Großer Stern,4.151391169985528,16130.255837275374,pc4,Park,False,False,6.313683306747381,20,2,0.0
1624348429.5161924,2021-06-22T07:53:49.516192Z,52.51430166666667,13.347456666666666,4,2,S1,1624348429.5161924,22.138525,-62.744205,-41.74148,0.0022198261,45.0,839.5,0.0,0.47130455,8,20,2021-06-22 09:53:49,52.51430166666667,13.347456666666666,33.9,0.0,84.7,0.065,0.04,18.14,18.14,14.06,0.77,1011.9,4.07,0.97,3.0,16.093,2.22615,Großer Stern,4.151391169985528,16130.255837275374,pc4,Park,2021-06-22 09:53:49,52.5143,13.347363333333334,36.2,0.0,83.1,0.065,0.04,18.14,18.14,14.06,0.77,1011.9,4.07,0.97,3.0,16.093,2.22615,Großer Stern,4.703158987673889,16130.255837275374,pc2,Park,False,False,6.313683306747381,20,2,0.0
1624348430.5056324,2021-06-22T07:53:50.505632Z,52.5143,13.347365,2,4,S1,1624348430.5056324,20.23071,-66.89797,-45.840785,0.0011710813,44.0,938.05,3.85,0.138602475,8,20,2021-06-22 09:53:50,52.5143,13.347365,36.1,0.0,83.1,0.065,0.04,18.14,18.14,14.06,0.77,1011.9,4.07,0.97,3.0,16.093,2.22615,Großer Stern,4.69002165953746,16130.255837275374,pc2,Park,2021-06-22 09:53:50,52.51430166666667,13.34746,33.9,0.0,84.7,0.065,0.04,18.14,18.14,14.06,0.77,1011.9,4.07,0.97,3.0,16.093,2.22615,Großer Stern,4.12511652164663,16130.255837275374,pc4,Park,False,False,6.426332475694646,20,2,0.0
1624348430.5161877,2021-06-22T07:53:50.516187Z,52.51430166666667,13.34746,4,2,S1,1624348430.5161877,21.594625,-63.528365,-42.52026,0.00187349025,45.0,939.5,0.0,0.2890574,8,20,2021-06-22 09:53:50,52.51430166666667,13.34746,33.9,0.0,84.7,0.065,0.04,18.14,18.14,14.06,0.77,1011.9,4.07,0.97,3.0,16.093,2.22615,Großer Stern,4.12511652164663,16130.255837275374,pc4,Park,2021-06-22 09:53:50,52.5143,13.347365,36.1,0.0,83.1,0.065,0.04,18.14,18.14,14.06,0.77,1011.9,4.07,0.97,3.0,16.093,2.22615,Großer Stern,4.69002165953746,16130.255837275374,pc2,Park,False,False,6.426332475694646,20,2,0.0
1624348431.4949868,2021-06-22T07:53:51.494986Z,52.514298333333336,13.347361666666666,2,4,S1,1624348431.4949868,20.167584210526314,-66.74764210526317,-45.76086315789474,0.0011888276842105,44.0,389.89473684210526,7.421052631578948,0.1373287578947368,8,19,2021-06-22 09:53:51,52.514298333333336,13.347361666666666,36.1,0.0,83.1,0.065,0.04,18.14,18.14,14.06,0.77,1011.9,4.07,0.97,3.0,16.093,2.22615,Großer Stern,4.532373866965737,16130.255837275374,pc2,Park,2021-06-22 09:53:51,52.51430166666667,13.347461666666666,34.0,0.0,84.7,0.065,0.04,18.14,18.14,14.06,0.77,1011.9,4.07,0.97,3.0,16.093,2.22615,Großer Stern,4.111979197589506,16130.255837275374,pc4,Park,False,False,6.771835597237787,20,2,0.05
1624348431.5178416,2021-06-22T07:53:51.517841Z,52.51430166666667,13.347461666666666,4,2,S1,1624348431.5178416,21.80538,-64.364905,-43.3962,0.00145995105,45.0,373.9,1.65,0.2319494,8,20,2021-06-22 09:53:51,52.51430166666667,13.347461666666666,34.0,0.0,84.7,0.065,0.04,18.14,18.14,14.06,0.77,1011.9,4.07,0.97,3.0,16.093,2.22615,Großer Stern,4.111979197589506,16130.255837275374,pc4,Park,2021-06-22 09:53:51,52.514298333333336,13.347361666666666,36.1,0.0,83.1,0.065,0.04,18.14,18.14,14.06,0.77,1011.9,4.07,0.97,3.0,16.093,2.22615,Großer Stern,4.532373866965737,16130.255837275374,pc2,Park,False,False,6.771835597237787,20,2,0.0
1624348432.4952662,2021-06-22T07:53:52.495266Z,52.514298333333336,13.347356666666666,2,4,S1,1624348432.4952662,18.4439,-68.60212,-47.487945,0.0011749375,44.0,112.5,9.0,0.089555465,8,20,2021-06-22 09:53:52,52.514298333333336,13.347356666666666,36.0,0.0,83.1,0.065,0.04,18.14,18.14,14.06,0.77,1011.9,4.07,0.97,3.0,16.093,2.22615,Großer Stern,4.571785852041282,16130.255837275374,pc2,Park,2021-06-22 09:53:52,52.51430166666667,13.347461666666666,34.0,0.0,84.7,0.065,0.04,18.14,18.14,14.06,0.77,1011.9,4.07,0.97,3.0,16.093,2.22615,Großer Stern,4.111979197589506,16130.255837275374,pc4,Park,False,False,7.109444056159074,20,2,0.0
1624348432.5191922,2021-06-22T07:53:52.519192Z,52.51430166666667,13.347461666666666,4,2,S1,1624348432.5191922,19.765790000000003,-66.09733,-44.96988,0.0016423872,45.0,115.5,3.0,0.1701830999999999,8,20,2021-06-22 09:53:52,52.51430166666667,13.347461666666666,34.0,0.0,84.7,0.065,0.04,18.14,18.14,14.06,0.77,1011.9,4.07,0.97,3.0,16.093,2.22615,Großer Stern,4.111979197589506,16130.255837275374,pc4,Park,2021-06-22 09:53:52,52.514298333333336,13.347356666666666,36.0,0.0,83.1,0.065,0.04,18.14,18.14,14.06,0.77,1011.9,4.07,0.97,3.0,16.093,2.22615,Großer Stern,4.571785852041282,16130.255837275374,pc2,Park,False,False,7.109444056159074,20,2,0.0
1624348433.4956565,2021-06-22T07:53:53.495656Z,52.514298333333336,13.347356666666666,2,4,S1,1624348433.4956565,19.340805,-68.4832,-47.346545,0.0009198253,44.0,212.7,7.4,0.10134884,8,20,2021-06-22 09:53:53,52.514298333333336,13.347356666666666,36.0,0.0,83.1,0.065,0.04,18.14,18.14,14.06,0.77,1011.9,4.07,0.97,3.0,16.093,2.22615,Großer Stern,4.571785852041282,16130.255837275374,pc2,Park,2021-06-22 09:53:53,52.51430166666667,13.347461666666666,34.0,0.0,84.7,0.065,0.04,18.14,18.14,14.06,0.77,1011.9,4.07,0.97,3.0,16.093,2.22615,Großer Stern,4.111979197589506,16130.255837275374,pc4,Park,False,False,7.109444056159074,20,2,0.0
1624348433.5191753,2021-06-22T07:53:53.519175Z,52.51430166666667,13.347461666666666,4,2,S1,1624348433.5191753,20.83304,-65.131805,-44.12471,0.001558342,45.0,215.5,3.0,0.20992541,8,20,2021-06-22 09:53:53,52.51430166666667,13.347461666666666,34.0,0.0,84.7,0.065,0.04,18.14,18.14,14.06,0.77,1011.9,4.07,0.97,3.0,16.093,2.22615,Großer Stern,4.111979197589506,16130.255837275374,pc4,Park,2021-06-22 09:53:53,52.514298333333336,13.347356666666666,36.0,0.0,83.1,0.065,0.04,18.14,18.14,14.06,0.77,1011.9,4.07,0.97,3.0,16.093,2.22615,Großer Stern,4.571785852041282,16130.255837275374,pc2,Park,False,False,7.109444056159074,20,2,0.0
1624348434.497252,2021-06-22T07:53:54.497251Z,52.514298333333336,13.347356666666666,2,4,S1,1624348434.497252,17.128915,-70.73688999999999,-49.509925,0.0009458471499999,44.0,313.5,1.0,0.0658126404999999,8,20,2021-06-22 09:53:54,52.514298333333336,13.347356666666666,36.0,0.0,83.1,0.065,0.04,18.14,18.14,14.06,0.77,1011.9,4.07,0.97,3.0,16.093,2.22615,Großer Stern,4.571785852041282,16130.255837275374,pc2,Park,2021-06-22 09:53:54,52.51430166666667,13.347461666666666,34.0,0.0,84.7,0.065,0.04,18.14,18.14,14.06,0.77,1011.9,4.07,0.97,3.0,16.093,2.22615,Großer Stern,4.111979197589506,16130.255837275374,pc4,Park,False,False,7.109444056159074,20,2,0.0
1624348434.4978294,2021-06-22T07:53:54.497829Z,52.51430166666667,13.347461666666666,4,2,S1,1624348434.4978294,18.50574736842105,-68.09575263157895,-47.03523684210526,0.0013098201052631,45.0,313.3157894736842,3.473684210526316,0.1017053210526315,8,19,2021-06-22 09:53:54,52.51430166666667,13.347461666666666,34.0,0.0,84.7,0.065,0.04,18.14,18.14,14.06,0.77,1011.9,4.07,0.97,3.0,16.093,2.22615,Großer Stern,4.111979197589506,16130.255837275374,pc4,Park,2021-06-22 09:53:54,52.514298333333336,13.347356666666666,36.0,0.0,83.1,0.065,0.04,18.14,18.14,14.06,0.77,1011.9,4.07,0.97,3.0,16.093,2.22615,Großer Stern,4.571785852041282,16130.255837275374,pc2,Park,False,False,7.109444056159074,20,2,0.05
1624348435.4921649,2021-06-22T07:53:55.492164Z,52.51430166666667,13.347461666666666,4,2,S1,1624348435.4921649,21.580755,-64.26413,-43.322055,0.0015796073,45.0,412.5,6.0,0.27223679,8,20,2021-06-22 09:53:55,52.51430166666667,13.347461666666666,34.0,0.0,84.7,0.065,0.04,18.14,18.14,14.06,0.77,1011.9,4.07,0.97,3.0,16.093,2.22615,Großer Stern,4.111979197589506,16130.255837275374,pc4,Park,2021-06-22 09:53:55,52.514298333333336,13.347356666666666,36.0,0.0,83.1,0.065,0.04,18.14,18.14,14.06,0.77,1011.9,4.07,0.97,3.0,16.093,2.22615,Großer Stern,4.571785852041282,16130.255837275374,pc2,Park,False,False,7.109444056159074,20,2,0.0
1624348435.5048175,2021-06-22T07:53:55.504817Z,52.514298333333336,13.347356666666666,2,4,S1,1624348435.5048175,19.0304395,-67.76183999999999,-43.15059,0.0012152774,44.0,414.15,2.05,0.1488504675,8,20,2021-06-22 09:53:55,52.514298333333336,13.347356666666666,36.0,0.0,83.1,0.065,0.04,18.14,18.14,14.06,0.77,1011.9,4.07,0.97,3.0,16.093,2.22615,Großer Stern,4.571785852041282,16130.255837275374,pc2,Park,2021-06-22 09:53:55,52.51430166666667,13.347461666666666,34.0,0.0,84.7,0.065,0.04,18.14,18.14,14.06,0.77,1011.9,4.07,0.97,3.0,16.093,2.22615,Großer Stern,4.111979197589506,16130.255837275374,pc4,Park,False,False,7.109444056159074,20,2,0.0
1624348436.4823267,2021-06-22T07:53:56.482326Z,52.51430166666667,13.347461666666666,4,2,S1,1624348436.4823267,16.02628,-70.71078,-47.63492,0.00119839335,45.0,511.9,2.1,0.0721603899999999,8,20,2021-06-22 09:53:56,52.51430166666667,13.347461666666666,34.0,0.0,84.7,0.065,0.04,18.14,18.14,14.06,0.77,1011.9,4.07,0.97,3.0,16.093,2.22615,Großer Stern,4.111979197589506,16130.255837275374,pc4,Park,2021-06-22 09:53:56,52.514298333333336,13.347356666666666,36.0,0.0,83.1,0.065,0.04,18.14,18.14,14.06,0.77,1011.9,4.07,0.97,3.0,16.093,2.22615,Großer Stern,4.571785852041282,16130.255837275374,pc2,Park,False,False,7.109444056159074,20,2,0.0
1624348436.5288436,2021-06-22T07:53:56.528843Z,52.514298333333336,13.347356666666666,2,4,S1,1624348436.5288436,15.58762,-72.27713684210526,-50.98404736842105,0.0009390859473684,44.0,516.3684210526316,3.8947368421052633,0.0434752326315789,8,19,2021-06-22 09:53:56,52.514298333333336,13.347356666666666,36.0,0.0,83.1,0.065,0.04,18.14,18.14,14.06,0.77,1011.9,4.07,0.97,3.0,16.093,2.22615,Großer Stern,4.571785852041282,16130.255837275374,pc2,Park,2021-06-22 09:53:56,52.51430166666667,13.347461666666666,34.0,0.0,84.7,0.065,0.04,18.14,18.14,14.06,0.77,1011.9,4.07,0.97,3.0,16.093,2.22615,Großer Stern,4.111979197589506,16130.255837275374,pc4,Park,False,False,7.109444056159074,20,2,0.05
1624348437.4807022,2021-06-22T07:53:57.480702Z,52.51430166666667,13.347461666666666,4,2,S1,1624348437.4807022,20.0957585,-65.51559499999999,-40.193085,0.0016524758,45.0,611.8,1.5,0.211922755,8,20,2021-06-22 09:53:57,52.51430166666667,13.347461666666666,34.0,0.0,84.7,0.065,0.04,18.14,18.14,14.06,0.77,1011.9,4.07,0.97,3.0,16.093,2.22615,Großer Stern,4.111979197589506,16130.255837275374,pc4,Park,2021-06-22 09:53:57,52.514298333333336,13.347356666666666,36.0,0.0,83.1,0.065,0.04,18.14,18.14,14.06,0.77,1011.9,4.07,0.97,3.0,16.093,2.22615,Großer Stern,4.571785852041282,16130.255837275374,pc2,Park,False,False,7.109444056159074,20,2,0.0
1624348437.5112736,2021-06-22T07:53:57.511273Z,52.514298333333336,13.347356666666666,2,4,S1,1624348437.5112736,18.578275,-68.825485,-47.71057,0.00103848795,44.0,614.5,5.0,0.09300203,8,20,2021-06-22 09:53:57,52.514298333333336,13.347356666666666,36.0,0.0,83.1,0.065,0.04,18.14,18.14,14.06,0.77,1011.9,4.07,0.97,3.0,16.093,2.22615,Großer Stern,4.571785852041282,16130.255837275374,pc2,Park,2021-06-22 09:53:57,52.51430166666667,13.347461666666666,34.0,0.0,84.7,0.065,0.04,18.14,18.14,14.06,0.77,1011.9,4.07,0.97,3.0,16.093,2.22615,Großer Stern,4.111979197589506,16130.255837275374,pc4,Park,False,False,7.109444056159074,20,2,0.0
1624348438.4996283,2021-06-22T07:53:58.499628Z,52.51430166666667,13.347461666666666,4,2,S1,1624348438.4996283,19.20314,-66.1022052631579,-41.91954736842106,0.0053432452631578,45.0,713.6315789473684,2.1052631578947367,0.1686214736842105,8,19,2021-06-22 09:53:58,52.51430166666667,13.347461666666666,34.0,0.0,84.7,0.065,0.04,18.14,18.14,14.06,0.77,1011.9,4.07,0.97,3.0,16.093,2.22615,Großer Stern,4.111979197589506,16130.255837275374,pc4,Park,2021-06-22 09:53:58,52.514298333333336,13.347356666666666,36.0,0.0,83.1,0.065,0.04,18.14,18.14,14.06,0.77,1011.9,4.07,0.97,3.0,16.093,2.22615,Großer Stern,4.571785852041282,16130.255837275374,pc2,Park,False,False,7.109444056159074,20,2,0.05
1624348438.5112877,2021-06-22T07:53:58.511287Z,52.514298333333336,13.347356666666666,2,4,S1,1624348438.5112877,17.654305,-70.28367,-49.007605,0.00090065175,44.0,714.5,5.0,0.0653592799999999,8,20,2021-06-22 09:53:58,52.514298333333336,13.347356666666666,36.0,0.0,83.1,0.065,0.04,18.14,18.14,14.06,0.77,1011.9,4.07,0.97,3.0,16.093,2.22615,Großer Stern,4.571785852041282,16130.255837275374,pc2,Park,2021-06-22 09:53:58,52.51430166666667,13.347461666666666,34.0,0.0,84.7,0.065,0.04,18.14,18.14,14.06,0.77,1011.9,4.07,0.97,3.0,16.093,2.22615,Großer Stern,4.111979197589506,16130.255837275374,pc4,Park,False,False,7.109444056159074,20,2,0.0
1624348439.4947636,2021-06-22T07:53:59.494763Z,52.51430166666667,13.347461666666666,4,2,S1,1624348439.4947636,19.94540476190476,-66.68754285714286,-43.54992857142857,0.0012466611904761,45.0,813.2857142857143,0.7142857142857143,0.1481969,8,21,2021-06-22 09:53:59,52.51430166666667,13.347461666666666,34.0,0.0,84.7,0.065,0.04,18.14,18.14,14.06,0.77,1011.9,4.07,0.97,3.0,16.093,2.22615,Großer Stern,4.111979197589506,16130.255837275374,pc4,Park,2021-06-22 09:53:59,52.514298333333336,13.347356666666666,36.0,0.0,83.1,0.065,0.04,18.14,18.14,14.06,0.77,1011.9,4.07,0.97,3.0,16.093,2.22615,Großer Stern,4.571785852041282,16130.255837275374,pc2,Park,False,False,7.109444056159074,20,2,-0.05
1624348439.5159423,2021-06-22T07:53:59.515942Z,52.514298333333336,13.347356666666666,2,4,S1,1624348439.5159423,18.04243157894737,-69.22451578947368,-48.058063157894736,0.0010699936842105,44.0,815.1578947368421,3.1052631578947367,0.0795263105263158,8,19,2021-06-22 09:53:59,52.514298333333336,13.347356666666666,36.0,0.0,83.1,0.065,0.04,18.14,18.14,14.06,0.77,1011.9,4.07,0.97,3.0,16.093,2.22615,Großer Stern,4.571785852041282,16130.255837275374,pc2,Park,2021-06-22 09:53:59,52.51430166666667,13.347461666666666,34.0,0.0,84.7,0.065,0.04,18.14,18.14,14.06,0.77,1011.9,4.07,0.97,3.0,16.093,2.22615,Großer Stern,4.111979197589506,16130.255837275374,pc4,Park,False,False,7.109444056159074,20,2,0.05
1624348440.50525,2021-06-22T07:54:00.505249Z,52.514298333333336,13.347356666666666,2,4,S1,1624348440.50525,20.261195,-65.637935,-44.548395,0.0015420079499999,44.0,913.75,6.5,0.201828435,8,20,2021-06-22 09:54:00,52.514298333333336,13.347356666666666,36.0,0.0,83.1,0.065,0.04,18.14,18.14,14.06,0.77,1011.9,4.07,0.97,3.0,16.093,2.22615,Großer Stern,4.571785852041282,16130.255837275374,pc2,Park,2021-06-22 09:54:00,52.51430166666667,13.347461666666666,34.0,0.0,84.7,0.065,0.04,18.14,18.14,14.06,0.77,1011.9,4.07,0.97,3.0,16.093,2.22615,Großer Stern,4.111979197589506,16130.255837275374,pc4,Park,False,False,7.109444056159074,20,2,0.0
1624348440.516739,2021-06-22T07:54:00.516738Z,52.51430166666667,13.347461666666666,4,2,S1,1624348440.516739,22.912495,-62.42868,-41.509640000000005,0.0019428387,45.0,915.5,0.55,0.393199875,8,20,2021-06-22 09:54:00,52.51430166666667,13.347461666666666,34.0,0.0,84.7,0.065,0.04,18.14,18.14,14.06,0.77,1011.9,4.07,0.97,3.0,16.093,2.22615,Großer Stern,4.111979197589506,16130.255837275374,pc4,Park,2021-06-22 09:54:00,52.514298333333336,13.347356666666666,36.0,0.0,83.1,0.065,0.04,18.14,18.14,14.06,0.77,1011.9,4.07,0.97,3.0,16.093,2.22615,Großer Stern,4.571785852041282,16130.255837275374,pc2,Park,False,False,7.109444056159074,20,2,0.0
1624348441.5042477,2021-06-22T07:54:01.504247Z,52.514298333333336,13.347356666666666,2,4,S1,1624348441.5042477,22.04526,-63.907025,-43.04579,0.001466047,44.0,603.9,8.0,0.2550748,8,20,2021-06-22 09:54:01,52.514298333333336,13.347356666666666,36.0,0.0,83.1,0.065,0.04,18.14,18.14,14.06,0.77,1011.9,4.07,0.97,3.0,16.093,2.22615,Großer Stern,4.571785852041282,16130.255837275374,pc2,Park,2021-06-22 09:54:01,52.51430166666667,13.347461666666666,34.1,0.0,84.7,0.065,0.04,18.14,18.14,14.06,0.77,1011.9,4.07,0.97,3.0,16.093,2.22615,Großer Stern,4.111979197589506,16130.255837275374,pc4,Park,False,False,7.109444056159074,20,2,0.0
1624348441.5234137,2021-06-22T07:54:01.523413Z,52.51430166666667,13.347461666666666,4,2,S1,1624348441.5234137,23.18082857142857,-61.575947619047625,-38.48396190476191,0.0019767457142857,45.0,577.0952380952381,2.6666666666666665,0.4621991904761904,8,21,2021-06-22 09:54:01,52.51430166666667,13.347461666666666,34.1,0.0,84.7,0.065,0.04,18.14,18.14,14.06,0.77,1011.9,4.07,0.97,3.0,16.093,2.22615,Großer Stern,4.111979197589506,16130.255837275374,pc4,Park,2021-06-22 09:54:01,52.514298333333336,13.347356666666666,36.0,0.0,83.1,0.065,0.04,18.14,18.14,14.06,0.77,1011.9,4.07,0.97,3.0,16.093,2.22615,Großer Stern,4.571785852041282,16130.255837275374,pc2,Park,False,False,7.109444056159074,20,2,-0.05
1624348442.5151095,2021-06-22T07:54:02.515109Z,52.514298333333336,13.347356666666666,2,4,S1,1624348442.5151095,20.2666105,-64.951535,-41.701145,0.00519197275,44.0,90.75,6.35,0.20225076,8,20,2021-06-22 09:54:02,52.514298333333336,13.347356666666666,36.0,0.0,83.1,0.065,0.04,18.14,18.14,14.06,0.77,1011.9,4.07,0.97,3.0,16.093,2.22615,Großer Stern,4.571785852041282,16130.255837275374,pc2,Park,2021-06-22 09:54:02,52.51430166666667,13.347461666666666,34.1,0.0,84.7,0.065,0.04,18.14,18.14,14.06,0.77,1011.9,4.07,0.97,3.0,16.093,2.22615,Großer Stern,4.111979197589506,16130.255837275374,pc4,Park,False,False,7.109444056159074,20,2,0.0
1624348442.5213912,2021-06-22T07:54:02.521391Z,52.51430166666667,13.347461666666666,4,2,S1,1624348442.5213912,22.607025,-62.23598,-40.399585,0.002032413,45.0,91.7,3.2,0.411012885,8,20,2021-06-22 09:54:02,52.51430166666667,13.347461666666666,34.1,0.0,84.7,0.065,0.04,18.14,18.14,14.06,0.77,1011.9,4.07,0.97,3.0,16.093,2.22615,Großer Stern,4.111979197589506,16130.255837275374,pc4,Park,2021-06-22 09:54:02,52.514298333333336,13.347356666666666,36.0,0.0,83.1,0.065,0.04,18.14,18.14,14.06,0.77,1011.9,4.07,0.97,3.0,16.093,2.22615,Großer Stern,4.571785852041282,16130.255837275374,pc2,Park,False,False,7.109444056159074,20,2,0.0
1624348443.488979,2021-06-22T07:54:03.488979Z,52.514298333333336,13.347356666666666,2,4,S1,1624348443.488979,16.49962058823529,-68.66658823529413,-39.170635294117645,0.0065580472352941,44.0,188.23529411764707,5.352941176470588,0.1101253729411764,8,17,2021-06-22 09:54:03,52.514298333333336,13.347356666666666,36.0,0.0,83.1,0.065,0.04,18.14,18.14,14.06,0.77,1011.9,4.07,0.97,3.0,16.093,2.22615,Großer Stern,4.571785852041282,16130.255837275374,pc2,Park,2021-06-22 09:54:03,52.51430166666667,13.347461666666666,34.1,0.0,84.7,0.065,0.04,18.14,18.14,14.06,0.77,1011.9,4.07,0.97,3.0,16.093,2.22615,Großer Stern,4.111979197589506,16130.255837275374,pc4,Park,False,False,7.109444056159074,20,2,0.15
1624348443.5201817,2021-06-22T07:54:03.520181Z,52.51430166666667,13.347461666666666,4,2,S1,1624348443.5201817,21.121065,-64.931335,-43.930145,0.00150370445,45.0,191.5,4.0,0.22026032,8,20,2021-06-22 09:54:03,52.51430166666667,13.347461666666666,34.1,0.0,84.7,0.065,0.04,18.14,18.14,14.06,0.77,1011.9,4.07,0.97,3.0,16.093,2.22615,Großer Stern,4.111979197589506,16130.255837275374,pc4,Park,2021-06-22 09:54:03,52.514298333333336,13.347356666666666,36.0,0.0,83.1,0.065,0.04,18.14,18.14,14.06,0.77,1011.9,4.07,0.97,3.0,16.093,2.22615,Großer Stern,4.571785852041282,16130.255837275374,pc2,Park,False,False,7.109444056159074,20,2,0.0
1624348444.4981067,2021-06-22T07:54:04.498106Z,52.514298333333336,13.347356666666666,2,4,S1,1624348444.4981067,18.76535105263158,-67.63312105263158,-44.36487894736842,0.0020325554736842,44.0,289.05263157894734,6.315789473684211,0.1105424368421052,8,19,2021-06-22 09:54:04,52.514298333333336,13.347356666666666,36.0,0.0,83.1,0.065,0.04,18.14,18.14,14.06,0.77,1011.9,4.07,0.97,3.0,16.093,2.22615,Großer Stern,4.571785852041282,16130.255837275374,pc2,Park,2021-06-22 09:54:04,52.51430166666667,13.347461666666666,34.0,0.0,84.7,0.065,0.04,18.14,18.14,14.06,0.77,1011.9,4.07,0.97,3.0,16.093,2.22615,Großer Stern,4.111979197589506,16130.255837275374,pc4,Park,False,False,7.109444056159074,20,2,0.05
1624348444.5097077,2021-06-22T07:54:04.509707Z,52.51430166666667,13.347461666666666,4,2,S1,1624348444.5097077,20.672331578947368,-64.85641578947369,-43.88973684210527,0.0017474862105263,45.0,290.2631578947368,5.894736842105263,0.2105586684210526,8,19,2021-06-22 09:54:04,52.51430166666667,13.347461666666666,34.0,0.0,84.7,0.065,0.04,18.14,18.14,14.06,0.77,1011.9,4.07,0.97,3.0,16.093,2.22615,Großer Stern,4.111979197589506,16130.255837275374,pc4,Park,2021-06-22 09:54:04,52.514298333333336,13.347356666666666,36.0,0.0,83.1,0.065,0.04,18.14,18.14,14.06,0.77,1011.9,4.07,0.97,3.0,16.093,2.22615,Großer Stern,4.571785852041282,16130.255837275374,pc2,Park,False,False,7.109444056159074,20,2,0.05
1624348445.4990106,2021-06-22T07:54:05.499010Z,52.514298333333336,13.347356666666666,2,4,S1,1624348445.4990106,14.8618835,-70.1112,-47.70793,0.00636907745,44.0,389.0,7.75,0.078391963,8,20,2021-06-22 09:54:05,52.514298333333336,13.347356666666666,36.0,0.0,83.1,0.065,0.04,18.14,18.14,14.06,0.77,1011.9,4.07,0.97,3.0,16.093,2.22615,Großer Stern,4.571785852041282,16130.255837275374,pc2,Park,2021-06-22 09:54:05,52.51430166666667,13.347461666666666,34.0,0.0,84.7,0.065,0.04,18.14,18.14,14.06,0.77,1011.9,4.07,0.97,3.0,16.093,2.22615,Großer Stern,4.111979197589506,16130.255837275374,pc4,Park,False,False,7.109444056159074,20,2,0.0
1624348445.509524,2021-06-22T07:54:05.509524Z,52.51430166666667,13.347461666666666,4,2,S1,1624348445.509524,19.02270476190476,-67.68766190476191,-46.57964285714286,0.0012182814285714,45.0,390.3333333333333,5.0,0.1241155238095238,8,21,2021-06-22 09:54:05,52.51430166666667,13.347461666666666,34.0,0.0,84.7,0.065,0.04,18.14,18.14,14.06,0.77,1011.9,4.07,0.97,3.0,16.093,2.22615,Großer Stern,4.111979197589506,16130.255837275374,pc4,Park,2021-06-22 09:54:05,52.514298333333336,13.347356666666666,36.0,0.0,83.1,0.065,0.04,18.14,18.14,14.06,0.77,1011.9,4.07,0.97,3.0,16.093,2.22615,Großer Stern,4.571785852041282,16130.255837275374,pc2,Park,False,False,7.109444056159074,20,2,-0.05
1624348446.5102496,2021-06-22T07:54:06.510249Z,52.514298333333336,13.347355,2,4,S1,1624348446.5102496,20.05294,-66.578355,-45.60358,0.00127863565,44.0,490.5,4.0,0.161898855,8,20,2021-06-22 09:54:06,52.514298333333336,13.347355,36.0,0.0,83.1,0.065,0.04,18.14,18.14,14.06,0.77,1011.9,4.07,0.97,3.0,16.093,2.22615,Großer Stern,4.5849231805355615,16130.255837275374,pc2,Park,2021-06-22 09:54:06,52.51430166666667,13.347461666666666,34.0,0.0,84.7,0.065,0.04,18.14,18.14,14.06,0.77,1011.9,4.07,0.97,3.0,16.093,2.22615,Großer Stern,4.111979197589506,16130.255837275374,pc4,Park,False,False,7.22199023046061,20,2,0.0
1624348446.516655,2021-06-22T07:54:06.516654Z,52.51430166666667,13.347461666666666,4,2,S1,1624348446.516655,21.34819,-64.44984500000001,-43.474605,0.0015611837499999,45.0,491.5,0.45,0.26489427,8,20,2021-06-22 09:54:06,52.51430166666667,13.347461666666666,34.0,0.0,84.7,0.065,0.04,18.14,18.14,14.06,0.77,1011.9,4.07,0.97,3.0,16.093,2.22615,Großer Stern,4.111979197589506,16130.255837275374,pc4,Park,2021-06-22 09:54:06,52.514298333333336,13.347355,36.0,0.0,83.1,0.065,0.04,18.14,18.14,14.06,0.77,1011.9,4.07,0.97,3.0,16.093,2.22615,Großer Stern,4.5849231805355615,16130.255837275374,pc2,Park,False,False,7.22199023046061,20,2,0.0
1624348447.4960065,2021-06-22T07:54:07.496006Z,52.514298333333336,13.347355,2,4,S1,1624348447.4960065,21.78334,-64.498265,-43.633905,0.0013302461999999,44.0,588.6,8.75,0.21738455,8,20,2021-06-22 09:54:07,52.514298333333336,13.347355,36.0,0.0,83.1,0.065,0.04,18.14,18.14,14.06,0.77,1011.9,4.07,0.97,3.0,16.093,2.22615,Großer Stern,4.5849231805355615,16130.255837275374,pc2,Park,2021-06-22 09:54:07,52.51430166666667,13.347461666666666,34.0,0.0,84.7,0.065,0.04,18.14,18.14,14.06,0.77,1011.9,4.07,0.97,3.0,16.093,2.22615,Großer Stern,4.111979197589506,16130.255837275374,pc4,Park,False,False,7.22199023046061,20,2,0.0
1624348447.516236,2021-06-22T07:54:07.516236Z,52.51430166666667,13.347461666666666,4,2,S1,1624348447.516236,22.83244,-62.46797,-41.576245,0.0018114709999999,45.0,591.5,0.0,0.3502139999999999,8,20,2021-06-22 09:54:07,52.51430166666667,13.347461666666666,34.0,0.0,84.7,0.065,0.04,18.14,18.14,14.06,0.77,1011.9,4.07,0.97,3.0,16.093,2.22615,Großer Stern,4.111979197589506,16130.255837275374,pc4,Park,2021-06-22 09:54:07,52.514298333333336,13.347355,36.0,0.0,83.1,0.065,0.04,18.14,18.14,14.06,0.77,1011.9,4.07,0.97,3.0,16.093,2.22615,Großer Stern,4.5849231805355615,16130.255837275374,pc2,Park,False,False,7.22199023046061,20,2,0.0
1624348448.4952414,2021-06-22T07:54:08.495241Z,52.514298333333336,13.347355,2,4,S1,1624348448.4952414,20.99137,-64.990625,-43.974865,0.0014461772,44.0,688.5,9.0,0.23032363,8,20,2021-06-22 09:54:08,52.514298333333336,13.347355,36.0,0.0,83.1,0.065,0.04,18.14,18.14,14.06,0.77,1011.9,4.07,0.97,3.0,16.093,2.22615,Großer Stern,4.5849231805355615,16130.255837275374,pc2,Park,2021-06-22 09:54:08,52.51430166666667,13.347461666666666,34.0,0.0,84.7,0.065,0.04,18.14,18.14,14.06,0.77,1011.9,4.07,0.97,3.0,16.093,2.22615,Großer Stern,4.111979197589506,16130.255837275374,pc4,Park,False,False,7.22199023046061,20,2,0.0
1624348448.5203977,2021-06-22T07:54:08.520397Z,52.51430166666667,13.347461666666666,4,2,S1,1624348448.5203977,22.49767,-62.97382,-42.07375,0.0018710242,45.0,691.5,4.2,0.34592282,8,20,2021-06-22 09:54:08,52.51430166666667,13.347461666666666,34.0,0.0,84.7,0.065,0.04,18.14,18.14,14.06,0.77,1011.9,4.07,0.97,3.0,16.093,2.22615,Großer Stern,4.111979197589506,16130.255837275374,pc4,Park,2021-06-22 09:54:08,52.514298333333336,13.347355,36.0,0.0,83.1,0.065,0.04,18.14,18.14,14.06,0.77,1011.9,4.07,0.97,3.0,16.093,2.22615,Großer Stern,4.5849231805355615,16130.255837275374,pc2,Park,False,False,7.22199023046061,20,2,0.0
1624348449.4955132,2021-06-22T07:54:09.495513Z,52.514298333333336,13.347355,2,4,S1,1624348449.4955132,17.850325,-69.38076,-48.247855,0.0011386785,44.0,788.55,8.75,0.076738185,8,20,2021-06-22 09:54:09,52.514298333333336,13.347355,36.0,0.0,83.1,0.065,0.04,18.14,18.14,14.06,0.77,1011.9,4.07,0.97,3.0,16.093,2.22615,Großer Stern,4.5849231805355615,16130.255837275374,pc2,Park,2021-06-22 09:54:09,52.51430166666667,13.347461666666666,34.0,0.0,84.7,0.065,0.04,18.14,18.14,14.06,0.77,1011.9,4.07,0.97,3.0,16.093,2.22615,Großer Stern,4.111979197589506,16130.255837275374,pc4,Park,False,False,7.22199023046061,20,2,0.0
1624348449.522194,2021-06-22T07:54:09.522193Z,52.51430166666667,13.347461666666666,4,2,S1,1624348449.522194,19.846035,-66.379245,-45.3157,0.0015259254,45.0,791.5,6.0,0.149346335,8,20,2021-06-22 09:54:09,52.51430166666667,13.347461666666666,34.0,0.0,84.7,0.065,0.04,18.14,18.14,14.06,0.77,1011.9,4.07,0.97,3.0,16.093,2.22615,Großer Stern,4.111979197589506,16130.255837275374,pc4,Park,2021-06-22 09:54:09,52.514298333333336,13.347355,36.0,0.0,83.1,0.065,0.04,18.14,18.14,14.06,0.77,1011.9,4.07,0.97,3.0,16.093,2.22615,Großer Stern,4.5849231805355615,16130.255837275374,pc2,Park,False,False,7.22199023046061,20,2,0.0
1624348450.495241,2021-06-22T07:54:10.495240Z,52.514298333333336,13.347355,2,4,S1,1624348450.495241,19.866325,-66.43773999999999,-45.17289,0.0015078164499999,44.0,888.5,9.0,0.17967359,8,20,2021-06-22 09:54:10,52.514298333333336,13.347355,36.0,0.0,83.1,0.065,0.04,18.14,18.14,14.06,0.77,1011.9,4.07,0.97,3.0,16.093,2.22615,Großer Stern,4.5849231805355615,16130.255837275374,pc2,Park,2021-06-22 09:54:10,52.51430166666667,13.347461666666666,34.1,0.0,84.7,0.065,0.04,18.14,18.14,14.06,0.77,1011.9,4.07,0.97,3.0,16.093,2.22615,Großer Stern,4.111979197589506,16130.255837275374,pc4,Park,False,False,7.22199023046061,20,2,0.0
1624348450.522187,2021-06-22T07:54:10.522186Z,52.51430166666667,13.347461666666666,4,2,S1,1624348450.522187,23.041845,-61.6374,-40.666355,0.002242486,45.0,891.5,6.0,0.4429494,8,20,2021-06-22 09:54:10,52.51430166666667,13.347461666666666,34.1,0.0,84.7,0.065,0.04,18.14,18.14,14.06,0.77,1011.9,4.07,0.97,3.0,16.093,2.22615,Großer Stern,4.111979197589506,16130.255837275374,pc4,Park,2021-06-22 09:54:10,52.514298333333336,13.347355,36.0,0.0,83.1,0.065,0.04,18.14,18.14,14.06,0.77,1011.9,4.07,0.97,3.0,16.093,2.22615,Großer Stern,4.5849231805355615,16130.255837275374,pc2,Park,False,False,7.22199023046061,20,2,0.0
1624348451.4952393,2021-06-22T07:54:11.495239Z,52.514298333333336,13.347355,2,4,S1,1624348451.4952393,21.775735,-61.842290000000006,-40.85323,0.0029938565,44.0,834.9,9.0,0.4134101,8,20,2021-06-22 09:54:11,52.514298333333336,13.347355,36.0,0.0,83.1,0.065,0.04,18.14,18.14,14.06,0.77,1011.9,4.07,0.97,3.0,16.093,2.22615,Großer Stern,4.5849231805355615,16130.255837275374,pc2,Park,2021-06-22 09:54:11,52.51430166666667,13.347461666666666,34.0,0.0,84.7,0.065,0.04,18.14,18.14,14.06,0.77,1011.9,4.07,0.97,3.0,16.093,2.22615,Großer Stern,4.111979197589506,16130.255837275374,pc4,Park,False,False,7.22199023046061,20,2,0.0
1624348451.522178,2021-06-22T07:54:11.522177Z,52.51430166666667,13.347461666666666,4,2,S1,1624348451.522178,24.816915,-59.508625,-38.63751,0.0023030834999999,45.0,786.7,6.0,0.70777335,8,20,2021-06-22 09:54:11,52.51430166666667,13.347461666666666,34.0,0.0,84.7,0.065,0.04,18.14,18.14,14.06,0.77,1011.9,4.07,0.97,3.0,16.093,2.22615,Großer Stern,4.111979197589506,16130.255837275374,pc4,Park,2021-06-22 09:54:11,52.514298333333336,13.347355,36.0,0.0,83.1,0.065,0.04,18.14,18.14,14.06,0.77,1011.9,4.07,0.97,3.0,16.093,2.22615,Großer Stern,4.5849231805355615,16130.255837275374,pc2,Park,False,False,7.22199023046061,20,2,0.0
1624348452.498849,2021-06-22T07:54:12.498848Z,52.514298333333336,13.347355,2,4,S1,1624348452.498849,20.121025,-66.24367,-45.14572,0.00134463785,44.0,64.9,8.6,0.200599835,8,20,2021-06-22 09:54:12,52.514298333333336,13.347355,36.0,0.0,83.1,0.065,0.04,18.14,18.14,14.06,0.77,1011.9,4.07,0.97,3.0,16.093,2.22615,Großer Stern,4.5849231805355615,16130.255837275374,pc2,Park,2021-06-22 09:54:12,52.51430166666667,13.347461666666666,34.0,0.0,84.7,0.065,0.04,18.14,18.14,14.06,0.77,1011.9,4.07,0.97,3.0,16.093,2.22615,Großer Stern,4.111979197589506,16130.255837275374,pc4,Park,False,False,7.22199023046061,20,2,0.0
1624348452.5221865,2021-06-22T07:54:12.522186Z,52.51430166666667,13.347461666666666,4,2,S1,1624348452.5221865,21.6376215,-64.203715,-43.230705,0.0016026433999999,45.0,67.5,6.0,0.34975979,8,20,2021-06-22 09:54:12,52.51430166666667,13.347461666666666,34.0,0.0,84.7,0.065,0.04,18.14,18.14,14.06,0.77,1011.9,4.07,0.97,3.0,16.093,2.22615,Großer Stern,4.111979197589506,16130.255837275374,pc4,Park,2021-06-22 09:54:12,52.514298333333336,13.347355,36.0,0.0,83.1,0.065,0.04,18.14,18.14,14.06,0.77,1011.9,4.07,0.97,3.0,16.093,2.22615,Großer Stern,4.5849231805355615,16130.255837275374,pc2,Park,False,False,7.22199023046061,20,2,0.0
1624348453.5042562,2021-06-22T07:54:13.504256Z,52.514298333333336,13.347355,2,4,S1,1624348453.5042562,18.714039,-68.43872999999999,-47.39327,0.0010843597,44.0,165.5,8.0,0.1152928554999999,8,20,2021-06-22 09:54:13,52.514298333333336,13.347355,36.0,0.0,83.1,0.065,0.04,18.14,18.14,14.06,0.77,1011.9,4.07,0.97,3.0,16.093,2.22615,Großer Stern,4.5849231805355615,16130.255837275374,pc2,Park,2021-06-22 09:54:13,52.51430166666667,13.347461666666666,34.0,2.2224,85.2,0.065,0.04,18.14,18.14,14.06,0.77,1011.9,4.07,0.97,3.0,16.093,2.22615,Großer Stern,4.111979197589506,16130.255837275374,pc4,Park,False,False,7.22199023046061,20,2,0.0
1624348453.52208,2021-06-22T07:54:13.522079Z,52.51430166666667,13.347461666666666,4,2,S1,1624348453.52208,18.7764,-67.132525,-45.572065,0.0017443935,45.0,167.5,5.9,0.159508485,8,20,2021-06-22 09:54:13,52.51430166666667,13.347461666666666,34.0,2.2224,85.2,0.065,0.04,18.14,18.14,14.06,0.77,1011.9,4.07,0.97,3.0,16.093,2.22615,Großer Stern,4.111979197589506,16130.255837275374,pc4,Park,2021-06-22 09:54:13,52.514298333333336,13.347355,36.0,0.0,83.1,0.065,0.04,18.14,18.14,14.06,0.77,1011.9,4.07,0.97,3.0,16.093,2.22615,Großer Stern,4.5849231805355615,16130.255837275374,pc2,Park,False,False,7.22199023046061,20,2,0.0
1624348454.5042362,2021-06-22T07:54:14.504236Z,52.514298333333336,13.347355,2,4,S1,1624348454.5042362,17.951406,-69.2557,-48.226565,0.00108850455,44.0,265.5,8.0,0.1247132869999999,8,20,2021-06-22 09:54:14,52.514298333333336,13.347355,36.0,1.2964,83.2,0.065,0.04,18.14,18.14,14.06,0.77,1011.9,4.07,0.97,3.0,16.093,2.22615,Großer Stern,4.5849231805355615,16130.255837275374,pc2,Park,2021-06-22 09:54:14,52.51430333333333,13.34747,34.0,8.5192,82.3,0.065,0.04,18.14,18.14,14.06,0.77,1011.9,4.07,0.97,3.0,16.093,2.22615,Großer Stern,4.230215027698051,16138.47841706306,pc4,Park,False,False,7.795737088923857,20,2,0.0
1624348454.5428083,2021-06-22T07:54:14.542808Z,52.51430333333333,13.34747,4,2,S1,1624348454.5428083,17.853495263157896,-67.19225263157895,-42.36930526315789,0.0165263140526315,45.0,269.57894736842104,5.842105263157895,0.2040132421052631,8,19,2021-06-22 09:54:14,52.51430333333333,13.34747,34.0,8.5192,82.3,0.065,0.04,18.14,18.14,14.06,0.77,1011.9,4.07,0.97,3.0,16.093,2.22615,Großer Stern,4.230215027698051,16138.47841706306,pc4,Park,2021-06-22 09:54:14,52.514298333333336,13.347355,36.0,1.2964,83.2,0.065,0.04,18.14,18.14,14.06,0.77,1011.9,4.07,0.97,3.0,16.093,2.22615,Großer Stern,4.5849231805355615,16130.255837275374,pc2,Park,False,False,7.795737088923857,20,2,0.05
1624348455.4965818,2021-06-22T07:54:15.496581Z,52.51430666666667,13.347518333333332,4,2,S1,1624348455.4965818,18.56354111111111,-67.52025,-41.278844444444445,0.0014178393888888,45.0,365.0,5.388888888888889,0.1617478361111111,8,18,2021-06-22 09:54:15,52.51430666666667,13.347518333333332,34.0,15.371600000000004,82.8,0.065,0.04,18.14,18.14,14.06,0.77,1011.9,4.07,0.97,3.0,16.093,2.22615,Großer Stern,4.217077571507929,16138.47841706306,pc4,Park,2021-06-22 09:54:15,52.514298333333336,13.34736,36.0,6.6672,83.5,0.065,0.04,18.14,18.14,14.06,0.77,1011.9,4.07,0.97,3.0,16.093,2.22615,Großer Stern,4.545511195249369,16130.255837275374,pc2,Park,False,False,10.74588935360014,20,2,0.1
1624348455.5049834,2021-06-22T07:54:15.504983Z,52.514298333333336,13.34736,2,4,S1,1624348455.5049834,16.705668,-70.32288,-49.128465,0.0010942361,44.0,365.6,7.75,0.0757287795,8,20,2021-06-22 09:54:15,52.514298333333336,13.34736,36.0,6.6672,83.5,0.065,0.04,18.14,18.14,14.06,0.77,1011.9,4.07,0.97,3.0,16.093,2.22615,Großer Stern,4.545511195249369,16130.255837275374,pc2,Park,2021-06-22 09:54:15,52.51430666666667,13.347518333333332,34.0,15.371600000000004,82.8,0.065,0.04,18.14,18.14,14.06,0.77,1011.9,4.07,0.97,3.0,16.093,2.22615,Großer Stern,4.217077571507929,16138.47841706306,pc4,Park,False,False,10.74588935360014,20,2,0.0
1624348456.5052156,2021-06-22T07:54:16.505215Z,52.51430166666667,13.3474,2,4,S1,1624348456.5052156,16.285785999999998,-71.76901000000001,-50.317485,0.0008862305,44.0,465.65,7.4,0.049817851,8,20,2021-06-22 09:54:16,52.51430166666667,13.3474,36.0,12.964,83.0,0.065,0.04,18.14,18.14,14.06,0.77,1011.9,4.07,0.97,3.0,16.093,2.22615,Großer Stern,4.598060234649017,16130.255837275374,pc2,Park,2021-06-22 09:54:16,52.514316666666666,13.347591666666666,33.8,18.7052,83.1,0.065,0.04,18.14,18.14,14.06,0.77,1011.9,4.07,0.97,3.0,16.093,2.22615,Großer Stern,4.742570189753052,16145.74787972586,pc4,Park,False,False,13.06636868911225,20,2,0.0
1624348456.50969,2021-06-22T07:54:16.509690Z,52.514316666666666,13.347591666666666,4,2,S1,1624348456.50969,16.22329894736842,-71.20667894736842,-47.682994736842105,0.0010114978947368,45.0,466.5263157894737,3.263157894736842,0.0635428584210526,8,19,2021-06-22 09:54:16,52.514316666666666,13.347591666666666,33.8,18.7052,83.1,0.065,0.04,18.14,18.14,14.06,0.77,1011.9,4.07,0.97,3.0,16.093,2.22615,Großer Stern,4.742570189753052,16145.74787972586,pc4,Park,2021-06-22 09:54:16,52.51430166666667,13.3474,36.0,12.964,83.0,0.065,0.04,18.14,18.14,14.06,0.77,1011.9,4.07,0.97,3.0,16.093,2.22615,Großer Stern,4.598060234649017,16130.255837275374,pc2,Park,False,False,13.06636868911225,20,2,0.05
1624348457.4868069,2021-06-22T07:54:17.486806Z,52.51431,13.34746,2,4,S1,1624348457.4868069,18.669794736842107,-68.4793842105263,-47.526315789473685,0.0011148927368421,44.0,564.2631578947369,2.9473684210526314,0.1300007210526315,8,19,2021-06-22 09:54:17,52.51431,13.34746,36.1,18.52,83.0,0.065,0.04,18.14,18.14,14.06,0.77,1011.9,4.07,0.97,3.0,16.093,2.22615,Großer Stern,5.044728770640452,16130.255837275374,pc2,Park,2021-06-22 09:54:17,52.514325,13.34767,33.8,18.7052,83.4,0.065,0.04,18.14,18.14,14.06,0.77,1011.9,4.07,0.97,3.0,16.093,2.17399,Großer Stern,5.044728551555831,16145.74787972586,pc4,Park,False,False,14.296777571718724,20,2,0.05
1624348457.4869998,2021-06-22T07:54:17.486999Z,52.514325,13.34767,4,2,S1,1624348457.4869998,18.99041,-66.870105,-45.814155,0.00162665635,45.0,564.35,2.3,0.2254336304999999,8,20,2021-06-22 09:54:17,52.514325,13.34767,33.8,18.7052,83.4,0.065,0.04,18.14,18.14,14.06,0.77,1011.9,4.07,0.97,3.0,16.093,2.17399,Großer Stern,5.044728551555831,16145.74787972586,pc4,Park,2021-06-22 09:54:17,52.51431,13.34746,36.1,18.52,83.0,0.065,0.04,18.14,18.14,14.06,0.77,1011.9,4.07,0.97,3.0,16.093,2.22615,Großer Stern,5.044728770640452,16130.255837275374,pc2,Park,False,False,14.296777571718724,20,2,0.0
1624348458.475266,2021-06-22T07:54:18.475265Z,52.514318333333335,13.347543333333334,2,4,S1,1624348458.475266,16.3782855,-71.6619,-50.36073,0.00088094715,44.0,662.5,9.0,0.0534579355,8,20,2021-06-22 09:54:18,52.514318333333335,13.347543333333334,36.2,21.298,82.9,0.065,0.04,18.14,18.14,14.06,0.77,1011.9,4.07,0.97,3.0,16.093,2.22615,Großer Stern,5.307474905912339,16138.47841706306,pc2,Park,2021-06-22 09:54:18,52.51433,13.347751666666667,33.6,20.001600000000003,83.4,0.065,0.04,18.14,18.14,14.06,0.77,1011.9,4.07,0.97,3.0,16.093,2.17399,Großer Stern,4.95276754634562,16151.95017807222,pc4,Park,False,False,14.146226402699025,20,2,0.0
1624348458.4801905,2021-06-22T07:54:18.480190Z,52.51433,13.347751666666667,4,2,S1,1624348458.4801905,15.59744,-71.170795,-49.681835,0.00173035125,45.0,663.5,4.0,0.1099194425,8,20,2021-06-22 09:54:18,52.51433,13.347751666666667,33.6,20.001600000000003,83.4,0.065,0.04,18.14,18.14,14.06,0.77,1011.9,4.07,0.97,3.0,16.093,2.17399,Großer Stern,4.95276754634562,16151.95017807222,pc4,Park,2021-06-22 09:54:18,52.514318333333335,13.347543333333334,36.2,21.298,82.9,0.065,0.04,18.14,18.14,14.06,0.77,1011.9,4.07,0.97,3.0,16.093,2.22615,Großer Stern,5.307474905912339,16138.47841706306,pc2,Park,False,False,14.146226402699025,20,2,0.0
1624348459.4756997,2021-06-22T07:54:19.475699Z,52.514325,13.347636666666666,2,4,S1,1624348459.4756997,17.57656,-70.094565,-48.958960000000005,0.0009541764,44.0,762.55,8.95,0.08227741,8,20,2021-06-22 09:54:19,52.514325,13.347636666666666,36.1,22.4092,83.1,0.065,0.04,18.14,18.14,14.06,0.77,1011.9,4.07,0.97,3.0,16.093,2.17399,Großer Stern,5.307474868715325,16145.74787972586,pc2,Park,2021-06-22 09:54:19,52.514335,13.34784,33.5,22.0388,83.5,0.065,0.04,18.14,18.14,14.06,0.77,1011.9,4.07,0.97,3.0,16.093,2.17399,Großer Stern,4.808257479348741,16160.974123385888,pc4,Park,False,False,13.793494176210952,20,2,0.0
1624348459.480193,2021-06-22T07:54:19.480192Z,52.514335,13.34784,4,2,S1,1624348459.480193,18.0563,-69.18701,-48.004605,0.00107151415,45.0,763.5,4.0,0.09132465,8,20,2021-06-22 09:54:19,52.514335,13.34784,33.5,22.0388,83.5,0.065,0.04,18.14,18.14,14.06,0.77,1011.9,4.07,0.97,3.0,16.093,2.17399,Großer Stern,4.808257479348741,16160.974123385888,pc4,Park,2021-06-22 09:54:19,52.514325,13.347636666666666,36.1,22.4092,83.1,0.065,0.04,18.14,18.14,14.06,0.77,1011.9,4.07,0.97,3.0,16.093,2.17399,Großer Stern,5.307474868715325,16145.74787972586,pc2,Park,False,False,13.793494176210952,20,2,0.0
1624348460.4752598,2021-06-22T07:54:20.475259Z,52.51433166666666,13.347736666666666,2,4,S1,1624348460.4752598,15.0705775,-72.37744,-50.89343,0.0009841564,44.0,862.5,9.0,0.048768652,8,20,2021-06-22 09:54:20,52.51433166666666,13.347736666666666,36.1,23.8908,83.4,0.065,0.04,18.14,18.14,14.06,0.77,1011.9,4.07,0.97,3.0,16.093,2.17399,Großer Stern,5.254925804901544,16151.95017807222,pc2,Park,2021-06-22 09:54:20,52.514343333333336,13.347933333333334,33.5,23.8908,84.0,0.065,0.04,18.14,18.14,14.06,0.77,1011.9,4.07,0.97,3.0,16.093,2.17399,Großer Stern,4.992180602699023,16165.995249542648,pc4,Park,False,False,13.360856436565555,20,2,0.0
1624348460.48799,2021-06-22T07:54:20.487989Z,52.514343333333336,13.347933333333334,4,2,S1,1624348460.48799,16.02245,-70.92582,-49.719045,0.0011875044,45.0,864.15,5.3,0.061766315,8,20,2021-06-22 09:54:20,52.514343333333336,13.347933333333334,33.5,23.8908,84.0,0.065,0.04,18.14,18.14,14.06,0.77,1011.9,4.07,0.97,3.0,16.093,2.17399,Großer Stern,4.992180602699023,16165.995249542648,pc4,Park,2021-06-22 09:54:20,52.51433166666666,13.347736666666666,36.1,23.8908,83.4,0.065,0.04,18.14,18.14,14.06,0.77,1011.9,4.07,0.97,3.0,16.093,2.17399,Großer Stern,5.254925804901544,16151.95017807222,pc2,Park,False,False,13.360856436565555,20,2,0.0
1624348461.483981,2021-06-22T07:54:21.483980Z,52.514338333333335,13.347843333333334,2,4,S1,1624348461.483981,16.433926315789474,-71.60337368421052,-50.33683157894737,0.0008612146842105,44.0,964.0,2.736842105263158,0.0548375336842105,8,19,2021-06-22 09:54:21,52.514338333333335,13.347843333333334,36.0,25.002,83.7,0.065,0.04,18.14,18.14,14.06,0.77,1011.9,4.07,0.97,3.0,16.093,2.17399,Großer Stern,5.149827766135519,16160.974123385888,pc2,Park,2021-06-22 09:54:21,52.51435,13.348035,33.4,24.8168,84.4,0.065,0.04,18.14,18.14,14.06,0.77,1011.9,4.07,0.97,3.0,16.093,2.17399,Großer Stern,5.008373431540758,16173.41782709276,pc4,Park,False,False,13.024398796662062,20,2,0.05
1624348461.5104876,2021-06-22T07:54:21.510487Z,52.51435,13.348035,4,2,S1,1624348461.5104876,18.125861904761905,-68.51001428571428,-47.47044761904762,0.0013398358095238,45.0,966.5238095238096,4.047619047619048,0.0983119857142857,8,21,2021-06-22 09:54:21,52.51435,13.348035,33.4,24.8168,84.4,0.065,0.04,18.14,18.14,14.06,0.77,1011.9,4.07,0.97,3.0,16.093,2.17399,Großer Stern,5.008373431540758,16173.41782709276,pc4,Park,2021-06-22 09:54:21,52.514338333333335,13.347843333333334,36.0,25.002,83.7,0.065,0.04,18.14,18.14,14.06,0.77,1011.9,4.07,0.97,3.0,16.093,2.17399,Großer Stern,5.149827766135519,16160.974123385888,pc2,Park,False,False,13.024398796662062,20,2,-0.05
1624348462.485558,2021-06-22T07:54:22.485558Z,52.514345,13.347953333333331,2,4,S1,1624348462.485558,18.119931904761906,-68.78311428571429,-47.66852857142857,0.0011830325714285,44.0,137.57142857142858,3.809523809523809,0.1382488247619047,8,21,2021-06-22 09:54:22,52.514345,13.347953333333331,36.0,26.1132,83.8,0.065,0.04,18.14,18.14,14.06,0.77,1011.9,4.07,0.97,3.0,16.093,2.17399,Großer Stern,5.019887129756476,16167.37806932519,pc2,Park,2021-06-22 09:54:22,52.514355,13.348138333333331,33.3,24.8168,84.1,0.065,0.04,18.14,18.14,14.06,0.77,1011.9,4.07,0.97,3.0,16.093,2.17399,Großer Stern,4.84718433570591,16178.780879677814,pc4,Park,False,False,12.558245236178037,20,2,-0.05
1624348462.5162208,2021-06-22T07:54:22.516220Z,52.514355,13.348138333333331,4,2,S1,1624348462.5162208,18.70412,-67.38414,-46.200095,0.0015822182,45.0,94.7,0.0,0.19422282,8,20,2021-06-22 09:54:22,52.514355,13.348138333333331,33.3,24.8168,84.1,0.065,0.04,18.14,18.14,14.06,0.77,1011.9,4.07,0.97,3.0,16.093,2.17399,Großer Stern,4.84718433570591,16178.780879677814,pc4,Park,2021-06-22 09:54:22,52.514345,13.347953333333331,36.0,26.1132,83.8,0.065,0.04,18.14,18.14,14.06,0.77,1011.9,4.07,0.97,3.0,16.093,2.17399,Großer Stern,5.019887129756476,16167.37806932519,pc2,Park,False,False,12.558245236178037,20,2,0.0
1624348463.508171,2021-06-22T07:54:23.508171Z,52.51436,13.348243333333333,4,2,S1,1624348463.508171,20.145115789473685,-66.99695263157895,-45.96678421052632,0.001151493368421,45.0,142.0,7.0,0.1502162052631578,8,19,2021-06-22 09:54:23,52.51436,13.348243333333333,33.2,25.3724,84.0,0.065,0.04,18.14,18.14,14.06,0.77,1011.9,4.07,0.97,3.0,16.093,2.17399,Großer Stern,4.674481950749605,16187.100608914005,pc4,Park,2021-06-22 09:54:23,52.51435166666667,13.348066666666666,36.0,26.1132,83.9,0.065,0.04,18.14,18.14,14.06,0.77,1011.9,4.07,0.97,3.0,16.093,2.17399,Großer Stern,4.973832883498044,16175.746954192606,pc2,Park,False,False,11.981396263502216,20,2,0.05
1624348463.5105128,2021-06-22T07:54:23.510512Z,52.51435166666667,13.348066666666666,2,4,S1,1624348463.5105128,19.40631,-67.1971,-46.17123,0.0013079205,44.0,142.5,4.25,0.179880355,8,20,2021-06-22 09:54:23,52.51435166666667,13.348066666666666,36.0,26.1132,83.9,0.065,0.04,18.14,18.14,14.06,0.77,1011.9,4.07,0.97,3.0,16.093,2.17399,Großer Stern,4.973832883498044,16175.746954192606,pc2,Park,2021-06-22 09:54:23,52.51436,13.348243333333333,33.2,25.3724,84.0,0.065,0.04,18.14,18.14,14.06,0.77,1011.9,4.07,0.97,3.0,16.093,2.17399,Großer Stern,4.674481950749605,16187.100608914005,pc4,Park,False,False,11.981396263502216,20,2,0.0
1624348464.4831946,2021-06-22T07:54:24.483194Z,52.514363333333336,13.348351666666666,4,2,S1,1624348464.4831946,19.840108,-66.711275,-45.684585,0.00127866435,45.0,239.5,7.0,0.174876389,8,20,2021-06-22 09:54:24,52.514363333333336,13.348351666666666,33.1,26.1132,83.9,0.065,0.04,18.14,18.14,14.06,0.77,1011.9,4.07,0.97,3.0,16.093,2.22615,Großer Stern,4.258470179196992,16192.397687389475,pc4,Park,2021-06-22 09:54:24,52.51435833333333,13.348175,35.9,24.6316,83.9,0.065,0.04,18.14,18.14,14.06,0.77,1011.9,4.07,0.97,3.0,16.093,2.17399,Großer Stern,4.9623193904304825,16182.559787887094,pc2,Park,False,False,11.958587107126217,20,2,0.0
1624348464.4962797,2021-06-22T07:54:24.496279Z,52.51435833333333,13.348175,2,4,S1,1624348464.4962797,17.330131,-69.91358,-48.66023,0.0011842261,44.0,241.5,0.0,0.0773560895,8,20,2021-06-22 09:54:24,52.51435833333333,13.348175,35.9,24.6316,83.9,0.065,0.04,18.14,18.14,14.06,0.77,1011.9,4.07,0.97,3.0,16.093,2.17399,Großer Stern,4.9623193904304825,16182.559787887094,pc2,Park,2021-06-22 09:54:24,52.514363333333336,13.348351666666666,33.1,26.1132,83.9,0.065,0.04,18.14,18.14,14.06,0.77,1011.9,4.07,0.97,3.0,16.093,2.22615,Großer Stern,4.258470179196992,16192.397687389475,pc4,Park,False,False,11.958587107126217,20,2,0.0
1624348465.4921052,2021-06-22T07:54:25.492105Z,52.51437,13.348463333333331,4,2,S1,1624348465.4921052,18.026001428571423,-68.1133619047619,-47.00681904761905,0.0015396566190476,45.0,341.04761904761904,0.4285714285714285,0.1656735561904762,8,21,2021-06-22 09:54:25,52.51437,13.348463333333331,33.0,26.6688,83.6,0.065,0.04,18.14,18.14,14.06,0.77,1011.9,4.07,0.97,3.0,16.093,2.22615,Großer Stern,4.444439999831744,16204.895134175607,pc4,Park,2021-06-22 09:54:25,52.514365,13.34828,35.8,25.002,83.8,0.065,0.04,18.14,18.14,14.06,0.77,1011.9,4.07,0.97,3.0,16.093,2.17399,Großer Stern,4.970260650217883,16192.397687389475,pc2,Park,False,False,12.408901988635996,20,2,-0.05
1624348465.508263,2021-06-22T07:54:25.508263Z,52.514365,13.34828,2,4,S1,1624348465.508263,16.336685,-71.16029,-49.72834,0.00106232045,44.0,342.25,4.5,0.1044308995,8,20,2021-06-22 09:54:25,52.514365,13.34828,35.8,25.002,83.8,0.065,0.04,18.14,18.14,14.06,0.77,1011.9,4.07,0.97,3.0,16.093,2.17399,Großer Stern,4.970260650217883,16192.397687389475,pc2,Park,2021-06-22 09:54:25,52.51437,13.348463333333331,33.0,26.6688,83.6,0.065,0.04,18.14,18.14,14.06,0.77,1011.9,4.07,0.97,3.0,16.093,2.22615,Großer Stern,4.444439999831744,16204.895134175607,pc4,Park,False,False,12.408901988635996,20,2,0.0
1624348466.5070045,2021-06-22T07:54:26.507004Z,52.514375,13.348388333333334,2,4,S1,1624348466.5070045,17.49771,-69.725575,-48.674455,0.00111006285,44.0,441.9,6.75,0.09058095,8,20,2021-06-22 09:54:26,52.514375,13.348388333333334,35.7,26.6688,83.2,0.065,0.04,18.14,18.14,14.06,0.77,1011.9,4.07,0.97,3.0,16.093,2.22615,Großer Stern,5.277066823147901,16198.416686167124,pc2,Park,2021-06-22 09:54:26,52.514375,13.348578333333334,32.9,26.6688,85.5,0.065,0.04,18.14,18.14,14.06,0.77,1011.9,4.07,0.97,3.0,16.093,2.99305,Großer Stern,4.999995000008084,16211.748875523032,pc4,Park,False,False,12.847414849145707,20,2,0.0
1624348466.5334373,2021-06-22T07:54:26.533437Z,52.514375,13.348578333333334,4,2,S1,1624348466.5334373,17.45001,-69.5725,-48.38947368421052,0.0010999375263157,45.0,445.2105263157895,0.1052631578947368,0.1082280805263157,8,19,2021-06-22 09:54:26,52.514375,13.348578333333334,32.9,26.6688,85.5,0.065,0.04,18.14,18.14,14.06,0.77,1011.9,4.07,0.97,3.0,16.093,2.99305,Großer Stern,4.999995000008084,16211.748875523032,pc4,Park,2021-06-22 09:54:26,52.514375,13.348388333333334,35.7,26.6688,83.2,0.065,0.04,18.14,18.14,14.06,0.77,1011.9,4.07,0.97,3.0,16.093,2.22615,Großer Stern,5.277066823147901,16198.416686167124,pc2,Park,False,False,12.847414849145707,20,2,0.05
1624348467.4952602,2021-06-22T07:54:27.495260Z,52.514385,13.348501666666667,2,4,S1,1624348467.4952602,19.1836365,-67.77324999999999,-46.708465,0.0011672581,44.0,540.5,9.0,0.158884972,8,20,2021-06-22 09:54:27,52.514385,13.348501666666667,35.7,27.78,82.8,0.065,0.04,18.14,18.14,14.06,0.77,1011.9,4.07,0.97,3.0,16.093,2.22615,Großer Stern,6.111104999571275,16204.895134175607,pc2,Park,2021-06-22 09:54:27,52.51437333333333,13.348691666666667,32.8,26.2984,94.4,0.065,0.04,18.14,18.14,14.06,0.77,1011.9,4.07,0.97,3.0,16.093,2.99305,Großer Stern,5.518731008785656,16218.93590802529,pc4,Park,False,False,12.913046693629177,20,2,0.0
1624348467.5162406,2021-06-22T07:54:27.516240Z,52.51437333333333,13.348691666666667,4,2,S1,1624348467.5162406,21.53728,-64.10812999999999,-43.225045,0.0017483295,45.0,543.5,0.0,0.286207375,8,20,2021-06-22 09:54:27,52.51437333333333,13.348691666666667,32.8,26.2984,94.4,0.065,0.04,18.14,18.14,14.06,0.77,1011.9,4.07,0.97,3.0,16.093,2.99305,Großer Stern,5.518731008785656,16218.93590802529,pc4,Park,2021-06-22 09:54:27,52.514385,13.348501666666667,35.7,27.78,82.8,0.065,0.04,18.14,18.14,14.06,0.77,1011.9,4.07,0.97,3.0,16.093,2.22615,Großer Stern,6.111104999571275,16204.895134175607,pc2,Park,False,False,12.913046693629177,20,2,0.0
1624348468.49537,2021-06-22T07:54:28.495370Z,52.51439166666667,13.34862,2,4,S1,1624348468.49537,18.018535,-69.47623,-48.51711,0.00101740675,44.0,640.55,8.6,0.08212826,8,20,2021-06-22 09:54:28,52.51439166666667,13.34862,35.6,28.8912,83.6,0.065,0.04,18.14,18.14,14.06,0.77,1011.9,4.07,0.97,3.0,16.093,2.99305,Großer Stern,6.851845000069559,16211.748875523032,pc2,Park,2021-06-22 09:54:28,52.51436,13.348803333333333,32.7,27.2244,104.5,0.065,0.04,18.14,18.14,14.06,0.77,1011.9,4.07,0.97,3.0,16.093,2.67251,Großer Stern,5.497340768321663,16226.392387163696,pc4,Park,False,False,12.887342721497124,20,2,0.0
1624348468.5204864,2021-06-22T07:54:28.520486Z,52.51436,13.348803333333333,4,2,S1,1624348468.5204864,16.8589705,-70.24779,-48.83642,0.00108967195,45.0,643.5,4.25,0.0777382135,8,20,2021-06-22 09:54:28,52.51436,13.348803333333333,32.7,27.2244,104.5,0.065,0.04,18.14,18.14,14.06,0.77,1011.9,4.07,0.97,3.0,16.093,2.67251,Großer Stern,5.497340768321663,16226.392387163696,pc4,Park,2021-06-22 09:54:28,52.51439166666667,13.34862,35.6,28.8912,83.6,0.065,0.04,18.14,18.14,14.06,0.77,1011.9,4.07,0.97,3.0,16.093,2.99305,Großer Stern,6.851845000069559,16211.748875523032,pc2,Park,False,False,12.887342721497124,20,2,0.0
1624348469.513539,2021-06-22T07:54:29.513539Z,52.51439166666667,13.348738333333332,2,4,S1,1624348469.513539,16.289451111111113,-71.22800000000001,-47.677166666666665,0.0010214312222222,44.0,742.4444444444445,7.833333333333333,0.0709124727777777,8,18,2021-06-22 09:54:29,52.51439166666667,13.348738333333332,35.5,28.335600000000003,92.5,0.065,0.04,18.14,18.14,14.06,0.77,1011.9,4.07,0.97,3.0,16.093,2.67251,Großer Stern,8.117668358244913,16218.93590802529,pc2,Park,2021-06-22 09:54:29,52.514335,13.348915,32.5,28.706000000000003,115.6,0.065,0.04,18.14,18.14,14.06,0.77,1011.9,4.07,0.97,3.0,16.093,2.67251,Großer Stern,5.755894614472081,16234.129951055813,pc4,Park,False,False,13.505322657710291,20,2,0.1
1624348469.5192423,2021-06-22T07:54:29.519242Z,52.514335,13.348915,4,2,S1,1624348469.5192423,18.371605,-68.37503000000001,-47.26288,0.00121854675,45.0,743.5,3.0,0.109659525,8,20,2021-06-22 09:54:29,52.514335,13.348915,32.5,28.706000000000003,115.6,0.065,0.04,18.14,18.14,14.06,0.77,1011.9,4.07,0.97,3.0,16.093,2.67251,Großer Stern,5.755894614472081,16234.129951055813,pc4,Park,2021-06-22 09:54:29,52.51439166666667,13.348738333333332,35.5,28.335600000000003,92.5,0.065,0.04,18.14,18.14,14.06,0.77,1011.9,4.07,0.97,3.0,16.093,2.67251,Großer Stern,8.117668358244913,16218.93590802529,pc2,Park,False,False,13.505322657710291,20,2,0.0
1624348470.4937532,2021-06-22T07:54:30.493753Z,52.51429666666667,13.349023333333331,4,2,S1,1624348470.4937532,18.545947368421054,-68.0707,-47.019263157894734,0.0013345004736842,45.0,841.2105263157895,0.4210526315789473,0.1185933894736842,8,19,2021-06-22 09:54:30,52.51429666666667,13.349023333333331,32.4,29.817200000000003,124.4,0.065,0.04,18.14,18.14,14.06,0.77,1011.9,4.07,0.97,3.0,16.093,2.83331,Großer Stern,5.018331253056681,16242.158768730013,pc4,Park,2021-06-22 09:54:30,52.514381666666665,13.348853333333333,35.6,27.78,104.9,0.065,0.04,18.14,18.14,14.06,0.77,1011.9,4.07,0.97,3.0,16.093,2.67251,Großer Stern,8.741511996159536,16226.392387163696,pc2,Park,False,False,14.879597375572589,20,2,0.05
1624348470.5193176,2021-06-22T07:54:30.519317Z,52.514381666666665,13.348853333333333,2,4,S1,1624348470.5193176,16.708005789473685,-69.28284736842106,-47.14314210526316,0.0052100824736842,44.0,843.4736842105264,3.3157894736842106,0.0926855368421052,8,19,2021-06-22 09:54:30,52.514381666666665,13.348853333333333,35.6,27.78,104.9,0.065,0.04,18.14,18.14,14.06,0.77,1011.9,4.07,0.97,3.0,16.093,2.67251,Großer Stern,8.741511996159536,16226.392387163696,pc2,Park,2021-06-22 09:54:30,52.51429666666667,13.349023333333331,32.4,29.817200000000003,124.4,0.065,0.04,18.14,18.14,14.06,0.77,1011.9,4.07,0.97,3.0,16.093,2.83331,Großer Stern,5.018331253056681,16242.158768730013,pc4,Park,False,False,14.879597375572589,20,2,0.05
1624348471.4812903,2021-06-22T07:54:31.481290Z,52.51425,13.349128333333333,4,2,S1,1624348471.4812903,16.7909085,-70.24748500000001,-48.87512,0.0011338467,45.0,939.8,2.1,0.080646175,8,20,2021-06-22 09:54:31,52.51425,13.349128333333333,32.3,30.743200000000005,127.8,0.065,0.04,18.14,18.14,14.06,0.77,1011.9,4.07,0.97,3.0,16.093,3.0964,Großer Stern,0.0417272790685973,16250.49612708249,pc4,Park,2021-06-22 09:54:31,52.51435333333333,13.348965,35.5,29.446800000000003,117.0,0.065,0.04,18.14,18.14,14.06,0.77,1011.9,4.07,0.97,3.0,16.093,3.0964,Großer Stern,7.989009452891811,16234.129951055813,pc2,Park,False,False,15.933640158669952,20,2,0.0
1624348471.5183115,2021-06-22T07:54:31.518311Z,52.51435333333333,13.348965,2,4,S1,1624348471.5183115,17.10197,-70.83691,-49.616515,0.000900919,44.0,943.5,2.0,0.0592366115,8,20,2021-06-22 09:54:31,52.51435333333333,13.348965,35.5,29.446800000000003,117.0,0.065,0.04,18.14,18.14,14.06,0.77,1011.9,4.07,0.97,3.0,16.093,3.0964,Großer Stern,7.989009452891811,16234.129951055813,pc2,Park,2021-06-22 09:54:31,52.51425,13.349128333333333,32.3,30.743200000000005,127.8,0.065,0.04,18.14,18.14,14.06,0.77,1011.9,4.07,0.97,3.0,16.093,3.0964,Großer Stern,0.0417272790685973,16250.49612708249,pc4,Park,False,False,15.933640158669952,20,2,0.0
1624348472.4948592,2021-06-22T07:54:32.494859Z,52.51431166666666,13.349071666666667,2,4,S1,1624348472.4948592,15.263986842105265,-73.01955789473683,-51.857321052631576,0.0008040432105263,44.0,340.4736842105263,2.526315789473684,0.0377126457894736,8,19,2021-06-22 09:54:32,52.51431166666666,13.349071666666667,35.4,30.9284,124.2,0.065,0.04,18.14,18.14,14.06,0.77,1011.9,4.07,0.97,3.0,16.093,3.0964,Großer Stern,1.8407875779110985,16242.158768730013,pc2,Park,2021-06-22 09:54:32,52.5142,13.349231666666666,32.2,31.484,128.9,0.065,0.04,18.14,18.14,14.06,0.77,1011.9,4.07,0.97,3.0,16.093,3.65193,Großer Stern,5.266351510983476,16259.123379818102,pc4,Park,False,False,16.464437874395983,20,2,0.05
1624348472.4971826,2021-06-22T07:54:32.497182Z,52.5142,13.349231666666666,4,2,S1,1624348472.4971826,14.5015735,-73.26813,-51.863800000000005,0.000916951,45.0,324.7,1.0,0.0350017885,8,20,2021-06-22 09:54:32,52.5142,13.349231666666666,32.2,31.484,128.9,0.065,0.04,18.14,18.14,14.06,0.77,1011.9,4.07,0.97,3.0,16.093,3.65193,Großer Stern,5.266351510983476,16259.123379818102,pc4,Park,2021-06-22 09:54:32,52.51431166666666,13.349071666666667,35.4,30.9284,124.2,0.065,0.04,18.14,18.14,14.06,0.77,1011.9,4.07,0.97,3.0,16.093,3.0964,Großer Stern,1.8407875779110985,16242.158768730013,pc2,Park,False,False,16.464437874395983,20,2,0.0
1624348473.4818494,2021-06-22T07:54:33.481849Z,52.51414666666667,13.349331666666666,4,2,S1,1624348473.4818494,16.218780000000002,-71.30946,-49.875865,0.0009805300499999,45.0,115.85,2.15,0.06107431,8,20,2021-06-22 09:54:33,52.51414666666667,13.349331666666666,32.1,31.8544,129.4,0.065,0.04,18.14,18.14,14.06,0.77,1011.9,4.07,0.97,3.0,16.093,2.75414,Großer Stern,8.44753737291324,16267.98146733194,pc4,Park,2021-06-22 09:54:33,52.51426166666667,13.349173333333331,35.2,30.9284,127.5,0.065,0.04,18.14,18.14,14.06,0.77,1011.9,4.07,0.97,3.0,16.093,3.0964,Großer Stern,3.3217169805812663,16250.49612708249,pc2,Park,False,False,16.67279271000627,20,2,0.0
1624348473.4961271,2021-06-22T07:54:33.496127Z,52.51426166666667,13.349173333333331,2,4,S1,1624348473.4961271,14.455589047619046,-73.30060952380953,-51.83479523809524,0.0009169555238095,44.0,117.1904761904762,2.952380952380953,0.0406374585714285,8,21,2021-06-22 09:54:33,52.51426166666667,13.349173333333331,35.2,30.9284,127.5,0.065,0.04,18.14,18.14,14.06,0.77,1011.9,4.07,0.97,3.0,16.093,3.0964,Großer Stern,3.3217169805812663,16250.49612708249,pc2,Park,2021-06-22 09:54:33,52.51414666666667,13.349331666666666,32.1,31.8544,129.4,0.065,0.04,18.14,18.14,14.06,0.77,1011.9,4.07,0.97,3.0,16.093,2.75414,Großer Stern,8.44753737291324,16267.98146733194,pc4,Park,False,False,16.67279271000627,20,2,-0.05
1624348474.4882035,2021-06-22T07:54:34.488203Z,52.514095,13.349435,4,2,S1,1624348474.4882035,18.74803,-67.94774,-47.085275,0.0012645181,45.0,216.5,2.0,0.127043375,8,20,2021-06-22 09:54:34,52.514095,13.349435,32.0,32.2248,128.9,0.065,0.04,18.14,18.14,14.06,0.77,1011.9,4.07,0.97,3.0,16.093,2.75414,Großer Stern,9.380238130856638,16276.99568519562,pc4,Park,2021-06-22 09:54:34,52.51420666666667,13.349273333333333,35.0,32.410000000000004,128.8,0.065,0.04,18.14,18.14,14.06,0.77,1011.9,4.07,0.97,3.0,16.093,3.65193,Großer Stern,8.150158486755242,16259.123379818102,pc2,Park,False,False,16.538777255887904,20,2,0.0
1624348474.5157847,2021-06-22T07:54:34.515784Z,52.51420666666667,13.349273333333333,2,4,S1,1624348474.5157847,16.723745,-70.79739,-49.58088,0.0009912586499999,44.0,218.75,7.05,0.067405855,8,20,2021-06-22 09:54:34,52.51420666666667,13.349273333333333,35.0,32.410000000000004,128.8,0.065,0.04,18.14,18.14,14.06,0.77,1011.9,4.07,0.97,3.0,16.093,3.65193,Großer Stern,8.150158486755242,16259.123379818102,pc2,Park,2021-06-22 09:54:34,52.514095,13.349435,32.0,32.2248,128.9,0.065,0.04,18.14,18.14,14.06,0.77,1011.9,4.07,0.97,3.0,16.093,2.75414,Großer Stern,9.380238130856638,16276.99568519562,pc4,Park,False,False,16.538777255887904,20,2,0.0
1624348475.5121546,2021-06-22T07:54:35.512154Z,52.51404333333333,13.349538333333332,4,2,S1,1624348475.5121546,18.19460952380952,-68.36994761904762,-47.25198095238096,0.0013937778571428,45.0,318.9047619047619,1.9047619047619049,0.1251883047619047,8,21,2021-06-22 09:54:35,52.51404333333333,13.349538333333332,31.9,32.410000000000004,126.5,0.065,0.04,18.14,18.14,14.06,0.77,1011.9,4.07,0.97,3.0,16.093,1.37601,Großer Stern,9.928903799755169,16286.099757193835,pc4,Park,2021-06-22 09:54:35,52.51415166666666,13.349378333333334,35.0,33.891600000000004,129.8,0.065,0.04,18.14,18.14,14.06,0.77,1011.9,4.07,0.97,3.0,16.093,2.75414,Großer Stern,11.386076456776603,16267.98146733194,pc2,Park,False,False,16.187143987219873,20,2,-0.05
1624348475.517575,2021-06-22T07:54:35.517575Z,52.51415166666666,13.349378333333334,2,4,S1,1624348475.517575,17.3149655,-70.16529,-49.076185,0.0010486624,44.0,319.05,5.8,0.096338026,8,20,2021-06-22 09:54:35,52.51415166666666,13.349378333333334,35.0,33.891600000000004,129.8,0.065,0.04,18.14,18.14,14.06,0.77,1011.9,4.07,0.97,3.0,16.093,2.75414,Großer Stern,11.386076456776603,16267.98146733194,pc2,Park,2021-06-22 09:54:35,52.51404333333333,13.349538333333332,31.9,32.410000000000004,126.5,0.065,0.04,18.14,18.14,14.06,0.77,1011.9,4.07,0.97,3.0,16.093,1.37601,Großer Stern,9.928903799755169,16286.099757193835,pc4,Park,False,False,16.187143987219873,20,2,0.0
1624348476.492565,2021-06-22T07:54:36.492564Z,52.51399833333333,13.349648333333333,4,2,S1,1624348476.492565,20.637868421052637,-65.18057368421053,-44.15285263157895,0.0017450928947368,45.0,417.10526315789474,0.3157894736842105,0.2993961157894736,8,19,2021-06-22 09:54:36,52.51399833333333,13.349648333333333,31.9,32.410000000000004,119.8,0.065,0.04,18.14,18.14,14.06,0.77,1011.9,4.07,0.97,3.0,16.093,3.0964,Großer Stern,10.62853111715112,16295.273640948391,pc4,Park,2021-06-22 09:54:36,52.514095,13.349485,34.9,33.891600000000004,129.5,0.065,0.04,18.14,18.14,14.06,0.77,1011.9,4.07,0.97,3.0,16.093,1.37601,Großer Stern,11.681054983977466,16276.99568519562,pc2,Park,False,False,15.408372722333548,20,2,0.05
1624348476.5054736,2021-06-22T07:54:36.505473Z,52.514095,13.349485,2,4,S1,1624348476.5054736,19.477762631578948,-67.29123157894738,-46.10977894736842,0.0012645640526315,44.0,418.05263157894734,3.684210526315789,0.1596006457894737,8,19,2021-06-22 09:54:36,52.514095,13.349485,34.9,33.891600000000004,129.5,0.065,0.04,18.14,18.14,14.06,0.77,1011.9,4.07,0.97,3.0,16.093,1.37601,Großer Stern,11.681054983977466,16276.99568519562,pc2,Park,2021-06-22 09:54:36,52.51399833333333,13.349648333333333,31.9,32.410000000000004,119.8,0.065,0.04,18.14,18.14,14.06,0.77,1011.9,4.07,0.97,3.0,16.093,3.0964,Großer Stern,10.62853111715112,16295.273640948391,pc4,Park,False,False,15.408372722333548,20,2,0.05
1624348477.4792056,2021-06-22T07:54:37.479205Z,52.51396,13.349763333333334,4,2,S1,1624348477.4792056,22.387835000000003,-62.513525,-41.59749,0.00202085715,45.0,515.5,3.0,0.44871473,8,20,2021-06-22 09:54:37,52.51396,13.349763333333334,31.8,32.595200000000006,113.4,0.065,0.04,18.14,18.14,14.06,0.77,1011.9,4.07,0.97,3.0,16.093,2.75414,Großer Stern,8.821197741271437,16304.54674434649,pc4,Park,2021-06-22 09:54:37,52.51404333333333,13.349595,34.9,33.52120000000001,126.7,0.065,0.04,18.14,18.14,14.06,0.77,1011.9,4.07,0.97,3.0,16.093,1.37601,Großer Stern,12.47638213991765,16286.099757193835,pc2,Park,False,False,14.675241570316684,20,2,0.0
1624348477.517275,2021-06-22T07:54:37.517275Z,52.51404333333333,13.349595,2,4,S1,1624348477.517275,21.65013,-64.15629,-43.22404,0.00154304395,44.0,519.5,1.0,0.28729872,8,20,2021-06-22 09:54:37,52.51404333333333,13.349595,34.9,33.52120000000001,126.7,0.065,0.04,18.14,18.14,14.06,0.77,1011.9,4.07,0.97,3.0,16.093,1.37601,Großer Stern,12.47638213991765,16286.099757193835,pc2,Park,2021-06-22 09:54:37,52.51396,13.349763333333334,31.8,32.595200000000006,113.4,0.065,0.04,18.14,18.14,14.06,0.77,1011.9,4.07,0.97,3.0,16.093,2.75414,Großer Stern,8.821197741271437,16304.54674434649,pc4,Park,False,False,14.675241570316684,20,2,0.0
1624348478.4792066,2021-06-22T07:54:38.479206Z,52.51393333333333,13.349888333333332,4,2,S1,1624348478.4792066,22.981115,-61.74182,-40.85297,0.0025256335,45.0,615.5,3.0,0.48138185,8,20,2021-06-22 09:54:38,52.51393333333333,13.349888333333332,31.6,32.595200000000006,105.7,0.065,0.04,18.14,18.14,14.06,0.77,1011.9,4.07,0.97,3.0,16.093,2.75414,Großer Stern,8.301236220210185,16304.54674434649,pc4,Park,2021-06-22 09:54:38,52.51399666666666,13.34971,34.9,33.52120000000001,119.1,0.065,0.04,18.14,18.14,14.06,0.77,1011.9,4.07,0.97,3.0,16.093,3.0964,Großer Stern,11.715058808877684,16295.273640948391,pc2,Park,False,False,13.963755181939446,20,2,0.0
1624348478.5172725,2021-06-22T07:54:38.517272Z,52.51399666666666,13.34971,2,4,S1,1624348478.5172725,21.30168,-64.77822499999999,-43.833115,0.0014188438,44.0,619.5,1.0,0.237158925,8,20,2021-06-22 09:54:38,52.51399666666666,13.34971,34.9,33.52120000000001,119.1,0.065,0.04,18.14,18.14,14.06,0.77,1011.9,4.07,0.97,3.0,16.093,3.0964,Großer Stern,11.715058808877684,16295.273640948391,pc2,Park,2021-06-22 09:54:38,52.51393333333333,13.349888333333332,31.6,32.595200000000006,105.7,0.065,0.04,18.14,18.14,14.06,0.77,1011.9,4.07,0.97,3.0,16.093,2.75414,Großer Stern,8.301236220210185,16304.54674434649,pc4,Park,False,False,13.963755181939446,20,2,0.0
1624348479.479837,2021-06-22T07:54:39.479836Z,52.51391666666667,13.350016666666669,4,2,S1,1624348479.479837,18.252316,-68.40535,-47.29114,0.0013170545,45.0,715.55,3.15,0.141582885,8,20,2021-06-22 09:54:39,52.51391666666667,13.350016666666669,31.5,32.595200000000006,98.1,0.065,0.04,18.14,18.14,14.06,0.77,1011.9,4.07,0.97,3.0,16.093,3.0964,Großer Stern,7.345615420598219,16313.924361418252,pc4,Park,2021-06-22 09:54:39,52.51396,13.349831666666669,34.8,32.9656,111.4,0.065,0.04,18.14,18.14,14.06,0.77,1011.9,4.07,0.97,3.0,16.093,2.75414,Großer Stern,10.12216655242417,16304.54674434649,pc2,Park,False,False,13.405535830324254,20,2,0.0
1624348479.5179513,2021-06-22T07:54:39.517951Z,52.51396,13.349831666666669,2,4,S1,1624348479.5179513,16.472686,-69.949405,-48.716655,0.0035038739,44.0,719.55,1.2,0.081856204,8,20,2021-06-22 09:54:39,52.51396,13.349831666666669,34.8,32.9656,111.4,0.065,0.04,18.14,18.14,14.06,0.77,1011.9,4.07,0.97,3.0,16.093,2.75414,Großer Stern,10.12216655242417,16304.54674434649,pc2,Park,2021-06-22 09:54:39,52.51391666666667,13.350016666666669,31.5,32.595200000000006,98.1,0.065,0.04,18.14,18.14,14.06,0.77,1011.9,4.07,0.97,3.0,16.093,3.0964,Großer Stern,7.345615420598219,16313.924361418252,pc4,Park,False,False,13.405535830324254,20,2,0.0
1624348480.4791825,2021-06-22T07:54:40.479182Z,52.51391,13.350148333333332,4,2,S1,1624348480.4791825,19.18039,-67.25494,-46.12924,0.0013993344,45.0,815.5,3.0,0.22956769,8,20,2021-06-22 09:54:40,52.51391,13.350148333333332,31.5,32.595200000000006,91.5,0.065,0.04,18.14,18.14,14.06,0.77,1011.9,4.07,0.97,3.0,16.093,2.87596,Großer Stern,5.6820517672869135,16323.403748229042,pc4,Park,2021-06-22 09:54:40,52.51393333333333,13.34996,34.8,32.9656,104.4,0.065,0.04,18.14,18.14,14.06,0.77,1011.9,4.07,0.97,3.0,16.093,3.0964,Großer Stern,8.79631685312616,16313.924361418252,pc2,Park,False,False,12.996914382662894,20,2,0.0
1624348480.504042,2021-06-22T07:54:40.504042Z,52.51393333333333,13.34996,2,4,S1,1624348480.504042,16.635602,-70.398295,-48.933655,0.0011202348,44.0,818.2,0.75,0.121439988,8,20,2021-06-22 09:54:40,52.51393333333333,13.34996,34.8,32.9656,104.4,0.065,0.04,18.14,18.14,14.06,0.77,1011.9,4.07,0.97,3.0,16.093,3.0964,Großer Stern,8.79631685312616,16313.924361418252,pc2,Park,2021-06-22 09:54:40,52.51391,13.350148333333332,31.5,32.595200000000006,91.5,0.065,0.04,18.14,18.14,14.06,0.77,1011.9,4.07,0.97,3.0,16.093,2.87596,Großer Stern,5.6820517672869135,16323.403748229042,pc4,Park,False,False,12.996914382662894,20,2,0.0
1624348481.479179,2021-06-22T07:54:41.479178Z,52.513913333333335,13.350281666666667,4,2,S1,1624348481.479179,21.95415,-64.332945,-43.32813,0.00138746645,45.0,915.5,3.0,0.272214315,8,20,2021-06-22 09:54:41,52.513913333333335,13.350281666666667,31.3,33.1508,83.9,0.065,0.04,18.14,18.14,14.06,0.77,1011.9,4.07,0.97,3.0,16.093,3.0964,Großer Stern,4.353209503136899,16332.9655990346,pc4,Park,2021-06-22 09:54:41,52.513918333333336,13.350088333333334,34.8,30.558,96.0,0.065,0.04,18.14,18.14,14.06,0.77,1011.9,4.07,0.97,3.0,16.093,2.87596,Großer Stern,7.044271490106482,16323.403748229042,pc2,Park,False,False,13.084928755242167,20,2,0.0
1624348481.5025382,2021-06-22T07:54:41.502538Z,52.513918333333336,13.350088333333334,2,4,S1,1624348481.5025382,19.1181505,-67.37121499999999,-46.24485,0.0013083922499999,44.0,918.0,1.25,0.1451993644999999,8,20,2021-06-22 09:54:41,52.513918333333336,13.350088333333334,34.8,30.558,96.0,0.065,0.04,18.14,18.14,14.06,0.77,1011.9,4.07,0.97,3.0,16.093,2.87596,Großer Stern,7.044271490106482,16323.403748229042,pc2,Park,2021-06-22 09:54:41,52.513913333333335,13.350281666666667,31.3,33.1508,83.9,0.065,0.04,18.14,18.14,14.06,0.77,1011.9,4.07,0.97,3.0,16.093,3.0964,Großer Stern,4.353209503136899,16332.9655990346,pc4,Park,False,False,13.084928755242167,20,2,0.0
1624348482.4833722,2021-06-22T07:54:42.483372Z,52.51392833333333,13.350416666666666,4,2,S1,1624348482.4833722,19.76092285714285,-66.8806761904762,-45.687219047619045,0.0012423355238095,45.0,577.047619047619,3.142857142857143,0.2079150328571428,8,21,2021-06-22 09:54:42,52.51392833333333,13.350416666666666,31.2,33.52120000000001,76.6,0.065,0.04,18.14,18.14,14.06,0.77,1011.9,4.07,0.97,3.0,16.093,3.0964,Großer Stern,3.978975811017113,16342.60317917077,pc4,Park,2021-06-22 09:54:42,52.513915,13.3502,34.8,24.6316,89.4,0.065,0.04,18.14,18.14,14.06,0.77,1011.9,4.07,0.97,3.0,16.093,3.0964,Großer Stern,5.603213327111273,16332.9655990346,pc2,Park,False,False,14.72493180149934,20,2,-0.05
1624348482.5232005,2021-06-22T07:54:42.523200Z,52.513915,13.3502,2,4,S1,1624348482.5232005,17.889686666666666,-68.53722857142857,-47.28971904761905,0.001451902,44.0,532.0952380952381,4.761904761904762,0.1490356652380952,8,21,2021-06-22 09:54:42,52.513915,13.3502,34.8,24.6316,89.4,0.065,0.04,18.14,18.14,14.06,0.77,1011.9,4.07,0.97,3.0,16.093,3.0964,Großer Stern,5.603213327111273,16332.9655990346,pc2,Park,2021-06-22 09:54:42,52.51392833333333,13.350416666666666,31.2,33.52120000000001,76.6,0.065,0.04,18.14,18.14,14.06,0.77,1011.9,4.07,0.97,3.0,16.093,3.0964,Großer Stern,3.978975811017113,16342.60317917077,pc4,Park,False,False,14.72493180149934,20,2,-0.05
1624348483.4918418,2021-06-22T07:54:43.491841Z,52.51395166666666,13.35055,4,2,S1,1624348483.4918418,19.759833333333333,-66.41016666666667,-45.2366,0.001514017047619,45.0,93.04761904761904,0.1428571428571428,0.1907975571428571,8,21,2021-06-22 09:54:43,52.51395166666666,13.35055,31.3,33.52120000000001,72.5,0.065,0.04,18.14,18.14,14.06,0.77,1011.9,4.07,0.97,3.0,16.093,2.8588,Großer Stern,5.126164948330909,16352.332909100583,pc4,Park,2021-06-22 09:54:43,52.513915,13.350283333333334,34.8,17.408800000000003,84.0,0.065,0.04,18.14,18.14,14.06,0.77,1011.9,4.07,0.97,3.0,16.093,3.0964,Großer Stern,4.513093677609894,16332.9655990346,pc2,Park,False,False,18.484824182359024,20,2,-0.05
1624348483.5172849,2021-06-22T07:54:43.517284Z,52.513915,13.350283333333334,2,4,S1,1624348483.5172849,19.347565,-67.430115,-46.377555,0.0011758229,44.0,95.1,5.0,0.122835235,8,20,2021-06-22 09:54:43,52.513915,13.350283333333334,34.8,17.408800000000003,84.0,0.065,0.04,18.14,18.14,14.06,0.77,1011.9,4.07,0.97,3.0,16.093,3.0964,Großer Stern,4.513093677609894,16332.9655990346,pc2,Park,2021-06-22 09:54:43,52.51395166666666,13.35055,31.3,33.52120000000001,72.5,0.065,0.04,18.14,18.14,14.06,0.77,1011.9,4.07,0.97,3.0,16.093,2.8588,Großer Stern,5.126164948330909,16352.332909100583,pc4,Park,False,False,18.484824182359024,20,2,0.0
1624348484.49661,2021-06-22T07:54:44.496609Z,52.51398,13.350681666666668,4,2,S1,1624348484.49661,17.557902631578948,-69.12218421052631,-46.89938947368421,0.0023400837368421,45.0,193.52631578947367,0.1578947368421052,0.0934763052631579,8,19,2021-06-22 09:54:44,52.51398,13.350681666666668,31.3,33.52120000000001,69.7,0.065,0.04,18.14,18.14,14.06,0.77,1011.9,4.07,0.97,3.0,16.093,2.8588,Großer Stern,1.1587470700086862,16362.180145219434,pc4,Park,2021-06-22 09:54:44,52.513918333333336,13.350336666666667,34.8,10.7416,80.2,0.065,0.04,18.14,18.14,14.06,0.77,1011.9,4.07,0.97,3.0,16.093,3.0964,Großer Stern,4.178790481709999,16332.9655990346,pc2,Park,False,False,24.31163109518977,20,2,0.05
1624348484.5019355,2021-06-22T07:54:44.501935Z,52.513918333333336,13.350336666666667,2,4,S1,1624348484.5019355,15.5960065,-72.00271000000001,-50.57728,0.001068202,44.0,193.55,5.15,0.045695815,8,20,2021-06-22 09:54:44,52.513918333333336,13.350336666666667,34.8,10.7416,80.2,0.065,0.04,18.14,18.14,14.06,0.77,1011.9,4.07,0.97,3.0,16.093,3.0964,Großer Stern,4.178790481709999,16332.9655990346,pc2,Park,2021-06-22 09:54:44,52.51398,13.350681666666668,31.3,33.52120000000001,69.7,0.065,0.04,18.14,18.14,14.06,0.77,1011.9,4.07,0.97,3.0,16.093,2.8588,Großer Stern,1.1587470700086862,16362.180145219434,pc4,Park,False,False,24.31163109518977,20,2,0.0
1624348485.50259,2021-06-22T07:54:45.502589Z,52.51392,13.350363333333334,2,4,S1,1624348485.50259,12.6285965,-75.57614,-53.859655,0.0008109289,44.0,293.6,5.3,0.0192494245,8,20,2021-06-22 09:54:45,52.51392,13.350363333333334,34.7,4.4448,80.2,0.065,0.04,18.14,18.14,14.06,0.77,1011.9,4.07,0.97,3.0,16.093,3.0964,Großer Stern,4.011638957828399,16342.60317917077,pc2,Park,2021-06-22 09:54:45,52.51401166666667,13.350813333333331,31.3,33.7064,66.2,0.065,0.04,18.14,18.14,14.06,0.77,1011.9,4.07,0.97,3.0,16.093,3.0964,Großer Stern,1.5596938755799814,16372.194481521088,pc4,Park,False,False,32.08447817516146,20,2,0.0
1624348485.5051897,2021-06-22T07:54:45.505189Z,52.51401166666667,13.350813333333331,4,2,S1,1624348485.5051897,15.2341,-72.1893388888889,-48.60305555555556,0.0010451042222222,45.0,294.3888888888889,0.1111111111111111,0.0440771805555555,8,18,2021-06-22 09:54:45,52.51401166666667,13.350813333333331,31.3,33.7064,66.2,0.065,0.04,18.14,18.14,14.06,0.77,1011.9,4.07,0.97,3.0,16.093,3.0964,Großer Stern,1.5596938755799814,16372.194481521088,pc4,Park,2021-06-22 09:54:45,52.51392,13.350363333333334,34.7,4.4448,80.2,0.065,0.04,18.14,18.14,14.06,0.77,1011.9,4.07,0.97,3.0,16.093,3.0964,Großer Stern,4.011638957828399,16342.60317917077,pc2,Park,False,False,32.08447817516146,20,2,0.1
1624348486.4846592,2021-06-22T07:54:46.484659Z,52.51392,13.35037,2,4,S1,1624348486.4846592,15.21076842105263,-72.8437,-51.52756315789473,0.0008492358947368,44.0,391.7368421052632,6.0,0.0408880752631578,8,19,2021-06-22 09:54:46,52.51392,13.35037,34.7,0.0,80.2,0.065,0.04,18.14,18.14,14.06,0.77,1011.9,4.07,0.97,3.0,16.093,3.0964,Großer Stern,3.9244294435622233,16342.60317917077,pc2,Park,2021-06-22 09:54:46,52.51405,13.350941666666667,31.3,34.0768,59.3,0.065,0.04,18.14,18.14,14.06,0.77,1011.9,4.07,0.97,3.0,16.093,3.0964,Großer Stern,4.638145650083703,16372.194481521088,pc4,Park,False,False,41.261283330909706,20,2,0.05
1624348486.5254242,2021-06-22T07:54:46.525424Z,52.51405,13.350941666666667,4,2,S1,1624348486.5254242,15.949974736842105,-71.46344736842104,-48.359231578947366,0.0009907369473684,45.0,396.42105263157896,0.0,0.0601625905263157,8,19,2021-06-22 09:54:46,52.51405,13.350941666666667,31.3,34.0768,59.3,0.065,0.04,18.14,18.14,14.06,0.77,1011.9,4.07,0.97,3.0,16.093,3.0964,Großer Stern,4.638145650083703,16372.194481521088,pc4,Park,2021-06-22 09:54:46,52.51392,13.35037,34.7,0.0,80.2,0.065,0.04,18.14,18.14,14.06,0.77,1011.9,4.07,0.97,3.0,16.093,3.0964,Großer Stern,3.9244294435622233,16342.60317917077,pc2,Park,False,False,41.261283330909706,20,2,0.05
1624348487.484583,2021-06-22T07:54:47.484582Z,52.51392,13.350366666666666,2,4,S1,1624348487.484583,16.226693333333333,-71.53340476190476,-50.23398095238095,0.0009339914761904,44.0,491.4285714285714,9.0,0.0532546428571428,8,21,2021-06-22 09:54:47,52.51392,13.350366666666666,34.7,0.0,80.2,0.065,0.04,18.14,18.14,14.06,0.77,1011.9,4.07,0.97,3.0,16.093,3.0964,Großer Stern,3.96803420032486,16342.60317917077,pc2,Park,2021-06-22 09:54:47,52.5141,13.351055,31.3,33.891600000000004,49.1,0.065,0.04,18.14,18.14,14.06,0.77,1011.9,4.07,0.97,3.0,16.093,1.85614,Großer Stern,7.236686443138406,16382.435015593896,pc4,Park,False,False,50.65291959410814,20,2,-0.05
1624348487.4919224,2021-06-22T07:54:47.491922Z,52.5141,13.351055,4,2,S1,1624348487.4919224,16.73479052631579,-69.6957947368421,-48.50809473684211,0.0012963758421052,45.0,493.05263157894734,0.1578947368421052,0.0766664894736842,8,19,2021-06-22 09:54:47,52.5141,13.351055,31.3,33.891600000000004,49.1,0.065,0.04,18.14,18.14,14.06,0.77,1011.9,4.07,0.97,3.0,16.093,1.85614,Großer Stern,7.236686443138406,16382.435015593896,pc4,Park,2021-06-22 09:54:47,52.51392,13.350366666666666,34.7,0.0,80.2,0.065,0.04,18.14,18.14,14.06,0.77,1011.9,4.07,0.97,3.0,16.093,3.0964,Großer Stern,3.96803420032486,16342.60317917077,pc2,Park,False,False,50.65291959410814,20,2,0.05
1624348488.480495,2021-06-22T07:54:48.480494Z,52.51415833333333,13.351151666666668,4,2,S1,1624348488.480495,14.8085245,-72.518195,-50.997945,0.0010120785,45.0,591.6,3.3,0.0466884375,8,20,2021-06-22 09:54:48,52.51415833333333,13.351151666666668,31.4,33.336,41.3,0.065,0.04,18.14,18.14,14.06,0.77,1011.9,4.07,0.97,3.0,16.093,2.17399,Großer Stern,9.959757870082308,16392.861138871966,pc4,Park,2021-06-22 09:54:48,52.51392,13.350363333333334,34.7,0.0,80.2,0.065,0.04,18.14,18.14,14.06,0.77,1011.9,4.07,0.97,3.0,16.093,3.0964,Großer Stern,4.011638957828399,16342.60317917077,pc2,Park,False,False,59.51323512170588,20,2,0.0
1624348488.5043378,2021-06-22T07:54:48.504337Z,52.51392,13.350363333333334,2,4,S1,1624348488.5043378,12.26608505,-74.972065,-53.15531,0.0010094675,44.0,594.1,2.05,0.0280864485,8,20,2021-06-22 09:54:48,52.51392,13.350363333333334,34.7,0.0,80.2,0.065,0.04,18.14,18.14,14.06,0.77,1011.9,4.07,0.97,3.0,16.093,3.0964,Großer Stern,4.011638957828399,16342.60317917077,pc2,Park,2021-06-22 09:54:48,52.51415833333333,13.351151666666668,31.4,33.336,41.3,0.065,0.04,18.14,18.14,14.06,0.77,1011.9,4.07,0.97,3.0,16.093,2.17399,Großer Stern,9.959757870082308,16392.861138871966,pc4,Park,False,False,59.51323512170588,20,2,0.0
1624348489.4850795,2021-06-22T07:54:49.485079Z,52.513918333333336,13.35036,2,4,S1,1624348489.4850795,9.87960875,-77.86460625000001,-53.66040625,0.000843323125,44.0,692.25,1.25,0.0131119675,8,16,2021-06-22 09:54:49,52.513918333333336,13.35036,34.8,0.0,80.2,0.065,0.04,18.14,18.14,14.06,0.77,1011.9,4.07,0.97,3.0,16.093,3.0964,Großer Stern,3.873557151890885,16342.60317917077,pc2,Park,2021-06-22 09:54:49,52.51422333333333,13.351235,31.3,33.336,39.1,0.065,0.04,18.14,18.14,14.06,0.77,1011.9,4.07,0.97,3.0,16.093,2.19842,Großer Stern,12.83012662478077,16403.39905352359,pc4,Park,False,False,68.17416734207048,20,2,0.2
1624348489.4970653,2021-06-22T07:54:49.497065Z,52.51422333333333,13.351235,4,2,S1,1624348489.4970653,9.470264285714286,-77.93016666666666,-55.33457142857143,0.0009173135238095,45.0,693.4285714285714,1.5714285714285714,0.0118156852380952,8,21,2021-06-22 09:54:49,52.51422333333333,13.351235,31.3,33.336,39.1,0.065,0.04,18.14,18.14,14.06,0.77,1011.9,4.07,0.97,3.0,16.093,2.19842,Großer Stern,12.83012662478077,16403.39905352359,pc4,Park,2021-06-22 09:54:49,52.513918333333336,13.35036,34.8,0.0,80.2,0.065,0.04,18.14,18.14,14.06,0.77,1011.9,4.07,0.97,3.0,16.093,3.0964,Großer Stern,3.873557151890885,16342.60317917077,pc2,Park,False,False,68.17416734207048,20,2,-0.05
1624348490.4971182,2021-06-22T07:54:50.497118Z,52.513918333333336,13.35036,2,4,S1,1624348490.4971182,10.684859789473684,-77.67556315789474,-54.528636842105264,0.0007075381052631,44.0,793.421052631579,1.631578947368421,0.0134369968421052,8,19,2021-06-22 09:54:50,52.513918333333336,13.35036,34.8,0.0,80.2,0.065,0.04,18.14,18.14,14.06,0.77,1011.9,4.07,0.97,3.0,16.093,3.0964,Großer Stern,3.873557151890885,16342.60317917077,pc2,Park,2021-06-22 09:54:50,52.51428833333333,13.351318333333332,31.4,32.595200000000006,39.2,0.065,0.04,18.14,18.14,14.06,0.77,1011.9,4.07,0.97,3.0,16.093,0.09248,Yitzhak-Rabin-Straße,11.803397620247924,16413.974831594194,pc4,Park,False,False,76.72980006103371,20,2,0.05
1624348490.5049305,2021-06-22T07:54:50.504930Z,52.51428833333333,13.351318333333332,4,2,S1,1624348490.5049305,11.648606111111112,-76.20739999999999,-54.22792222222223,0.0008600273333333,45.0,793.9444444444445,4.277777777777778,0.0163445638888888,8,18,2021-06-22 09:54:50,52.51428833333333,13.351318333333332,31.4,32.595200000000006,39.2,0.065,0.04,18.14,18.14,14.06,0.77,1011.9,4.07,0.97,3.0,16.093,0.09248,Yitzhak-Rabin-Straße,11.803397620247924,16413.974831594194,pc4,Park,2021-06-22 09:54:50,52.513918333333336,13.35036,34.8,0.0,80.2,0.065,0.04,18.14,18.14,14.06,0.77,1011.9,4.07,0.97,3.0,16.093,3.0964,Großer Stern,3.873557151890885,16342.60317917077,pc2,Park,False,False,76.72980006103371,20,2,0.1
1624348491.4501426,2021-06-22T07:54:51.450142Z,52.51434833333333,13.351398333333334,4,2,S1,1624348491.4501426,10.157085555555556,-77.27464444444445,-54.8795,0.0009125881111111,45.0,888.3333333333334,5.611111111111111,0.013679265,8,18,2021-06-22 09:54:51,52.51434833333333,13.351398333333334,31.4,30.743200000000005,40.6,0.065,0.04,18.14,18.14,14.06,0.77,1011.9,4.07,0.97,3.0,16.093,0.09248,Yitzhak-Rabin-Straße,9.815063797168554,16424.541788329625,pc4,Park,2021-06-22 09:54:51,52.513918333333336,13.35036,34.8,0.0,80.2,0.065,0.04,18.14,18.14,14.06,0.77,1011.9,4.07,0.97,3.0,16.093,3.0964,Großer Stern,3.873557151890885,16342.60317917077,pc2,Park,False,False,84.91119592239009,20,2,0.1
1624348491.453139,2021-06-22T07:54:51.453139Z,52.513918333333336,13.35036,2,4,S1,1624348491.453139,7.995224444444444,-79.83761666666666,-56.90302777777778,0.0007842910555555,44.0,888.8888888888889,2.9444444444444446,0.0066031638888888,8,18,2021-06-22 09:54:51,52.513918333333336,13.35036,34.8,0.0,80.2,0.065,0.04,18.14,18.14,14.06,0.77,1011.9,4.07,0.97,3.0,16.093,3.0964,Großer Stern,3.873557151890885,16342.60317917077,pc2,Park,2021-06-22 09:54:51,52.51434833333333,13.351398333333334,31.4,30.743200000000005,40.6,0.065,0.04,18.14,18.14,14.06,0.77,1011.9,4.07,0.97,3.0,16.093,0.09248,Yitzhak-Rabin-Straße,9.815063797168554,16424.541788329625,pc4,Park,False,False,84.91119592239009,20,2,0.1
1624348492.4302874,2021-06-22T07:54:52.430287Z,52.513918333333336,13.350358333333332,2,4,S1,1624348492.4302874,6.466648000000001,-81.23935,-57.96635,0.00077301,44.0,884.3,2.0,0.004612356,8,10,2021-06-22 09:54:52,52.513918333333336,13.350358333333332,34.8,0.0,80.2,0.065,0.04,18.14,18.14,14.06,0.77,1011.9,4.07,0.97,3.0,16.093,3.0964,Großer Stern,3.895359531365462,16342.60317917077,pc2,Park,2021-06-22 09:54:52,52.51440333333333,13.351478333333333,31.3,27.2244,42.9,0.065,0.04,18.14,18.14,14.06,0.77,1011.9,4.07,0.97,3.0,16.093,0.20194,Yitzhak-Rabin-Straße,7.761233053581926,16424.541788329625,pc4,Park,False,False,92.93340508855506,20,2,0.5
1624348492.446022,2021-06-22T07:54:52.446022Z,52.51440333333333,13.351478333333333,4,2,S1,1624348492.446022,6.293147142857143,-80.21632857142858,-56.99849285714286,0.0010444337142857,45.0,841.7142857142857,4.857142857142857,0.0059132207142857,8,14,2021-06-22 09:54:52,52.51440333333333,13.351478333333333,31.3,27.2244,42.9,0.065,0.04,18.14,18.14,14.06,0.77,1011.9,4.07,0.97,3.0,16.093,0.20194,Yitzhak-Rabin-Straße,7.761233053581926,16424.541788329625,pc4,Park,2021-06-22 09:54:52,52.513918333333336,13.350358333333332,34.8,0.0,80.2,0.065,0.04,18.14,18.14,14.06,0.77,1011.9,4.07,0.97,3.0,16.093,3.0964,Großer Stern,3.895359531365462,16342.60317917077,pc2,Park,False,False,92.93340508855506,20,2,0.3
1624348493.4959936,2021-06-22T07:54:53.495993Z,52.513918333333336,13.350358333333332,2,4,S1,1624348493.4959936,5.16753,-82.35200909090909,-56.83431818181818,0.0007457611818181,44.0,69.0,4.727272727272728,0.0036173909090909,8,11,2021-06-22 09:54:53,52.513918333333336,13.350358333333332,34.8,0.0,80.2,0.065,0.04,18.14,18.14,14.06,0.77,1011.9,4.07,0.97,3.0,16.093,3.0964,Großer Stern,3.895359531365462,16342.60317917077,pc2,Park,2021-06-22 09:54:53,52.51444666666666,13.351545,31.4,22.0388,43.5,0.065,0.04,18.14,18.14,14.06,0.77,1011.9,4.07,0.97,3.0,16.093,0.20194,Yitzhak-Rabin-Straße,5.4295547385098,16435.1416987115,pc4,Park,False,False,99.40520538156538,20,2,0.45
1624348493.543192,2021-06-22T07:54:53.543192Z,52.51444666666666,13.351545,4,2,S1,1624348493.543192,5.8073605,-80.95801428571428,-57.28866428571428,0.0009244821428571,45.0,73.85714285714286,3.4285714285714284,0.0055263,8,14,2021-06-22 09:54:53,52.51444666666666,13.351545,31.4,22.0388,43.5,0.065,0.04,18.14,18.14,14.06,0.77,1011.9,4.07,0.97,3.0,16.093,0.20194,Yitzhak-Rabin-Straße,5.4295547385098,16435.1416987115,pc4,Park,2021-06-22 09:54:53,52.513918333333336,13.350358333333332,34.8,0.0,80.2,0.065,0.04,18.14,18.14,14.06,0.77,1011.9,4.07,0.97,3.0,16.093,3.0964,Großer Stern,3.895359531365462,16342.60317917077,pc2,Park,False,False,99.40520538156538,20,2,0.3
1624348494.4523735,2021-06-22T07:54:54.452373Z,52.514475,13.351606666666669,4,2,S1,1624348494.4523735,6.097555833333334,-80.65793333333333,-52.522875,0.00096008525,45.0,164.58333333333334,5.333333333333333,0.0057082375,8,12,2021-06-22 09:54:54,52.514475,13.351606666666669,31.5,16.1124,55.3,0.065,0.04,18.14,18.14,14.06,0.77,1011.9,4.07,0.97,3.0,16.093,0.20194,Yitzhak-Rabin-Straße,3.87747680676482,16445.79761549241,pc4,Park,2021-06-22 09:54:54,52.513918333333336,13.350358333333332,34.8,0.0,80.2,0.065,0.04,18.14,18.14,14.06,0.77,1011.9,4.07,0.97,3.0,16.093,3.0964,Großer Stern,3.895359531365462,16342.60317917077,pc2,Park,False,False,104.62848339345284,20,2,0.4
1624348494.6557117,2021-06-22T07:54:54.655711Z,52.513918333333336,13.350358333333332,2,4,S1,1624348494.6557117,5.617546222222222,-81.58817777777777,-58.138444444444445,0.0008242936666666,44.0,185.11111111111111,3.333333333333333,0.0044035588888888,8,9,2021-06-22 09:54:54,52.513918333333336,13.350358333333332,34.8,0.0,80.2,0.065,0.04,18.14,18.14,14.06,0.77,1011.9,4.07,0.97,3.0,16.093,3.0964,Großer Stern,3.895359531365462,16342.60317917077,pc2,Park,2021-06-22 09:54:54,52.514475,13.351606666666669,31.5,16.1124,55.3,0.065,0.04,18.14,18.14,14.06,0.77,1011.9,4.07,0.97,3.0,16.093,0.20194,Yitzhak-Rabin-Straße,3.87747680676482,16445.79761549241,pc4,Park,False,False,104.62848339345284,20,2,0.55
1624348495.4965928,2021-06-22T07:54:55.496592Z,52.51449333333333,13.351648333333332,4,2,S1,1624348495.4965928,5.368115833333333,-81.418475,-54.44755,0.00091011925,45.0,269.1666666666667,3.75,0.0045151141666666,8,12,2021-06-22 09:54:55,52.51449333333333,13.351648333333332,31.5,9.26,59.9,0.065,0.04,18.14,18.14,14.06,0.77,1011.9,4.07,0.97,3.0,16.093,0.09248,Yitzhak-Rabin-Straße,2.9135542167590875,16445.79761549241,pc4,Park,2021-06-22 09:54:55,52.513918333333336,13.350358333333332,34.8,0.0,80.2,0.065,0.04,18.14,18.14,14.06,0.77,1011.9,4.07,0.97,3.0,16.093,3.0964,Großer Stern,3.895359531365462,16342.60317917077,pc2,Park,False,False,108.10451252308502,20,2,0.4
1624348495.5485687,2021-06-22T07:54:55.548568Z,52.513918333333336,13.350358333333332,2,4,S1,1624348495.5485687,4.868419230769231,-83.18811538461539,-58.9658,0.0006414011538461,44.0,274.38461538461536,3.3846153846153846,0.0029315669230769,8,13,2021-06-22 09:54:55,52.513918333333336,13.350358333333332,34.8,0.0,80.2,0.065,0.04,18.14,18.14,14.06,0.77,1011.9,4.07,0.97,3.0,16.093,3.0964,Großer Stern,3.895359531365462,16342.60317917077,pc2,Park,2021-06-22 09:54:55,52.51449333333333,13.351648333333332,31.5,9.26,59.9,0.065,0.04,18.14,18.14,14.06,0.77,1011.9,4.07,0.97,3.0,16.093,0.09248,Yitzhak-Rabin-Straße,2.9135542167590875,16445.79761549241,pc4,Park,False,False,108.10451252308502,20,2,0.35
1624348496.449847,2021-06-22T07:54:56.449846Z,52.5145,13.351666666666668,4,2,S1,1624348496.449847,5.20830125,-81.45115,-57.5362875,0.00094061375,45.0,364.75,1.0,0.00429467,8,8,2021-06-22 09:54:56,52.5145,13.351666666666668,31.5,0.0,59.9,0.065,0.04,18.14,18.14,14.06,0.77,1011.9,4.07,0.97,3.0,16.093,0.09248,Yitzhak-Rabin-Straße,2.6358136747991296,16445.79761549241,pc4,Park,2021-06-22 09:54:56,52.513918333333336,13.350358333333332,34.8,0.0,80.2,0.065,0.04,18.14,18.14,14.06,0.77,1011.9,4.07,0.97,3.0,16.093,3.0964,Großer Stern,3.895359531365462,16342.60317917077,pc2,Park,False,False,109.54216127697406,20,2,0.6
1624348496.598811,2021-06-22T07:54:56.598810Z,52.513918333333336,13.350358333333332,2,4,S1,1624348496.598811,3.1890593125,-84.25315,-59.0368,0.00067292275,44.0,379.375,3.75,0.00235463625,8,8,2021-06-22 09:54:56,52.513918333333336,13.350358333333332,34.8,0.0,80.2,0.065,0.04,18.14,18.14,14.06,0.77,1011.9,4.07,0.97,3.0,16.093,3.0964,Großer Stern,3.895359531365462,16342.60317917077,pc2,Park,2021-06-22 09:54:56,52.5145,13.351666666666668,31.5,0.0,59.9,0.065,0.04,18.14,18.14,14.06,0.77,1011.9,4.07,0.97,3.0,16.093,0.09248,Yitzhak-Rabin-Straße,2.6358136747991296,16445.79761549241,pc4,Park,False,False,109.54216127697406,20,2,0.6
1624348497.5787876,2021-06-22T07:54:57.578787Z,52.513918333333336,13.350358333333332,2,4,S1,1624348497.5787876,5.915772,-82.12597,-58.34781,0.000673826,44.0,477.5,2.5,0.0038228769999999,8,10,2021-06-22 09:54:57,52.513918333333336,13.350358333333332,34.8,0.0,80.2,0.065,0.04,18.14,18.14,14.06,0.77,1011.9,4.07,0.97,3.0,16.093,3.0964,Großer Stern,3.895359531365462,16342.60317917077,pc2,Park,2021-06-22 09:54:57,52.51450166666667,13.351668333333333,31.7,0.0,59.9,0.065,0.04,18.14,18.14,14.06,0.77,1011.9,4.07,0.97,3.0,16.093,0.09248,Yitzhak-Rabin-Straße,2.4996663960327883,16445.79761549241,pc4,Park,False,False,109.74239008003964,20,2,0.5
1624348497.637024,2021-06-22T07:54:57.637023Z,52.51450166666667,13.351668333333333,4,2,S1,1624348497.637024,5.118329,-81.91376,-57.76129,0.0008285526,45.0,483.5,0.8,0.00419941,8,10,2021-06-22 09:54:57,52.51450166666667,13.351668333333333,31.7,0.0,59.9,0.065,0.04,18.14,18.14,14.06,0.77,1011.9,4.07,0.97,3.0,16.093,0.09248,Yitzhak-Rabin-Straße,2.4996663960327883,16445.79761549241,pc4,Park,2021-06-22 09:54:57,52.513918333333336,13.350358333333332,34.8,0.0,80.2,0.065,0.04,18.14,18.14,14.06,0.77,1011.9,4.07,0.97,3.0,16.093,3.0964,Großer Stern,3.895359531365462,16342.60317917077,pc2,Park,False,False,109.74239008003964,20,2,0.5
1624348498.3086104,2021-06-22T07:54:58.308610Z,52.51450166666667,13.351668333333333,4,2,S1,1624348498.3086104,4.0073448888888885,-82.74704444444444,-58.270766666666674,0.0008247152222222,45.0,550.6666666666666,0.7777777777777778,0.00326901,8,9,2021-06-22 09:54:58,52.51450166666667,13.351668333333333,31.6,0.0,59.9,0.065,0.04,18.14,18.14,14.06,0.77,1011.9,4.07,0.97,3.0,16.093,0.09248,Yitzhak-Rabin-Straße,2.4996663960327883,16445.79761549241,pc4,Park,2021-06-22 09:54:58,52.513918333333336,13.350358333333332,34.8,0.0,80.2,0.065,0.04,18.14,18.14,14.06,0.77,1011.9,4.07,0.97,3.0,16.093,3.0964,Großer Stern,3.895359531365462,16342.60317917077,pc2,Park,False,False,109.74239008003964,20,2,0.55
1624348498.4963105,2021-06-22T07:54:58.496310Z,52.513918333333336,13.350358333333332,2,4,S1,1624348498.4963105,5.813583333333334,-82.51276666666666,-58.25586666666666,0.0006381586666666,44.0,569.0,5.0,0.0033237166666666,8,3,2021-06-22 09:54:58,52.513918333333336,13.350358333333332,34.8,0.0,80.2,0.065,0.04,18.14,18.14,14.06,0.77,1011.9,4.07,0.97,3.0,16.093,3.0964,Großer Stern,3.895359531365462,16342.60317917077,pc2,Park,2021-06-22 09:54:58,52.51450166666667,13.351668333333333,31.6,0.0,59.9,0.065,0.04,18.14,18.14,14.06,0.77,1011.9,4.07,0.97,3.0,16.093,0.09248,Yitzhak-Rabin-Straße,2.4996663960327883,16445.79761549241,pc4,Park,False,False,109.74239008003964,20,2,0.85
1624348499.35281,2021-06-22T07:54:59.352810Z,52.513918333333336,13.350358333333332,2,4,S1,1624348499.35281,6.137530000000001,-82.19675,-58.40863333333333,0.0006335834999999,44.0,654.6666666666666,4.833333333333333,0.003844105,8,6,2021-06-22 09:54:59,52.513918333333336,13.350358333333332,34.8,0.0,80.2,0.065,0.04,18.14,18.14,14.06,0.77,1011.9,4.07,0.97,3.0,16.093,3.0964,Großer Stern,3.895359531365462,16342.60317917077,pc2,Park,2021-06-22 09:54:59,52.51450166666667,13.351666666666668,31.6,0.0,59.9,0.065,0.04,18.14,18.14,14.06,0.77,1011.9,4.07,0.97,3.0,16.093,0.09248,Yitzhak-Rabin-Straße,2.461545178120764,16445.79761549241,pc4,Park,False,False,109.65146904717932,20,2,0.7
1624348499.4247637,2021-06-22T07:54:59.424763Z,52.51450166666667,13.351666666666668,4,2,S1,1624348499.4247637,5.301114636363637,-82.01452727272728,-57.73454545454546,0.0007783033636363,45.0,661.7272727272727,6.2727272727272725,0.0041088218181818,8,11,2021-06-22 09:54:59,52.51450166666667,13.351666666666668,31.6,0.0,59.9,0.065,0.04,18.14,18.14,14.06,0.77,1011.9,4.07,0.97,3.0,16.093,0.09248,Yitzhak-Rabin-Straße,2.461545178120764,16445.79761549241,pc4,Park,2021-06-22 09:54:59,52.513918333333336,13.350358333333332,34.8,0.0,80.2,0.065,0.04,18.14,18.14,14.06,0.77,1011.9,4.07,0.97,3.0,16.093,3.0964,Großer Stern,3.895359531365462,16342.60317917077,pc2,Park,False,False,109.65146904717932,20,2,0.45
1624348500.3977594,2021-06-22T07:55:00.397759Z,52.513918333333336,13.350358333333332,2,4,S1,1624348500.3977594,3.9543813333333335,-83.78744166666667,-59.223958333333336,0.0006517588333333,44.0,758.9166666666666,7.333333333333333,0.0026124783333333,8,12,2021-06-22 09:55:00,52.513918333333336,13.350358333333332,34.8,0.0,80.2,0.065,0.04,18.14,18.14,14.06,0.77,1011.9,4.07,0.97,3.0,16.093,3.40311,Großer Stern,3.895359531365462,16342.60317917077,pc2,Park,2021-06-22 09:55:00,52.51450166666667,13.351666666666668,31.6,0.0,59.9,0.065,0.04,18.14,18.14,14.06,0.77,1011.9,4.07,0.97,3.0,16.093,0.80761,Yitzhak-Rabin-Straße,2.461545178120764,16445.79761549241,pc4,Park,False,False,109.65146904717932,20,2,0.4
1624348500.4333904,2021-06-22T07:55:00.433390Z,52.51450166666667,13.351666666666668,4,2,S1,1624348500.4333904,5.676028333333334,-81.027525,-51.53715,0.0009305604166666,45.0,762.75,4.666666666666667,0.0051450458333333,8,12,2021-06-22 09:55:00,52.51450166666667,13.351666666666668,31.6,0.0,59.9,0.065,0.04,18.14,18.14,14.06,0.77,1011.9,4.07,0.97,3.0,16.093,0.80761,Yitzhak-Rabin-Straße,2.461545178120764,16445.79761549241,pc4,Park,2021-06-22 09:55:00,52.513918333333336,13.350358333333332,34.8,0.0,80.2,0.065,0.04,18.14,18.14,14.06,0.77,1011.9,4.07,0.97,3.0,16.093,3.40311,Großer Stern,3.895359531365462,16342.60317917077,pc2,Park,False,False,109.65146904717932,20,2,0.4
1624348501.626219,2021-06-22T07:55:01.626219Z,52.51450166666667,13.351666666666668,4,2,S1,1624348501.626219,2.90905,-83.4341,-40.9817,0.000863778,45.0,882.0,5.0,0.00267496,8,1,2021-06-22 09:55:01,52.51450166666667,13.351666666666668,31.6,0.0,59.9,0.065,0.04,18.14,18.14,14.06,0.77,1011.9,4.07,0.97,3.0,16.093,0.80761,Yitzhak-Rabin-Straße,2.461545178120764,16445.79761549241,pc4,Park,2021-06-22 09:55:01,52.513918333333336,13.350358333333332,34.8,0.0,80.2,0.065,0.04,18.14,18.14,14.06,0.77,1011.9,4.07,0.97,3.0,16.093,3.40311,Großer Stern,3.895359531365462,16342.60317917077,pc2,Park,False,False,109.65146904717932,20,2,0.95
1624348502.466535,2021-06-22T07:55:02.466535Z,52.51450166666667,13.351666666666668,4,2,S1,1624348502.466535,5.666141875,-81.33035625,-57.49841875,0.00088022775,45.0,966.25,2.8125,0.00460184,8,16,2021-06-22 09:55:02,52.51450166666667,13.351666666666668,31.6,0.0,59.9,0.065,0.04,18.14,18.14,14.06,0.77,1011.9,4.07,0.97,3.0,16.093,0.80761,Yitzhak-Rabin-Straße,2.461545178120764,16445.79761549241,pc4,Park,2021-06-22 09:55:02,52.513918333333336,13.350358333333332,34.8,0.0,80.2,0.065,0.04,18.14,18.14,14.06,0.77,1011.9,4.07,0.97,3.0,16.093,3.40311,Großer Stern,3.895359531365462,16342.60317917077,pc2,Park,False,False,109.65146904717932,20,2,0.2
1624348502.4813702,2021-06-22T07:55:02.481370Z,52.513918333333336,13.350358333333332,2,4,S1,1624348502.4813702,4.2711696,-83.02886,-58.96517333333333,0.0007457153999999,44.0,967.8666666666668,1.4,0.003140694,8,15,2021-06-22 09:55:02,52.513918333333336,13.350358333333332,34.8,0.0,80.2,0.065,0.04,18.14,18.14,14.06,0.77,1011.9,4.07,0.97,3.0,16.093,3.40311,Großer Stern,3.895359531365462,16342.60317917077,pc2,Park,2021-06-22 09:55:02,52.51450166666667,13.351666666666668,31.6,0.0,59.9,0.065,0.04,18.14,18.14,14.06,0.77,1011.9,4.07,0.97,3.0,16.093,0.80761,Yitzhak-Rabin-Straße,2.461545178120764,16445.79761549241,pc4,Park,False,False,109.65146904717932,20,2,0.25
1624348503.5431817,2021-06-22T07:55:03.543181Z,52.513918333333336,13.350358333333332,2,4,S1,1624348503.5431817,3.856939666666667,-83.3289,-51.445275,0.0007560353333333,44.0,49.833333333333336,3.583333333333333,0.002956825,8,12,2021-06-22 09:55:03,52.513918333333336,13.350358333333332,34.8,0.0,80.2,0.065,0.04,18.14,18.14,14.06,0.77,1011.9,4.07,0.97,3.0,16.093,3.40311,Großer Stern,3.895359531365462,16342.60317917077,pc2,Park,2021-06-22 09:55:03,52.51450166666667,13.351666666666668,31.6,0.0,59.9,0.065,0.04,18.14,18.14,14.06,0.77,1011.9,4.07,0.97,3.0,16.093,0.80761,Yitzhak-Rabin-Straße,2.461545178120764,16445.79761549241,pc4,Park,False,False,109.65146904717932,20,2,0.4
1624348503.5684974,2021-06-22T07:55:03.568497Z,52.51450166666667,13.351666666666668,4,2,S1,1624348503.5684974,5.301569928571429,-81.86547142857144,-57.731607142857136,0.0008114499285714,45.0,52.142857142857146,5.857142857142857,0.0044161671428571,8,14,2021-06-22 09:55:03,52.51450166666667,13.351666666666668,31.6,0.0,59.9,0.065,0.04,18.14,18.14,14.06,0.77,1011.9,4.07,0.97,3.0,16.093,0.80761,Yitzhak-Rabin-Straße,2.461545178120764,16445.79761549241,pc4,Park,2021-06-22 09:55:03,52.513918333333336,13.350358333333332,34.8,0.0,80.2,0.065,0.04,18.14,18.14,14.06,0.77,1011.9,4.07,0.97,3.0,16.093,3.40311,Großer Stern,3.895359531365462,16342.60317917077,pc2,Park,False,False,109.65146904717932,20,2,0.3
1624348504.4611418,2021-06-22T07:55:04.461141Z,52.51450166666667,13.351666666666668,4,2,S1,1624348504.4611418,6.75946375,-80.41009375,-57.1193875,0.0008909978125,45.0,141.5,4.9375,0.005646695,8,16,2021-06-22 09:55:04,52.51450166666667,13.351666666666668,31.6,0.0,59.9,0.065,0.04,18.14,18.14,14.06,0.77,1011.9,4.07,0.97,3.0,16.093,0.80761,Yitzhak-Rabin-Straße,2.461545178120764,16445.79761549241,pc4,Park,2021-06-22 09:55:04,52.513918333333336,13.350358333333332,34.8,0.0,80.2,0.065,0.04,18.14,18.14,14.06,0.77,1011.9,4.07,0.97,3.0,16.093,3.40311,Großer Stern,3.895359531365462,16342.60317917077,pc2,Park,False,False,109.65146904717932,20,2,0.2
1624348504.4982874,2021-06-22T07:55:04.498287Z,52.513918333333336,13.350358333333332,2,4,S1,1624348504.4982874,5.503337500000001,-82.35936666666667,-56.87791666666666,0.0006971183333333,44.0,145.25,4.5,0.0036703466666666,8,12,2021-06-22 09:55:04,52.513918333333336,13.350358333333332,34.8,0.0,80.2,0.065,0.04,18.14,18.14,14.06,0.77,1011.9,4.07,0.97,3.0,16.093,3.40311,Großer Stern,3.895359531365462,16342.60317917077,pc2,Park,2021-06-22 09:55:04,52.51450166666667,13.351666666666668,31.6,0.0,59.9,0.065,0.04,18.14,18.14,14.06,0.77,1011.9,4.07,0.97,3.0,16.093,0.80761,Yitzhak-Rabin-Straße,2.461545178120764,16445.79761549241,pc4,Park,False,False,109.65146904717932,20,2,0.4
1624348505.317204,2021-06-22T07:55:05.317203Z,52.51450166666667,13.351666666666668,4,2,S1,1624348505.317204,3.5957859999999995,-83.59448,-58.56376,0.0007433016,45.0,226.8,8.0,0.002662654,8,5,2021-06-22 09:55:05,52.51450166666667,13.351666666666668,31.6,0.0,59.9,0.065,0.04,18.14,18.14,14.06,0.77,1011.9,4.07,0.97,3.0,16.093,0.80761,Yitzhak-Rabin-Straße,2.461545178120764,16445.79761549241,pc4,Park,2021-06-22 09:55:05,52.513918333333336,13.350358333333332,34.9,0.0,80.2,0.065,0.04,18.14,18.14,14.06,0.77,1011.9,4.07,0.97,3.0,16.093,3.40311,Großer Stern,3.895359531365462,16342.60317917077,pc2,Park,False,False,109.65146904717932,20,2,0.75
1624348505.3342855,2021-06-22T07:55:05.334285Z,52.513918333333336,13.350358333333332,2,4,S1,1624348505.3342855,5.130073333333333,-83.4807,-59.04843333333333,0.000577877,44.0,228.66666666666663,6.333333333333333,0.0027403666666666,8,3,2021-06-22 09:55:05,52.513918333333336,13.350358333333332,34.9,0.0,80.2,0.065,0.04,18.14,18.14,14.06,0.77,1011.9,4.07,0.97,3.0,16.093,3.40311,Großer Stern,3.895359531365462,16342.60317917077,pc2,Park,2021-06-22 09:55:05,52.51450166666667,13.351666666666668,31.6,0.0,59.9,0.065,0.04,18.14,18.14,14.06,0.77,1011.9,4.07,0.97,3.0,16.093,0.80761,Yitzhak-Rabin-Straße,2.461545178120764,16445.79761549241,pc4,Park,False,False,109.65146904717932,20,2,0.85
1624348506.533454,2021-06-22T07:55:06.533453Z,52.513918333333336,13.350358333333332,2,4,S1,1624348506.533454,2.71982,-83.9441,-58.78775,0.0007754099999999,44.0,348.6666666666667,5.5,0.00251338,8,6,2021-06-22 09:55:06,52.513918333333336,13.350358333333332,34.9,0.0,80.2,0.065,0.04,18.14,18.14,14.06,0.77,1011.9,4.07,0.97,3.0,16.093,3.40311,Großer Stern,3.895359531365462,16342.60317917077,pc2,Park,2021-06-22 09:55:06,52.51450166666667,13.351666666666668,31.6,0.0,59.9,0.065,0.04,18.14,18.14,14.06,0.77,1011.9,4.07,0.97,3.0,16.093,0.80761,Yitzhak-Rabin-Straße,2.461545178120764,16445.79761549241,pc4,Park,False,False,109.65146904717932,20,2,0.7
1624348506.6378732,2021-06-22T07:55:06.637873Z,52.51450166666667,13.351666666666668,4,2,S1,1624348506.6378732,6.181467555555556,-80.70615555555555,-57.071444444444445,0.0009101373333333,45.0,359.1111111111111,5.555555555555555,0.00537699,8,9,2021-06-22 09:55:06,52.51450166666667,13.351666666666668,31.6,0.0,59.9,0.065,0.04,18.14,18.14,14.06,0.77,1011.9,4.07,0.97,3.0,16.093,0.80761,Yitzhak-Rabin-Straße,2.461545178120764,16445.79761549241,pc4,Park,2021-06-22 09:55:06,52.513918333333336,13.350358333333332,34.9,0.0,80.2,0.065,0.04,18.14,18.14,14.06,0.77,1011.9,4.07,0.97,3.0,16.093,3.40311,Großer Stern,3.895359531365462,16342.60317917077,pc2,Park,False,False,109.65146904717932,20,2,0.55
1624348507.469259,2021-06-22T07:55:07.469259Z,52.513918333333336,13.350358333333332,2,4,S1,1624348507.469259,6.143904,-80.96928,-50.89984,0.0008636442,44.0,442.2,6.0,0.004832474,8,5,2021-06-22 09:55:07,52.513918333333336,13.350358333333332,34.9,0.0,80.2,0.065,0.04,18.14,18.14,14.06,0.77,1011.9,4.07,0.97,3.0,16.093,3.40311,Großer Stern,3.895359531365462,16342.60317917077,pc2,Park,2021-06-22 09:55:07,52.51450166666667,13.351666666666668,31.5,0.0,59.9,0.065,0.04,18.14,18.14,14.06,0.77,1011.9,4.07,0.97,3.0,16.093,0.80761,Yitzhak-Rabin-Straße,2.461545178120764,16445.79761549241,pc4,Park,False,False,109.65146904717932,20,2,0.75
1624348507.5263271,2021-06-22T07:55:07.526327Z,52.51450166666667,13.351666666666668,4,2,S1,1624348507.5263271,6.6193125,-80.42530000000001,-56.93158333333333,0.0008966528333333,45.0,447.9166666666667,6.0,0.0057695233333333,8,12,2021-06-22 09:55:07,52.51450166666667,13.351666666666668,31.5,0.0,59.9,0.065,0.04,18.14,18.14,14.06,0.77,1011.9,4.07,0.97,3.0,16.093,0.80761,Yitzhak-Rabin-Straße,2.461545178120764,16445.79761549241,pc4,Park,2021-06-22 09:55:07,52.513918333333336,13.350358333333332,34.9,0.0,80.2,0.065,0.04,18.14,18.14,14.06,0.77,1011.9,4.07,0.97,3.0,16.093,3.40311,Großer Stern,3.895359531365462,16342.60317917077,pc2,Park,False,False,109.65146904717932,20,2,0.4
1624348508.2721715,2021-06-22T07:55:08.272171Z,52.51450166666667,13.351666666666668,4,2,S1,1624348508.2721715,5.786425,-81.31139999999999,-57.37945,0.000847776,45.0,522.5,6.0,0.00461444,8,2,2021-06-22 09:55:08,52.51450166666667,13.351666666666668,31.5,0.0,59.9,0.065,0.04,18.14,18.14,14.06,0.77,1011.9,4.07,0.97,3.0,16.093,0.80761,Yitzhak-Rabin-Straße,2.461545178120764,16445.79761549241,pc4,Park,2021-06-22 09:55:08,52.513918333333336,13.350358333333332,34.9,0.0,80.2,0.065,0.04,18.14,18.14,14.06,0.77,1011.9,4.07,0.97,3.0,16.093,3.40311,Großer Stern,3.895359531365462,16342.60317917077,pc2,Park,False,False,109.65146904717932,20,2,0.9
1624348508.4743695,2021-06-22T07:55:08.474369Z,52.513918333333336,13.350358333333332,2,4,S1,1624348508.4743695,1.96113,-85.49765,-59.80885,0.000613217,44.0,543.0,3.0,0.0016649,8,2,2021-06-22 09:55:08,52.513918333333336,13.350358333333332,34.9,0.0,80.2,0.065,0.04,18.14,18.14,14.06,0.77,1011.9,4.07,0.97,3.0,16.093,3.40311,Großer Stern,3.895359531365462,16342.60317917077,pc2,Park,2021-06-22 09:55:08,52.51450166666667,13.351666666666668,31.5,0.0,59.9,0.065,0.04,18.14,18.14,14.06,0.77,1011.9,4.07,0.97,3.0,16.093,0.80761,Yitzhak-Rabin-Straße,2.461545178120764,16445.79761549241,pc4,Park,False,False,109.65146904717932,20,2,0.9
1624348509.6078188,2021-06-22T07:55:09.607818Z,52.513918333333336,13.350358333333332,2,4,S1,1624348509.6078188,5.005965142857143,-83.00308571428572,-58.75107142857143,0.0006375652857142,44.0,656.1428571428571,5.142857142857143,0.0033774842857142,8,7,2021-06-22 09:55:09,52.513918333333336,13.350358333333332,34.9,0.0,80.2,0.065,0.04,18.14,18.14,14.06,0.77,1011.9,4.07,0.97,3.0,16.093,3.40311,Großer Stern,3.895359531365462,16342.60317917077,pc2,Park,2021-06-22 09:55:09,52.51450166666667,13.351666666666668,31.5,0.0,59.9,0.065,0.04,18.14,18.14,14.06,0.77,1011.9,4.07,0.97,3.0,16.093,0.80761,Yitzhak-Rabin-Straße,2.461545178120764,16445.79761549241,pc4,Park,False,False,109.65146904717932,20,2,0.65
1624348509.7091784,2021-06-22T07:55:09.709178Z,52.51450166666667,13.351666666666668,4,2,S1,1624348509.7091784,4.3023046,-82.84580000000001,-58.266920000000006,0.0007631262,45.0,666.0,8.0,0.0034517099999999,8,5,2021-06-22 09:55:09,52.51450166666667,13.351666666666668,31.5,0.0,59.9,0.065,0.04,18.14,18.14,14.06,0.77,1011.9,4.07,0.97,3.0,16.093,0.80761,Yitzhak-Rabin-Straße,2.461545178120764,16445.79761549241,pc4,Park,2021-06-22 09:55:09,52.513918333333336,13.350358333333332,34.9,0.0,80.2,0.065,0.04,18.14,18.14,14.06,0.77,1011.9,4.07,0.97,3.0,16.093,3.40311,Großer Stern,3.895359531365462,16342.60317917077,pc2,Park,False,False,109.65146904717932,20,2,0.75
1624348510.2591612,2021-06-22T07:55:10.259161Z,52.51450166666667,13.351666666666668,4,2,S1,1624348510.2591612,7.141765,-79.6861,-43.59075000000001,0.0009745103333333,45.0,721.3333333333334,4.666666666666667,0.0067912116666666,8,6,2021-06-22 09:55:10,52.51450166666667,13.351666666666668,31.5,0.0,59.9,0.065,0.04,18.14,18.14,14.06,0.77,1011.9,4.07,0.97,3.0,16.093,0.80761,Yitzhak-Rabin-Straße,2.461545178120764,16445.79761549241,pc4,Park,2021-06-22 09:55:10,52.513918333333336,13.350358333333332,34.9,0.0,80.2,0.065,0.04,18.14,18.14,14.06,0.77,1011.9,4.07,0.97,3.0,16.093,3.40311,Großer Stern,3.895359531365462,16342.60317917077,pc2,Park,False,False,109.65146904717932,20,2,0.7
1624348510.3150847,2021-06-22T07:55:10.315084Z,52.513918333333336,13.350358333333332,2,4,S1,1624348510.3150847,8.7513,-79.45713333333333,-56.78731666666667,0.0007214196666666,44.0,726.8333333333334,5.5,0.00723319,8,6,2021-06-22 09:55:10,52.513918333333336,13.350358333333332,34.9,0.0,80.2,0.065,0.04,18.14,18.14,14.06,0.77,1011.9,4.07,0.97,3.0,16.093,3.40311,Großer Stern,3.895359531365462,16342.60317917077,pc2,Park,2021-06-22 09:55:10,52.51450166666667,13.351666666666668,31.5,0.0,59.9,0.065,0.04,18.14,18.14,14.06,0.77,1011.9,4.07,0.97,3.0,16.093,0.80761,Yitzhak-Rabin-Straße,2.461545178120764,16445.79761549241,pc4,Park,False,False,109.65146904717932,20,2,0.7
1624348511.189348,2021-06-22T07:55:11.189347Z,52.51392,13.350358333333332,2,4,S1,1624348511.189348,2.2088285,-85.19534999999999,-59.60665,0.0006296744999999,44.0,814.0,8.0,0.0019820799999999,8,2,2021-06-22 09:55:11,52.51392,13.350358333333332,34.9,0.0,80.2,0.065,0.04,18.14,18.14,14.06,0.77,1011.9,4.07,0.97,3.0,16.093,3.40311,Großer Stern,4.077046095562944,16342.60317917077,pc2,Park,2021-06-22 09:55:11,52.51450166666667,13.351666666666668,31.5,0.0,59.9,0.065,0.04,18.14,18.14,14.06,0.77,1011.9,4.07,0.97,3.0,16.093,0.80761,Yitzhak-Rabin-Straße,2.461545178120764,16445.79761549241,pc4,Park,False,False,109.54215856782976,20,2,0.9
1624348511.4214518,2021-06-22T07:55:11.421451Z,52.51450166666667,13.351666666666668,4,2,S1,1624348511.4214518,2.49307125,-84.3783,-57.306525,0.00072667075,45.0,837.5,5.25,0.002261375,8,4,2021-06-22 09:55:11,52.51450166666667,13.351666666666668,31.5,0.0,59.9,0.065,0.04,18.14,18.14,14.06,0.77,1011.9,4.07,0.97,3.0,16.093,0.80761,Yitzhak-Rabin-Straße,2.461545178120764,16445.79761549241,pc4,Park,2021-06-22 09:55:11,52.51392,13.350358333333332,34.9,0.0,80.2,0.065,0.04,18.14,18.14,14.06,0.77,1011.9,4.07,0.97,3.0,16.093,3.40311,Großer Stern,4.077046095562944,16342.60317917077,pc2,Park,False,False,109.54215856782976,20,2,0.8
1624348512.427738,2021-06-22T07:55:12.427737Z,52.51450166666667,13.351666666666668,4,2,S1,1624348512.427738,4.552079636363636,-81.79742727272728,-57.70516363636364,0.0009519014545454,45.0,938.3636363636364,2.909090909090909,0.0041166154545454,8,11,2021-06-22 09:55:12,52.51450166666667,13.351666666666668,31.5,0.0,59.9,0.065,0.04,18.14,18.14,14.06,0.77,1011.9,4.07,0.97,3.0,16.093,0.80761,Yitzhak-Rabin-Straße,2.461545178120764,16445.79761549241,pc4,Park,2021-06-22 09:55:12,52.51392,13.350358333333332,34.9,0.0,80.2,0.065,0.04,18.14,18.14,14.06,0.77,1011.9,4.07,0.97,3.0,16.093,3.40311,Großer Stern,4.077046095562944,16342.60317917077,pc2,Park,False,False,109.54215856782976,20,2,0.45
1624348512.5238564,2021-06-22T07:55:12.523856Z,52.51392,13.350358333333332,2,4,S1,1624348512.5238564,4.362780857142857,-83.19058571428572,-58.73591428571429,0.0006910511428571,44.0,948.1428571428572,1.1428571428571428,0.0031978357142857,8,7,2021-06-22 09:55:12,52.51392,13.350358333333332,34.9,0.0,80.2,0.065,0.04,18.14,18.14,14.06,0.77,1011.9,4.07,0.97,3.0,16.093,3.40311,Großer Stern,4.077046095562944,16342.60317917077,pc2,Park,2021-06-22 09:55:12,52.51450166666667,13.351666666666668,31.5,0.0,59.9,0.065,0.04,18.14,18.14,14.06,0.77,1011.9,4.07,0.97,3.0,16.093,0.80761,Yitzhak-Rabin-Straße,2.461545178120764,16445.79761549241,pc4,Park,False,False,109.54215856782976,20,2,0.65
1624348513.455778,2021-06-22T07:55:13.455778Z,52.51392,13.350358333333332,2,4,S1,1624348513.455778,1.6186895,-85.423625,-59.831325,0.0006516475,44.0,273.25,2.0,0.0016999425,8,4,2021-06-22 09:55:13,52.51392,13.350358333333332,34.9,0.0,80.2,0.065,0.04,18.14,18.14,14.06,0.77,1011.9,4.07,0.97,3.0,16.093,3.40311,Großer Stern,4.077046095562944,16342.60317917077,pc2,Park,2021-06-22 09:55:13,52.51450166666667,13.351666666666668,31.5,0.0,59.9,0.065,0.04,18.14,18.14,14.06,0.77,1011.9,4.07,0.97,3.0,16.093,0.80761,Yitzhak-Rabin-Straße,2.461545178120764,16445.79761549241,pc4,Park,False,False,109.54215856782976,20,2,0.8
1624348513.625714,2021-06-22T07:55:13.625714Z,52.51450166666667,13.351666666666668,4,2,S1,1624348513.625714,2.654355,-83.123225,-58.341325,0.000971075,45.0,34.25,2.0,0.0029204175,8,4,2021-06-22 09:55:13,52.51450166666667,13.351666666666668,31.5,0.0,59.9,0.065,0.04,18.14,18.14,14.06,0.77,1011.9,4.07,0.97,3.0,16.093,0.80761,Yitzhak-Rabin-Straße,2.461545178120764,16445.79761549241,pc4,Park,2021-06-22 09:55:13,52.51392,13.350358333333332,34.9,0.0,80.2,0.065,0.04,18.14,18.14,14.06,0.77,1011.9,4.07,0.97,3.0,16.093,3.40311,Großer Stern,4.077046095562944,16342.60317917077,pc2,Park,False,False,109.54215856782976,20,2,0.8
1624348514.158242,2021-06-22T07:55:14.158241Z,52.51392,13.350358333333332,2,4,S1,1624348514.158242,1.93179,-85.5804,-60.1433,0.000600237,44.0,87.0,7.0,0.00163187,8,1,2021-06-22 09:55:14,52.51392,13.350358333333332,34.9,0.0,80.2,0.065,0.04,18.14,18.14,14.06,0.77,1011.9,4.07,0.97,3.0,16.093,3.40311,Großer Stern,4.077046095562944,16342.60317917077,pc2,Park,2021-06-22 09:55:14,52.51450166666667,13.351666666666668,31.5,0.0,59.9,0.065,0.04,18.14,18.14,14.06,0.77,1011.9,4.07,0.97,3.0,16.093,0.80761,Yitzhak-Rabin-Straße,2.461545178120764,16445.79761549241,pc4,Park,False,False,109.54215856782976,20,2,0.95
1624348515.722742,2021-06-22T07:55:15.722742Z,52.51450166666667,13.351666666666668,4,2,S1,1624348515.722742,6.0738925,-81.41024999999999,-57.6318,0.00080235,45.0,244.0,1.5,0.0043249325,8,4,2021-06-22 09:55:15,52.51450166666667,13.351666666666668,31.5,0.0,59.9,0.065,0.04,18.14,18.14,14.06,0.77,1011.9,4.07,0.97,3.0,16.093,0.80761,Yitzhak-Rabin-Straße,2.461545178120764,16445.79761549241,pc4,Park,2021-06-22 09:55:15,52.51392,13.350358333333332,35.0,0.0,80.2,0.065,0.04,18.14,18.14,14.06,0.77,1011.9,4.07,0.97,3.0,16.093,3.40311,Großer Stern,4.077046095562944,16342.60317917077,pc2,Park,False,False,109.54215856782976,20,2,0.8
1624348515.8361046,2021-06-22T07:55:15.836104Z,52.51392,13.350358333333332,2,4,S1,1624348515.8361046,5.180187999999999,-82.78614,-58.620360000000005,0.0006565176,44.0,254.8,6.8,0.003293138,8,5,2021-06-22 09:55:15,52.51392,13.350358333333332,35.0,0.0,80.2,0.065,0.04,18.14,18.14,14.06,0.77,1011.9,4.07,0.97,3.0,16.093,3.40311,Großer Stern,4.077046095562944,16342.60317917077,pc2,Park,2021-06-22 09:55:15,52.51450166666667,13.351666666666668,31.5,0.0,59.9,0.065,0.04,18.14,18.14,14.06,0.77,1011.9,4.07,0.97,3.0,16.093,0.80761,Yitzhak-Rabin-Straße,2.461545178120764,16445.79761549241,pc4,Park,False,False,109.54215856782976,20,2,0.75
1624348516.261551,2021-06-22T07:55:16.261550Z,52.51450166666667,13.351666666666668,4,2,S1,1624348516.261551,6.781522222222222,-80.35582222222223,-57.238077777777775,0.0009109212222222,45.0,297.6666666666667,3.6666666666666665,0.0057700377777777,8,9,2021-06-22 09:55:16,52.51450166666667,13.351666666666668,31.5,0.0,59.9,0.065,0.04,18.14,18.14,14.06,0.77,1011.9,4.07,0.97,3.0,16.093,0.80761,Yitzhak-Rabin-Straße,2.461545178120764,16445.79761549241,pc4,Park,2021-06-22 09:55:16,52.51392,13.350358333333332,35.0,0.0,80.2,0.065,0.04,18.14,18.14,14.06,0.77,1011.9,4.07,0.97,3.0,16.093,3.40311,Großer Stern,4.077046095562944,16342.60317917077,pc2,Park,False,False,109.54215856782976,20,2,0.55
1624348516.3923106,2021-06-22T07:55:16.392310Z,52.51392,13.350358333333332,2,4,S1,1624348516.3923106,4.879275555555555,-83.02242222222223,-58.99281111111111,0.0006521954444444,44.0,310.44444444444446,6.555555555555555,0.00323225,8,9,2021-06-22 09:55:16,52.51392,13.350358333333332,35.0,0.0,80.2,0.065,0.04,18.14,18.14,14.06,0.77,1011.9,4.07,0.97,3.0,16.093,3.40311,Großer Stern,4.077046095562944,16342.60317917077,pc2,Park,2021-06-22 09:55:16,52.51450166666667,13.351666666666668,31.5,0.0,59.9,0.065,0.04,18.14,18.14,14.06,0.77,1011.9,4.07,0.97,3.0,16.093,0.80761,Yitzhak-Rabin-Straße,2.461545178120764,16445.79761549241,pc4,Park,False,False,109.54215856782976,20,2,0.55
1624348517.308333,2021-06-22T07:55:17.308332Z,52.51392,13.350358333333332,2,4,S1,1624348517.308333,4.0023,-83.7479,-59.04975,0.0006573935,44.0,402.0,7.0,0.002500785,8,2,2021-06-22 09:55:17,52.51392,13.350358333333332,35.0,0.0,80.2,0.065,0.04,18.14,18.14,14.06,0.77,1011.9,4.07,0.97,3.0,16.093,3.40311,Großer Stern,4.077046095562944,16342.60317917077,pc2,Park,2021-06-22 09:55:17,52.51450166666667,13.351666666666668,31.6,0.0,59.9,0.065,0.04,18.14,18.14,14.06,0.77,1011.9,4.07,0.97,3.0,16.093,0.80761,Yitzhak-Rabin-Straße,2.461545178120764,16445.79761549241,pc4,Park,False,False,109.54215856782976,20,2,0.9
1624348517.6679976,2021-06-22T07:55:17.667997Z,52.51450166666667,13.351666666666668,4,2,S1,1624348517.6679976,5.261001111111111,-81.33524444444444,-57.574977777777775,0.000954659,45.0,438.1111111111111,5.666666666666667,0.0045721111111111,8,9,2021-06-22 09:55:17,52.51450166666667,13.351666666666668,31.6,0.0,59.9,0.065,0.04,18.14,18.14,14.06,0.77,1011.9,4.07,0.97,3.0,16.093,0.80761,Yitzhak-Rabin-Straße,2.461545178120764,16445.79761549241,pc4,Park,2021-06-22 09:55:17,52.51392,13.350358333333332,35.0,0.0,80.2,0.065,0.04,18.14,18.14,14.06,0.77,1011.9,4.07,0.97,3.0,16.093,3.40311,Großer Stern,4.077046095562944,16342.60317917077,pc2,Park,False,False,109.54215856782976,20,2,0.55
1624348518.475873,2021-06-22T07:55:18.475872Z,52.51450166666667,13.351666666666668,4,2,S1,1624348518.475873,4.678124166666667,-81.96925,-57.80733333333333,0.0009195023333333,45.0,518.9166666666666,5.5,0.0039800475,8,12,2021-06-22 09:55:18,52.51450166666667,13.351666666666668,31.6,5.926400000000001,65.0,0.065,0.04,18.14,18.14,14.06,0.77,1011.9,4.07,0.97,3.0,16.093,0.80761,Yitzhak-Rabin-Straße,2.461545178120764,16445.79761549241,pc4,Park,2021-06-22 09:55:18,52.51392,13.350358333333332,35.0,0.0,80.2,0.065,0.04,18.14,18.14,14.06,0.77,1011.9,4.07,0.97,3.0,16.093,3.40311,Großer Stern,4.077046095562944,16342.60317917077,pc2,Park,False,False,109.54215856782976,20,2,0.4
1624348518.4792073,2021-06-22T07:55:18.479207Z,52.51392,13.350358333333332,2,4,S1,1624348518.4792073,4.55277,-82.98268333333333,-58.80881666666667,0.0007264648333333,44.0,519.1666666666666,6.25,0.0032398708333333,8,12,2021-06-22 09:55:18,52.51392,13.350358333333332,35.0,0.0,80.2,0.065,0.04,18.14,18.14,14.06,0.77,1011.9,4.07,0.97,3.0,16.093,3.40311,Großer Stern,4.077046095562944,16342.60317917077,pc2,Park,2021-06-22 09:55:18,52.51450166666667,13.351666666666668,31.6,5.926400000000001,65.0,0.065,0.04,18.14,18.14,14.06,0.77,1011.9,4.07,0.97,3.0,16.093,0.80761,Yitzhak-Rabin-Straße,2.461545178120764,16445.79761549241,pc4,Park,False,False,109.54215856782976,20,2,0.4
1624348519.521602,2021-06-22T07:55:19.521601Z,52.51451166666666,13.351701666666669,4,2,S1,1624348519.521602,6.921997,-79.67143888888889,-54.94675555555556,0.0010059605,45.0,623.7222222222222,3.1666666666666665,0.0075103344444444,8,18,2021-06-22 09:55:19,52.51451166666666,13.351701666666669,31.7,12.778800000000002,65.9,0.065,0.04,18.14,18.14,14.06,0.77,1011.9,4.07,0.97,3.0,16.093,0.80761,Yitzhak-Rabin-Straße,2.2164796382685235,16445.79761549241,pc4,Park,2021-06-22 09:55:19,52.51392,13.350358333333332,35.0,0.0,80.2,0.065,0.04,18.14,18.14,14.06,0.77,1011.9,4.07,0.97,3.0,16.093,3.40311,Großer Stern,4.077046095562944,16342.60317917077,pc2,Park,False,False,112.1093264641508,20,2,0.1
1624348519.5652387,2021-06-22T07:55:19.565238Z,52.51392,13.350358333333332,2,4,S1,1624348519.5652387,7.482308000000001,-80.32602666666666,-54.31253333333333,0.0007640800666666,44.0,627.7333333333333,6.6,0.0063482653333333,8,15,2021-06-22 09:55:19,52.51392,13.350358333333332,35.0,0.0,80.2,0.065,0.04,18.14,18.14,14.06,0.77,1011.9,4.07,0.97,3.0,16.093,3.40311,Großer Stern,4.077046095562944,16342.60317917077,pc2,Park,2021-06-22 09:55:19,52.51451166666666,13.351701666666669,31.7,12.778800000000002,65.9,0.065,0.04,18.14,18.14,14.06,0.77,1011.9,4.07,0.97,3.0,16.093,0.80761,Yitzhak-Rabin-Straße,2.2164796382685235,16445.79761549241,pc4,Park,False,False,112.1093264641508,20,2,0.25
1624348520.4383292,2021-06-22T07:55:20.438329Z,52.51452666666667,13.351758333333333,4,2,S1,1624348520.4383292,5.391412857142858,-80.86754285714287,-49.0007,0.00104199,45.0,715.7142857142857,0.0,0.0056431371428571,8,7,2021-06-22 09:55:20,52.51452666666667,13.351758333333333,31.7,15.5568,68.7,0.065,0.04,18.14,18.14,14.06,0.77,1011.9,4.07,0.97,3.0,16.093,0.80761,Yitzhak-Rabin-Straße,1.9441837499853785,16456.58547157787,pc4,Park,2021-06-22 09:55:20,52.51392,13.350358333333332,35.0,0.0,80.2,0.065,0.04,18.14,18.14,14.06,0.77,1011.9,4.07,0.97,3.0,16.093,3.40311,Großer Stern,4.077046095562944,16342.60317917077,pc2,Park,False,False,116.19337897999604,20,2,0.65
1624348520.5292826,2021-06-22T07:55:20.529282Z,52.51392,13.350358333333332,2,4,S1,1624348520.5292826,6.4007032,-81.60267,-57.92288,0.0006933935,44.0,724.2,6.0,0.004843602,8,10,2021-06-22 09:55:20,52.51392,13.350358333333332,35.0,0.0,80.2,0.065,0.04,18.14,18.14,14.06,0.77,1011.9,4.07,0.97,3.0,16.093,3.40311,Großer Stern,4.077046095562944,16342.60317917077,pc2,Park,2021-06-22 09:55:20,52.51452666666667,13.351758333333333,31.7,15.5568,68.7,0.065,0.04,18.14,18.14,14.06,0.77,1011.9,4.07,0.97,3.0,16.093,0.80761,Yitzhak-Rabin-Straße,1.9441837499853785,16456.58547157787,pc4,Park,False,False,116.19337897999604,20,2,0.5
1624348521.5476675,2021-06-22T07:55:21.547667Z,52.51392,13.350358333333332,2,4,S1,1624348521.5476675,6.560055454545455,-81.44237272727273,-57.63943636363637,0.000702968,44.0,825.9090909090909,7.272727272727272,0.005027689090909,8,11,2021-06-22 09:55:21,52.51392,13.350358333333332,35.0,0.0,80.2,0.065,0.04,18.14,18.14,14.06,0.77,1011.9,4.07,0.97,3.0,16.093,3.40311,Großer Stern,4.077046095562944,16342.60317917077,pc2,Park,2021-06-22 09:55:21,52.514541666666666,13.351825,31.7,17.9644,71.6,0.065,0.04,18.14,18.14,14.06,0.77,1011.9,4.07,0.97,3.0,16.093,0.80761,Yitzhak-Rabin-Straße,1.5430534934359106,16456.58547157787,pc4,Park,False,False,120.83806928108665,20,2,0.45
1624348521.5712366,2021-06-22T07:55:21.571236Z,52.514541666666666,13.351825,4,2,S1,1624348521.5712366,6.501358181818182,-80.79594545454546,-57.21076363636364,0.000839888090909,45.0,829.0,0.0,0.0054760845454545,8,11,2021-06-22 09:55:21,52.514541666666666,13.351825,31.7,17.9644,71.6,0.065,0.04,18.14,18.14,14.06,0.77,1011.9,4.07,0.97,3.0,16.093,0.80761,Yitzhak-Rabin-Straße,1.5430534934359106,16456.58547157787,pc4,Park,2021-06-22 09:55:21,52.51392,13.350358333333332,35.0,0.0,80.2,0.065,0.04,18.14,18.14,14.06,0.77,1011.9,4.07,0.97,3.0,16.093,3.40311,Großer Stern,4.077046095562944,16342.60317917077,pc2,Park,False,False,120.83806928108665,20,2,0.45
1624348522.4711676,2021-06-22T07:55:22.471167Z,52.51392,13.350358333333332,2,4,S1,1624348522.4711676,5.581805777777777,-81.71047777777778,-56.07155555555556,0.0007851976666666,44.0,918.5555555555557,4.333333333333333,0.0052551822222222,8,9,2021-06-22 09:55:22,52.51392,13.350358333333332,35.0,0.0,80.2,0.065,0.04,18.14,18.14,14.06,0.77,1011.9,4.07,0.97,3.0,16.093,3.40311,Großer Stern,4.077046095562944,16342.60317917077,pc2,Park,2021-06-22 09:55:22,52.514555,13.351905,31.7,22.224,74.7,0.065,0.04,18.14,18.14,14.06,0.77,1011.9,4.07,0.97,3.0,16.093,0.66084,Yitzhak-Rabin-Straße,1.2281449033227407,16467.5733215539,pc4,Park,False,False,126.13695120433904,20,2,0.55
1624348522.491201,2021-06-22T07:55:22.491200Z,52.514555,13.351905,4,2,S1,1624348522.491201,8.015723571428572,-79.50025000000001,-56.35704285714286,0.0008228081428571,45.0,921.0,0.0,0.0086097242857142,8,14,2021-06-22 09:55:22,52.514555,13.351905,31.7,22.224,74.7,0.065,0.04,18.14,18.14,14.06,0.77,1011.9,4.07,0.97,3.0,16.093,0.66084,Yitzhak-Rabin-Straße,1.2281449033227407,16467.5733215539,pc4,Park,2021-06-22 09:55:22,52.51392,13.350358333333332,35.0,0.0,80.2,0.065,0.04,18.14,18.14,14.06,0.77,1011.9,4.07,0.97,3.0,16.093,3.40311,Großer Stern,4.077046095562944,16342.60317917077,pc2,Park,False,False,126.13695120433904,20,2,0.3
1624348523.5574698,2021-06-22T07:55:23.557469Z,52.51457,13.352001666666666,4,2,S1,1624348523.5574698,5.2042825,-81.8097625,-57.730375,0.00083526675,45.0,387.625,0.0,0.00436278125,8,8,2021-06-22 09:55:23,52.51457,13.352001666666666,31.7,25.742800000000003,77.3,0.065,0.04,18.14,18.14,14.06,0.77,1011.9,4.07,0.97,3.0,16.093,0.66084,Yitzhak-Rabin-Straße,0.9683446748759356,16467.5733215539,pc4,Park,2021-06-22 09:55:23,52.51392,13.350358333333332,35.0,0.0,80.2,0.065,0.04,18.14,18.14,14.06,0.77,1011.9,4.07,0.97,3.0,16.093,3.40311,Großer Stern,4.077046095562944,16342.60317917077,pc2,Park,False,False,132.5064170062174,20,2,0.6
1624348523.665632,2021-06-22T07:55:23.665632Z,52.51392,13.350358333333332,2,4,S1,1624348523.665632,4.5878825,-82.50878333333334,-54.54888333333333,0.0007848343333333,44.0,185.0,1.0,0.0035888183333333,8,6,2021-06-22 09:55:23,52.51392,13.350358333333332,35.0,0.0,80.2,0.065,0.04,18.14,18.14,14.06,0.77,1011.9,4.07,0.97,3.0,16.093,3.40311,Großer Stern,4.077046095562944,16342.60317917077,pc2,Park,2021-06-22 09:55:23,52.51457,13.352001666666666,31.7,25.742800000000003,77.3,0.065,0.04,18.14,18.14,14.06,0.77,1011.9,4.07,0.97,3.0,16.093,0.66084,Yitzhak-Rabin-Straße,0.9683446748759356,16467.5733215539,pc4,Park,False,False,132.5064170062174,20,2,0.7
1624348524.4698684,2021-06-22T07:55:24.469868Z,52.51392,13.350358333333332,2,4,S1,1624348524.4698684,6.055605714285714,-81.85407142857143,-52.39101428571429,0.0006963801428571,44.0,94.71428571428572,1.4285714285714286,0.0040440285714285,8,7,2021-06-22 09:55:24,52.51392,13.350358333333332,35.0,0.0,80.2,0.065,0.04,18.14,18.14,14.06,0.77,1011.9,4.07,0.97,3.0,16.093,3.40311,Großer Stern,4.077046095562944,16342.60317917077,pc2,Park,2021-06-22 09:55:24,52.514586666666666,13.35211,31.7,28.8912,82.0,0.065,0.04,18.14,18.14,14.06,0.77,1011.9,4.07,0.97,3.0,16.093,0.80761,Yitzhak-Rabin-Straße,0.6020405751029614,16478.797771578033,pc4,Park,False,False,139.67804079916374,20,2,0.65
1624348524.5402906,2021-06-22T07:55:24.540290Z,52.514586666666666,13.35211,4,2,S1,1624348524.5402906,6.0861362727272725,-80.48842727272728,-57.03288181818182,0.0009676174545454,45.0,101.9090909090909,0.0,0.00635845,8,11,2021-06-22 09:55:24,52.514586666666666,13.35211,31.7,28.8912,82.0,0.065,0.04,18.14,18.14,14.06,0.77,1011.9,4.07,0.97,3.0,16.093,0.80761,Yitzhak-Rabin-Straße,0.6020405751029614,16478.797771578033,pc4,Park,2021-06-22 09:55:24,52.51392,13.350358333333332,35.0,0.0,80.2,0.065,0.04,18.14,18.14,14.06,0.77,1011.9,4.07,0.97,3.0,16.093,3.40311,Großer Stern,4.077046095562944,16342.60317917077,pc2,Park,False,False,139.67804079916374,20,2,0.45
1624348525.302993,2021-06-22T07:55:25.302993Z,52.51459666666667,13.352223333333331,4,2,S1,1624348525.302993,4.677010711111111,-82.2464,-58.02153333333334,0.000818884,45.0,178.11111111111111,0.6666666666666666,0.0038192944444444,8,9,2021-06-22 09:55:25,52.51459666666667,13.352223333333331,31.7,29.2616,85.0,0.065,0.04,18.14,18.14,14.06,0.77,1011.9,4.07,0.97,3.0,16.093,0.80761,Yitzhak-Rabin-Straße,0.1553653380956784,16490.195319121984,pc4,Park,2021-06-22 09:55:25,52.51392,13.350358333333332,35.0,0.0,80.2,0.065,0.04,18.14,18.14,14.06,0.77,1011.9,4.07,0.97,3.0,16.093,3.40311,Großer Stern,4.077046095562944,16342.60317917077,pc2,Park,False,False,146.797099387777,20,2,0.55
1624348525.3996494,2021-06-22T07:55:25.399649Z,52.51392,13.350358333333332,2,4,S1,1624348525.3996494,3.964255,-83.63196666666666,-57.76981666666666,0.0006800949999999,44.0,187.66666666666663,1.6666666666666667,0.0026731333333333,8,6,2021-06-22 09:55:25,52.51392,13.350358333333332,35.0,0.0,80.2,0.065,0.04,18.14,18.14,14.06,0.77,1011.9,4.07,0.97,3.0,16.093,3.40311,Großer Stern,4.077046095562944,16342.60317917077,pc2,Park,2021-06-22 09:55:25,52.51459666666667,13.352223333333331,31.7,29.2616,85.0,0.065,0.04,18.14,18.14,14.06,0.77,1011.9,4.07,0.97,3.0,16.093,0.80761,Yitzhak-Rabin-Straße,0.1553653380956784,16490.195319121984,pc4,Park,False,False,146.797099387777,20,2,0.7
1624348526.2244,2021-06-22T07:55:26.224400Z,52.51392,13.350358333333332,2,4,S1,1624348526.2244,3.6893,-84.27805000000001,-59.3164,0.0006107059999999,44.0,269.5,8.0,0.002203395,8,2,2021-06-22 09:55:26,52.51392,13.350358333333332,35.0,0.0,80.2,0.065,0.04,18.14,18.14,14.06,0.77,1011.9,4.07,0.97,3.0,16.093,3.40311,Großer Stern,4.077046095562944,16342.60317917077,pc2,Park,2021-06-22 09:55:26,52.51461,13.352346666666667,31.7,32.2248,83.7,0.065,0.04,18.14,18.14,14.06,0.77,1011.9,4.07,0.97,3.0,16.093,0.80761,Yitzhak-Rabin-Straße,0.3895627674017852,16490.195319121984,pc4,Park,False,False,154.7471314307583,20,2,0.9
1624348526.436204,2021-06-22T07:55:26.436203Z,52.51461,13.352346666666667,4,2,S1,1624348526.436204,3.04306975,-82.7431,-58.544975,0.0010351334999999,45.0,291.0,5.0,0.0032294975,8,4,2021-06-22 09:55:26,52.51461,13.352346666666667,31.7,32.2248,83.7,0.065,0.04,18.14,18.14,14.06,0.77,1011.9,4.07,0.97,3.0,16.093,0.80761,Yitzhak-Rabin-Straße,0.3895627674017852,16490.195319121984,pc4,Park,2021-06-22 09:55:26,52.51392,13.350358333333332,35.0,0.0,80.2,0.065,0.04,18.14,18.14,14.06,0.77,1011.9,4.07,0.97,3.0,16.093,3.40311,Großer Stern,4.077046095562944,16342.60317917077,pc2,Park,False,False,154.7471314307583,20,2,0.8
1624348541.4263206,2021-06-22T07:55:41.426320Z,52.51448666666667,13.351558333333331,2,4,S1,1624348541.4263206,2.144921,-84.413775,-59.4035,0.0007402715,44.0,766.5,0.0,0.002207795,8,4,2021-06-22 09:55:41,52.51448666666667,13.351558333333331,35.7,46.3,36.6,0.065,0.04,18.14,18.14,14.06,0.77,1011.9,4.07,0.97,3.0,16.093,0.66084,Yitzhak-Rabin-Straße,1.5520811815788482,16435.1416987115,pc2,Park,2021-06-22 09:55:41,52.514795,13.35482,30.2,37.04,84.4,0.065,0.04,18.14,18.14,14.06,0.77,1011.9,4.07,0.97,3.0,16.093,0.66687,Yitzhak-Rabin-Straße,2.486539449778028,16659.10464922783,pc4,Park,False,False,223.1782975184394,20,2,0.8
1624348541.685037,2021-06-22T07:55:41.685036Z,52.514795,13.35482,4,2,S1,1624348541.685037,3.5125550000000003,-82.40891666666667,-56.75553333333334,0.0009860595,45.0,792.0,3.8333333333333335,0.0035549783333333,8,6,2021-06-22 09:55:41,52.514795,13.35482,30.2,37.04,84.4,0.065,0.04,18.14,18.14,14.06,0.77,1011.9,4.07,0.97,3.0,16.093,0.66687,Yitzhak-Rabin-Straße,2.486539449778028,16659.10464922783,pc4,Park,2021-06-22 09:55:41,52.51448666666667,13.351558333333331,35.7,46.3,36.6,0.065,0.04,18.14,18.14,14.06,0.77,1011.9,4.07,0.97,3.0,16.093,0.66084,Yitzhak-Rabin-Straße,1.5520811815788482,16435.1416987115,pc2,Park,False,False,223.1782975184394,20,2,0.7
1624348542.4013357,2021-06-22T07:55:42.401335Z,52.514541666666666,13.351728333333334,2,4,S1,1624348542.4013357,3.1794583333333333,-84.52278333333332,-59.50741666666667,0.0006208378333333,44.0,864.0,0.0,0.0021045816666666,8,6,2021-06-22 09:55:42,52.514541666666666,13.351728333333334,35.9,47.781600000000005,67.5,0.065,0.04,18.14,18.14,14.06,0.77,1011.9,4.07,0.97,3.0,16.093,0.80761,Yitzhak-Rabin-Straße,0.3104141914265083,16456.58547157787,pc2,Park,2021-06-22 09:55:42,52.514806666666665,13.354965,30.1,35.7436,84.2,0.065,0.04,18.14,18.14,14.06,0.77,1011.9,4.07,0.97,3.0,16.093,0.66687,Yitzhak-Rabin-Straße,2.801121407038332,16669.165234874643,pc4,Park,False,False,220.8161725572704,20,2,0.7
1624348542.5003312,2021-06-22T07:55:42.500331Z,52.514806666666665,13.354965,4,2,S1,1624348542.5003312,2.8499358212,-83.15735454545455,-58.32091818181818,0.0009085254545454,45.0,873.5454545454545,3.636363636363636,0.0029186309090909,8,11,2021-06-22 09:55:42,52.514806666666665,13.354965,30.1,35.7436,84.2,0.065,0.04,18.14,18.14,14.06,0.77,1011.9,4.07,0.97,3.0,16.093,0.66687,Yitzhak-Rabin-Straße,2.801121407038332,16669.165234874643,pc4,Park,2021-06-22 09:55:42,52.514541666666666,13.351728333333334,35.9,47.781600000000005,67.5,0.065,0.04,18.14,18.14,14.06,0.77,1011.9,4.07,0.97,3.0,16.093,0.80761,Yitzhak-Rabin-Straße,0.3104141914265083,16456.58547157787,pc2,Park,False,False,220.8161725572704,20,2,0.45
1624348543.0512638,2021-06-22T07:55:43.051263Z,52.51457833333333,13.351918333333334,2,4,S1,1624348543.0512638,4.1346066666666665,-83.74666666666667,-59.2167,0.0006137803333333,44.0,929.0,0.0,0.0026730266666666,8,3,2021-06-22 09:55:43,52.51457833333333,13.351918333333334,36.1,49.8188,77.3,0.065,0.04,18.14,18.14,14.06,0.77,1011.9,4.07,0.97,3.0,16.093,0.66084,Yitzhak-Rabin-Straße,1.1179257367669797,16467.5733215539,pc2,Park,2021-06-22 09:55:43,52.51481666666667,13.355108333333334,30.2,34.0768,84.1,0.0649,0.04,18.15,18.15,14.1,0.77,1011.9,4.07,0.97,3.0,16.093,0.66687,Yitzhak-Rabin-Straße,2.9426473761041487,16679.440700079555,pc4,Park,False,False,217.30927202263672,20,2,0.85
1624348543.1074965,2021-06-22T07:55:43.107496Z,52.51481666666667,13.355108333333334,4,2,S1,1624348543.1074965,4.7977025,-82.41737499999999,-58.03985,0.000760071,45.0,934.25,3.75,0.003608615,8,4,2021-06-22 09:55:43,52.51481666666667,13.355108333333334,30.2,34.0768,84.1,0.0649,0.04,18.15,18.15,14.1,0.77,1011.9,4.07,0.97,3.0,16.093,0.66687,Yitzhak-Rabin-Straße,2.9426473761041487,16679.440700079555,pc4,Park,2021-06-22 09:55:43,52.51457833333333,13.351918333333334,36.1,49.8188,77.3,0.065,0.04,18.14,18.14,14.06,0.77,1011.9,4.07,0.97,3.0,16.093,0.66084,Yitzhak-Rabin-Straße,1.1179257367669797,16467.5733215539,pc2,Park,False,False,217.30927202263672,20,2,0.8
1624348544.748768,2021-06-22T07:55:44.748767Z,52.51482333333333,13.355245,4,2,S1,1624348544.748768,0.85940825,-84.75295,-58.76375,0.0008463095,45.0,74.25,5.0,0.0019801575,8,4,2021-06-22 09:55:44,52.51482333333333,13.355245,30.4,30.558,85.1,0.0649,0.04,18.15,18.15,14.1,0.77,1011.9,4.07,0.97,3.0,16.093,0.66687,Yitzhak-Rabin-Straße,2.760481250016829,16689.929172717813,pc4,Park,2021-06-22 09:55:44,52.5146,13.352121666666669,36.1,50.93,81.5,0.065,0.04,18.14,18.14,14.06,0.77,1011.9,4.07,0.97,3.0,16.093,0.80761,Yitzhak-Rabin-Straße,0.8059574385869416,16478.797771578033,pc2,Park,False,False,212.6353077502642,20,2,0.8
1624348548.5341702,2021-06-22T07:55:48.534170Z,52.51481666666667,13.355591666666667,4,2,S1,1624348548.5341702,3.3787200000000004,-83.15955,-58.305275,0.00084538175,45.0,453.0,3.0,0.0028570074999999,8,4,2021-06-22 09:55:48,52.51481666666667,13.355591666666667,31.1,10.3712,88.7,0.0649,0.04,18.15,18.15,14.1,0.77,1011.9,4.07,0.97,3.0,16.093,1.58079,Großer Stern,11.143804926362357,16711.595632513872,pc4,Park,2021-06-22 09:55:48,52.51466666666666,13.352998333333334,35.9,55.7452,83.4,0.065,0.04,18.14,18.14,14.06,0.77,1011.9,4.07,0.97,3.0,16.093,0.09248,Yitzhak-Rabin-Straße,1.337674317460028,16536.253645656387,pc2,Park,False,False,176.13827529540157,20,2,0.8
1624348548.6057014,2021-06-22T07:55:48.605701Z,52.51466666666666,13.352998333333334,2,4,S1,1624348548.6057014,1.965565,-84.92515,-59.458,0.000696423,44.0,460.0,4.5,0.00191541,8,2,2021-06-22 09:55:48,52.51466666666666,13.352998333333334,35.9,55.7452,83.4,0.065,0.04,18.14,18.14,14.06,0.77,1011.9,4.07,0.97,3.0,16.093,0.09248,Yitzhak-Rabin-Straße,1.337674317460028,16536.253645656387,pc2,Park,2021-06-22 09:55:48,52.51481666666667,13.355591666666667,31.1,10.3712,88.7,0.0649,0.04,18.15,18.15,14.1,0.77,1011.9,4.07,0.97,3.0,16.093,1.58079,Großer Stern,11.143804926362357,16711.595632513872,pc4,Park,False,False,176.13827529540157,20,2,0.9
1624348549.0592065,2021-06-22T07:55:49.059206Z,52.51481833333333,13.355621666666666,4,2,S1,1624348549.0592065,2.26043,-83.2222,-58.3679,0.001012889,45.0,505.5,3.0,0.00282226,8,2,2021-06-22 09:55:49,52.51481833333333,13.355621666666666,31.2,4.2596,89.0,0.0649,0.04,18.15,18.15,14.1,0.77,1011.9,4.07,0.97,3.0,16.093,1.58079,Großer Stern,11.182905829118496,16711.595632513872,pc4,Park,2021-06-22 09:55:49,52.51468,13.353226666666666,35.7,56.1156,84.4,0.065,0.04,18.14,18.14,14.06,0.77,1011.9,4.07,0.97,3.0,16.093,1.58079,Großer Stern,9.368640360770549,16558.599503158675,pc2,Park,False,False,162.66545139334983,20,2,0.9
1624348549.150191,2021-06-22T07:55:49.150191Z,52.51468,13.353226666666666,2,4,S1,1624348549.150191,2.75423,-84.1645,-59.1743,0.000733802,44.0,514.0,9.0,0.00226086,8,1,2021-06-22 09:55:49,52.51468,13.353226666666666,35.7,56.1156,84.4,0.065,0.04,18.14,18.14,14.06,0.77,1011.9,4.07,0.97,3.0,16.093,1.58079,Großer Stern,9.368640360770549,16558.599503158675,pc2,Park,2021-06-22 09:55:49,52.51481833333333,13.355621666666666,31.2,4.2596,89.0,0.0649,0.04,18.15,18.15,14.1,0.77,1011.9,4.07,0.97,3.0,16.093,1.58079,Großer Stern,11.182905829118496,16711.595632513872,pc4,Park,False,False,162.66545139334983,20,2,0.95
1624348550.797575,2021-06-22T07:55:50.797574Z,52.514815,13.355628333333334,4,2,S1,1624348550.797575,0.4242933333333333,-84.7334,-58.679300000000005,0.0009012503333333,45.0,679.3333333333334,3.0,0.0020231999999999,8,3,2021-06-22 09:55:50,52.514815,13.355628333333334,31.1,0.0,89.0,0.0649,0.04,18.15,18.15,14.1,0.77,1011.9,4.07,0.97,3.0,16.093,1.58079,Großer Stern,11.600619282944209,16711.595632513872,pc4,Park,2021-06-22 09:55:50,52.514695,13.353456666666666,35.8,56.486,84.1,0.065,0.04,18.14,18.14,14.06,0.77,1011.9,4.07,0.97,3.0,16.093,1.58079,Großer Stern,9.287238071920957,16569.398298615364,pc2,Park,False,False,147.44129688791116,20,2,0.85
1624348550.8983028,2021-06-22T07:55:50.898302Z,52.514695,13.353456666666666,2,4,S1,1624348550.8983028,2.9436400000000003,-84.714,-59.56835,0.00063445225,44.0,689.0,7.0,0.0019955225,8,4,2021-06-22 09:55:50,52.514695,13.353456666666666,35.8,56.486,84.1,0.065,0.04,18.14,18.14,14.06,0.77,1011.9,4.07,0.97,3.0,16.093,1.58079,Großer Stern,9.287238071920957,16569.398298615364,pc2,Park,2021-06-22 09:55:50,52.514815,13.355628333333334,31.1,0.0,89.0,0.0649,0.04,18.15,18.15,14.1,0.77,1011.9,4.07,0.97,3.0,16.093,1.58079,Großer Stern,11.600619282944209,16711.595632513872,pc4,Park,False,False,147.44129688791116,20,2,0.8
1624348551.4989374,2021-06-22T07:55:51.498937Z,52.514813333333336,13.355621666666666,4,2,S1,1624348551.4989374,6.120120714285714,-81.08051428571427,-55.62354285714286,0.0008434777142857,45.0,749.3571428571429,4.142857142857143,0.0048327778571428,8,14,2021-06-22 09:55:51,52.514813333333336,13.355621666666666,30.9,0.0,89.0,0.0649,0.04,18.15,18.15,14.1,0.77,1011.9,4.07,0.97,3.0,16.093,1.58079,Großer Stern,11.73508872435651,16711.595632513872,pc4,Park,2021-06-22 09:55:51,52.51471166666666,13.35369,35.9,56.486,83.3,0.065,0.04,18.14,18.14,14.06,0.77,1011.9,4.07,0.97,3.0,16.093,0.66687,Yitzhak-Rabin-Straße,1.2149513062585515,16579.909929842594,pc2,Park,False,False,131.09736301956798,20,2,0.3
1624348551.5001426,2021-06-22T07:55:51.500142Z,52.51471166666666,13.35369,2,4,S1,1624348551.5001426,4.840983157894737,-82.89456315789474,-58.68087894736842,0.0006889626842105,44.0,749.6315789473684,2.526315789473684,0.0032092321052631,8,19,2021-06-22 09:55:51,52.51471166666666,13.35369,35.9,56.486,83.3,0.065,0.04,18.14,18.14,14.06,0.77,1011.9,4.07,0.97,3.0,16.093,0.66687,Yitzhak-Rabin-Straße,1.2149513062585515,16579.909929842594,pc2,Park,2021-06-22 09:55:51,52.514813333333336,13.355621666666666,30.9,0.0,89.0,0.0649,0.04,18.15,18.15,14.1,0.77,1011.9,4.07,0.97,3.0,16.093,1.58079,Großer Stern,11.73508872435651,16711.595632513872,pc4,Park,False,False,131.09736301956798,20,2,0.05
1624348552.4723642,2021-06-22T07:55:52.472364Z,52.514815,13.355618333333334,4,2,S1,1624348552.4723642,6.694365789473684,-79.77858947368422,-56.7347,0.0010570082105263,45.0,846.421052631579,6.947368421052632,0.0064663721052631,8,19,2021-06-22 09:55:52,52.514815,13.355618333333334,31.0,0.0,89.0,0.0649,0.04,18.15,18.15,14.1,0.77,1011.9,4.07,0.97,3.0,16.093,1.58079,Großer Stern,11.526231997473722,16711.595632513872,pc4,Park,2021-06-22 09:55:52,52.51472666666667,13.353921666666666,35.8,55.56,84.1,0.065,0.04,18.14,18.14,14.06,0.77,1011.9,4.07,0.97,3.0,16.093,0.66687,Yitzhak-Rabin-Straße,1.1880835523134514,16600.26665749911,pc2,Park,False,False,115.13931989919762,20,2,0.05
1624348552.4959905,2021-06-22T07:55:52.495990Z,52.51472666666667,13.353921666666666,2,4,S1,1624348552.4959905,6.500089047619047,-81.62925238095238,-58.15179047619048,0.0006968746666666,44.0,849.3333333333334,1.3333333333333333,0.004291569047619,8,21,2021-06-22 09:55:52,52.51472666666667,13.353921666666666,35.8,55.56,84.1,0.065,0.04,18.14,18.14,14.06,0.77,1011.9,4.07,0.97,3.0,16.093,0.66687,Yitzhak-Rabin-Straße,1.1880835523134514,16600.26665749911,pc2,Park,2021-06-22 09:55:52,52.514815,13.355618333333334,31.0,0.0,89.0,0.0649,0.04,18.15,18.15,14.1,0.77,1011.9,4.07,0.97,3.0,16.093,1.58079,Großer Stern,11.526231997473722,16711.595632513872,pc4,Park,False,False,115.13931989919762,20,2,-0.05
1624348553.494506,2021-06-22T07:55:53.494505Z,52.514815,13.355616666666666,4,2,S1,1624348553.494506,7.3385155,-79.566505,-56.51827,0.0009785445,45.0,949.1,2.3,0.0070123165,8,20,2021-06-22 09:55:53,52.514815,13.355616666666666,31.4,0.0,89.0,0.0649,0.04,18.15,18.15,14.1,0.77,1011.9,4.07,0.97,3.0,16.093,1.58079,Großer Stern,11.513834116334126,16711.595632513872,pc4,Park,2021-06-22 09:55:53,52.51474,13.354148333333333,35.8,54.8192,84.0,0.065,0.04,18.14,18.14,14.06,0.77,1011.9,4.07,0.97,3.0,16.093,0.66687,Yitzhak-Rabin-Straße,1.0455129711574107,16619.9678941476,pc2,Park,False,False,99.63061793909952,20,2,0.0
1624348553.524631,2021-06-22T07:55:53.524631Z,52.51474,13.354148333333333,2,4,S1,1624348553.524631,6.737297368421052,-81.37816842105264,-57.96814210526316,0.0007015895263157,44.0,952.0,3.3157894736842106,0.0046308126315789,8,19,2021-06-22 09:55:53,52.51474,13.354148333333333,35.8,54.8192,84.0,0.065,0.04,18.14,18.14,14.06,0.77,1011.9,4.07,0.97,3.0,16.093,0.66687,Yitzhak-Rabin-Straße,1.0455129711574107,16619.9678941476,pc2,Park,2021-06-22 09:55:53,52.514815,13.355616666666666,31.4,0.0,89.0,0.0649,0.04,18.15,18.15,14.1,0.77,1011.9,4.07,0.97,3.0,16.093,1.58079,Großer Stern,11.513834116334126,16711.595632513872,pc4,Park,False,False,99.63061793909952,20,2,0.05
1624348554.4820688,2021-06-22T07:55:54.482068Z,52.514755,13.354371666666667,2,4,S1,1624348554.4820688,6.0737913125,-81.9169,-58.20579375,0.0006993263125,44.0,343.625,4.5,0.00408746125,8,16,2021-06-22 09:55:54,52.514755,13.354371666666667,35.9,55.3748,83.6,0.065,0.04,18.14,18.14,14.06,0.77,1011.9,4.07,0.97,3.0,16.093,0.66687,Yitzhak-Rabin-Straße,1.1108581594878282,16629.705461714664,pc2,Park,2021-06-22 09:55:54,52.51481166666667,13.355613333333334,31.3,0.0,89.0,0.0649,0.04,18.15,18.15,14.1,0.77,1011.9,4.07,0.97,3.0,16.093,1.58079,Großer Stern,11.857160284256944,16711.595632513872,pc4,Park,False,False,84.19145261457227,20,2,0.2
1624348554.515171,2021-06-22T07:55:54.515171Z,52.51481166666667,13.355613333333334,4,2,S1,1624348554.515171,7.7699011111111105,-79.51846111111111,-56.37412777777777,0.000889309,45.0,254.61111111111111,3.388888888888889,0.0076454238888888,8,18,2021-06-22 09:55:54,52.51481166666667,13.355613333333334,31.3,0.0,89.0,0.0649,0.04,18.15,18.15,14.1,0.77,1011.9,4.07,0.97,3.0,16.093,1.58079,Großer Stern,11.857160284256944,16711.595632513872,pc4,Park,2021-06-22 09:55:54,52.514755,13.354371666666667,35.9,55.3748,83.6,0.065,0.04,18.14,18.14,14.06,0.77,1011.9,4.07,0.97,3.0,16.093,0.66687,Yitzhak-Rabin-Straße,1.1108581594878282,16629.705461714664,pc2,Park,False,False,84.19145261457227,20,2,0.1
1624348555.534302,2021-06-22T07:55:55.534301Z,52.51477166666667,13.354593333333334,2,4,S1,1624348555.534302,7.875103999999999,-80.37804666666668,-57.37356,0.0007191577333333,44.0,129.0,3.0,0.0060466586666666,8,15,2021-06-22 09:55:55,52.51477166666667,13.354593333333334,35.9,54.0784,83.4,0.065,0.04,18.14,18.14,14.06,0.77,1011.9,4.07,0.97,3.0,16.093,0.66687,Yitzhak-Rabin-Straße,1.4313903099869922,16649.210235148472,pc2,Park,2021-06-22 09:55:55,52.51481,13.355613333333334,31.3,0.0,89.0,0.0649,0.04,18.15,18.15,14.1,0.77,1011.9,4.07,0.97,3.0,16.093,1.58079,Großer Stern,12.041221249830956,16711.595632513872,pc4,Park,False,False,69.09936568128545,20,2,0.25
1624348555.5418077,2021-06-22T07:55:55.541807Z,52.51481,13.355613333333334,4,2,S1,1624348555.5418077,8.776046842105263,-78.68712105263158,-55.82662105263157,0.000873412,45.0,129.42105263157896,6.421052631578948,0.0093458805263157,8,19,2021-06-22 09:55:55,52.51481,13.355613333333334,31.3,0.0,89.0,0.0649,0.04,18.15,18.15,14.1,0.77,1011.9,4.07,0.97,3.0,16.093,1.58079,Großer Stern,12.041221249830956,16711.595632513872,pc4,Park,2021-06-22 09:55:55,52.51477166666667,13.354593333333334,35.9,54.0784,83.4,0.065,0.04,18.14,18.14,14.06,0.77,1011.9,4.07,0.97,3.0,16.093,0.66687,Yitzhak-Rabin-Straße,1.4313903099869922,16649.210235148472,pc2,Park,False,False,69.09936568128545,20,2,0.05
1624348556.5219712,2021-06-22T07:55:56.521971Z,52.514786666666666,13.354813333333333,2,4,S1,1624348556.5219712,9.442035789473683,-78.73987894736842,-56.16251052631579,0.0007601454210526,44.0,227.31578947368425,7.526315789473684,0.0093896426315789,8,19,2021-06-22 09:55:56,52.514786666666666,13.354813333333333,35.9,54.2636,83.8,0.065,0.04,18.14,18.14,14.06,0.77,1011.9,4.07,0.97,3.0,16.093,0.66687,Yitzhak-Rabin-Straße,1.6100474306577466,16659.10464922783,pc2,Park,2021-06-22 09:55:56,52.514808333333335,13.355613333333334,31.3,0.0,89.0,0.0649,0.04,18.15,18.15,14.1,0.77,1011.9,4.07,0.97,3.0,16.093,1.58079,Großer Stern,12.225282214620274,16711.595632513872,pc4,Park,False,False,54.14643331016323,20,2,0.05
1624348556.523823,2021-06-22T07:55:56.523823Z,52.514808333333335,13.355613333333334,4,2,S1,1624348556.523823,11.686907,-75.766255,-53.75805,0.0009479118,45.0,227.65,6.1,0.0203232645,8,20,2021-06-22 09:55:56,52.514808333333335,13.355613333333334,31.3,0.0,89.0,0.0649,0.04,18.15,18.15,14.1,0.77,1011.9,4.07,0.97,3.0,16.093,1.58079,Großer Stern,12.225282214620274,16711.595632513872,pc4,Park,2021-06-22 09:55:56,52.514786666666666,13.354813333333333,35.9,54.2636,83.8,0.065,0.04,18.14,18.14,14.06,0.77,1011.9,4.07,0.97,3.0,16.093,0.66687,Yitzhak-Rabin-Straße,1.6100474306577466,16659.10464922783,pc2,Park,False,False,54.14643331016323,20,2,0.0
1624348557.4984567,2021-06-22T07:55:57.498456Z,52.51480333333333,13.35503,2,4,S1,1624348557.4984567,13.4298785,-74.652535,-53.12435000000001,0.0008361438,44.0,325.5,2.15,0.0262772085,8,20,2021-06-22 09:55:57,52.51480333333333,13.35503,36.0,52.2264,83.7,0.0649,0.04,18.15,18.15,14.1,0.77,1011.9,4.07,0.97,3.0,16.093,0.66687,Yitzhak-Rabin-Straße,1.995392295013416,16679.440700079555,pc2,Park,2021-06-22 09:55:57,52.51481,13.355613333333334,31.3,0.0,89.0,0.0649,0.04,18.15,18.15,14.1,0.77,1011.9,4.07,0.97,3.0,16.093,1.58079,Großer Stern,12.041221249830956,16711.595632513872,pc4,Park,False,False,39.45008563248662,20,2,0.0
1624348557.5212207,2021-06-22T07:55:57.521220Z,52.51481,13.355613333333334,4,2,S1,1624348557.5212207,14.3936325,-72.35549,-50.89196,0.00116742175,45.0,327.5,5.0,0.050005924,8,20,2021-06-22 09:55:57,52.51481,13.355613333333334,31.3,0.0,89.0,0.0649,0.04,18.15,18.15,14.1,0.77,1011.9,4.07,0.97,3.0,16.093,1.58079,Großer Stern,12.041221249830956,16711.595632513872,pc4,Park,2021-06-22 09:55:57,52.51480333333333,13.35503,36.0,52.2264,83.7,0.0649,0.04,18.15,18.15,14.1,0.77,1011.9,4.07,0.97,3.0,16.093,0.66687,Yitzhak-Rabin-Straße,1.995392295013416,16679.440700079555,pc2,Park,False,False,39.45008563248662,20,2,0.0
1624348558.4984024,2021-06-22T07:55:58.498402Z,52.51481666666667,13.355246666666666,2,4,S1,1624348558.4984024,18.9250735,-67.68370999999999,-46.626785,0.00141041175,44.0,425.5,2.1,0.2099981624999999,8,20,2021-06-22 09:55:58,52.51481666666667,13.355246666666666,35.8,52.967200000000005,84.0,0.0649,0.04,18.15,18.15,14.1,0.77,1011.9,4.07,0.97,3.0,16.093,0.66687,Yitzhak-Rabin-Straße,2.012204969298628,16689.929172717813,pc2,Park,2021-06-22 09:55:58,52.51481,13.355615,31.3,0.0,89.0,0.0649,0.04,18.15,18.15,14.1,0.77,1011.9,4.07,0.97,3.0,16.093,1.58079,Großer Stern,12.05361913109958,16711.595632513872,pc4,Park,False,False,24.9170182395649,20,2,0.0
1624348558.5212293,2021-06-22T07:55:58.521229Z,52.51481,13.355615,4,2,S1,1624348558.5212293,18.99423,-65.491315,-44.59653,0.0031132353,45.0,427.5,5.0,0.451589745,8,20,2021-06-22 09:55:58,52.51481,13.355615,31.3,0.0,89.0,0.0649,0.04,18.15,18.15,14.1,0.77,1011.9,4.07,0.97,3.0,16.093,1.58079,Großer Stern,12.05361913109958,16711.595632513872,pc4,Park,2021-06-22 09:55:58,52.51481666666667,13.355246666666666,35.8,52.967200000000005,84.0,0.0649,0.04,18.15,18.15,14.1,0.77,1011.9,4.07,0.97,3.0,16.093,0.66687,Yitzhak-Rabin-Straße,2.012204969298628,16689.929172717813,pc2,Park,False,False,24.9170182395649,20,2,0.0
1624348559.4982913,2021-06-22T07:55:59.498291Z,52.514831666666666,13.355461666666669,2,4,S1,1624348559.4982913,23.85087,-57.421215,-36.587505,0.0052318157499999,44.0,525.5,2.0,1.6870097000000002,8,20,2021-06-22 09:55:59,52.514831666666666,13.355461666666669,35.9,52.5968,84.1,0.0649,0.04,18.15,18.15,14.1,0.77,1011.9,4.07,0.97,3.0,16.093,1.58079,Großer Stern,8.520221250159672,16700.643745321384,pc2,Park,2021-06-22 09:55:59,52.51481,13.355615,31.3,0.0,89.0,0.0649,0.04,18.15,18.15,14.1,0.77,1011.9,4.07,0.97,3.0,16.093,1.58079,Großer Stern,12.05361913109958,16711.595632513872,pc4,Park,False,False,10.64476459608149,20,2,0.0
1624348559.5218809,2021-06-22T07:55:59.521880Z,52.51481,13.355615,4,2,S1,1624348559.5218809,23.14617,-58.966875,-38.080655,0.0085099675,45.0,527.55,5.15,1.57455255,8,20,2021-06-22 09:55:59,52.51481,13.355615,31.3,0.0,89.0,0.0649,0.04,18.15,18.15,14.1,0.77,1011.9,4.07,0.97,3.0,16.093,1.58079,Großer Stern,12.05361913109958,16711.595632513872,pc4,Park,2021-06-22 09:55:59,52.514831666666666,13.355461666666669,35.9,52.5968,84.1,0.0649,0.04,18.15,18.15,14.1,0.77,1011.9,4.07,0.97,3.0,16.093,1.58079,Großer Stern,8.520221250159672,16700.643745321384,pc2,Park,False,False,10.64476459608149,20,2,0.0
1624348560.5095198,2021-06-22T07:56:00.509519Z,52.51484666666666,13.355681666666667,2,4,S1,1624348560.5095198,17.5275815,-69.01208,-47.671335,0.0015185987,44.0,626.4,4.25,0.1425069875,8,20,2021-06-22 09:56:00,52.51484666666666,13.355681666666667,36.0,53.89320000000001,83.9,0.0649,0.04,18.15,18.15,14.1,0.77,1011.9,4.07,0.97,3.0,16.093,1.58079,Großer Stern,8.500193090025226,16722.747581160824,pc2,Park,2021-06-22 09:56:00,52.51481166666667,13.355615,31.3,0.0,89.0,0.0649,0.04,18.15,18.15,14.1,0.77,1011.9,4.07,0.97,3.0,16.093,1.58079,Großer Stern,11.869558165519871,16711.595632513872,pc4,Park,False,False,5.95227086436328,20,2,0.0
1624348560.5172162,2021-06-22T07:56:00.517216Z,52.51481166666667,13.355615,4,2,S1,1624348560.5172162,18.1137155,-68.22496,-46.962235,0.0014929352,45.0,627.5,1.0,0.1690820049999999,8,20,2021-06-22 09:56:00,52.51481166666667,13.355615,31.3,0.0,89.0,0.0649,0.04,18.15,18.15,14.1,0.77,1011.9,4.07,0.97,3.0,16.093,1.58079,Großer Stern,11.869558165519871,16711.595632513872,pc4,Park,2021-06-22 09:56:00,52.51484666666666,13.355681666666667,36.0,53.89320000000001,83.9,0.0649,0.04,18.15,18.15,14.1,0.77,1011.9,4.07,0.97,3.0,16.093,1.58079,Großer Stern,8.500193090025226,16722.747581160824,pc2,Park,False,False,5.95227086436328,20,2,0.0
1624348561.5128438,2021-06-22T07:56:01.512843Z,52.51486166666667,13.355901666666666,2,4,S1,1624348561.5128438,17.20553684210526,-70.06287894736842,-48.924894736842106,0.0010591865789473,44.0,726.8947368421053,2.5789473684210527,0.08003555,8,19,2021-06-22 09:56:01,52.51486166666667,13.355901666666666,36.0,54.0784,83.9,0.0649,0.04,18.15,18.15,14.1,0.77,1011.9,4.07,0.97,3.0,16.093,1.58079,Großer Stern,8.48016382512861,16734.04712540828,pc2,Park,2021-06-22 09:56:01,52.514813333333336,13.355613333333334,31.4,0.0,89.0,0.0649,0.04,18.15,18.15,14.1,0.77,1011.9,4.07,0.97,3.0,16.093,1.58079,Großer Stern,11.673099318682928,16711.595632513872,pc4,Park,False,False,20.220313041623733,20,2,0.05
1624348561.516764,2021-06-22T07:56:01.516763Z,52.514813333333336,13.355613333333334,4,2,S1,1624348561.516764,18.140935,-68.27498,-47.202135,0.00132831145,45.0,727.5,0.55,0.1321000849999999,8,20,2021-06-22 09:56:01,52.514813333333336,13.355613333333334,31.4,0.0,89.0,0.0649,0.04,18.15,18.15,14.1,0.77,1011.9,4.07,0.97,3.0,16.093,1.58079,Großer Stern,11.673099318682928,16711.595632513872,pc4,Park,2021-06-22 09:56:01,52.51486166666667,13.355901666666666,36.0,54.0784,83.9,0.0649,0.04,18.15,18.15,14.1,0.77,1011.9,4.07,0.97,3.0,16.093,1.58079,Großer Stern,8.48016382512861,16734.04712540828,pc2,Park,False,False,20.220313041623733,20,2,0.0
1624348562.4970517,2021-06-22T07:56:02.497051Z,52.514876666666666,13.356125,2,4,S1,1624348562.4970517,13.628578999999998,-74.102035,-52.502930000000006,0.00092449305,44.0,825.55,0.25,0.0351864495,8,20,2021-06-22 09:56:02,52.514876666666666,13.356125,35.9,53.708000000000006,83.9,0.0649,0.04,18.15,18.15,14.1,0.77,1011.9,4.07,0.97,3.0,16.093,1.58079,Großer Stern,8.484929180923883,16745.438186316132,pc2,Park,2021-06-22 09:56:02,52.514813333333336,13.355613333333334,31.4,0.0,89.0,0.0649,0.04,18.15,18.15,14.1,0.77,1011.9,4.07,0.97,3.0,16.093,1.58079,Großer Stern,11.673099318682928,16711.595632513872,pc4,Park,False,False,35.30305724789324,20,2,0.0
1624348562.5043848,2021-06-22T07:56:02.504384Z,52.514813333333336,13.355613333333334,4,2,S1,1624348562.5043848,15.13067315789474,-71.74792105263157,-50.28986842105263,0.0011218265789473,45.0,826.2105263157895,1.0526315789473684,0.0516076142105263,8,19,2021-06-22 09:56:02,52.514813333333336,13.355613333333334,31.4,0.0,89.0,0.0649,0.04,18.15,18.15,14.1,0.77,1011.9,4.07,0.97,3.0,16.093,1.58079,Großer Stern,11.673099318682928,16711.595632513872,pc4,Park,2021-06-22 09:56:02,52.514876666666666,13.356125,35.9,53.708000000000006,83.9,0.0649,0.04,18.15,18.15,14.1,0.77,1011.9,4.07,0.97,3.0,16.093,1.58079,Großer Stern,8.484929180923883,16745.438186316132,pc2,Park,False,False,35.30305724789324,20,2,0.05
1624348563.4889226,2021-06-22T07:56:03.488922Z,52.514813333333336,13.355613333333334,4,2,S1,1624348563.4889226,17.158405,-69.44806,-48.295235000000005,0.0012340893,45.0,924.55,2.2,0.093354565,8,20,2021-06-22 09:56:03,52.514813333333336,13.355613333333334,31.4,0.0,89.0,0.0649,0.04,18.15,18.15,14.1,0.77,1011.9,4.07,0.97,3.0,16.093,1.58079,Großer Stern,11.673099318682928,16711.595632513872,pc4,Park,2021-06-22 09:56:03,52.51489166666666,13.35635,36.0,54.8192,84.0,0.0649,0.04,18.15,18.15,14.1,0.77,1011.9,4.07,0.97,3.0,16.093,1.58079,Großer Stern,8.502091252649082,16768.32304410271,pc2,Park,False,False,50.56251715297306,20,2,0.0
1624348563.4969068,2021-06-22T07:56:03.496906Z,52.51489166666666,13.35635,2,4,S1,1624348563.4969068,15.374159,-71.722215,-50.38199,0.0010935597999999,44.0,925.4,1.6,0.0576523375,8,20,2021-06-22 09:56:03,52.51489166666666,13.35635,36.0,54.8192,84.0,0.0649,0.04,18.15,18.15,14.1,0.77,1011.9,4.07,0.97,3.0,16.093,1.58079,Großer Stern,8.502091252649082,16768.32304410271,pc2,Park,2021-06-22 09:56:03,52.514813333333336,13.355613333333334,31.4,0.0,89.0,0.0649,0.04,18.15,18.15,14.1,0.77,1011.9,4.07,0.97,3.0,16.093,1.58079,Großer Stern,11.673099318682928,16711.595632513872,pc4,Park,False,False,50.56251715297306,20,2,0.0
1624348564.4957345,2021-06-22T07:56:04.495734Z,52.51490666666667,13.356576666666667,2,4,S1,1624348564.4957345,7.2311782,-80.80838666666666,-57.48923333333333,0.000720864,44.0,478.4666666666666,8.466666666666667,0.0057302466666666,8,15,2021-06-22 09:56:04,52.51490666666667,13.356576666666667,36.1,54.634,84.1,0.0649,0.04,18.15,18.15,14.1,0.77,1011.9,4.07,0.97,3.0,16.093,1.58079,Großer Stern,8.348879314010246,16779.74954618076,pc2,Park,2021-06-22 09:56:04,52.514813333333336,13.355613333333334,31.4,0.0,89.0,0.0649,0.04,18.15,18.15,14.1,0.77,1011.9,4.07,0.97,3.0,16.093,1.58079,Großer Stern,11.673099318682928,16711.595632513872,pc4,Park,False,False,65.95402710221728,20,2,0.25
1624348564.5126393,2021-06-22T07:56:04.512639Z,52.514813333333336,13.355613333333334,4,2,S1,1624348564.5126393,7.58612125,-79.43158749999999,-51.0403375,0.0009451928125,45.0,450.6875,4.5625,0.00887158875,8,16,2021-06-22 09:56:04,52.514813333333336,13.355613333333334,31.4,0.0,89.0,0.0649,0.04,18.15,18.15,14.1,0.77,1011.9,4.07,0.97,3.0,16.093,1.58079,Großer Stern,11.673099318682928,16711.595632513872,pc4,Park,2021-06-22 09:56:04,52.51490666666667,13.356576666666667,36.1,54.634,84.1,0.0649,0.04,18.15,18.15,14.1,0.77,1011.9,4.07,0.97,3.0,16.093,1.58079,Großer Stern,8.348879314010246,16779.74954618076,pc2,Park,False,False,65.95402710221728,20,2,0.2
1624348565.49727,2021-06-22T07:56:05.497270Z,52.514921666666666,13.356801666666666,2,4,S1,1624348565.49727,7.854071999999999,-79.86675,-57.08209000000001,0.0008176978499999,44.0,100.75,8.5,0.0066232095,8,20,2021-06-22 09:56:05,52.514921666666666,13.356801666666666,36.1,54.8192,83.8,0.0649,0.04,18.15,18.15,14.1,0.77,1011.9,4.07,0.97,3.0,16.093,0.66687,Yitzhak-Rabin-Straße,3.161951634645418,16791.119972761215,pc2,Park,2021-06-22 09:56:05,52.514813333333336,13.355613333333334,31.4,0.0,89.0,0.0649,0.04,18.15,18.15,14.1,0.77,1011.9,4.07,0.97,3.0,16.093,1.58079,Großer Stern,11.673099318682928,16711.595632513872,pc4,Park,False,False,81.24342954601536,20,2,0.0
1624348565.513152,2021-06-22T07:56:05.513151Z,52.514813333333336,13.355613333333334,4,2,S1,1624348565.513152,8.263344736842106,-78.58972631578948,-53.69895263157895,0.0009942325263157,45.0,102.84210526315788,3.526315789473684,0.0091018731578947,8,19,2021-06-22 09:56:05,52.514813333333336,13.355613333333334,31.4,0.0,89.0,0.0649,0.04,18.15,18.15,14.1,0.77,1011.9,4.07,0.97,3.0,16.093,1.58079,Großer Stern,11.673099318682928,16711.595632513872,pc4,Park,2021-06-22 09:56:05,52.514921666666666,13.356801666666666,36.1,54.8192,83.8,0.0649,0.04,18.15,18.15,14.1,0.77,1011.9,4.07,0.97,3.0,16.093,0.66687,Yitzhak-Rabin-Straße,3.161951634645418,16791.119972761215,pc2,Park,False,False,81.24342954601536,20,2,0.05
1624348566.4892144,2021-06-22T07:56:06.489214Z,52.514813333333336,13.355613333333334,4,2,S1,1624348566.4892144,10.34534,-76.71765,-54.61631,0.0010154256,45.0,200.5,3.0,0.013029303,8,20,2021-06-22 09:56:06,52.514813333333336,13.355613333333334,31.4,0.0,89.0,0.0649,0.04,18.15,18.15,14.1,0.77,1011.9,4.07,0.97,3.0,16.093,1.58079,Großer Stern,11.673099318682928,16711.595632513872,pc4,Park,2021-06-22 09:56:06,52.51493833333333,13.35703,36.0,56.3008,83.8,0.0649,0.04,18.15,18.15,14.1,0.77,1011.9,4.07,0.97,3.0,16.093,0.66687,Yitzhak-Rabin-Straße,3.468833890731468,16813.653495207214,pc2,Park,False,False,96.7869385879798,20,2,0.0
1624348566.4963017,2021-06-22T07:56:06.496301Z,52.51493833333333,13.35703,2,4,S1,1624348566.4963017,9.6088645,-78.46407,-56.12719,0.0007943484,44.0,200.75,7.5,0.008960721,8,20,2021-06-22 09:56:06,52.51493833333333,13.35703,36.0,56.3008,83.8,0.0649,0.04,18.15,18.15,14.1,0.77,1011.9,4.07,0.97,3.0,16.093,0.66687,Yitzhak-Rabin-Straße,3.468833890731468,16813.653495207214,pc2,Park,2021-06-22 09:56:06,52.514813333333336,13.355613333333334,31.4,0.0,89.0,0.0649,0.04,18.15,18.15,14.1,0.77,1011.9,4.07,0.97,3.0,16.093,1.58079,Großer Stern,11.673099318682928,16711.595632513872,pc4,Park,False,False,96.7869385879798,20,2,0.0
1624348567.4432845,2021-06-22T07:56:07.443284Z,52.514813333333336,13.355613333333334,4,2,S1,1624348567.4432845,8.784011875000001,-77.93250625,-55.426675,0.0010606085625,45.0,295.875,3.3125,0.0114616131249999,8,16,2021-06-22 09:56:07,52.514813333333336,13.355613333333334,31.4,0.0,89.0,0.0649,0.04,18.15,18.15,14.1,0.77,1011.9,4.07,0.97,3.0,16.093,1.58079,Großer Stern,11.673099318682928,16711.595632513872,pc4,Park,2021-06-22 09:56:07,52.51495333333333,13.357261666666666,36.1,57.2268,83.8,0.0649,0.04,18.15,18.15,14.1,0.77,1011.9,4.07,0.97,3.0,16.093,0.66687,Yitzhak-Rabin-Straße,3.4829593779052206,16824.8296214247,pc2,Park,False,False,112.52949091561868,20,2,0.2
1624348567.4911244,2021-06-22T07:56:07.491124Z,52.51495333333333,13.357261666666666,2,4,S1,1624348567.4911244,7.773476352941177,-80.06280000000001,-56.99641176470588,0.0007450508823529,44.0,300.7647058823529,2.176470588235294,0.007114524117647,8,17,2021-06-22 09:56:07,52.51495333333333,13.357261666666666,36.1,57.2268,83.8,0.0649,0.04,18.15,18.15,14.1,0.77,1011.9,4.07,0.97,3.0,16.093,0.66687,Yitzhak-Rabin-Straße,3.4829593779052206,16824.8296214247,pc2,Park,2021-06-22 09:56:07,52.514813333333336,13.355613333333334,31.4,0.0,89.0,0.0649,0.04,18.15,18.15,14.1,0.77,1011.9,4.07,0.97,3.0,16.093,1.58079,Großer Stern,11.673099318682928,16711.595632513872,pc4,Park,False,False,112.52949091561868,20,2,0.15
1624348568.5121076,2021-06-22T07:56:08.512107Z,52.514813333333336,13.355613333333334,4,2,S1,1624348568.5121076,8.085533684210526,-79.13828947368421,-56.24735263157894,0.0009178668947368,45.0,402.6842105263158,4.052631578947368,0.007712147368421,8,19,2021-06-22 09:56:08,52.514813333333336,13.355613333333334,31.4,0.0,89.0,0.0649,0.04,18.15,18.15,14.1,0.77,1011.9,4.07,0.97,3.0,16.093,1.58079,Großer Stern,11.673099318682928,16711.595632513872,pc4,Park,2021-06-22 09:56:08,52.514968333333336,13.357498333333334,36.1,57.9676,83.8,0.0649,0.04,18.15,18.15,14.1,0.77,1011.9,4.07,0.97,3.0,16.093,0.66687,Yitzhak-Rabin-Straße,3.440604222001105,16846.9500216005,pc2,Park,False,False,128.60946557387163,20,2,0.05
1624348568.5317557,2021-06-22T07:56:08.531755Z,52.514968333333336,13.357498333333334,2,4,S1,1624348568.5317557,6.861928333333333,-80.82352222222222,-57.65545,0.0007700839444444,44.0,404.8333333333333,2.111111111111111,0.0052663527777777,8,18,2021-06-22 09:56:08,52.514968333333336,13.357498333333334,36.1,57.9676,83.8,0.0649,0.04,18.15,18.15,14.1,0.77,1011.9,4.07,0.97,3.0,16.093,0.66687,Yitzhak-Rabin-Straße,3.440604222001105,16846.9500216005,pc2,Park,2021-06-22 09:56:08,52.514813333333336,13.355613333333334,31.4,0.0,89.0,0.0649,0.04,18.15,18.15,14.1,0.77,1011.9,4.07,0.97,3.0,16.093,1.58079,Großer Stern,11.673099318682928,16711.595632513872,pc4,Park,False,False,128.60946557387163,20,2,0.1
1624348569.490758,2021-06-22T07:56:09.490757Z,52.514813333333336,13.355615,4,2,S1,1624348569.490758,7.4097366875,-79.36268125,-56.23294375,0.0009573165,45.0,500.5,4.5625,0.00857788125,8,16,2021-06-22 09:56:09,52.514813333333336,13.355615,31.4,5.926400000000001,76.7,0.0649,0.04,18.15,18.15,14.1,0.77,1011.9,4.07,0.97,3.0,16.093,1.58079,Großer Stern,11.685497199940166,16711.595632513872,pc4,Park,2021-06-22 09:56:09,52.51498333333333,13.357735,36.0,57.7824,83.9,0.0649,0.04,18.15,18.15,14.1,0.77,1011.9,4.07,0.97,3.0,16.093,0.66687,Yitzhak-Rabin-Straße,3.39825025501964,16857.918711642087,pc2,Park,False,False,144.57960479646945,20,2,0.2
1624348569.4987495,2021-06-22T07:56:09.498749Z,52.51498333333333,13.357735,2,4,S1,1624348569.4987495,6.100899875,-81.0021125,-57.66044375,0.000828974875,44.0,501.5,2.4375,0.00613381125,8,16,2021-06-22 09:56:09,52.51498333333333,13.357735,36.0,57.7824,83.9,0.0649,0.04,18.15,18.15,14.1,0.77,1011.9,4.07,0.97,3.0,16.093,0.66687,Yitzhak-Rabin-Straße,3.39825025501964,16857.918711642087,pc2,Park,2021-06-22 09:56:09,52.514813333333336,13.355615,31.4,5.926400000000001,76.7,0.0649,0.04,18.15,18.15,14.1,0.77,1011.9,4.07,0.97,3.0,16.093,1.58079,Großer Stern,11.685497199940166,16711.595632513872,pc4,Park,False,False,144.57960479646945,20,2,0.2
1624348570.5036275,2021-06-22T07:56:10.503627Z,52.51481833333333,13.35565,4,2,S1,1624348570.5036275,4.525165882352941,-81.9046,-56.15873529411765,0.0009271947647058,45.0,601.7058823529412,5.352941176470588,0.0040601058823529,8,17,2021-06-22 09:56:10,52.51481833333333,13.35565,31.4,11.852800000000002,73.7,0.0649,0.04,18.15,18.15,14.1,0.77,1011.9,4.07,0.97,3.0,16.093,1.58079,Großer Stern,11.393669796463016,16722.747581160824,pc4,Park,2021-06-22 09:56:10,52.51499833333333,13.35797,36.0,57.59720000000001,84.0,0.0649,0.04,18.15,18.15,14.1,0.77,1011.9,4.07,0.97,3.0,16.093,0.66687,Yitzhak-Rabin-Straße,3.3678664262708304,16879.856103508835,pc2,Park,False,False,158.13315216256868,20,2,0.15
1624348570.5119865,2021-06-22T07:56:10.511986Z,52.51499833333333,13.35797,2,4,S1,1624348570.5119865,3.388625666666667,-83.78347333333333,-59.077846666666666,0.0007280254666666,44.0,602.6,4.733333333333333,0.0026649006666666,8,15,2021-06-22 09:56:10,52.51499833333333,13.35797,36.0,57.59720000000001,84.0,0.0649,0.04,18.15,18.15,14.1,0.77,1011.9,4.07,0.97,3.0,16.093,0.66687,Yitzhak-Rabin-Straße,3.3678664262708304,16879.856103508835,pc2,Park,2021-06-22 09:56:10,52.51481833333333,13.35565,31.4,11.852800000000002,73.7,0.0649,0.04,18.15,18.15,14.1,0.77,1011.9,4.07,0.97,3.0,16.093,1.58079,Großer Stern,11.393669796463016,16722.747581160824,pc4,Park,False,False,158.13315216256868,20,2,0.25
1624348571.3979585,2021-06-22T07:56:11.397958Z,52.51482666666666,13.355711666666666,4,2,S1,1624348571.3979585,4.0722581818181816,-82.74726363636364,-57.03761818181818,0.0008185702727272,45.0,691.0909090909091,5.818181818181818,0.0033685072727272,8,11,2021-06-22 09:56:11,52.51482666666666,13.355711666666666,31.5,15.371600000000004,75.2,0.0649,0.04,18.15,18.15,14.1,0.77,1011.9,4.07,0.97,3.0,16.093,1.58079,Großer Stern,10.93208648191884,16722.747581160824,pc4,Park,2021-06-22 09:56:11,52.515013333333336,13.358205,36.0,57.412000000000006,84.0,0.0655,0.04,18.13,18.13,14.08,0.77,1011.9,4.06,0.97,3.0,16.093,0.09248,Yitzhak-Rabin-Straße,3.3374837713937966,16890.905167019333,pc2,Park,False,False,169.85427278404129,20,2,0.45
1624348571.3987806,2021-06-22T07:56:11.398780Z,52.515013333333336,13.358205,2,4,S1,1624348571.3987806,3.22990125,-84.378475,-59.37885,0.000636952375,44.0,691.375,3.75,0.00224631,8,8,2021-06-22 09:56:11,52.515013333333336,13.358205,36.0,57.412000000000006,84.0,0.0655,0.04,18.13,18.13,14.08,0.77,1011.9,4.06,0.97,3.0,16.093,0.09248,Yitzhak-Rabin-Straße,3.3374837713937966,16890.905167019333,pc2,Park,2021-06-22 09:56:11,52.51482666666666,13.355711666666666,31.5,15.371600000000004,75.2,0.0649,0.04,18.15,18.15,14.1,0.77,1011.9,4.07,0.97,3.0,16.093,1.58079,Großer Stern,10.93208648191884,16722.747581160824,pc4,Park,False,False,169.85427278404129,20,2,0.6
1624348572.3026252,2021-06-22T07:56:12.302625Z,52.51484,13.355795,4,2,S1,1624348572.3026252,2.7691123,-83.46754,-58.39257,0.0008578185,45.0,781.5,6.4,0.002759716,8,10,2021-06-22 09:56:12,52.51484,13.355795,31.5,18.8904,77.0,0.0649,0.04,18.15,18.15,14.1,0.77,1011.9,4.07,0.97,3.0,16.093,1.58079,Großer Stern,10.079492554271573,16722.747581160824,pc4,Park,2021-06-22 09:56:12,52.51502833333333,13.35844,35.9,57.59720000000001,84.0,0.0655,0.04,18.13,18.13,14.08,0.77,1011.9,4.06,0.97,3.0,16.093,0.09248,Yitzhak-Rabin-Straße,3.3071022888172754,16913.2985469567,pc2,Park,False,False,180.0583962753528,20,2,0.5
1624348572.3847337,2021-06-22T07:56:12.384733Z,52.51502833333333,13.35844,2,4,S1,1624348572.3847337,3.2894354545454547,-84.19168181818182,-59.29019090909091,0.0006634212727272,44.0,789.4545454545455,8.909090909090908,0.0022831527272727,8,11,2021-06-22 09:56:12,52.51502833333333,13.35844,35.9,57.59720000000001,84.0,0.0655,0.04,18.13,18.13,14.08,0.77,1011.9,4.06,0.97,3.0,16.093,0.09248,Yitzhak-Rabin-Straße,3.3071022888172754,16913.2985469567,pc2,Park,2021-06-22 09:56:12,52.51484,13.355795,31.5,18.8904,77.0,0.0649,0.04,18.15,18.15,14.1,0.77,1011.9,4.07,0.97,3.0,16.093,1.58079,Großer Stern,10.079492554271573,16722.747581160824,pc4,Park,False,False,180.0583962753528,20,2,0.45
1624348573.6234374,2021-06-22T07:56:13.623437Z,52.514853333333335,13.355885,4,2,S1,1624348573.6234374,3.843555923076923,-82.30613076923078,-57.89437692307692,0.000949576,45.0,913.6923076923076,5.307692307692308,0.00364512,8,13,2021-06-22 09:56:13,52.514853333333335,13.355885,31.6,21.4832,77.1,0.0649,0.04,18.15,18.15,14.1,0.77,1011.9,4.07,0.97,3.0,16.093,1.58079,Großer Stern,9.27648994993219,16734.04712540828,pc4,Park,2021-06-22 09:56:13,52.51504333333333,13.35868,35.7,57.9676,84.2,0.0655,0.04,18.13,18.13,14.08,0.77,1011.9,4.06,0.97,3.0,16.093,0.09248,Yitzhak-Rabin-Straße,3.240815208333429,16924.654066596366,pc2,Park,False,False,190.1561716444269,20,2,0.35
1624348573.7300525,2021-06-22T07:56:13.730052Z,52.51504333333333,13.35868,2,4,S1,1624348573.7300525,4.2415925,-83.28275,-59.0145875,0.0007075534999999,44.0,924.0,8.75,0.00279248875,8,8,2021-06-22 09:56:13,52.51504333333333,13.35868,35.7,57.9676,84.2,0.0655,0.04,18.13,18.13,14.08,0.77,1011.9,4.06,0.97,3.0,16.093,0.09248,Yitzhak-Rabin-Straße,3.240815208333429,16924.654066596366,pc2,Park,2021-06-22 09:56:13,52.514853333333335,13.355885,31.6,21.4832,77.1,0.0649,0.04,18.15,18.15,14.1,0.77,1011.9,4.07,0.97,3.0,16.093,1.58079,Großer Stern,9.27648994993219,16734.04712540828,pc4,Park,False,False,190.1561716444269,20,2,0.6
1624348574.1299057,2021-06-22T07:56:14.129905Z,52.515056666666666,13.358916666666667,2,4,S1,1624348574.1299057,4.0419906,-82.49724,-58.502,0.0008642346,44.0,964.0,8.6,0.003531258,8,5,2021-06-22 09:56:14,52.515056666666666,13.358916666666667,35.5,57.9676,84.6,0.0655,0.04,18.13,18.13,14.08,0.77,1011.9,4.06,0.97,3.0,16.093,0.09248,Yitzhak-Rabin-Straße,3.0143295671499217,16936.134803267352,pc2,Park,2021-06-22 09:56:14,52.51486833333333,13.355978333333333,31.8,23.15,78.3,0.0649,0.04,18.15,18.15,14.1,0.77,1011.9,4.07,0.97,3.0,16.093,1.58079,Großer Stern,8.314221927075467,16745.438186316132,pc4,Park,False,False,199.77142464866677,20,2,0.75
1624348574.151218,2021-06-22T07:56:14.151217Z,52.51486833333333,13.355978333333333,4,2,S1,1624348574.151218,5.5860080000000005,-81.85404,-57.812,0.000765643,45.0,966.4,6.0,0.00396981,8,5,2021-06-22 09:56:14,52.51486833333333,13.355978333333333,31.8,23.15,78.3,0.0649,0.04,18.15,18.15,14.1,0.77,1011.9,4.07,0.97,3.0,16.093,1.58079,Großer Stern,8.314221927075467,16745.438186316132,pc4,Park,2021-06-22 09:56:14,52.515056666666666,13.358916666666667,35.5,57.9676,84.6,0.0655,0.04,18.13,18.13,14.08,0.77,1011.9,4.06,0.97,3.0,16.093,0.09248,Yitzhak-Rabin-Straße,3.0143295671499217,16936.134803267352,pc2,Park,False,False,199.77142464866677,20,2,0.75
1624348575.460315,2021-06-22T07:56:15.460314Z,52.51506833333333,13.359153333333332,2,4,S1,1624348575.460315,1.29739425,-85.370925,-59.7687,0.0006882585,44.0,73.0,9.0,0.0017582025,8,4,2021-06-22 09:56:15,52.51506833333333,13.359153333333332,35.6,57.7824,86.3,0.0655,0.04,18.13,18.13,14.08,0.77,1011.9,4.06,0.97,3.0,16.093,0.09248,Yitzhak-Rabin-Straße,2.616599601420181,16959.516754882527,pc2,Park,2021-06-22 09:56:15,52.51488166666667,13.356078333333333,32.0,25.742800000000003,78.8,0.0649,0.04,18.15,18.15,14.1,0.77,1011.9,4.07,0.97,3.0,16.093,1.58079,Großer Stern,7.585606123482673,16745.438186316132,pc4,Park,False,False,208.9453377506148,20,2,0.8
1624348575.613191,2021-06-22T07:56:15.613190Z,52.51488166666667,13.356078333333333,4,2,S1,1624348575.613191,3.54789,-82.8365,-57.3504,0.000876885,45.0,89.0,2.0,0.00306953,8,1,2021-06-22 09:56:15,52.51488166666667,13.356078333333333,32.0,25.742800000000003,78.8,0.0649,0.04,18.15,18.15,14.1,0.77,1011.9,4.07,0.97,3.0,16.093,1.58079,Großer Stern,7.585606123482673,16745.438186316132,pc4,Park,2021-06-22 09:56:15,52.51506833333333,13.359153333333332,35.6,57.7824,86.3,0.0655,0.04,18.13,18.13,14.08,0.77,1011.9,4.06,0.97,3.0,16.093,0.09248,Yitzhak-Rabin-Straße,2.616599601420181,16959.516754882527,pc2,Park,False,False,208.9453377506148,20,2,0.95
1624348576.33296,2021-06-22T07:56:16.332959Z,52.515076666666666,13.35939,2,4,S1,1624348576.33296,3.1795149166666667,-83.82243333333334,-59.23920833333333,0.0007304099999999,44.0,160.33333333333334,8.333333333333334,0.0024926683333333,8,12,2021-06-22 09:56:16,52.515076666666666,13.35939,35.6,57.9676,86.8,0.0655,0.04,18.13,18.13,14.08,0.77,1011.9,4.06,0.97,3.0,16.093,1.42135,Großer Stern,9.254566850421964,16971.391651901384,pc2,Park,2021-06-22 09:56:16,52.51489166666666,13.356191666666668,32.2,28.5208,80.7,0.0649,0.04,18.15,18.15,14.1,0.77,1011.9,4.07,0.97,3.0,16.093,1.58079,Großer Stern,7.324294900629795,16756.87591321856,pc4,Park,False,False,217.22754795547772,20,2,0.4
