timestamp,timestamp_iso,lat,lon,Source,Destination,Scenario,time_epoch,SNR,RSRP,RSSI,NOISE POWER,RX_GAIN,SubFrame_NUMBER,SubFrame_LENGHT,Rx_power,MCS,Received Packets,ts_gps_source,Latitude_source,Longitude_source,Altitude_source,speed_kmh_source,COG_source,precipIntensity_source,precipProbability_source,temperature_source,apparentTemperature_source,dewPoint_source,humidity_source,pressure_source,windSpeed_source,cloudCover_source,uvIndex_source,visibility_source,Traffic_Jam_Factor_source,Traffic_Street_Name_source,Traffic_Distance_source,Pos_in_Ref_Round_source,device_source,area_source,ts_gps_destination,Latitude_destination,Longitude_destination,Altitude_destination,speed_kmh_destination,COG_destination,precipIntensity_destination,precipProbability_destination,temperature_destination,apparentTemperature_destination,dewPoint_destination,humidity_destination,pressure_destination,windSpeed_destination,cloudCover_destination,uvIndex_destination,visibility_destination,Traffic_Jam_Factor_destination,Traffic_Street_Name_destination,Traffic_Distance_destination,Pos_in_Ref_Round_destination,device_destination,area_destination,syncref_source,syncref_destination,distance,Packet_transmission_rate_hz,Sub_channels,Packet_error_ratio
1624457911.4891016,2021-06-23T14:18:31.489101Z,52.50993,13.357696666666667,4,2,S2,1624457911.4891016,16.822549130434783,-70.63033913043479,-42.83685217391304,0.0010650245,44.0,427.9782608695652,7.782608695652174,0.0932856682608695,12,46,2021-06-23 16:18:31,52.50993,13.357696666666667,25.2,37.7808,265.6,0.0587,0.03,18.42,18.42,12.31,0.68,1019.3,2.8,0.94,3.0,16.093,3.79316,Kemperplatz,1.3127906435284074,2584.621474250454,pc4,Park,2021-06-23 16:18:31,52.50994666666666,13.358036666666669,38.5,39.818000000000005,277.7,0.0587,0.03,18.42,18.42,12.31,0.68,1019.3,2.8,0.94,3.0,16.093,3.94608,Kemperplatz,2.9629599996246654,2561.446266874914,pc2,Park,False,False,23.06607609797377,50,10,0.08
1624457911.4989383,2021-06-23T14:18:31.498938Z,52.50994666666666,13.358036666666669,2,4,S2,1624457911.4989383,15.81210268292683,-73.88647560975609,-46.08780243902439,0.0005859040975609,41.0,428.8536585365854,8.658536585365853,0.0387040048780487,12,41,2021-06-23 16:18:31,52.50994666666666,13.358036666666669,38.5,39.818000000000005,277.7,0.0587,0.03,18.42,18.42,12.31,0.68,1019.3,2.8,0.94,3.0,16.093,3.94608,Kemperplatz,2.9629599996246654,2561.446266874914,pc2,Park,2021-06-23 16:18:31,52.50993,13.357696666666667,25.2,37.7808,265.6,0.0587,0.03,18.42,18.42,12.31,0.68,1019.3,2.8,0.94,3.0,16.093,3.79316,Kemperplatz,1.3127906435284074,2584.621474250454,pc4,Park,False,False,23.06607609797377,50,10,0.18
1624457912.479215,2021-06-23T14:18:32.479214Z,52.50994666666666,13.35787,2,4,S2,1624457912.479215,15.832974,-72.76867777777777,-44.97069333333333,0.0018179641777777,41.0,527.0444444444445,7.133333333333334,0.058573202,12,45,2021-06-23 16:18:32,52.50994666666666,13.35787,38.7,40.744,276.8,0.0587,0.03,18.42,18.42,12.31,0.68,1019.3,2.8,0.94,3.0,16.093,3.79316,Kemperplatz,2.9629599996246654,2572.9650731841643,pc2,Park,2021-06-23 16:18:32,52.50992166666666,13.357541666666666,25.1,38.1512,266.9,0.0587,0.03,18.42,18.42,12.31,0.68,1019.3,2.8,0.94,3.0,16.093,3.79316,Kemperplatz,1.120195434047735,2596.373203786485,pc4,Park,False,False,22.375356066218483,50,10,0.1
1624457912.5034437,2021-06-23T14:18:32.503443Z,52.50992166666666,13.357541666666666,4,2,S2,1624457912.5034437,17.67434,-69.82063600000001,-41.992336,0.00110282706,44.0,529.44,7.54,0.1092516372,12,50,2021-06-23 16:18:32,52.50992166666666,13.357541666666666,25.1,38.1512,266.9,0.0587,0.03,18.42,18.42,12.31,0.68,1019.3,2.8,0.94,3.0,16.093,3.79316,Kemperplatz,1.120195434047735,2596.373203786485,pc4,Park,2021-06-23 16:18:32,52.50994666666666,13.35787,38.7,40.744,276.8,0.0587,0.03,18.42,18.42,12.31,0.68,1019.3,2.8,0.94,3.0,16.093,3.79316,Kemperplatz,2.9629599996246654,2572.9650731841643,pc2,Park,False,False,22.375356066218483,50,10,0.0
1624457913.5047529,2021-06-23T14:18:33.504752Z,52.50994166666667,13.357696666666667,2,4,S2,1624457913.5047529,15.497349795918367,-72.02580612244897,-44.209326530612245,0.0027308141632653,41.0,630.0204081632653,3.0,0.0554470910204081,12,49,2021-06-23 16:18:33,52.50994166666667,13.357696666666667,38.7,41.67,276.0,0.0587,0.03,18.42,18.42,12.31,0.68,1019.3,2.8,0.94,3.0,16.093,3.79316,Kemperplatz,2.6059288167992536,2584.621474250454,pc2,Park,2021-06-23 16:18:33,52.50991666666667,13.357383333333331,26.3,38.7068,266.6,0.0587,0.03,18.42,18.42,12.31,0.68,1019.3,2.8,0.94,3.0,16.093,3.04466,Klingelhöfer Straße,1.3127905419557269,2608.177115724771,pc4,Park,False,False,21.369210755975924,50,10,0.02
1624457913.5075817,2021-06-23T14:18:33.507581Z,52.50991666666667,13.357383333333331,4,2,S2,1624457913.5075817,18.2966554,-69.264664,-41.403174,0.00101209702,44.0,630.0,6.08,0.1116944622,12,50,2021-06-23 16:18:33,52.50991666666667,13.357383333333331,26.3,38.7068,266.6,0.0587,0.03,18.42,18.42,12.31,0.68,1019.3,2.8,0.94,3.0,16.093,3.04466,Klingelhöfer Straße,1.3127905419557269,2608.177115724771,pc4,Park,2021-06-23 16:18:33,52.50994166666667,13.357696666666667,38.7,41.67,276.0,0.0587,0.03,18.42,18.42,12.31,0.68,1019.3,2.8,0.94,3.0,16.093,3.79316,Kemperplatz,2.6059288167992536,2584.621474250454,pc2,Park,False,False,21.369210755975924,50,10,0.0
1624457914.5000665,2021-06-23T14:18:34.500066Z,52.50993833333333,13.357521666666669,2,4,S2,1624457914.5000665,15.236907142857143,-74.64773265306123,-46.87394693877552,0.0008398953265306,41.0,729.0408163265306,8.142857142857142,0.0278078893877551,12,49,2021-06-23 16:18:34,52.50993833333333,13.357521666666669,38.7,42.596,275.1,0.0587,0.03,18.42,18.42,12.31,0.68,1019.3,2.8,0.94,3.0,16.093,3.79316,Kemperplatz,3.061867942002894,2596.373203786485,pc2,Park,2021-06-23 16:18:34,52.50991,13.357221666666666,26.2,39.2624,265.9,0.0587,0.03,18.42,18.42,12.31,0.68,1019.3,2.8,0.94,3.0,16.093,3.04466,Klingelhöfer Straße,1.381617334581401,2619.9905048667947,pc4,Park,False,False,20.52890803927758,50,10,0.02
1624457914.5044298,2021-06-23T14:18:34.504429Z,52.50991,13.357221666666666,4,2,S2,1624457914.5044298,16.30460081632653,-71.65092448979593,-43.83470408163266,0.0009075779591836,44.0,729.9795918367347,3.142857142857143,0.0559359634693877,12,49,2021-06-23 16:18:34,52.50991,13.357221666666666,26.2,39.2624,265.9,0.0587,0.03,18.42,18.42,12.31,0.68,1019.3,2.8,0.94,3.0,16.093,3.04466,Klingelhöfer Straße,1.381617334581401,2619.9905048667947,pc4,Park,2021-06-23 16:18:34,52.50993833333333,13.357521666666669,38.7,42.596,275.1,0.0587,0.03,18.42,18.42,12.31,0.68,1019.3,2.8,0.94,3.0,16.093,3.79316,Kemperplatz,3.061867942002894,2596.373203786485,pc2,Park,False,False,20.52890803927758,50,10,0.02
1624457915.4912431,2021-06-23T14:18:35.491243Z,52.50993166666667,13.357346666666666,2,4,S2,1624457915.4912431,15.99989081632653,-74.07797142857143,-46.30920408163265,0.0005311313265306,41.0,828.1428571428571,8.285714285714286,0.0305869667346938,12,49,2021-06-23 16:18:35,52.50993166666667,13.357346666666666,38.7,42.596,274.3,0.0587,0.03,18.42,18.42,12.31,0.68,1019.3,2.8,0.94,3.0,16.093,3.04466,Klingelhöfer Straße,3.1483392984014515,2608.177115724771,pc2,Park,2021-06-23 16:18:35,52.50990333333333,13.357058333333333,26.0,39.818000000000005,265.8,0.0587,0.03,18.42,18.42,12.31,0.68,1019.3,2.8,0.94,3.0,16.093,3.04466,Klingelhöfer Straße,1.5708794507481547,2631.7342153203977,pc4,Park,False,False,19.74966462565046,50,10,0.02
1624457915.4945643,2021-06-23T14:18:35.494564Z,52.50990333333333,13.357058333333333,4,2,S2,1624457915.4945643,17.17154,-70.169792,-42.362732,0.00110163278,44.0,829.0,3.08,0.0916104034,12,50,2021-06-23 16:18:35,52.50990333333333,13.357058333333333,26.0,39.818000000000005,265.8,0.0587,0.03,18.42,18.42,12.31,0.68,1019.3,2.8,0.94,3.0,16.093,3.04466,Klingelhöfer Straße,1.5708794507481547,2631.7342153203977,pc4,Park,2021-06-23 16:18:35,52.50993166666667,13.357346666666666,38.7,42.596,274.3,0.0587,0.03,18.42,18.42,12.31,0.68,1019.3,2.8,0.94,3.0,16.093,3.04466,Klingelhöfer Straße,3.1483392984014515,2608.177115724771,pc2,Park,False,False,19.74966462565046,50,10,0.0
1624457916.4863567,2021-06-23T14:18:36.486356Z,52.509925,13.35717,2,4,S2,1624457916.4863567,16.005374489795916,-73.22452448979591,-45.44686530612245,0.0006839430816326,41.0,927.6530612244898,8.285714285714286,0.0404771169387755,12,49,2021-06-23 16:18:36,52.509925,13.35717,38.6,42.2256,273.4,0.0587,0.03,18.42,18.42,12.31,0.68,1019.3,2.8,0.94,3.0,16.093,3.04466,Klingelhöfer Straße,3.335754295975672,2619.9905048667947,pc2,Park,2021-06-23 16:18:36,52.50989666666667,13.356893333333334,26.1,39.818000000000005,265.5,0.0587,0.03,18.42,18.42,12.31,0.68,1019.3,2.8,0.94,3.0,16.093,3.04466,Klingelhöfer Straße,1.7696050535709082,2643.3408366631343,pc4,Park,False,False,18.971223088084347,50,10,0.02
1624457916.4884758,2021-06-23T14:18:36.488475Z,52.50989666666667,13.356893333333334,4,2,S2,1624457916.4884758,15.87385632653061,-70.05970612244899,-42.25259387755102,0.0021665356734693,44.0,928.408163265306,2.9183673469387754,0.0978196863265306,12,49,2021-06-23 16:18:36,52.50989666666667,13.356893333333334,26.1,39.818000000000005,265.5,0.0587,0.03,18.42,18.42,12.31,0.68,1019.3,2.8,0.94,3.0,16.093,3.04466,Klingelhöfer Straße,1.7696050535709082,2643.3408366631343,pc4,Park,2021-06-23 16:18:36,52.509925,13.35717,38.6,42.2256,273.4,0.0587,0.03,18.42,18.42,12.31,0.68,1019.3,2.8,0.94,3.0,16.093,3.04466,Klingelhöfer Straße,3.335754295975672,2619.9905048667947,pc2,Park,False,False,18.971223088084347,50,10,0.02
1624457917.4891078,2021-06-23T14:18:37.489107Z,52.509888333333336,13.35673,4,2,S2,1624457917.4891078,14.195590869565216,-70.27059565217391,-42.51164565217391,0.0045254744130434,44.0,494.0652173913044,4.369565217391305,0.0746972780434782,12,46,2021-06-23 16:18:37,52.509888333333336,13.35673,26.2,39.818000000000005,264.6,0.0587,0.03,18.42,18.42,12.31,0.68,1019.3,2.8,0.94,3.0,16.093,3.04466,Klingelhöfer Straße,1.774336766017124,2654.7391175443777,pc4,Park,2021-06-23 16:18:37,52.50991666666667,13.356996666666667,38.6,41.4848,272.6,0.0587,0.03,18.42,18.42,12.31,0.68,1019.3,2.8,0.94,3.0,16.093,3.04466,Klingelhöfer Straße,3.3972641952644205,2631.7342153203977,pc2,Park,False,False,18.304705222315,50,10,0.08
1624457917.493123,2021-06-23T14:18:37.493123Z,52.50991666666667,13.356996666666667,2,4,S2,1624457917.493123,13.42733588235294,-74.28964117647058,-46.50628823529412,0.0009708196862745,41.0,466.2549019607843,7.078431372549019,0.0274321888235294,12,51,2021-06-23 16:18:37,52.50991666666667,13.356996666666667,38.6,41.4848,272.6,0.0587,0.03,18.42,18.42,12.31,0.68,1019.3,2.8,0.94,3.0,16.093,3.04466,Klingelhöfer Straße,3.3972641952644205,2631.7342153203977,pc2,Park,2021-06-23 16:18:37,52.509888333333336,13.35673,26.2,39.818000000000005,264.6,0.0587,0.03,18.42,18.42,12.31,0.68,1019.3,2.8,0.94,3.0,16.093,3.04466,Klingelhöfer Straße,1.774336766017124,2654.7391175443777,pc4,Park,False,False,18.304705222315,50,10,-0.02
1624457918.5005727,2021-06-23T14:18:38.500572Z,52.509906666666666,13.356828333333333,2,4,S2,1624457918.5005727,15.107403921568627,-74.8215274509804,-47.032319607843135,0.000555562862745,41.0,105.1372549019608,7.686274509803922,0.0230674058823529,12,51,2021-06-23 16:18:38,52.509906666666666,13.356828333333333,38.5,40.3736,271.8,0.0587,0.03,18.42,18.42,12.31,0.68,1019.3,2.8,0.94,3.0,16.093,3.04466,Klingelhöfer Straße,3.2458539735968994,2643.3408366631343,pc2,Park,2021-06-23 16:18:38,52.50987666666666,13.356566666666666,26.3,39.4476,263.7,0.0587,0.03,18.42,18.42,12.31,0.68,1019.3,2.8,0.94,3.0,16.093,3.04466,Klingelhöfer Straße,1.4100066058819278,2665.864123138036,pc4,Park,False,False,18.00501005259536,50,10,-0.02
1624457918.5101976,2021-06-23T14:18:38.510197Z,52.50987666666666,13.356566666666666,4,2,S2,1624457918.5101976,16.618782765957448,-70.78742127659575,-43.00861702127659,0.0012211111914893,44.0,106.51063829787236,3.595744680851064,0.0671631468085106,12,47,2021-06-23 16:18:38,52.50987666666666,13.356566666666666,26.3,39.4476,263.7,0.0587,0.03,18.42,18.42,12.31,0.68,1019.3,2.8,0.94,3.0,16.093,3.04466,Klingelhöfer Straße,1.4100066058819278,2665.864123138036,pc4,Park,2021-06-23 16:18:38,52.509906666666666,13.356828333333333,38.5,40.3736,271.8,0.0587,0.03,18.42,18.42,12.31,0.68,1019.3,2.8,0.94,3.0,16.093,3.04466,Klingelhöfer Straße,3.2458539735968994,2643.3408366631343,pc2,Park,False,False,18.00501005259536,50,10,0.06
1624457919.5152435,2021-06-23T14:18:39.515243Z,52.509895,13.356663333333334,2,4,S2,1624457919.5152435,13.425282368421051,-76.81427631578947,-49.05027631578948,0.0005528701842105,41.0,207.02631578947367,3.4473684210526314,0.013686947368421,12,38,2021-06-23 16:18:39,52.509895,13.356663333333334,38.5,40.00320000000001,270.9,0.0587,0.03,18.42,18.42,12.31,0.68,1019.3,2.8,0.94,3.0,16.093,3.04466,Klingelhöfer Straße,2.890986737863957,2654.7391175443777,pc2,Park,2021-06-23 16:18:39,52.50986666666667,13.356406666666668,26.4,39.4476,262.9,0.0587,0.03,18.42,18.42,12.31,0.68,1019.3,2.8,0.94,3.0,16.093,3.85603,Kemperplatz,1.5416158719032005,2676.712763731492,pc4,Park,False,False,17.638939080054833,50,10,0.24
1624457919.573169,2021-06-23T14:18:39.573168Z,52.50986666666667,13.356406666666668,4,2,S2,1624457919.573169,13.335847222222222,-74.44790555555556,-46.7269,0.0009493147777777,44.0,212.77777777777777,3.888888888888889,0.0243557277777777,12,18,2021-06-23 16:18:39,52.50986666666667,13.356406666666668,26.4,39.4476,262.9,0.0587,0.03,18.42,18.42,12.31,0.68,1019.3,2.8,0.94,3.0,16.093,3.85603,Kemperplatz,1.5416158719032005,2676.712763731492,pc4,Park,2021-06-23 16:18:39,52.509895,13.356663333333334,38.5,40.00320000000001,270.9,0.0587,0.03,18.42,18.42,12.31,0.68,1019.3,2.8,0.94,3.0,16.093,3.04466,Klingelhöfer Straße,2.890986737863957,2654.7391175443777,pc2,Park,False,False,17.638939080054833,50,10,0.64
1624457920.50555,2021-06-23T14:18:40.505549Z,52.509885,13.356501666666666,2,4,S2,1624457920.50555,11.884058510638296,-77.98336808510638,-50.19128936170213,0.0005884419787234,41.0,305.9574468085106,4.425531914893617,0.0113877859574468,12,47,2021-06-23 16:18:40,52.509885,13.356501666666666,38.5,39.2624,270.2,0.0587,0.03,18.42,18.42,12.31,0.68,1019.3,2.8,0.94,3.0,16.093,3.04466,Klingelhöfer Straße,2.701724691325009,2665.864123138036,pc2,Park,2021-06-23 16:18:40,52.50985666666666,13.356243333333332,26.4,39.4476,262.4,0.0587,0.03,18.42,18.42,12.31,0.68,1019.3,2.8,0.94,3.0,16.093,3.04466,Klingelhöfer Straße,2.0267398331289925,2687.309963199561,pc4,Park,False,False,17.749859877562898,50,10,0.06
1624457920.5061624,2021-06-23T14:18:40.506162Z,52.50985666666666,13.356243333333332,4,2,S2,1624457920.5061624,12.5307058,-75.113748,-47.34909400000001,0.0009809273,44.0,306.06,4.04,0.0214107378,12,50,2021-06-23 16:18:40,52.50985666666666,13.356243333333332,26.4,39.4476,262.4,0.0587,0.03,18.42,18.42,12.31,0.68,1019.3,2.8,0.94,3.0,16.093,3.04466,Klingelhöfer Straße,2.0267398331289925,2687.309963199561,pc4,Park,2021-06-23 16:18:40,52.509885,13.356501666666666,38.5,39.2624,270.2,0.0587,0.03,18.42,18.42,12.31,0.68,1019.3,2.8,0.94,3.0,16.093,3.04466,Klingelhöfer Straße,2.701724691325009,2665.864123138036,pc2,Park,False,False,17.749859877562898,50,10,0.0
1624457921.4757948,2021-06-23T14:18:41.475794Z,52.509845,13.356083333333334,4,2,S2,1624457921.4757948,14.126218666666666,-73.78786666666667,-46.02527111111112,0.0010770719555555,44.0,403.1333333333333,2.977777777777778,0.030155924,12,45,2021-06-23 16:18:41,52.509845,13.356083333333334,26.4,39.2624,262.1,0.0587,0.03,18.42,18.42,12.31,0.68,1019.3,2.8,0.94,3.0,16.093,3.04466,Klingelhöfer Straße,2.375552768755861,2697.7235158389444,pc4,Park,2021-06-23 16:18:41,52.50987333333333,13.356341666666667,38.4,38.7068,269.4,0.0587,0.03,18.42,18.42,12.31,0.68,1019.3,2.8,0.94,3.0,16.093,3.85603,Kemperplatz,2.9053532128979422,2676.712763731492,pc2,Park,False,False,17.74987130667995,50,10,0.1
1624457921.511875,2021-06-23T14:18:41.511874Z,52.50987333333333,13.356341666666667,2,4,S2,1624457921.511875,12.3048084,-77.779604,-49.96422,0.00054615788,41.0,406.54,4.92,0.0121340106,12,50,2021-06-23 16:18:41,52.50987333333333,13.356341666666667,38.4,38.7068,269.4,0.0587,0.03,18.42,18.42,12.31,0.68,1019.3,2.8,0.94,3.0,16.093,3.85603,Kemperplatz,2.9053532128979422,2676.712763731492,pc2,Park,2021-06-23 16:18:41,52.509845,13.356083333333334,26.4,39.2624,262.1,0.0587,0.03,18.42,18.42,12.31,0.68,1019.3,2.8,0.94,3.0,16.093,3.04466,Klingelhöfer Straße,2.375552768755861,2697.7235158389444,pc4,Park,False,False,17.74987130667995,50,10,0.0
1624457922.4463122,2021-06-23T14:18:42.446312Z,52.50986,13.356185,2,4,S2,1624457922.4463122,13.38728425,-77.256085,-49.468475,0.0004479735,41.0,499.85,6.275,0.0133863375,12,40,2021-06-23 16:18:42,52.50986,13.356185,38.5,38.52160000000001,268.6,0.0587,0.03,18.42,18.42,12.31,0.68,1019.3,2.8,0.94,3.0,16.093,3.04466,Klingelhöfer Straße,2.959256207598762,2687.309963199561,pc2,Park,2021-06-23 16:18:42,52.50983166666666,13.355921666666667,26.3,39.4476,262.0,0.0587,0.03,18.42,18.42,12.31,0.68,1019.3,2.8,0.94,3.0,16.093,3.04466,Klingelhöfer Straße,2.6862015997953583,2708.0075150441203,pc4,Park,False,False,18.082746803875832,50,10,0.2
1624457922.5066943,2021-06-23T14:18:42.506694Z,52.50983166666666,13.355921666666667,4,2,S2,1624457922.5066943,13.310999795918368,-73.17964693877552,-45.4275224489796,0.0020116843469387,44.0,506.18367346938777,3.346938775510204,0.034963735510204,12,49,2021-06-23 16:18:42,52.50983166666666,13.355921666666667,26.3,39.4476,262.0,0.0587,0.03,18.42,18.42,12.31,0.68,1019.3,2.8,0.94,3.0,16.093,3.04466,Klingelhöfer Straße,2.6862015997953583,2708.0075150441203,pc4,Park,2021-06-23 16:18:42,52.50986,13.356185,38.5,38.52160000000001,268.6,0.0587,0.03,18.42,18.42,12.31,0.68,1019.3,2.8,0.94,3.0,16.093,3.04466,Klingelhöfer Straße,2.959256207598762,2687.309963199561,pc2,Park,False,False,18.082746803875832,50,10,0.02
1624457923.438302,2021-06-23T14:18:43.438302Z,52.50984666666667,13.356028333333333,2,4,S2,1624457923.438302,12.912164516129032,-77.86677741935485,-50.08906129032258,0.0004330179677419,41.0,598.7741935483871,9.0,0.0114840206451612,12,31,2021-06-23 16:18:43,52.50984666666667,13.356028333333333,38.5,37.966,268.0,0.0587,0.03,18.42,18.42,12.31,0.68,1019.3,2.8,0.94,3.0,16.093,3.04466,Klingelhöfer Straße,3.1613124136854163,2697.7235158389444,pc2,Park,2021-06-23 16:18:43,52.509815,13.355761666666666,26.4,39.2624,257.1,0.0587,0.03,18.42,18.42,12.31,0.68,1019.3,2.8,0.94,3.0,16.093,3.04466,Klingelhöfer Straße,2.613108492589075,2718.2317305674965,pc4,Park,False,False,18.37194720609589,50,10,0.38
1624457923.4962025,2021-06-23T14:18:43.496202Z,52.509815,13.355761666666666,4,2,S2,1624457923.4962025,12.941992040816324,-74.29173265306122,-46.53602653061225,0.0011063885306122,44.0,604.9387755102041,5.306122448979592,0.0246936063265306,12,49,2021-06-23 16:18:43,52.509815,13.355761666666666,26.4,39.2624,257.1,0.0587,0.03,18.42,18.42,12.31,0.68,1019.3,2.8,0.94,3.0,16.093,3.04466,Klingelhöfer Straße,2.613108492589075,2718.2317305674965,pc4,Park,2021-06-23 16:18:43,52.50984666666667,13.356028333333333,38.5,37.966,268.0,0.0587,0.03,18.42,18.42,12.31,0.68,1019.3,2.8,0.94,3.0,16.093,3.04466,Klingelhöfer Straße,3.1613124136854163,2697.7235158389444,pc2,Park,False,False,18.37194720609589,50,10,0.02
1624457924.392618,2021-06-23T14:18:44.392617Z,52.50983333333333,13.355873333333331,2,4,S2,1624457924.392618,14.84085,-75.86535,-47.9938,0.0004464465,41.0,694.5,6.0,0.0161961,12,2,2021-06-23 16:18:44,52.50983333333333,13.355873333333331,38.4,37.966,267.3,0.0587,0.03,18.42,18.42,12.31,0.68,1019.3,2.8,0.94,3.0,16.093,3.04466,Klingelhöfer Straße,3.3988677070221462,2708.0075150441203,pc2,Park,2021-06-23 16:18:44,52.509798333333336,13.355603333333333,26.6,39.2624,257.6,0.0587,0.03,18.42,18.42,12.31,0.68,1019.3,2.8,0.94,3.0,16.093,3.04466,Klingelhöfer Straße,2.262835067178494,2728.4249452276026,pc4,Park,False,False,18.66673686646802,50,10,0.96
1624457924.4945123,2021-06-23T14:18:44.494512Z,52.509798333333336,13.355603333333333,4,2,S2,1624457924.4945123,13.309116862745098,-73.83428627450981,-46.0365137254902,0.001146689117647,44.0,704.7843137254902,5.15686274509804,0.0285959101960784,12,51,2021-06-23 16:18:44,52.509798333333336,13.355603333333333,26.6,39.2624,257.6,0.0587,0.03,18.42,18.42,12.31,0.68,1019.3,2.8,0.94,3.0,16.093,3.04466,Klingelhöfer Straße,2.262835067178494,2728.4249452276026,pc4,Park,2021-06-23 16:18:44,52.50983333333333,13.355873333333331,38.4,37.966,267.3,0.0587,0.03,18.42,18.42,12.31,0.68,1019.3,2.8,0.94,3.0,16.093,3.04466,Klingelhöfer Straße,3.3988677070221462,2708.0075150441203,pc2,Park,False,False,18.66673686646802,50,10,-0.02
1624457925.522358,2021-06-23T14:18:45.522357Z,52.509818333333335,13.35572,2,4,S2,1624457925.522358,14.210922272727272,-76.47323636363636,-48.679615909090906,0.000449331590909,41.0,807.3181818181819,7.613636363636363,0.0172382113636363,12,44,2021-06-23 16:18:45,52.509818333333335,13.35572,38.3,37.4104,266.6,0.0587,0.03,18.42,18.42,12.31,0.68,1019.3,2.8,0.94,3.0,16.093,3.04466,Klingelhöfer Straße,3.3942536550041296,2718.2317305674965,pc2,Park,2021-06-23 16:18:45,52.50978666666666,13.355443333333334,26.8,39.2624,258.3,0.0587,0.03,18.42,18.42,12.31,0.68,1019.3,2.8,0.94,3.0,16.093,3.04466,Klingelhöfer Straße,2.446308161323225,2738.609535727785,pc4,Park,False,False,19.03614661638192,50,10,0.12
1624457925.527585,2021-06-23T14:18:45.527585Z,52.50978666666666,13.355443333333334,4,2,S2,1624457925.527585,13.224207916666666,-72.69905625,-44.8969375,0.0015192670833333,44.0,808.125,4.833333333333333,0.0384182152083333,12,48,2021-06-23 16:18:45,52.50978666666666,13.355443333333334,26.8,39.2624,258.3,0.0587,0.03,18.42,18.42,12.31,0.68,1019.3,2.8,0.94,3.0,16.093,3.04466,Klingelhöfer Straße,2.446308161323225,2738.609535727785,pc4,Park,2021-06-23 16:18:45,52.509818333333335,13.35572,38.3,37.4104,266.6,0.0587,0.03,18.42,18.42,12.31,0.68,1019.3,2.8,0.94,3.0,16.093,3.04466,Klingelhöfer Straße,3.3942536550041296,2718.2317305674965,pc2,Park,False,False,19.03614661638192,50,10,0.04
1624457926.4287362,2021-06-23T14:18:46.428736Z,52.50980333333333,13.355568333333334,2,4,S2,1624457926.4287362,13.891805768108108,-75.79517297297298,-47.997324324324325,0.0008656638378378,41.0,897.9459459459459,7.72972972972973,0.02116134,12,37,2021-06-23 16:18:46,52.50980333333333,13.355568333333334,38.3,37.4104,266.0,0.0587,0.03,18.42,18.42,12.31,0.68,1019.3,2.8,0.94,3.0,16.093,3.04466,Klingelhöfer Straße,3.1343325872564622,2728.4249452276026,pc2,Park,2021-06-23 16:18:46,52.509771666666666,13.355285,27.0,39.2624,260.6,0.0587,0.03,18.42,18.42,12.31,0.68,1019.3,2.8,0.94,3.0,16.093,3.04466,Klingelhöfer Straße,2.24754633940296,2748.849948486082,pc4,Park,False,False,19.47940418739101,50,10,0.26
1624457926.502655,2021-06-23T14:18:46.502655Z,52.509771666666666,13.355285,4,2,S2,1624457926.502655,15.028542291666668,-73.31766875,-45.53492916666666,0.0008134614375,44.0,905.8541666666666,2.6041666666666665,0.0379993864583333,12,48,2021-06-23 16:18:46,52.509771666666666,13.355285,27.0,39.2624,260.6,0.0587,0.03,18.42,18.42,12.31,0.68,1019.3,2.8,0.94,3.0,16.093,3.04466,Klingelhöfer Straße,2.24754633940296,2748.849948486082,pc4,Park,2021-06-23 16:18:46,52.50980333333333,13.355568333333334,38.3,37.4104,266.0,0.0587,0.03,18.42,18.42,12.31,0.68,1019.3,2.8,0.94,3.0,16.093,3.04466,Klingelhöfer Straße,3.1343325872564622,2728.4249452276026,pc2,Park,False,False,19.47940418739101,50,10,0.04
1624457927.3125596,2021-06-23T14:18:47.312559Z,52.50978833333333,13.355415,2,4,S2,1624457927.3125596,12.4901425,-76.873505,-49.081295,0.0010706887,41.0,935.2,7.0,0.014973105,12,20,2021-06-23 16:18:47,52.50978833333333,13.355415,38.3,37.4104,264.3,0.0587,0.03,18.42,18.42,12.31,0.68,1019.3,2.8,0.94,3.0,16.093,3.04466,Klingelhöfer Straße,2.889701760363436,2738.609535727785,pc2,Park,2021-06-23 16:18:47,52.50975833333333,13.355126666666669,27.1,38.52160000000001,260.4,0.0587,0.03,18.42,18.42,12.31,0.68,1019.3,2.8,0.94,3.0,16.093,3.04466,Klingelhöfer Straße,2.368915030094956,2759.153910201065,pc4,Park,False,False,19.78010086481037,50,10,0.6
1624457927.5200715,2021-06-23T14:18:47.520071Z,52.50975833333333,13.355126666666669,4,2,S2,1624457927.5200715,13.692902916666666,-74.57857708333333,-46.74035625,0.0008124553125,44.0,644.75,4.375,0.0268879120833333,12,48,2021-06-23 16:18:47,52.50975833333333,13.355126666666669,27.1,38.52160000000001,260.4,0.0587,0.03,18.42,18.42,12.31,0.68,1019.3,2.8,0.94,3.0,16.093,3.04466,Klingelhöfer Straße,2.368915030094956,2759.153910201065,pc4,Park,2021-06-23 16:18:47,52.50978833333333,13.355415,38.3,37.4104,264.3,0.0587,0.03,18.42,18.42,12.31,0.68,1019.3,2.8,0.94,3.0,16.093,3.04466,Klingelhöfer Straße,2.889701760363436,2738.609535727785,pc2,Park,False,False,19.78010086481037,50,10,0.04
1624457928.4583924,2021-06-23T14:18:48.458392Z,52.50974333333333,13.354973333333334,4,2,S2,1624457928.4583924,13.59192931818182,-74.8361840909091,-47.04056818181818,0.0007805530681818,44.0,77.0,6.886363636363637,0.0250025818181818,12,44,2021-06-23 16:18:48,52.50974333333333,13.354973333333334,27.2,37.2252,260.2,0.0606,0.03,18.36,18.36,12.28,0.68,1019.3,2.79,0.95,3.0,16.093,3.04466,Klingelhöfer Straße,2.275958207050933,2769.516289056088,pc4,Park,2021-06-23 16:18:48,52.509775,13.355261666666667,38.4,38.3364,262.5,0.0587,0.03,18.42,18.42,12.31,0.68,1019.3,2.8,0.94,3.0,16.093,3.04466,Klingelhöfer Straße,2.8308715533665847,2748.849948486082,pc2,Park,False,False,19.81208905910582,50,10,0.12
1624457928.704019,2021-06-23T14:18:48.704019Z,52.509775,13.355261666666667,2,4,S2,1624457928.704019,13.878735666666667,-76.59206,-48.87707666666667,0.0004668095,41.0,102.13333333333334,1.1333333333333333,0.0149302843333333,12,30,2021-06-23 16:18:48,52.509775,13.355261666666667,38.4,38.3364,262.5,0.0587,0.03,18.42,18.42,12.31,0.68,1019.3,2.8,0.94,3.0,16.093,3.04466,Klingelhöfer Straße,2.8308715533665847,2748.849948486082,pc2,Park,2021-06-23 16:18:48,52.50974333333333,13.354973333333334,27.2,37.2252,260.2,0.0606,0.03,18.36,18.36,12.28,0.68,1019.3,2.79,0.95,3.0,16.093,3.04466,Klingelhöfer Straße,2.275958207050933,2769.516289056088,pc4,Park,False,False,19.81208905910582,50,10,0.4
1624457929.5068142,2021-06-23T14:18:49.506814Z,52.50975833333333,13.355103333333334,2,4,S2,1624457929.5068142,13.922103333333332,-75.45738958333332,-47.68143333333333,0.0010167239375,41.0,182.14583333333331,3.7916666666666665,0.021566866875,12,48,2021-06-23 16:18:49,52.50975833333333,13.355103333333334,38.3,39.077200000000005,260.8,0.0587,0.03,18.42,18.42,12.31,0.68,1019.3,2.8,0.94,3.0,16.093,3.04466,Klingelhöfer Straße,2.60552471255262,2769.516289056088,pc2,Park,2021-06-23 16:18:49,52.50973,13.354823333333334,27.3,36.4844,261.1,0.0606,0.03,18.36,18.36,12.28,0.68,1019.3,2.79,0.95,3.0,16.093,3.04466,Klingelhöfer Straße,2.3322921679583586,2779.9063198219187,pc4,Park,False,False,19.19371014468592,50,10,0.04
1624457929.6970494,2021-06-23T14:18:49.697049Z,52.50973,13.354823333333334,4,2,S2,1624457929.6970494,17.299,-70.43667692307692,-42.66404230769231,0.0009552729230769,44.0,201.23076923076923,3.230769230769231,0.0626380269230769,12,26,2021-06-23 16:18:49,52.50973,13.354823333333334,27.3,36.4844,261.1,0.0606,0.03,18.36,18.36,12.28,0.68,1019.3,2.79,0.95,3.0,16.093,3.04466,Klingelhöfer Straße,2.3322921679583586,2779.9063198219187,pc4,Park,2021-06-23 16:18:49,52.50975833333333,13.355103333333334,38.3,39.077200000000005,260.8,0.0587,0.03,18.42,18.42,12.31,0.68,1019.3,2.8,0.94,3.0,16.093,3.04466,Klingelhöfer Straße,2.60552471255262,2769.516289056088,pc2,Park,False,False,19.19371014468592,50,10,0.48
1624457930.5065105,2021-06-23T14:18:50.506510Z,52.509715,13.354676666666666,4,2,S2,1624457930.5065105,13.964457708333333,-72.53240208333334,-44.76420625,0.0013153353333333,44.0,282.3125,1.8958333333333333,0.0443105472916666,12,48,2021-06-23 16:18:50,52.509715,13.354676666666666,27.3,36.299200000000006,261.1,0.0606,0.03,18.36,18.36,12.28,0.68,1019.3,2.79,0.95,3.0,16.093,3.04466,Klingelhöfer Straße,2.171734437206235,2790.299072972165,pc4,Park,2021-06-23 16:18:50,52.50974166666666,13.354946666666669,38.3,39.077200000000005,259.9,0.0606,0.03,18.36,18.36,12.28,0.68,1019.3,2.79,0.95,3.0,16.093,3.04466,Klingelhöfer Straße,2.3632782394934435,2779.9063198219187,pc2,Park,False,False,18.49646838656416,50,10,0.04
1624457930.564921,2021-06-23T14:18:50.564920Z,52.50974166666666,13.354946666666669,2,4,S2,1624457930.564921,14.353973863636362,-76.12428636363637,-48.357859090909095,0.000471107340909,41.0,287.54545454545456,7.931818181818182,0.0198667145454545,12,44,2021-06-23 16:18:50,52.50974166666666,13.354946666666669,38.3,39.077200000000005,259.9,0.0606,0.03,18.36,18.36,12.28,0.68,1019.3,2.79,0.95,3.0,16.093,3.04466,Klingelhöfer Straße,2.3632782394934435,2779.9063198219187,pc2,Park,2021-06-23 16:18:50,52.509715,13.354676666666666,27.3,36.299200000000006,261.1,0.0606,0.03,18.36,18.36,12.28,0.68,1019.3,2.79,0.95,3.0,16.093,3.04466,Klingelhöfer Straße,2.171734437206235,2790.299072972165,pc4,Park,False,False,18.49646838656416,50,10,0.12
1624457931.1378298,2021-06-23T14:18:51.137829Z,52.509726666666666,13.354788333333332,2,4,S2,1624457931.1378298,17.430575,-70.57300000000001,-42.8362,0.001510999125,41.0,345.0,6.25,0.0660806125,12,8,2021-06-23 16:18:51,52.509726666666666,13.354788333333332,38.3,38.3364,260.0,0.0606,0.03,18.36,18.36,12.28,0.68,1019.3,2.79,0.95,3.0,16.093,3.04466,Klingelhöfer Straße,2.3210247360618816,2790.299072972165,pc2,Park,2021-06-23 16:18:51,52.50970333333333,13.35453,27.4,35.9288,261.0,0.0606,0.03,18.36,18.36,12.28,0.68,1019.3,2.79,0.95,3.0,16.093,3.04466,Klingelhöfer Straße,2.377360031790572,2800.6500072515646,pc4,Park,False,False,17.660143545940393,50,10,0.84
1624457931.5053833,2021-06-23T14:18:51.505383Z,52.50970333333333,13.35453,4,2,S2,1624457931.5053833,18.903518,-68.61814199999999,-40.851912,0.00104699078,44.0,381.86,5.3,0.102952634,12,50,2021-06-23 16:18:51,52.50970333333333,13.35453,27.4,35.9288,261.0,0.0606,0.03,18.36,18.36,12.28,0.68,1019.3,2.79,0.95,3.0,16.093,3.04466,Klingelhöfer Straße,2.377360031790572,2800.6500072515646,pc4,Park,2021-06-23 16:18:51,52.509726666666666,13.354788333333332,38.3,38.3364,260.0,0.0606,0.03,18.36,18.36,12.28,0.68,1019.3,2.79,0.95,3.0,16.093,3.04466,Klingelhöfer Straße,2.3210247360618816,2790.299072972165,pc2,Park,False,False,17.660143545940393,50,10,0.0
1624457932.5082855,2021-06-23T14:18:52.508285Z,52.50969,13.354385,4,2,S2,1624457932.5082855,17.024282,-71.052832,-43.342652,0.0008940365799999,44.0,482.06,6.18,0.055954632,12,50,2021-06-23 16:18:52,52.50969,13.354385,27.5,35.188,261.3,0.0606,0.03,18.36,18.36,12.28,0.68,1019.3,2.79,0.95,3.0,16.093,3.04466,Klingelhöfer Straße,2.3829945943784816,2810.9118140170763,pc4,Park,2021-06-23 16:18:52,52.509715,13.354635,38.2,37.04,260.9,0.0606,0.03,18.36,18.36,12.28,0.68,1019.3,2.79,0.95,3.0,16.093,3.04466,Klingelhöfer Straße,2.5942525333051463,2800.6500072515646,pc2,Park,False,False,17.131894381472808,50,10,0.0
1624457933.511016,2021-06-23T14:18:53.511016Z,52.50967666666666,13.354245,4,2,S2,1624457933.511016,17.53579591836735,-67.89032653061224,-40.18547755102041,0.0017409701224489,44.0,582.5102040816327,4.408163265306122,0.122521481632653,12,49,2021-06-23 16:18:53,52.50967666666666,13.354245,27.6,34.4472,261.6,0.0606,0.03,18.36,18.36,12.28,0.68,1019.3,2.79,0.95,3.0,16.093,3.04466,Klingelhöfer Straße,2.337927793902925,2821.034351166543,pc4,Park,2021-06-23 16:18:53,52.509701666666665,13.354485,38.1,36.114,261.6,0.0606,0.03,18.36,18.36,12.28,0.68,1019.3,2.79,0.95,3.0,16.093,3.04466,Klingelhöfer Straße,2.6505886528264275,2810.9118140170763,pc2,Park,False,False,16.464966590972907,50,10,0.02
1624457933.5902371,2021-06-23T14:18:53.590237Z,52.509701666666665,13.354485,2,4,S2,1624457933.5902371,14.382817142857142,-71.69535238095239,-43.95623333333334,0.0014907094523809,41.0,590.2857142857143,5.857142857142857,0.0496481833333333,12,42,2021-06-23 16:18:53,52.509701666666665,13.354485,38.1,36.114,261.6,0.0606,0.03,18.36,18.36,12.28,0.68,1019.3,2.79,0.95,3.0,16.093,3.04466,Klingelhöfer Straße,2.6505886528264275,2810.9118140170763,pc2,Park,2021-06-23 16:18:53,52.50967666666666,13.354245,27.6,34.4472,261.6,0.0606,0.03,18.36,18.36,12.28,0.68,1019.3,2.79,0.95,3.0,16.093,3.04466,Klingelhöfer Straße,2.337927793902925,2821.034351166543,pc4,Park,False,False,16.464966590972907,50,10,0.16
1624457934.4994955,2021-06-23T14:18:54.499495Z,52.50969,13.35434,2,4,S2,1624457934.4994955,13.404311875,-72.94190208333333,-45.18916041666666,0.0012243591666666,41.0,681.2083333333334,5.875,0.0372576706249999,12,48,2021-06-23 16:18:54,52.50969,13.35434,38.3,35.7436,262.1,0.0606,0.03,18.36,18.36,12.28,0.68,1019.3,2.79,0.95,3.0,16.093,3.04466,Klingelhöfer Straße,2.8393146936376854,2821.034351166543,pc2,Park,2021-06-23 16:18:54,52.509665,13.354106666666668,27.6,33.891600000000004,261.8,0.0606,0.03,18.36,18.36,12.28,0.68,1019.3,2.79,0.95,3.0,16.093,3.04466,Klingelhöfer Straße,2.45905226660934,2830.99578931066,pc4,Park,False,False,16.020784322571078,50,10,0.04
1624457934.5080404,2021-06-23T14:18:54.508040Z,52.509665,13.354106666666668,4,2,S2,1624457934.5080404,15.90212,-69.61742,-41.942934,0.00168014026,44.0,682.18,4.72,0.080592596,12,50,2021-06-23 16:18:54,52.509665,13.354106666666668,27.6,33.891600000000004,261.8,0.0606,0.03,18.36,18.36,12.28,0.68,1019.3,2.79,0.95,3.0,16.093,3.04466,Klingelhöfer Straße,2.45905226660934,2830.99578931066,pc4,Park,2021-06-23 16:18:54,52.50969,13.35434,38.3,35.7436,262.1,0.0606,0.03,18.36,18.36,12.28,0.68,1019.3,2.79,0.95,3.0,16.093,3.04466,Klingelhöfer Straße,2.8393146936376854,2821.034351166543,pc2,Park,False,False,16.020784322571078,50,10,0.0
1624457935.4781244,2021-06-23T14:18:55.478124Z,52.50967666666666,13.354195,2,4,S2,1624457935.4781244,12.408876136363636,-74.30824090909091,-46.54818863636364,0.0011331304090909,41.0,779.1363636363636,5.227272727272728,0.0250563388636363,12,44,2021-06-23 16:18:55,52.50967666666666,13.354195,38.4,35.0028,261.9,0.0606,0.03,18.36,18.36,12.28,0.68,1019.3,2.79,0.95,3.0,16.093,3.04466,Klingelhöfer Straße,2.844950426545957,2830.99578931066,pc2,Park,2021-06-23 16:18:55,52.50965333333333,13.353968333333333,27.8,34.0768,261.9,0.0606,0.03,18.36,18.36,12.28,0.68,1019.3,2.79,0.95,3.0,16.093,3.04466,Klingelhöfer Straße,2.5801775528663136,2840.792111538011,pc4,Park,False,False,15.545099188587704,50,10,0.12
1624457935.510954,2021-06-23T14:18:55.510954Z,52.50965333333333,13.353968333333333,4,2,S2,1624457935.510954,13.61236448979592,-72.33008571428572,-44.58731020408164,0.0015064690612244,44.0,782.4285714285714,5.142857142857143,0.0455258363265306,12,49,2021-06-23 16:18:55,52.50965333333333,13.353968333333333,27.8,34.0768,261.9,0.0606,0.03,18.36,18.36,12.28,0.68,1019.3,2.79,0.95,3.0,16.093,3.04466,Klingelhöfer Straße,2.5801775528663136,2840.792111538011,pc4,Park,2021-06-23 16:18:55,52.50967666666666,13.354195,38.4,35.0028,261.9,0.0606,0.03,18.36,18.36,12.28,0.68,1019.3,2.79,0.95,3.0,16.093,3.04466,Klingelhöfer Straße,2.844950426545957,2830.99578931066,pc2,Park,False,False,15.545099188587704,50,10,0.02
1624457936.4707086,2021-06-23T14:18:56.470708Z,52.509663333333336,13.354055,2,4,S2,1624457936.4707086,11.250582045454546,-76.28785454545454,-48.54458863636364,0.0009341674772727,41.0,878.5,4.181818181818182,0.0163774722727272,12,44,2021-06-23 16:18:56,52.509663333333336,13.354055,38.4,34.262,261.5,0.0606,0.03,18.36,18.36,12.28,0.68,1019.3,2.79,0.95,3.0,16.093,3.04466,Klingelhöfer Straße,2.799884757269653,2840.792111538011,pc2,Park,2021-06-23 16:18:56,52.50964333333334,13.35383,27.8,34.0768,262.3,0.0606,0.03,18.36,18.36,12.28,0.68,1019.3,2.79,0.95,3.0,16.093,3.04466,Klingelhöfer Straße,2.752097375368008,2850.353602923325,pc4,Park,False,False,15.3762513675277,50,10,0.12
1624457936.505931,2021-06-23T14:18:56.505930Z,52.50964333333334,13.35383,4,2,S2,1624457936.505931,14.64812448979592,-71.74904081632653,-44.00154285714286,0.0013582459183673,44.0,881.9387755102041,4.816326530612245,0.0458929122448979,12,49,2021-06-23 16:18:56,52.50964333333334,13.35383,27.8,34.0768,262.3,0.0606,0.03,18.36,18.36,12.28,0.68,1019.3,2.79,0.95,3.0,16.093,3.04466,Klingelhöfer Straße,2.752097375368008,2850.353602923325,pc4,Park,2021-06-23 16:18:56,52.509663333333336,13.354055,38.4,34.262,261.5,0.0606,0.03,18.36,18.36,12.28,0.68,1019.3,2.79,0.95,3.0,16.093,3.04466,Klingelhöfer Straße,2.799884757269653,2840.792111538011,pc2,Park,False,False,15.3762513675277,50,10,0.02
1624457937.4255164,2021-06-23T14:18:57.425516Z,52.50963333333333,13.35369,4,2,S2,1624457937.4255164,17.502940714285714,-69.83271428571429,-41.993657142857145,0.0013291292857142,44.0,864.2857142857143,4.035714285714286,0.0707980642857143,12,28,2021-06-23 16:18:57,52.50963333333333,13.35369,27.9,34.262,263.2,0.0606,0.03,18.36,18.36,12.28,0.68,1019.3,2.79,0.95,3.0,16.093,3.04466,Klingelhöfer Straße,2.935570700946727,2859.677829761212,pc4,Park,2021-06-23 16:18:57,52.50965,13.353918333333333,38.4,33.7064,261.2,0.0606,0.03,18.36,18.36,12.28,0.68,1019.3,2.79,0.95,3.0,16.093,3.04466,Klingelhöfer Straße,2.675650477727111,2850.353602923325,pc2,Park,False,False,15.551045574790706,50,10,0.44
1624457937.4954224,2021-06-23T14:18:57.495422Z,52.50965,13.353918333333333,2,4,S2,1624457937.4954224,14.613076734693877,-75.15595918367346,-47.377167346938776,0.0005734397346938,41.0,897.4285714285714,3.653061224489796,0.0234410383673469,12,49,2021-06-23 16:18:57,52.50965,13.353918333333333,38.4,33.7064,261.2,0.0606,0.03,18.36,18.36,12.28,0.68,1019.3,2.79,0.95,3.0,16.093,3.04466,Klingelhöfer Straße,2.675650477727111,2850.353602923325,pc2,Park,2021-06-23 16:18:57,52.50963333333333,13.35369,27.9,34.262,263.2,0.0606,0.03,18.36,18.36,12.28,0.68,1019.3,2.79,0.95,3.0,16.093,3.04466,Klingelhöfer Straße,2.935570700946727,2859.677829761212,pc4,Park,False,False,15.551045574790706,50,10,0.02
1624457938.4852085,2021-06-23T14:18:58.485208Z,52.509636666666665,13.353783333333332,2,4,S2,1624457938.4852085,14.43055625,-75.94094583333333,-48.140775,0.0004822317083333,41.0,56.145833333333336,2.2291666666666665,0.0173286052083333,12,48,2021-06-23 16:18:58,52.509636666666665,13.353783333333332,38.4,33.336,261.5,0.0606,0.03,18.36,18.36,12.28,0.68,1019.3,2.79,0.95,3.0,16.093,3.04466,Klingelhöfer Straße,2.4463086871212347,2850.353602923325,pc2,Park,2021-06-23 16:18:58,52.50962833333333,13.353548333333332,28.0,34.817600000000006,265.0,0.0606,0.03,18.36,18.36,12.28,0.68,1019.3,2.79,0.95,3.0,16.093,3.04466,Klingelhöfer Straße,3.387027383377965,2868.768832631953,pc4,Park,False,False,15.918537370255224,50,10,0.04
1624457938.489661,2021-06-23T14:18:58.489660Z,52.50962833333333,13.353548333333332,4,2,S2,1624457938.489661,16.00733673469388,-72.08602653061224,-44.35445102040816,0.0008896000816326,44.0,56.204081632653065,6.142857142857143,0.0465681612244898,12,49,2021-06-23 16:18:58,52.50962833333333,13.353548333333332,28.0,34.817600000000006,265.0,0.0606,0.03,18.36,18.36,12.28,0.68,1019.3,2.79,0.95,3.0,16.093,3.04466,Klingelhöfer Straße,3.387027383377965,2868.768832631953,pc4,Park,2021-06-23 16:18:58,52.509636666666665,13.353783333333332,38.4,33.336,261.5,0.0606,0.03,18.36,18.36,12.28,0.68,1019.3,2.79,0.95,3.0,16.093,3.04466,Klingelhöfer Straße,2.4463086871212347,2850.353602923325,pc2,Park,False,False,15.918537370255224,50,10,0.02
1624457939.482626,2021-06-23T14:18:59.482625Z,52.50962833333333,13.353645,2,4,S2,1624457939.482626,16.325456041666666,-73.48464583333333,-45.70229583333333,0.0005789015208333,41.0,155.25,8.583333333333334,0.0355855370833333,12,48,2021-06-23 16:18:59,52.50962833333333,13.353645,38.4,33.891600000000004,262.5,0.0606,0.03,18.36,18.36,12.28,0.68,1019.3,2.79,0.95,3.0,16.093,3.04466,Klingelhöfer Straße,2.7979659933169363,2868.768832631953,pc2,Park,2021-06-23 16:18:59,52.509625,13.353405,28.0,35.373200000000004,267.1,0.0606,0.03,18.36,18.36,12.28,0.68,1019.3,2.79,0.95,3.0,16.093,2.93379,Klingelhöfer Straße,3.5850991550587663,2877.633898501741,pc4,Park,False,False,16.23415203577634,50,10,0.04
1624457939.5114818,2021-06-23T14:18:59.511481Z,52.509625,13.353405,4,2,S2,1624457939.5114818,17.10464,-69.33231020408164,-41.57833469387755,0.0018380659387755,44.0,158.73469387755102,2.653061224489796,0.087949581632653,12,49,2021-06-23 16:18:59,52.509625,13.353405,28.0,35.373200000000004,267.1,0.0606,0.03,18.36,18.36,12.28,0.68,1019.3,2.79,0.95,3.0,16.093,2.93379,Klingelhöfer Straße,3.5850991550587663,2877.633898501741,pc4,Park,2021-06-23 16:18:59,52.50962833333333,13.353645,38.4,33.891600000000004,262.5,0.0606,0.03,18.36,18.36,12.28,0.68,1019.3,2.79,0.95,3.0,16.093,3.04466,Klingelhöfer Straße,2.7979659933169363,2868.768832631953,pc2,Park,False,False,16.23415203577634,50,10,0.02
1624457940.4735258,2021-06-23T14:19:00.473525Z,52.50962166666667,13.353506666666666,2,4,S2,1624457940.4735258,17.09033404255319,-72.54981063829787,-44.72482765957447,0.0005945480638297,41.0,254.31914893617025,8.787234042553191,0.042179714893617,12,47,2021-06-23 16:19:00,52.50962166666667,13.353506666666666,38.3,34.4472,264.4,0.0606,0.03,18.36,18.36,12.28,0.68,1019.3,2.79,0.95,3.0,16.093,2.93379,Klingelhöfer Straße,2.812619207738284,2877.633898501741,pc2,Park,2021-06-23 16:19:00,52.509625,13.35326,27.9,35.7436,269.5,0.0606,0.03,18.36,18.36,12.28,0.68,1019.3,2.79,0.95,3.0,16.093,2.43062,Klingelhöfer Straße,3.5255315543737136,2886.245010930513,pc4,Park,False,False,16.68515439936061,50,10,0.06
1624457940.5117855,2021-06-23T14:19:00.511785Z,52.509625,13.35326,4,2,S2,1624457940.5117855,19.068897916666668,-68.34566041666666,-40.55253125,0.0010581340208333,44.0,258.875,1.5625,0.1142793062499999,12,48,2021-06-23 16:19:00,52.509625,13.35326,27.9,35.7436,269.5,0.0606,0.03,18.36,18.36,12.28,0.68,1019.3,2.79,0.95,3.0,16.093,2.43062,Klingelhöfer Straße,3.5255315543737136,2886.245010930513,pc4,Park,2021-06-23 16:19:00,52.50962166666667,13.353506666666666,38.3,34.4472,264.4,0.0606,0.03,18.36,18.36,12.28,0.68,1019.3,2.79,0.95,3.0,16.093,2.93379,Klingelhöfer Straße,2.812619207738284,2877.633898501741,pc2,Park,False,False,16.68515439936061,50,10,0.04
1624457941.444476,2021-06-23T14:19:01.444475Z,52.50962,13.353365,2,4,S2,1624457941.444476,15.93889761904762,-72.53968571428571,-44.7797,0.0008272895238095,41.0,351.4047619047619,8.880952380952381,0.0416324,12,42,2021-06-23 16:19:01,52.50962,13.353365,38.2,34.817600000000006,265.4,0.0606,0.03,18.36,18.36,12.28,0.68,1019.3,2.79,0.95,3.0,16.093,2.43062,Klingelhöfer Straße,3.1889556178164145,2886.245010930513,pc2,Park,2021-06-23 16:19:01,52.50963,13.353113333333331,27.9,35.5584,272.3,0.0606,0.03,18.36,18.36,12.28,0.68,1019.3,2.79,0.95,3.0,16.093,2.43062,Klingelhöfer Straße,3.335286889309713,2902.719104631876,pc4,Park,False,False,17.05567690755265,50,10,0.16
1624457941.4891691,2021-06-23T14:19:01.489169Z,52.50963,13.353113333333331,4,2,S2,1624457941.4891691,18.2569,-69.45150425531915,-41.686297872340425,0.0009754309361702,44.0,356.3829787234043,3.425531914893617,0.0871971319148936,12,47,2021-06-23 16:19:01,52.50963,13.353113333333331,27.9,35.5584,272.3,0.0606,0.03,18.36,18.36,12.28,0.68,1019.3,2.79,0.95,3.0,16.093,2.43062,Klingelhöfer Straße,3.335286889309713,2902.719104631876,pc4,Park,2021-06-23 16:19:01,52.50962,13.353365,38.2,34.817600000000006,265.4,0.0606,0.03,18.36,18.36,12.28,0.68,1019.3,2.79,0.95,3.0,16.093,2.43062,Klingelhöfer Straße,3.1889556178164145,2886.245010930513,pc2,Park,False,False,17.05567690755265,50,10,0.06
1624457942.5095065,2021-06-23T14:19:02.509506Z,52.509636666666665,13.35297,4,2,S2,1624457942.5095065,18.644736734693875,-68.99855714285714,-41.23714693877551,0.0009853809183673,44.0,458.0,8.0,0.0888677510204081,12,49,2021-06-23 16:19:02,52.509636666666665,13.35297,27.9,35.188,274.4,0.0606,0.03,18.36,18.36,12.28,0.68,1019.3,2.79,0.95,3.0,16.093,2.43062,Klingelhöfer Straße,2.854778930904037,2910.6548852051847,pc4,Park,2021-06-23 16:19:02,52.50962333333333,13.353223333333334,38.2,34.6324,266.5,0.0606,0.03,18.36,18.36,12.28,0.68,1019.3,2.79,0.95,3.0,16.093,2.43062,Klingelhöfer Straße,3.156190139829001,2894.5997640187343,pc2,Park,False,False,17.196223806238162,50,10,0.02
1624457942.596661,2021-06-23T14:19:02.596661Z,52.50962333333333,13.353223333333334,2,4,S2,1624457942.596661,15.558805555555557,-72.51178333333333,-44.72296388888888,0.0009065566388888,41.0,467.02777777777777,4.833333333333333,0.0450465155555555,12,36,2021-06-23 16:19:02,52.50962333333333,13.353223333333334,38.2,34.6324,266.5,0.0606,0.03,18.36,18.36,12.28,0.68,1019.3,2.79,0.95,3.0,16.093,2.43062,Klingelhöfer Straße,3.156190139829001,2894.5997640187343,pc2,Park,2021-06-23 16:19:02,52.509636666666665,13.35297,27.9,35.188,274.4,0.0606,0.03,18.36,18.36,12.28,0.68,1019.3,2.79,0.95,3.0,16.093,2.43062,Klingelhöfer Straße,2.854778930904037,2910.6548852051847,pc4,Park,False,False,17.196223806238162,50,10,0.28
1624457943.4947295,2021-06-23T14:19:03.494729Z,52.50962833333333,13.353085,2,4,S2,1624457943.4947295,13.3493124,-74.24664200000001,-46.475462,0.00098127794,41.0,557.0,3.18,0.0306987482,12,50,2021-06-23 16:19:03,52.50962833333333,13.353085,38.4,34.0768,267.4,0.0606,0.03,18.36,18.36,12.28,0.68,1019.3,2.79,0.95,3.0,16.093,2.43062,Klingelhöfer Straße,2.91130959191947,2902.719104631876,pc2,Park,2021-06-23 16:19:03,52.50964666666667,13.352828333333331,27.9,34.4472,276.1,0.0606,0.03,18.36,18.36,12.28,0.68,1019.3,2.79,0.95,3.0,16.093,2.93379,Klingelhöfer Straße,2.7558510077260148,2918.3574335736607,pc4,Park,False,False,17.477026401445567,50,10,0.0
1624457943.5004525,2021-06-23T14:19:03.500452Z,52.50964666666667,13.352828333333331,4,2,S2,1624457943.5004525,16.0776164,-70.79489,-43.022678,0.0015934765,44.0,557.16,7.36,0.064844434,12,50,2021-06-23 16:19:03,52.50964666666667,13.352828333333331,27.9,34.4472,276.1,0.0606,0.03,18.36,18.36,12.28,0.68,1019.3,2.79,0.95,3.0,16.093,2.93379,Klingelhöfer Straße,2.7558510077260148,2918.3574335736607,pc4,Park,2021-06-23 16:19:03,52.50962833333333,13.353085,38.4,34.0768,267.4,0.0606,0.03,18.36,18.36,12.28,0.68,1019.3,2.79,0.95,3.0,16.093,2.43062,Klingelhöfer Straße,2.91130959191947,2902.719104631876,pc2,Park,False,False,17.477026401445567,50,10,0.0
1624457944.5003746,2021-06-23T14:19:04.500374Z,52.509636666666665,13.352946666666666,2,4,S2,1624457944.5003746,13.190609,-76.29231399999999,-48.518816,0.00061939404,41.0,657.5,3.84,0.0159696834,12,50,2021-06-23 16:19:04,52.509636666666665,13.352946666666666,38.4,33.52120000000001,268.1,0.0606,0.03,18.36,18.36,12.28,0.68,1019.3,2.79,0.95,3.0,16.093,2.43062,Klingelhöfer Straße,2.656922901065479,2910.6548852051847,pc2,Park,2021-06-23 16:19:04,52.509656666666665,13.352691666666669,27.9,33.52120000000001,278.0,0.0606,0.03,18.36,18.36,12.28,0.68,1019.3,2.79,0.95,3.0,16.093,4.73207,Kemperplatz,3.363807303672578,2925.755617478503,pc4,Park,False,False,17.3878471940073,50,10,0.0
1624457944.502601,2021-06-23T14:19:04.502600Z,52.509656666666665,13.352691666666669,4,2,S2,1624457944.502601,14.0272396,-72.46886599999999,-44.694468,0.0016758489,44.0,657.52,5.92,0.039838114,12,50,2021-06-23 16:19:04,52.509656666666665,13.352691666666669,27.9,33.52120000000001,278.0,0.0606,0.03,18.36,18.36,12.28,0.68,1019.3,2.79,0.95,3.0,16.093,4.73207,Kemperplatz,3.363807303672578,2925.755617478503,pc4,Park,2021-06-23 16:19:04,52.509636666666665,13.352946666666666,38.4,33.52120000000001,268.1,0.0606,0.03,18.36,18.36,12.28,0.68,1019.3,2.79,0.95,3.0,16.093,2.43062,Klingelhöfer Straße,2.656922901065479,2910.6548852051847,pc2,Park,False,False,17.3878471940073,50,10,0.0
1624457945.5062482,2021-06-23T14:19:05.506248Z,52.50964333333334,13.35281,2,4,S2,1624457945.5062482,13.9546174,-76.751826,-49.066686,0.00044124028,41.0,758.0,4.72,0.0138869012,12,50,2021-06-23 16:19:05,52.50964333333334,13.35281,38.3,33.1508,268.8,0.0606,0.03,18.36,18.36,12.28,0.68,1019.3,2.79,0.95,3.0,16.093,2.93379,Klingelhöfer Straße,2.23294591222858,2918.3574335736607,pc2,Park,2021-06-23 16:19:05,52.50967166666667,13.352558333333333,27.8,32.2248,279.9,0.0606,0.03,18.36,18.36,12.28,0.68,1019.3,2.79,0.95,3.0,16.093,2.43062,Klingelhöfer Straße,0.2458110925490152,2939.3842765803274,pc4,Park,False,False,17.30887436606231,50,10,0.0
1624457945.5240805,2021-06-23T14:19:05.524080Z,52.50967166666667,13.352558333333333,4,2,S2,1624457945.5240805,14.295234285714288,-73.92576904761906,-46.19223571428572,0.001014083547619,44.0,759.547619047619,7.095238095238095,0.0271031119047619,12,42,2021-06-23 16:19:05,52.50967166666667,13.352558333333333,27.8,32.2248,279.9,0.0606,0.03,18.36,18.36,12.28,0.68,1019.3,2.79,0.95,3.0,16.093,2.43062,Klingelhöfer Straße,0.2458110925490152,2939.3842765803274,pc4,Park,2021-06-23 16:19:05,52.50964333333334,13.35281,38.3,33.1508,268.8,0.0606,0.03,18.36,18.36,12.28,0.68,1019.3,2.79,0.95,3.0,16.093,2.93379,Klingelhöfer Straße,2.23294591222858,2918.3574335736607,pc2,Park,False,False,17.30887436606231,50,10,0.16
1624457946.4992187,2021-06-23T14:19:06.499218Z,52.509655,13.352676666666667,2,4,S2,1624457946.4992187,17.159682244897958,-72.1384469387755,-44.42317551020408,0.0006620924489795,41.0,857.4081632653061,3.591836734693877,0.0532798336734693,12,49,2021-06-23 16:19:06,52.509655,13.352676666666667,38.3,32.7804,281.4,0.0606,0.03,18.36,18.36,12.28,0.68,1019.3,2.79,0.95,3.0,16.093,4.73207,Kemperplatz,3.4531118067839515,2932.7901473576576,pc2,Park,2021-06-23 16:19:06,52.50968833333334,13.352431666666666,27.8,31.1136,282.2,0.0606,0.03,18.36,18.36,12.28,0.68,1019.3,2.79,0.95,3.0,16.093,2.43062,Klingelhöfer Straße,1.236242273239566,2945.4408629388035,pc4,Park,False,False,16.97842022011458,50,10,0.02
1624457946.5036795,2021-06-23T14:19:06.503679Z,52.50968833333334,13.352431666666666,4,2,S2,1624457946.5036795,17.743317551020407,-69.16398571428572,-41.40470612244898,0.0021248266734693,44.0,857.4285714285714,7.897959183673469,0.0976197224489796,12,49,2021-06-23 16:19:06,52.50968833333334,13.352431666666666,27.8,31.1136,282.2,0.0606,0.03,18.36,18.36,12.28,0.68,1019.3,2.79,0.95,3.0,16.093,2.43062,Klingelhöfer Straße,1.236242273239566,2945.4408629388035,pc4,Park,2021-06-23 16:19:06,52.509655,13.352676666666667,38.3,32.7804,281.4,0.0606,0.03,18.36,18.36,12.28,0.68,1019.3,2.79,0.95,3.0,16.093,4.73207,Kemperplatz,3.4531118067839515,2932.7901473576576,pc2,Park,False,False,16.97842022011458,50,10,0.02
1624457947.404436,2021-06-23T14:19:07.404436Z,52.50967333333333,13.352546666666669,2,4,S2,1624457947.404436,12.98326,-77.07694000000001,-49.29599,0.0005061411749999,41.0,948.075,2.15,0.0172892387499999,12,40,2021-06-23 16:19:07,52.50967333333333,13.352546666666669,38.2,32.2248,282.9,0.0606,0.03,18.36,18.36,12.28,0.68,1019.3,2.79,0.95,3.0,16.093,2.43062,Klingelhöfer Straße,0.3994417891185459,2939.3842765803274,pc2,Park,2021-06-23 16:19:07,52.509706666666666,13.35231,27.8,30.558,283.8,0.0606,0.03,18.36,18.36,12.28,0.68,1019.3,2.79,0.95,3.0,16.093,2.93379,Klingelhöfer Straße,0.5432653319571035,2955.8437234349376,pc4,Park,False,False,16.428895693069936,50,10,0.2
1624457947.4859688,2021-06-23T14:19:07.485968Z,52.509706666666666,13.35231,4,2,S2,1624457947.4859688,14.360326734693878,-73.94857551020408,-46.16914489795919,0.0008211095714285,44.0,955.591836734694,8.551020408163266,0.0339179244897959,12,49,2021-06-23 16:19:07,52.509706666666666,13.35231,27.8,30.558,283.8,0.0606,0.03,18.36,18.36,12.28,0.68,1019.3,2.79,0.95,3.0,16.093,2.93379,Klingelhöfer Straße,0.5432653319571035,2955.8437234349376,pc4,Park,2021-06-23 16:19:07,52.50967333333333,13.352546666666669,38.2,32.2248,282.9,0.0606,0.03,18.36,18.36,12.28,0.68,1019.3,2.79,0.95,3.0,16.093,2.43062,Klingelhöfer Straße,0.3994417891185459,2939.3842765803274,pc2,Park,False,False,16.428895693069936,50,10,0.02
1624457948.486085,2021-06-23T14:19:08.486084Z,52.50972166666666,13.352188333333334,4,2,S2,1624457948.486085,11.916598695652176,-76.61027391304347,-48.79762608695652,0.000748396847826,44.0,209.7391304347826,8.043478260869565,0.0147994215217391,12,46,2021-06-23 16:19:08,52.50972166666666,13.352188333333334,27.7,30.0024,277.9,0.0606,0.03,18.36,18.36,12.28,0.68,1019.3,2.79,0.95,3.0,16.093,2.93379,Klingelhöfer Straße,0.6993095237757173,2964.114987402221,pc4,Park,2021-06-23 16:19:08,52.50968833333334,13.352423333333334,38.1,29.2616,281.0,0.0606,0.03,18.36,18.36,12.28,0.68,1019.3,2.79,0.95,3.0,16.093,2.93379,Klingelhöfer Straße,1.365017484273236,2945.4408629388035,pc2,Park,False,False,16.319096840044626,50,10,0.08
1624457948.9895396,2021-06-23T14:19:08.989539Z,52.50968833333334,13.352423333333334,2,4,S2,1624457948.9895396,12.862100000000002,-77.62965,-49.8092,0.0004573895,41.0,82.0,8.0,0.01170767,12,2,2021-06-23 16:19:08,52.50968833333334,13.352423333333334,38.1,29.2616,281.0,0.0606,0.03,18.36,18.36,12.28,0.68,1019.3,2.79,0.95,3.0,16.093,2.93379,Klingelhöfer Straße,1.365017484273236,2945.4408629388035,pc2,Park,2021-06-23 16:19:08,52.50972166666666,13.352188333333334,27.7,30.0024,277.9,0.0606,0.03,18.36,18.36,12.28,0.68,1019.3,2.79,0.95,3.0,16.093,2.93379,Klingelhöfer Straße,0.6993095237757173,2964.114987402221,pc4,Park,False,False,16.319096840044626,50,10,0.96
1624457949.5050611,2021-06-23T14:19:09.505061Z,52.5097,13.352308333333331,2,4,S2,1624457949.5050611,11.320295918367346,-77.67640408163265,-49.86786122448979,0.0007222462448979,41.0,133.77551020408163,5.755102040816326,0.012661181632653,12,49,2021-06-23 16:19:09,52.5097,13.352308333333331,38.1,27.2244,278.0,0.0606,0.03,18.36,18.36,12.28,0.68,1019.3,2.79,0.95,3.0,16.093,2.93379,Klingelhöfer Straße,1.2888102638449084,2955.8437234349376,pc2,Park,2021-06-23 16:19:09,52.509728333333335,13.352075,27.6,26.483600000000003,272.7,0.0606,0.03,18.36,18.36,12.28,0.68,1019.3,2.79,0.95,3.0,16.093,2.93379,Klingelhöfer Straße,1.0460746469474185,2971.2515457532186,pc4,Park,False,False,16.091296468521435,50,10,0.02
1624457949.54765,2021-06-23T14:19:09.547650Z,52.509728333333335,13.352075,4,2,S2,1624457949.54765,14.8695,-68.7534,-41.0689,0.00240808,44.0,138.0,6.0,0.0785924,12,1,2021-06-23 16:19:09,52.509728333333335,13.352075,27.6,26.483600000000003,272.7,0.0606,0.03,18.36,18.36,12.28,0.68,1019.3,2.79,0.95,3.0,16.093,2.93379,Klingelhöfer Straße,1.0460746469474185,2971.2515457532186,pc4,Park,2021-06-23 16:19:09,52.5097,13.352308333333331,38.1,27.2244,278.0,0.0606,0.03,18.36,18.36,12.28,0.68,1019.3,2.79,0.95,3.0,16.093,2.93379,Klingelhöfer Straße,1.2888102638449084,2955.8437234349376,pc2,Park,False,False,16.091296468521435,50,10,0.98
1624457950.5174658,2021-06-23T14:19:10.517465Z,52.50973166666667,13.351976666666667,4,2,S2,1624457950.5174658,19.035075,-68.45063333333333,-40.70955833333333,0.001046474625,44.0,235.20833333333331,3.875,0.112185075,12,24,2021-06-23 16:19:10,52.50973166666667,13.351976666666667,27.5,22.0388,268.1,0.0606,0.03,18.36,18.36,12.28,0.68,1019.3,2.79,0.95,3.0,16.093,2.93379,Klingelhöfer Straße,1.2962949998851343,2978.6021876882555,pc4,Park,2021-06-23 16:19:10,52.509708333333336,13.352205,38.0,25.1872,274.6,0.0606,0.03,18.36,18.36,12.28,0.68,1019.3,2.79,0.95,3.0,16.093,2.93379,Klingelhöfer Straße,0.7224273218956637,2964.114987402221,pc2,Park,False,False,15.658129446558654,50,10,0.52
1624457950.5313976,2021-06-23T14:19:10.531397Z,52.509708333333336,13.352205,2,4,S2,1624457950.5313976,16.725883555555555,-72.4789488888889,-44.731593333333336,0.0006654981333333,41.0,236.57777777777775,4.111111111111111,0.0439408122222222,12,45,2021-06-23 16:19:10,52.509708333333336,13.352205,38.0,25.1872,274.6,0.0606,0.03,18.36,18.36,12.28,0.68,1019.3,2.79,0.95,3.0,16.093,2.93379,Klingelhöfer Straße,0.7224273218956637,2964.114987402221,pc2,Park,2021-06-23 16:19:10,52.50973166666667,13.351976666666667,27.5,22.0388,268.1,0.0606,0.03,18.36,18.36,12.28,0.68,1019.3,2.79,0.95,3.0,16.093,2.93379,Klingelhöfer Straße,1.2962949998851343,2978.6021876882555,pc4,Park,False,False,15.658129446558654,50,10,0.1
1624457951.492383,2021-06-23T14:19:11.492383Z,52.50971,13.352111666666667,2,4,S2,1624457951.492383,16.565232653061226,-73.0261,-45.23272040816327,0.0005968055510204,41.0,332.7551020408163,3.306122448979592,0.039366355510204,12,49,2021-06-23 16:19:11,52.50971,13.352111666666667,38.0,22.5944,271.7,0.0606,0.03,18.36,18.36,12.28,0.68,1019.3,2.79,0.95,3.0,16.093,2.93379,Klingelhöfer Straße,0.8611333371889284,2967.742294522762,pc2,Park,2021-06-23 16:19:11,52.509726666666666,13.351895,27.6,18.7052,261.2,0.0606,0.03,18.36,18.36,12.28,0.68,1019.3,2.79,0.95,3.0,16.093,2.93379,Klingelhöfer Straße,1.0427822620511011,2982.8253714372545,pc4,Park,False,False,14.769333321035694,50,10,0.02
1624457951.623916,2021-06-23T14:19:11.623915Z,52.509726666666666,13.351895,4,2,S2,1624457951.623916,17.699865714285714,-67.82330571428572,-40.06632571428572,0.0017711339142857,44.0,345.74285714285713,5.0,0.1254459742857142,12,35,2021-06-23 16:19:11,52.509726666666666,13.351895,27.6,18.7052,261.2,0.0606,0.03,18.36,18.36,12.28,0.68,1019.3,2.79,0.95,3.0,16.093,2.93379,Klingelhöfer Straße,1.0427822620511011,2982.8253714372545,pc4,Park,2021-06-23 16:19:11,52.50971,13.352111666666667,38.0,22.5944,271.7,0.0606,0.03,18.36,18.36,12.28,0.68,1019.3,2.79,0.95,3.0,16.093,2.93379,Klingelhöfer Straße,0.8611333371889284,2967.742294522762,pc2,Park,False,False,14.769333321035694,50,10,0.3
1624457952.491562,2021-06-23T14:19:12.491562Z,52.50972,13.351825,4,2,S2,1624457952.491562,14.792745652173917,-70.09791304347826,-42.331834782608695,0.0018682531521739,44.0,432.39130434782606,6.173913043478261,0.0776296482608695,12,46,2021-06-23 16:19:12,52.50972,13.351825,27.7,15.742,263.2,0.0606,0.03,18.36,18.36,12.28,0.68,1019.3,2.79,0.95,3.0,16.093,2.35197,Klingelhöfer Straße,0.6921120950977863,2987.6101911007827,pc4,Park,2021-06-23 16:19:12,52.50971,13.352031666666669,37.9,19.0756,269.1,0.0606,0.03,18.36,18.36,12.28,0.68,1019.3,2.79,0.95,3.0,16.093,2.93379,Klingelhöfer Straße,1.1111100003526817,2974.8023189991727,pc2,Park,False,False,14.020356683263428,50,10,0.08
1624457952.4947336,2021-06-23T14:19:12.494733Z,52.50971,13.352031666666669,2,4,S2,1624457952.4947336,16.729916326530613,-73.15558163265307,-45.410593877551015,0.0005588062857142,41.0,432.9387755102041,3.816326530612245,0.036569975510204,12,49,2021-06-23 16:19:12,52.50971,13.352031666666669,37.9,19.0756,269.1,0.0606,0.03,18.36,18.36,12.28,0.68,1019.3,2.79,0.95,3.0,16.093,2.93379,Klingelhöfer Straße,1.1111100003526817,2974.8023189991727,pc2,Park,2021-06-23 16:19:12,52.50972,13.351825,27.7,15.742,263.2,0.0606,0.03,18.36,18.36,12.28,0.68,1019.3,2.79,0.95,3.0,16.093,2.35197,Klingelhöfer Straße,0.6921120950977863,2987.6101911007827,pc4,Park,False,False,14.020356683263428,50,10,0.02
1624457953.497512,2021-06-23T14:19:13.497511Z,52.50971666666667,13.351768333333334,4,2,S2,1624457953.497512,17.8640876,-68.36187,-40.564322,0.0014957111,44.0,533.0,6.04,0.108998718,12,50,2021-06-23 16:19:13,52.50971666666667,13.351768333333334,27.8,12.964,263.4,0.0606,0.03,18.36,18.36,12.28,0.68,1019.3,2.79,0.95,3.0,16.093,2.35197,Klingelhöfer Straße,0.6367431608203796,2993.0616037731816,pc4,Park,2021-06-23 16:19:13,52.509708333333336,13.351966666666666,37.9,15.0012,266.6,0.0606,0.03,18.36,18.36,12.28,0.68,1019.3,2.79,0.95,3.0,16.093,2.93379,Klingelhöfer Straße,1.2962949998851343,2978.6021876882555,pc2,Park,False,False,13.444572759342426,50,10,0.0
1624457953.4995377,2021-06-23T14:19:13.499537Z,52.509708333333336,13.351966666666666,2,4,S2,1624457953.4995377,16.037471,-72.106116,-44.325118,0.00087292684,41.0,533.6,2.02,0.044615969,12,50,2021-06-23 16:19:13,52.509708333333336,13.351966666666666,37.9,15.0012,266.6,0.0606,0.03,18.36,18.36,12.28,0.68,1019.3,2.79,0.95,3.0,16.093,2.93379,Klingelhöfer Straße,1.2962949998851343,2978.6021876882555,pc2,Park,2021-06-23 16:19:13,52.50971666666667,13.351768333333334,27.8,12.964,263.4,0.0606,0.03,18.36,18.36,12.28,0.68,1019.3,2.79,0.95,3.0,16.093,2.35197,Klingelhöfer Straße,0.6367431608203796,2993.0616037731816,pc4,Park,False,False,13.444572759342426,50,10,0.0
1624457954.4975476,2021-06-23T14:19:14.497547Z,52.50971333333333,13.351721666666666,4,2,S2,1624457954.4975476,20.632706400000004,-65.677744,-37.880448,0.00152629744,44.0,633.0,6.08,0.253576842,12,50,2021-06-23 16:19:14,52.50971333333333,13.351721666666666,27.9,10.926800000000002,264.1,0.0606,0.03,18.36,18.36,12.28,0.68,1019.3,2.79,0.95,3.0,16.093,2.35197,Klingelhöfer Straße,0.5584048905413518,2993.0616037731816,pc4,Park,2021-06-23 16:19:14,52.509706666666666,13.351916666666666,37.9,11.4824,265.2,0.0606,0.03,18.36,18.36,12.28,0.68,1019.3,2.79,0.95,3.0,16.093,2.93379,Klingelhöfer Straße,1.291942723385883,2982.8253714372545,pc2,Park,False,False,13.2079556279927,50,10,0.0
1624457954.502616,2021-06-23T14:19:14.502615Z,52.509706666666666,13.351916666666666,2,4,S2,1624457954.502616,16.816808599999998,-69.065542,-41.254462,0.00150879008,41.0,634.0,1.08,0.1126278764,12,50,2021-06-23 16:19:14,52.509706666666666,13.351916666666666,37.9,11.4824,265.2,0.0606,0.03,18.36,18.36,12.28,0.68,1019.3,2.79,0.95,3.0,16.093,2.93379,Klingelhöfer Straße,1.291942723385883,2982.8253714372545,pc2,Park,2021-06-23 16:19:14,52.50971333333333,13.351721666666666,27.9,10.926800000000002,264.1,0.0606,0.03,18.36,18.36,12.28,0.68,1019.3,2.79,0.95,3.0,16.093,2.35197,Klingelhöfer Straße,0.5584048905413518,2993.0616037731816,pc4,Park,False,False,13.2079556279927,50,10,0.0
1624457955.5025332,2021-06-23T14:19:15.502533Z,52.509705,13.351881666666667,2,4,S2,1624457955.5025332,18.769426,-68.812848,-41.034836,0.00105198112,41.0,734.0,1.0,0.1133168082,12,50,2021-06-23 16:19:15,52.509705,13.351881666666667,37.7,6.8524,264.5,0.0606,0.03,18.36,18.36,12.28,0.68,1019.3,2.79,0.95,3.0,16.093,2.93379,Klingelhöfer Straße,1.282714582932299,2982.8253714372545,pc2,Park,2021-06-23 16:19:15,52.50971333333333,13.351695,27.6,4.4448,264.1,0.0606,0.03,18.36,18.36,12.28,0.68,1019.3,2.79,0.95,3.0,16.093,2.35197,Klingelhöfer Straße,0.7370944197843912,2999.239545361422,pc4,Park,False,False,12.65760253544302,50,10,0.0
1624457955.50823,2021-06-23T14:19:15.508229Z,52.50971333333333,13.351695,4,2,S2,1624457955.50823,16.598346799999998,-64.855256,-37.092826,0.0052982768599999,44.0,733.94,7.34,0.27216903,12,50,2021-06-23 16:19:15,52.50971333333333,13.351695,27.6,4.4448,264.1,0.0606,0.03,18.36,18.36,12.28,0.68,1019.3,2.79,0.95,3.0,16.093,2.35197,Klingelhöfer Straße,0.7370944197843912,2999.239545361422,pc4,Park,2021-06-23 16:19:15,52.509705,13.351881666666667,37.7,6.8524,264.5,0.0606,0.03,18.36,18.36,12.28,0.68,1019.3,2.79,0.95,3.0,16.093,2.93379,Klingelhöfer Straße,1.282714582932299,2982.8253714372545,pc2,Park,False,False,12.65760253544302,50,10,0.0
1624457956.4990892,2021-06-23T14:19:16.499089Z,52.509705,13.351868333333334,2,4,S2,1624457956.4990892,19.70442857142857,-67.64901632653061,-39.88509387755102,0.0012055588979591,41.0,833.6530612244898,1.0,0.1808552244897959,12,49,2021-06-23 16:19:16,52.509705,13.351868333333334,37.7,0.0,264.5,0.0606,0.03,18.36,18.36,12.28,0.68,1019.3,2.79,0.95,3.0,16.093,2.93379,Klingelhöfer Straße,1.2088892905338326,2982.8253714372545,pc2,Park,2021-06-23 16:19:16,52.50971166666667,13.351688333333334,27.7,0.0,264.1,0.0606,0.03,18.36,18.36,12.28,0.68,1019.3,2.79,0.95,3.0,16.093,2.35197,Klingelhöfer Straße,0.5974931646774035,2999.239545361422,pc4,Park,False,False,12.195307603436552,50,10,0.02
1624457956.5004852,2021-06-23T14:19:16.500485Z,52.50971166666667,13.351688333333334,4,2,S2,1624457956.5004852,20.94991632653061,-63.779767346938776,-35.986655102040814,0.0029486343061224,44.0,833.1428571428571,7.571428571428571,0.440528187755102,12,49,2021-06-23 16:19:16,52.50971166666667,13.351688333333334,27.7,0.0,264.1,0.0606,0.03,18.36,18.36,12.28,0.68,1019.3,2.79,0.95,3.0,16.093,2.35197,Klingelhöfer Straße,0.5974931646774035,2999.239545361422,pc4,Park,2021-06-23 16:19:16,52.509705,13.351868333333334,37.7,0.0,264.5,0.0606,0.03,18.36,18.36,12.28,0.68,1019.3,2.79,0.95,3.0,16.093,2.93379,Klingelhöfer Straße,1.2088892905338326,2982.8253714372545,pc2,Park,False,False,12.195307603436552,50,10,0.02
1624457957.5025885,2021-06-23T14:19:17.502588Z,52.509705,13.351866666666666,2,4,S2,1624457957.5025885,19.04641,-68.866562,-41.028444,0.0009930779,41.0,934.0,1.0,0.117875149,12,50,2021-06-23 16:19:17,52.509705,13.351866666666666,37.6,0.0,264.5,0.0606,0.03,18.36,18.36,12.28,0.68,1019.3,2.79,0.95,3.0,16.093,2.93379,Klingelhöfer Straße,1.1996611288214527,2982.8253714372545,pc2,Park,2021-06-23 16:19:17,52.50971,13.35169,27.8,0.0,264.1,0.0606,0.03,18.36,18.36,12.28,0.68,1019.3,2.79,0.95,3.0,16.093,2.35197,Klingelhöfer Straße,0.4020514282806072,2999.239545361422,pc4,Park,False,False,11.960217741100248,50,10,0.0
1624457957.506711,2021-06-23T14:19:17.506711Z,52.50971,13.35169,4,2,S2,1624457957.506711,21.43198979591837,-65.06557346938776,-37.27512448979592,0.0013998267346938,44.0,933.8979591836736,6.244897959183674,0.281151312244898,12,49,2021-06-23 16:19:17,52.50971,13.35169,27.8,0.0,264.1,0.0606,0.03,18.36,18.36,12.28,0.68,1019.3,2.79,0.95,3.0,16.093,2.35197,Klingelhöfer Straße,0.4020514282806072,2999.239545361422,pc4,Park,2021-06-23 16:19:17,52.509705,13.351866666666666,37.6,0.0,264.5,0.0606,0.03,18.36,18.36,12.28,0.68,1019.3,2.79,0.95,3.0,16.093,2.93379,Klingelhöfer Straße,1.1996611288214527,2982.8253714372545,pc2,Park,False,False,11.960217741100248,50,10,0.02
1624457958.4974637,2021-06-23T14:19:18.497463Z,52.50971,13.351683333333334,4,2,S2,1624457958.4974637,21.063180000000003,-65.722518,-37.924974,0.00132597116,44.0,418.6,6.0,0.203684212,12,50,2021-06-23 16:19:18,52.50971,13.351683333333334,27.9,0.0,264.1,0.0606,0.03,18.36,18.36,12.28,0.68,1019.3,2.79,0.95,3.0,16.093,2.35197,Klingelhöfer Straße,0.44672381326195,2999.239545361422,pc4,Park,2021-06-23 16:19:18,52.50970333333333,13.351866666666666,37.6,0.0,264.5,0.0606,0.03,18.36,18.36,12.28,0.68,1019.3,2.79,0.95,3.0,16.093,2.93379,Klingelhöfer Straße,1.3842243694632967,2982.8253714372545,pc2,Park,False,False,12.420316562396748,50,10,0.0
1624457958.5025284,2021-06-23T14:19:18.502528Z,52.50970333333333,13.351866666666666,2,4,S2,1624457958.5025284,18.877102,-69.80274800000001,-41.951094000000005,0.0007717786,41.0,419.6,1.02,0.0820873842,12,50,2021-06-23 16:19:18,52.50970333333333,13.351866666666666,37.6,0.0,264.5,0.0606,0.03,18.36,18.36,12.28,0.68,1019.3,2.79,0.95,3.0,16.093,2.93379,Klingelhöfer Straße,1.3842243694632967,2982.8253714372545,pc2,Park,2021-06-23 16:19:18,52.50971,13.351683333333334,27.9,0.0,264.1,0.0606,0.03,18.36,18.36,12.28,0.68,1019.3,2.79,0.95,3.0,16.093,2.35197,Klingelhöfer Straße,0.44672381326195,2999.239545361422,pc4,Park,False,False,12.420316562396748,50,10,0.0
1624457959.496976,2021-06-23T14:19:19.496975Z,52.50970333333333,13.351855,2,4,S2,1624457959.496976,16.899777959183673,-72.35528163265306,-44.55022244897959,0.0006582441632653,41.0,109.12244897959184,4.224489795918367,0.0463517797959183,12,49,2021-06-23 16:19:19,52.50970333333333,13.351855,37.5,0.0,264.5,0.0606,0.03,18.36,18.36,12.28,0.68,1019.3,2.79,0.95,3.0,16.093,2.93379,Klingelhöfer Straße,1.319627236536085,2987.6101911007827,pc2,Park,2021-06-23 16:19:19,52.509708333333336,13.351663333333333,28.0,7.0376,264.6,0.0606,0.03,18.36,18.36,12.28,0.68,1019.3,2.79,0.95,3.0,16.093,2.35197,Klingelhöfer Straße,0.3964673337269609,2999.239545361422,pc4,Park,False,False,12.973586060039782,50,10,0.02
1624457959.5128314,2021-06-23T14:19:19.512831Z,52.509708333333336,13.351663333333333,4,2,S2,1624457959.5128314,15.912113958333334,-69.25427499999999,-41.41631875,0.0029680257916666,44.0,111.0,1.3541666666666667,0.0898913770833333,12,48,2021-06-23 16:19:19,52.509708333333336,13.351663333333333,28.0,7.0376,264.6,0.0606,0.03,18.36,18.36,12.28,0.68,1019.3,2.79,0.95,3.0,16.093,2.35197,Klingelhöfer Straße,0.3964673337269609,2999.239545361422,pc4,Park,2021-06-23 16:19:19,52.50970333333333,13.351855,37.5,0.0,264.5,0.0606,0.03,18.36,18.36,12.28,0.68,1019.3,2.79,0.95,3.0,16.093,2.93379,Klingelhöfer Straße,1.319627236536085,2987.6101911007827,pc2,Park,False,False,12.973586060039782,50,10,0.04
1624457960.490507,2021-06-23T14:19:20.490506Z,52.509701666666665,13.351821666666666,2,4,S2,1624457960.490507,17.638227999999998,-71.71408000000001,-43.91376,0.0006508435,41.0,208.0,9.0,0.0520768292,12,50,2021-06-23 16:19:20,52.509701666666665,13.351821666666666,37.5,11.112,265.4,0.0606,0.03,18.36,18.36,12.28,0.68,1019.3,2.79,0.95,3.0,16.093,2.35197,Klingelhöfer Straße,1.3196272315585869,2987.6101911007827,pc2,Park,2021-06-23 16:19:20,52.509706666666666,13.351623333333333,28.0,13.1492,264.6,0.0606,0.03,18.36,18.36,12.28,0.68,1019.3,2.79,0.95,3.0,16.093,2.35197,Klingelhöfer Straße,0.4802280354012373,2999.239545361422,pc4,Park,False,False,13.424021009914684,50,10,0.0
1624457960.5082555,2021-06-23T14:19:20.508255Z,52.509706666666666,13.351623333333333,4,2,S2,1624457960.5082555,12.252300454545455,-66.98416818181819,-39.18483863636364,0.0092694052272727,44.0,210.54545454545453,1.318181818181818,0.1477127227272727,12,44,2021-06-23 16:19:20,52.509706666666666,13.351623333333333,28.0,13.1492,264.6,0.0606,0.03,18.36,18.36,12.28,0.68,1019.3,2.79,0.95,3.0,16.093,2.35197,Klingelhöfer Straße,0.4802280354012373,2999.239545361422,pc4,Park,2021-06-23 16:19:20,52.509701666666665,13.351821666666666,37.5,11.112,265.4,0.0606,0.03,18.36,18.36,12.28,0.68,1019.3,2.79,0.95,3.0,16.093,2.35197,Klingelhöfer Straße,1.3196272315585869,2987.6101911007827,pc2,Park,False,False,13.424021009914684,50,10,0.12
1624457961.4868872,2021-06-23T14:19:21.486887Z,52.50970333333333,13.35156,4,2,S2,1624457961.4868872,12.349933777777778,-69.00645111111112,-41.22611111111111,0.0070662561777777,44.0,308.4,1.3777777777777778,0.1046418044444444,12,45,2021-06-23 16:19:21,52.50970333333333,13.35156,28.0,17.594,264.0,0.0606,0.03,18.36,18.36,12.28,0.68,1019.3,2.79,0.95,3.0,16.093,2.93379,Klingelhöfer Straße,0.5360685241605148,3006.195326374328,pc4,Park,2021-06-23 16:19:21,52.5097,13.351768333333334,37.5,14.816,265.8,0.0606,0.03,18.36,18.36,12.28,0.68,1019.3,2.79,0.95,3.0,16.093,2.35197,Klingelhöfer Straße,1.208889248934957,2993.0616037731816,pc2,Park,False,False,14.093574113700887,50,10,0.1
1624457961.5003824,2021-06-23T14:19:21.500382Z,52.5097,13.351768333333334,2,4,S2,1624457961.5003824,16.987052941176472,-72.66619215686275,-44.88851568627451,0.0006071771960784,41.0,309.05882352941177,8.254901960784315,0.0413123476470588,12,51,2021-06-23 16:19:21,52.5097,13.351768333333334,37.5,14.816,265.8,0.0606,0.03,18.36,18.36,12.28,0.68,1019.3,2.79,0.95,3.0,16.093,2.35197,Klingelhöfer Straße,1.208889248934957,2993.0616037731816,pc2,Park,2021-06-23 16:19:21,52.50970333333333,13.35156,28.0,17.594,264.0,0.0606,0.03,18.36,18.36,12.28,0.68,1019.3,2.79,0.95,3.0,16.093,2.93379,Klingelhöfer Straße,0.5360685241605148,3006.195326374328,pc4,Park,False,False,14.093574113700887,50,10,-0.02
1624457962.4981422,2021-06-23T14:19:22.498142Z,52.50969666666667,13.3517,2,4,S2,1624457962.4981422,16.495138775510203,-73.39509591836735,-45.64383265306122,0.00055632,41.0,409.0612244897959,5.8979591836734695,0.0342001773469387,12,49,2021-06-23 16:19:22,52.50969666666667,13.3517,37.5,18.7052,265.8,0.0606,0.03,18.36,18.36,12.28,0.68,1019.3,2.79,0.95,3.0,16.093,2.35197,Klingelhöfer Straße,1.1391462666083174,2999.239545361422,pc2,Park,2021-06-23 16:19:22,52.50969666666667,13.351481666666666,28.0,21.1128,263.2,0.0606,0.03,18.36,18.36,12.28,0.68,1019.3,2.79,0.95,3.0,16.093,2.93379,Klingelhöfer Straße,0.3238747289628563,3013.8892052879323,pc4,Park,False,False,14.764829160012368,50,10,0.02
1624457962.5109963,2021-06-23T14:19:22.510996Z,52.50969666666667,13.351481666666666,4,2,S2,1624457962.5109963,17.94087659574468,-69.8965829787234,-42.13737446808511,0.0009612704468085,44.0,410.8510638297872,1.0212765957446808,0.0831525538297872,12,47,2021-06-23 16:19:22,52.50969666666667,13.351481666666666,28.0,21.1128,263.2,0.0606,0.03,18.36,18.36,12.28,0.68,1019.3,2.79,0.95,3.0,16.093,2.93379,Klingelhöfer Straße,0.3238747289628563,3013.8892052879323,pc4,Park,2021-06-23 16:19:22,52.50969666666667,13.3517,37.5,18.7052,265.8,0.0606,0.03,18.36,18.36,12.28,0.68,1019.3,2.79,0.95,3.0,16.093,2.35197,Klingelhöfer Straße,1.1391462666083174,2999.239545361422,pc2,Park,False,False,14.764829160012368,50,10,0.06
1624457963.4868631,2021-06-23T14:19:23.486863Z,52.50969,13.351388333333333,4,2,S2,1624457963.4868631,14.793708125,-73.63901458333333,-45.81551041666666,0.0007898580833333,44.0,508.4166666666667,1.2083333333333333,0.030478553125,12,48,2021-06-23 16:19:23,52.50969,13.351388333333333,28.1,24.6316,262.0,0.0606,0.03,18.36,18.36,12.28,0.68,1019.3,2.79,0.95,3.0,16.093,2.35197,Klingelhöfer Straße,0.5124432960141984,3013.8892052879323,pc4,Park,2021-06-23 16:19:23,52.50969333333333,13.351615,37.5,22.7796,265.4,0.0606,0.03,18.36,18.36,12.28,0.68,1019.3,2.79,0.95,3.0,16.093,2.35197,Klingelhöfer Straße,0.938120591064898,2999.239545361422,pc2,Park,False,False,15.332717839396432,50,10,0.04
1624457963.4965365,2021-06-23T14:19:23.496536Z,52.50969333333333,13.351615,2,4,S2,1624457963.4965365,14.161660588235296,-76.28997058823529,-48.478709803921575,0.0004703462745098,41.0,509.2156862745098,2.862745098039216,0.0163512839215686,12,51,2021-06-23 16:19:23,52.50969333333333,13.351615,37.5,22.7796,265.4,0.0606,0.03,18.36,18.36,12.28,0.68,1019.3,2.79,0.95,3.0,16.093,2.35197,Klingelhöfer Straße,0.938120591064898,2999.239545361422,pc2,Park,2021-06-23 16:19:23,52.50969,13.351388333333333,28.1,24.6316,262.0,0.0606,0.03,18.36,18.36,12.28,0.68,1019.3,2.79,0.95,3.0,16.093,2.35197,Klingelhöfer Straße,0.5124432960141984,3013.8892052879323,pc4,Park,False,False,15.332717839396432,50,10,-0.02
1624457964.4885738,2021-06-23T14:19:24.488573Z,52.50967833333333,13.351278333333331,4,2,S2,1624457964.4885738,13.790227083333331,-74.56278541666667,-46.77393333333333,0.0008015412708333,44.0,608.5833333333334,1.25,0.0262729922916666,12,48,2021-06-23 16:19:24,52.50967833333333,13.351278333333331,28.2,29.0764,260.4,0.0606,0.03,18.36,18.36,12.28,0.68,1019.3,2.79,0.95,3.0,16.093,2.35197,Klingelhöfer Straße,1.0338769408376347,3022.209023387395,pc4,Park,2021-06-23 16:19:24,52.50968666666667,13.351515,37.5,26.1132,264.4,0.0606,0.03,18.36,18.36,12.28,0.68,1019.3,2.79,0.95,3.0,16.093,2.93379,Klingelhöfer Straße,1.005129148731619,3006.195326374328,pc2,Park,False,False,16.0310675374722,50,10,0.04
1624457964.4895756,2021-06-23T14:19:24.489575Z,52.50968666666667,13.351515,2,4,S2,1624457964.4895756,12.945090666666667,-77.71325333333333,-49.93021555555556,0.0004422353555555,41.0,608.2444444444444,5.6,0.012186124,12,45,2021-06-23 16:19:24,52.50968666666667,13.351515,37.5,26.1132,264.4,0.0606,0.03,18.36,18.36,12.28,0.68,1019.3,2.79,0.95,3.0,16.093,2.93379,Klingelhöfer Straße,1.005129148731619,3006.195326374328,pc2,Park,2021-06-23 16:19:24,52.50967833333333,13.351278333333331,28.2,29.0764,260.4,0.0606,0.03,18.36,18.36,12.28,0.68,1019.3,2.79,0.95,3.0,16.093,2.35197,Klingelhöfer Straße,1.0338769408376347,3022.209023387395,pc4,Park,False,False,16.0310675374722,50,10,0.1
1624457965.4944904,2021-06-23T14:19:25.494490Z,52.50967666666666,13.351403333333334,2,4,S2,1624457965.4944904,11.755374375,-79.166425,-51.36857916666667,0.0004092111666666,41.0,708.875,4.1875,0.0079852327083333,12,48,2021-06-23 16:19:25,52.50967666666666,13.351403333333334,37.6,28.8912,262.7,0.0606,0.03,18.36,18.36,12.28,0.68,1019.3,2.79,0.95,3.0,16.093,2.35197,Klingelhöfer Straße,1.16873116799981,3013.8892052879323,pc2,Park,2021-06-23 16:19:25,52.509663333333336,13.351156666666666,28.1,30.9284,258.9,0.0606,0.03,18.36,18.36,12.28,0.68,1019.3,2.79,0.95,3.0,16.093,2.35197,Klingelhöfer Straße,4.298915314402414,3031.0784149790684,pc4,Park,False,False,16.746030296081916,50,10,0.04
1624457965.59217,2021-06-23T14:19:25.592170Z,52.509663333333336,13.351156666666666,4,2,S2,1624457965.59217,11.943190294117649,-75.49212941176471,-47.70563235294118,0.0010199114117647,44.0,718.3529411764706,7.117647058823529,0.0193766188235294,12,34,2021-06-23 16:19:25,52.509663333333336,13.351156666666666,28.1,30.9284,258.9,0.0606,0.03,18.36,18.36,12.28,0.68,1019.3,2.79,0.95,3.0,16.093,2.35197,Klingelhöfer Straße,4.298915314402414,3031.0784149790684,pc4,Park,2021-06-23 16:19:25,52.50967666666666,13.351403333333334,37.6,28.8912,262.7,0.0606,0.03,18.36,18.36,12.28,0.68,1019.3,2.79,0.95,3.0,16.093,2.35197,Klingelhöfer Straße,1.16873116799981,3013.8892052879323,pc2,Park,False,False,16.746030296081916,50,10,0.32
1624457966.4932156,2021-06-23T14:19:26.493215Z,52.50964333333334,13.351026666666666,4,2,S2,1624457966.4932156,13.0439278,-73.037006,-45.277074,0.0014866633,44.0,808.34,8.32,0.033008004,12,50,2021-06-23 16:19:26,52.50964333333334,13.351026666666666,28.0,34.0768,256.8,0.0606,0.03,18.36,18.36,12.28,0.68,1019.3,2.79,0.95,3.0,16.093,0.70821,Corneliusbrücke,1.9679326685570129,3040.409711737449,pc4,Park,2021-06-23 16:19:26,52.509663333333336,13.351278333333331,37.7,31.669200000000004,260.8,0.0606,0.03,18.36,18.36,12.28,0.68,1019.3,2.79,0.95,3.0,16.093,2.35197,Klingelhöfer Straße,0.5843659411233072,3022.209023387395,pc2,Park,False,False,17.162722732221518,50,10,0.0
1624457966.498775,2021-06-23T14:19:26.498775Z,52.509663333333336,13.351278333333331,2,4,S2,1624457966.498775,13.74485176470588,-76.99339411764706,-49.23457647058824,0.0004407131764705,41.0,809.156862745098,5.607843137254902,0.0141412896078431,12,51,2021-06-23 16:19:26,52.509663333333336,13.351278333333331,37.7,31.669200000000004,260.8,0.0606,0.03,18.36,18.36,12.28,0.68,1019.3,2.79,0.95,3.0,16.093,2.35197,Klingelhöfer Straße,0.5843659411233072,3022.209023387395,pc2,Park,2021-06-23 16:19:26,52.50964333333334,13.351026666666666,28.0,34.0768,256.8,0.0606,0.03,18.36,18.36,12.28,0.68,1019.3,2.79,0.95,3.0,16.093,0.70821,Corneliusbrücke,1.9679326685570129,3040.409711737449,pc4,Park,False,False,17.162722732221518,50,10,-0.02
1624457967.4953685,2021-06-23T14:19:27.495368Z,52.509618333333336,13.350888333333334,4,2,S2,1624457967.4953685,13.210995918367349,-72.54910408163266,-44.77159795918368,0.001591062632653,44.0,908.530612244898,8.551020408163266,0.0386071053061224,12,49,2021-06-23 16:19:27,52.509618333333336,13.350888333333334,28.0,36.299200000000006,255.6,0.0606,0.03,18.36,18.36,12.28,0.68,1019.3,2.79,0.95,3.0,16.093,0.70821,Corneliusbrücke,1.9840653484262405,3050.057712107552,pc4,Park,2021-06-23 16:19:27,52.50964666666667,13.351146666666668,37.6,33.52120000000001,259.1,0.0606,0.03,18.36,18.36,12.28,0.68,1019.3,2.79,0.95,3.0,16.093,2.35197,Klingelhöfer Straße,5.175739846278936,3031.0784149790684,pc2,Park,False,False,17.750182877134385,50,10,0.02
1624457967.5203743,2021-06-23T14:19:27.520374Z,52.50964666666667,13.351146666666668,2,4,S2,1624457967.5203743,14.837957959183672,-75.65445714285714,-47.918026530612245,0.0004738869387755,41.0,911.3673469387757,5.081632653061225,0.0201105171428571,12,49,2021-06-23 16:19:27,52.50964666666667,13.351146666666668,37.6,33.52120000000001,259.1,0.0606,0.03,18.36,18.36,12.28,0.68,1019.3,2.79,0.95,3.0,16.093,2.35197,Klingelhöfer Straße,5.175739846278936,3031.0784149790684,pc2,Park,2021-06-23 16:19:27,52.509618333333336,13.350888333333334,28.0,36.299200000000006,255.6,0.0606,0.03,18.36,18.36,12.28,0.68,1019.3,2.79,0.95,3.0,16.093,0.70821,Corneliusbrücke,1.9840653484262405,3050.057712107552,pc4,Park,False,False,17.750182877134385,50,10,0.02
1624457968.3278666,2021-06-23T14:19:28.327866Z,52.50962666666667,13.351006666666668,2,4,S2,1624457968.3278666,14.450518064516128,-76.01232580645161,-48.22696774193549,0.0004732048709677,41.0,893.0645161290323,4.709677419354839,0.0173924683870967,12,31,2021-06-23 16:19:28,52.50962666666667,13.351006666666668,37.4,35.373200000000004,257.5,0.0606,0.03,18.36,18.36,12.28,0.68,1019.3,2.79,0.95,3.0,16.093,0.70821,Corneliusbrücke,0.5807000708332494,3040.409711737449,pc2,Park,2021-06-23 16:19:28,52.50959,13.350743333333334,28.2,37.7808,253.7,0.0606,0.03,18.36,18.36,12.28,0.68,1019.3,2.79,0.95,3.0,16.093,0.70821,Corneliusbrücke,1.5479465526333067,3059.960760043108,pc4,Park,False,False,18.26672207787048,50,10,0.38
1624457968.4939492,2021-06-23T14:19:28.493949Z,52.50959,13.350743333333334,4,2,S2,1624457968.4939492,14.683827142857142,-72.34784489795918,-44.60937142857143,0.0012570223469387,44.0,632.3469387755102,7.346938775510204,0.0395137471428571,12,49,2021-06-23 16:19:28,52.50959,13.350743333333334,28.2,37.7808,253.7,0.0606,0.03,18.36,18.36,12.28,0.68,1019.3,2.79,0.95,3.0,16.093,0.70821,Corneliusbrücke,1.5479465526333067,3059.960760043108,pc4,Park,2021-06-23 16:19:28,52.50962666666667,13.351006666666668,37.4,35.373200000000004,257.5,0.0606,0.03,18.36,18.36,12.28,0.68,1019.3,2.79,0.95,3.0,16.093,0.70821,Corneliusbrücke,0.5807000708332494,3040.409711737449,pc2,Park,False,False,18.26672207787048,50,10,0.02
1624457969.486426,2021-06-23T14:19:29.486426Z,52.50956,13.350596666666666,4,2,S2,1624457969.486426,15.643455319148936,-72.59464468085106,-44.8167170212766,0.0008413085319148,44.0,83.8936170212766,5.97872340425532,0.0385506457446808,12,47,2021-06-23 16:19:29,52.50956,13.350596666666666,28.2,37.966,252.6,0.0606,0.03,18.36,18.36,12.28,0.68,1019.3,2.79,0.95,3.0,16.093,0.70821,Corneliusbrücke,1.037382427679672,3070.13240172426,pc4,Park,2021-06-23 16:19:29,52.509605,13.350861666666669,37.4,37.2252,256.1,0.0606,0.03,18.36,18.36,12.28,0.68,1019.3,2.79,0.95,3.0,16.093,0.70821,Corneliusbrücke,1.041887066955594,3050.057712107552,pc2,Park,False,False,18.603522257661805,50,10,0.06
1624457969.656238,2021-06-23T14:19:29.656238Z,52.509605,13.350861666666669,2,4,S2,1624457969.656238,13.979797878787878,-76.42085757575758,-48.64086666666667,0.0004700506969696,41.0,101.33333333333331,1.3636363636363635,0.0153580475757575,12,33,2021-06-23 16:19:29,52.509605,13.350861666666669,37.4,37.2252,256.1,0.0606,0.03,18.36,18.36,12.28,0.68,1019.3,2.79,0.95,3.0,16.093,0.70821,Corneliusbrücke,1.041887066955594,3050.057712107552,pc2,Park,2021-06-23 16:19:29,52.50956,13.350596666666666,28.2,37.966,252.6,0.0606,0.03,18.36,18.36,12.28,0.68,1019.3,2.79,0.95,3.0,16.093,0.70821,Corneliusbrücke,1.037382427679672,3070.13240172426,pc4,Park,False,False,18.603522257661805,50,10,0.34
1624457970.4890506,2021-06-23T14:19:30.489050Z,52.50958166666667,13.350711666666667,2,4,S2,1624457970.4890506,14.28657224489796,-73.75149387755101,-45.99361428571429,0.0017763038571428,41.0,184.26530612244895,4.877551020408164,0.0346907751020408,12,49,2021-06-23 16:19:30,52.50958166666667,13.350711666666667,37.5,38.7068,255.0,0.0606,0.03,18.36,18.36,12.28,0.68,1019.3,2.79,0.95,3.0,16.093,0.70821,Corneliusbrücke,1.220496551224547,3059.960760043108,pc2,Park,2021-06-23 16:19:30,52.50953333333333,13.350448333333333,28.3,37.2252,251.8,0.0606,0.03,18.36,18.36,12.28,0.68,1019.3,2.79,0.95,3.0,16.093,0.66563,Corneliusbrücke,1.069112480423086,3080.5338801570715,pc4,Park,False,False,18.59843041423002,50,10,0.02
1624457970.5567672,2021-06-23T14:19:30.556767Z,52.50953333333333,13.350448333333333,4,2,S2,1624457970.5567672,15.17987,-69.54013333333333,-41.77031794871795,0.0022035461794871,44.0,191.15384615384616,3.717948717948718,0.0811362923076923,12,39,2021-06-23 16:19:30,52.50953333333333,13.350448333333333,28.3,37.2252,251.8,0.0606,0.03,18.36,18.36,12.28,0.68,1019.3,2.79,0.95,3.0,16.093,0.66563,Corneliusbrücke,1.069112480423086,3080.5338801570715,pc4,Park,2021-06-23 16:19:30,52.50958166666667,13.350711666666667,37.5,38.7068,255.0,0.0606,0.03,18.36,18.36,12.28,0.68,1019.3,2.79,0.95,3.0,16.093,0.70821,Corneliusbrücke,1.220496551224547,3059.960760043108,pc2,Park,False,False,18.59843041423002,50,10,0.22
1624457971.4866035,2021-06-23T14:19:31.486603Z,52.509553333333336,13.350556666666666,2,4,S2,1624457971.4866035,15.712065714285714,-73.20285918367347,-45.40757142857143,0.0010860446938775,41.0,283.6734693877551,8.346938775510203,0.0372235022448979,12,49,2021-06-23 16:19:31,52.509553333333336,13.350556666666666,37.5,39.4476,254.0,0.0606,0.03,18.36,18.36,12.28,0.68,1019.3,2.79,0.95,3.0,16.093,0.66563,Corneliusbrücke,1.0683491916460277,3070.13240172426,pc2,Park,2021-06-23 16:19:31,52.5095,13.350308333333333,28.5,36.114,249.8,0.0606,0.03,18.36,18.36,12.28,0.68,1019.3,2.79,0.95,3.0,16.093,0.70821,Corneliusbrücke,0.7658174794448881,3091.091780615238,pc4,Park,False,False,17.806634779101206,50,10,0.02
1624457971.489897,2021-06-23T14:19:31.489897Z,52.5095,13.350308333333333,4,2,S2,1624457971.489897,17.064763265306123,-70.15177142857142,-42.35827346938776,0.0011247788571428,44.0,284.6326530612245,1.9795918367346936,0.0706726081632653,12,49,2021-06-23 16:19:31,52.5095,13.350308333333333,28.5,36.114,249.8,0.0606,0.03,18.36,18.36,12.28,0.68,1019.3,2.79,0.95,3.0,16.093,0.70821,Corneliusbrücke,0.7658174794448881,3091.091780615238,pc4,Park,2021-06-23 16:19:31,52.509553333333336,13.350556666666666,37.5,39.4476,254.0,0.0606,0.03,18.36,18.36,12.28,0.68,1019.3,2.79,0.95,3.0,16.093,0.66563,Corneliusbrücke,1.0683491916460277,3070.13240172426,pc2,Park,False,False,17.806634779101206,50,10,0.02
1624457972.489746,2021-06-23T14:19:32.489746Z,52.50946166666667,13.350175,4,2,S2,1624457972.489746,19.35266326530612,-67.87861836734693,-40.05352857142857,0.0011174203469387,44.0,384.530612244898,2.938775510204082,0.1307846591836734,12,49,2021-06-23 16:19:32,52.50946166666667,13.350175,28.8,35.9288,248.5,0.0606,0.03,18.36,18.36,12.28,0.68,1019.3,2.79,0.95,3.0,16.093,0.70821,Corneliusbrücke,0.9262585311338608,3101.762119808006,pc4,Park,2021-06-23 16:19:32,52.50952333333333,13.3504,37.5,40.00320000000001,252.4,0.0606,0.03,18.36,18.36,12.28,0.68,1019.3,2.79,0.95,3.0,16.093,0.66563,Corneliusbrücke,1.1221883480236536,3080.5338801570715,pc2,Park,False,False,16.685222266754426,50,10,0.02
1624457972.5058143,2021-06-23T14:19:32.505814Z,52.50952333333333,13.3504,2,4,S2,1624457972.5058143,16.308752083333335,-71.50705416666666,-43.67552916666667,0.0020075859791666,41.0,385.8125,6.145833333333333,0.0652753929166666,12,48,2021-06-23 16:19:32,52.50952333333333,13.3504,37.5,40.00320000000001,252.4,0.0606,0.03,18.36,18.36,12.28,0.68,1019.3,2.79,0.95,3.0,16.093,0.66563,Corneliusbrücke,1.1221883480236536,3080.5338801570715,pc2,Park,2021-06-23 16:19:32,52.50946166666667,13.350175,28.8,35.9288,248.5,0.0606,0.03,18.36,18.36,12.28,0.68,1019.3,2.79,0.95,3.0,16.093,0.70821,Corneliusbrücke,0.9262585311338608,3101.762119808006,pc4,Park,False,False,16.685222266754426,50,10,0.04
1624457973.4977007,2021-06-23T14:19:33.497700Z,52.509415,13.350048333333334,4,2,S2,1624457973.4977007,19.76011836734694,-67.3763387755102,-39.57360408163265,0.0011985754897959,44.0,485.0204081632653,6.0,0.1385756530612245,12,49,2021-06-23 16:19:33,52.509415,13.350048333333334,29.2,37.04,235.7,0.0606,0.03,18.36,18.36,12.28,0.68,1019.3,2.79,0.95,3.0,16.093,0.70821,Corneliusbrücke,1.41696926777249,3112.4333638046987,pc4,Park,2021-06-23 16:19:33,52.509483333333336,13.35025,37.5,39.4476,242.5,0.0606,0.03,18.36,18.36,12.28,0.68,1019.3,2.79,0.95,3.0,16.093,0.70821,Corneliusbrücke,0.3487886605496772,3101.762119808006,pc2,Park,False,False,15.606685698874651,50,10,0.02
1624457973.5046103,2021-06-23T14:19:33.504610Z,52.509483333333336,13.35025,2,4,S2,1624457973.5046103,17.44826,-71.72404999999999,-43.958472,0.00067715382,41.0,486.0,3.08,0.0545517026,12,50,2021-06-23 16:19:33,52.509483333333336,13.35025,37.5,39.4476,242.5,0.0606,0.03,18.36,18.36,12.28,0.68,1019.3,2.79,0.95,3.0,16.093,0.70821,Corneliusbrücke,0.3487886605496772,3101.762119808006,pc2,Park,2021-06-23 16:19:33,52.509415,13.350048333333334,29.2,37.04,235.7,0.0606,0.03,18.36,18.36,12.28,0.68,1019.3,2.79,0.95,3.0,16.093,0.70821,Corneliusbrücke,1.41696926777249,3112.4333638046987,pc4,Park,False,False,15.606685698874651,50,10,0.0
1624457974.4956186,2021-06-23T14:19:34.495618Z,52.50936166666666,13.349923333333331,4,2,S2,1624457974.4956186,19.282314,-68.082592,-40.216686,0.00107108688,44.0,585.0,4.12,0.11689325,12,50,2021-06-23 16:19:34,52.50936166666666,13.349923333333331,28.8,37.2252,231.8,0.0606,0.03,18.36,18.36,12.28,0.68,1019.3,2.79,0.95,3.0,16.093,0.66563,Corneliusbrücke,2.4395943201633896,3123.039682125035,pc4,Park,2021-06-23 16:19:34,52.50943333333333,13.35011,37.6,39.077200000000005,237.2,0.0606,0.03,18.36,18.36,12.28,0.68,1019.3,2.79,0.95,3.0,16.093,0.70821,Corneliusbrücke,0.5518138109890118,3101.762119808006,pc2,Park,False,False,14.922926006835182,50,10,0.0
1624457974.507652,2021-06-23T14:19:34.507652Z,52.50943333333333,13.35011,2,4,S2,1624457974.507652,16.5769612,-70.63825200000001,-42.790894,0.00218001794,41.0,586.0,6.12,0.06144814,12,50,2021-06-23 16:19:34,52.50943333333333,13.35011,37.6,39.077200000000005,237.2,0.0606,0.03,18.36,18.36,12.28,0.68,1019.3,2.79,0.95,3.0,16.093,0.70821,Corneliusbrücke,0.5518138109890118,3101.762119808006,pc2,Park,2021-06-23 16:19:34,52.50936166666666,13.349923333333331,28.8,37.2252,231.8,0.0606,0.03,18.36,18.36,12.28,0.68,1019.3,2.79,0.95,3.0,16.093,0.66563,Corneliusbrücke,2.4395943201633896,3123.039682125035,pc4,Park,False,False,14.922926006835182,50,10,0.0
1624457975.4959016,2021-06-23T14:19:35.495901Z,52.50929833333333,13.34981,4,2,S2,1624457975.4959016,17.94683,-69.90725400000001,-42.062958,0.00094022198,44.0,685.06,3.82,0.07770694,12,50,2021-06-23 16:19:35,52.50929833333333,13.34981,28.9,37.7808,225.1,0.0606,0.03,18.36,18.36,12.28,0.68,1019.3,2.79,0.95,3.0,16.093,0.66563,Corneliusbrücke,2.668214385437448,3133.569878560679,pc4,Park,2021-06-23 16:19:35,52.509375,13.349978333333333,37.6,39.6328,232.0,0.0606,0.03,18.36,18.36,12.28,0.68,1019.3,2.79,0.95,3.0,16.093,0.70821,Corneliusbrücke,1.1362457218210826,3112.4333638046987,pc2,Park,False,False,14.21580232034194,50,10,0.0
1624457975.51275,2021-06-23T14:19:35.512749Z,52.509375,13.349978333333333,2,4,S2,1624457975.51275,14.910945208333333,-72.59104583333333,-44.7755,0.002215366625,41.0,686.5,6.25,0.0432510039583333,12,48,2021-06-23 16:19:35,52.509375,13.349978333333333,37.6,39.6328,232.0,0.0606,0.03,18.36,18.36,12.28,0.68,1019.3,2.79,0.95,3.0,16.093,0.70821,Corneliusbrücke,1.1362457218210826,3112.4333638046987,pc2,Park,2021-06-23 16:19:35,52.50929833333333,13.34981,28.9,37.7808,225.1,0.0606,0.03,18.36,18.36,12.28,0.68,1019.3,2.79,0.95,3.0,16.093,0.66563,Corneliusbrücke,2.668214385437448,3133.569878560679,pc4,Park,False,False,14.21580232034194,50,10,0.04
1624457976.4974508,2021-06-23T14:19:36.497450Z,52.50922833333333,13.349708333333334,4,2,S2,1624457976.4974508,17.9280254,-67.76108599999999,-39.964932,0.00347277628,44.0,785.28,3.16,0.1212329839999999,12,50,2021-06-23 16:19:36,52.50922833333333,13.349708333333334,29.1,37.595600000000005,217.9,0.0606,0.03,18.36,18.36,12.28,0.68,1019.3,2.79,0.95,3.0,16.093,0.60094,Corneliusbrücke,2.617764224416959,3144.057446562756,pc4,Park,2021-06-23 16:19:36,52.50930833333334,13.349855,37.7,40.744,225.1,0.0606,0.03,18.36,18.36,12.28,0.68,1019.3,2.79,0.95,3.0,16.093,0.66563,Corneliusbrücke,1.1379150901455473,3123.039682125035,pc2,Park,False,False,13.316539755090052,50,10,0.0
1624457976.4992769,2021-06-23T14:19:36.499276Z,52.50930833333334,13.349855,2,4,S2,1624457976.4992769,16.130707346938777,-71.48694285714286,-43.69051836734694,0.0017457811836734,41.0,785.3877551020408,3.877551020408163,0.0540663140816326,12,49,2021-06-23 16:19:36,52.50930833333334,13.349855,37.7,40.744,225.1,0.0606,0.03,18.36,18.36,12.28,0.68,1019.3,2.79,0.95,3.0,16.093,0.66563,Corneliusbrücke,1.1379150901455473,3123.039682125035,pc2,Park,2021-06-23 16:19:36,52.50922833333333,13.349708333333334,29.1,37.595600000000005,217.9,0.0606,0.03,18.36,18.36,12.28,0.68,1019.3,2.79,0.95,3.0,16.093,0.60094,Corneliusbrücke,2.617764224416959,3144.057446562756,pc4,Park,False,False,13.316539755090052,50,10,0.02
1624457977.5045865,2021-06-23T14:19:37.504586Z,52.509235,13.349741666666668,2,4,S2,1624457977.5045865,15.539446,-71.684276,-43.934958,0.0010945714,41.0,885.98,3.1,0.054548654,12,50,2021-06-23 16:19:37,52.509235,13.349741666666668,37.6,39.818000000000005,220.9,0.0606,0.03,18.36,18.36,12.28,0.68,1019.3,2.79,0.95,3.0,16.093,0.60094,Corneliusbrücke,1.4293952806467651,3133.569878560679,pc2,Park,2021-06-23 16:19:37,52.50915166666667,13.34962,29.3,37.595600000000005,211.9,0.0606,0.03,18.36,18.36,12.28,0.68,1019.3,2.79,0.95,3.0,16.093,0.60094,Corneliusbrücke,2.057234829708438,3154.5394100758317,pc4,Park,False,False,12.38471381265464,50,10,0.0
1624457977.5187092,2021-06-23T14:19:37.518709Z,52.50915166666667,13.34962,4,2,S2,1624457977.5187092,16.46690979591837,-67.97351632653061,-40.23557346938776,0.0022565205510204,44.0,887.204081632653,5.163265306122449,0.1252120326530612,12,49,2021-06-23 16:19:37,52.50915166666667,13.34962,29.3,37.595600000000005,211.9,0.0606,0.03,18.36,18.36,12.28,0.68,1019.3,2.79,0.95,3.0,16.093,0.60094,Corneliusbrücke,2.057234829708438,3154.5394100758317,pc4,Park,2021-06-23 16:19:37,52.509235,13.349741666666668,37.6,39.818000000000005,220.9,0.0606,0.03,18.36,18.36,12.28,0.68,1019.3,2.79,0.95,3.0,16.093,0.60094,Corneliusbrücke,1.4293952806467651,3133.569878560679,pc2,Park,False,False,12.38471381265464,50,10,0.02
1624457978.5006063,2021-06-23T14:19:38.500606Z,52.50907,13.349541666666669,4,2,S2,1624457978.5006063,18.03719625,-67.1822625,-39.33818958333333,0.004152792875,44.0,857.6041666666666,3.0625,0.1423860666666666,12,48,2021-06-23 16:19:38,52.50907,13.349541666666669,29.5,37.966,210.4,0.0606,0.03,18.36,18.36,12.28,0.68,1019.3,2.79,0.95,3.0,16.093,0.60094,Corneliusbrücke,3.00733640179681,3165.074131066592,pc4,Park,2021-06-23 16:19:38,52.509155,13.349643333333333,37.7,39.077200000000005,214.4,0.0606,0.03,18.36,18.36,12.28,0.68,1019.3,2.79,0.95,3.0,16.093,0.60094,Corneliusbrücke,0.7852037213050941,3144.057446562756,pc2,Park,False,False,11.680118938124956,50,10,0.04
1624457978.5162525,2021-06-23T14:19:38.516252Z,52.509155,13.349643333333333,2,4,S2,1624457978.5162525,17.22007,-71.170856,-43.351314,0.0008480166,41.0,843.8,3.12,0.054201276,12,50,2021-06-23 16:19:38,52.509155,13.349643333333333,37.7,39.077200000000005,214.4,0.0606,0.03,18.36,18.36,12.28,0.68,1019.3,2.79,0.95,3.0,16.093,0.60094,Corneliusbrücke,0.7852037213050941,3144.057446562756,pc2,Park,2021-06-23 16:19:38,52.50907,13.349541666666669,29.5,37.966,210.4,0.0606,0.03,18.36,18.36,12.28,0.68,1019.3,2.79,0.95,3.0,16.093,0.60094,Corneliusbrücke,3.00733640179681,3165.074131066592,pc4,Park,False,False,11.680118938124956,50,10,0.0
1624457979.495776,2021-06-23T14:19:39.495775Z,52.50898166666666,13.349478333333334,4,2,S2,1624457979.495776,17.927823958333335,-69.15854791666666,-41.39510625,0.0017441488541666,44.0,61.29166666666666,1.3333333333333333,0.08839478125,12,48,2021-06-23 16:19:39,52.50898166666666,13.349478333333334,29.6,38.892,199.5,0.0606,0.03,18.36,18.36,12.28,0.68,1019.3,2.79,0.95,3.0,16.093,0.60094,Corneliusbrücke,3.098395004196101,3175.7057074489285,pc4,Park,2021-06-23 16:19:39,52.50907166666666,13.349563333333334,37.5,39.077200000000005,206.6,0.0606,0.03,18.36,18.36,12.28,0.68,1019.3,2.79,0.95,3.0,16.093,0.60094,Corneliusbrücke,1.758857974121411,3154.5394100758317,pc2,Park,False,False,11.532766806062716,50,10,0.04
1624457979.5050087,2021-06-23T14:19:39.505008Z,52.50907166666666,13.349563333333334,2,4,S2,1624457979.5050087,16.94319795918367,-72.82224489795918,-45.04528571428572,0.0005590002244897,41.0,62.04081632653061,3.061224489795918,0.0345843622448979,12,49,2021-06-23 16:19:39,52.50907166666666,13.349563333333334,37.5,39.077200000000005,206.6,0.0606,0.03,18.36,18.36,12.28,0.68,1019.3,2.79,0.95,3.0,16.093,0.60094,Corneliusbrücke,1.758857974121411,3154.5394100758317,pc2,Park,2021-06-23 16:19:39,52.50898166666666,13.349478333333334,29.6,38.892,199.5,0.0606,0.03,18.36,18.36,12.28,0.68,1019.3,2.79,0.95,3.0,16.093,0.60094,Corneliusbrücke,3.098395004196101,3175.7057074489285,pc4,Park,False,False,11.532766806062716,50,10,0.02
1624457980.491781,2021-06-23T14:19:40.491780Z,52.50888666666667,13.349431666666666,4,2,S2,1624457980.491781,18.9920932,-67.027036,-39.253926,0.00323135494,44.0,160.88,1.48,0.140752552,12,50,2021-06-23 16:19:40,52.50888666666667,13.349431666666666,29.7,38.892,194.3,0.0606,0.03,18.36,18.36,12.28,0.68,1019.3,2.79,0.95,3.0,16.093,0.70821,Corneliusbrücke,2.643327306353668,3186.445243700349,pc4,Park,2021-06-23 16:19:40,52.50898,13.3495,37.2,38.892,200.8,0.0606,0.03,18.36,18.36,12.28,0.68,1019.3,2.79,0.95,3.0,16.093,0.60094,Corneliusbrücke,1.6710428342717225,3165.074131066592,pc2,Park,False,False,11.35201743129852,50,10,0.0
1624457980.5199473,2021-06-23T14:19:40.519947Z,52.50898,13.3495,2,4,S2,1624457980.5199473,18.012670833333335,-71.19045416666667,-43.42593958333333,0.0006593238333333,41.0,163.54166666666666,3.0,0.05414154375,12,48,2021-06-23 16:19:40,52.50898,13.3495,37.2,38.892,200.8,0.0606,0.03,18.36,18.36,12.28,0.68,1019.3,2.79,0.95,3.0,16.093,0.60094,Corneliusbrücke,1.6710428342717225,3165.074131066592,pc2,Park,2021-06-23 16:19:40,52.50888666666667,13.349431666666666,29.7,38.892,194.3,0.0606,0.03,18.36,18.36,12.28,0.68,1019.3,2.79,0.95,3.0,16.093,0.70821,Corneliusbrücke,2.643327306353668,3186.445243700349,pc4,Park,False,False,11.35201743129852,50,10,0.04
1624457981.4973793,2021-06-23T14:19:41.497379Z,52.50888666666667,13.349455,2,4,S2,1624457981.4973793,17.00280612244898,-72.2599612244898,-44.52636734693878,0.0006618741632653,41.0,261.0204081632653,5.63265306122449,0.0459750504081632,12,49,2021-06-23 16:19:41,52.50888666666667,13.349455,36.8,39.4476,193.8,0.0606,0.03,18.36,18.36,12.28,0.68,1019.3,2.79,0.95,3.0,16.093,0.70821,Corneliusbrücke,1.1013854510080352,3175.7057074489285,pc2,Park,2021-06-23 16:19:41,52.508788333333335,13.349393333333332,29.7,40.1884,193.2,0.0606,0.03,18.36,18.36,12.28,0.68,1019.3,2.79,0.95,3.0,16.093,0.70821,Corneliusbrücke,2.855744621770114,3197.351521840623,pc4,Park,False,False,11.693487867580323,50,10,0.02
1624457981.5002692,2021-06-23T14:19:41.500269Z,52.508788333333335,13.349393333333332,4,2,S2,1624457981.5002692,14.298569411764706,-69.00840588235295,-41.267021568627456,0.0053590172156862,44.0,261.6274509803921,2.4901960784313726,0.097490231372549,12,51,2021-06-23 16:19:41,52.508788333333335,13.349393333333332,29.7,40.1884,193.2,0.0606,0.03,18.36,18.36,12.28,0.68,1019.3,2.79,0.95,3.0,16.093,0.70821,Corneliusbrücke,2.855744621770114,3197.351521840623,pc4,Park,2021-06-23 16:19:41,52.50888666666667,13.349455,36.8,39.4476,193.8,0.0606,0.03,18.36,18.36,12.28,0.68,1019.3,2.79,0.95,3.0,16.093,0.70821,Corneliusbrücke,1.1013854510080352,3175.7057074489285,pc2,Park,False,False,11.693487867580323,50,10,-0.02
1624457982.4779177,2021-06-23T14:19:42.477917Z,52.50868666666667,13.349355,4,2,S2,1624457982.4779177,9.4706928125,-70.17533125,-42.455834375,0.0081148840625,44.0,359.3125,3.25,0.065400415625,12,32,2021-06-23 16:19:42,52.50868666666667,13.349355,29.7,41.8552,192.9,0.0606,0.03,18.36,18.36,12.28,0.68,1019.3,2.79,0.95,3.0,16.093,0.70821,Corneliusbrücke,3.23317179266292,3208.4026938346246,pc4,Park,2021-06-23 16:19:42,52.50879166666667,13.34942,36.5,38.3364,191.8,0.0606,0.03,18.36,18.36,12.28,0.68,1019.3,2.79,0.95,3.0,16.093,0.70821,Corneliusbrücke,1.1721916320937436,3186.445243700349,pc2,Park,False,False,12.465965605694214,50,10,0.36
1624457982.492457,2021-06-23T14:19:42.492456Z,52.50879166666667,13.34942,2,4,S2,1624457982.492457,14.5839504,-75.434108,-47.659172,0.00052395958,41.0,360.32,7.72,0.0196171924,12,50,2021-06-23 16:19:42,52.50879166666667,13.34942,36.5,38.3364,191.8,0.0606,0.03,18.36,18.36,12.28,0.68,1019.3,2.79,0.95,3.0,16.093,0.70821,Corneliusbrücke,1.1721916320937436,3186.445243700349,pc2,Park,2021-06-23 16:19:42,52.50868666666667,13.349355,29.7,41.8552,192.9,0.0606,0.03,18.36,18.36,12.28,0.68,1019.3,2.79,0.95,3.0,16.093,0.70821,Corneliusbrücke,3.23317179266292,3208.4026938346246,pc4,Park,False,False,12.465965605694214,50,10,0.0
1624457983.4931903,2021-06-23T14:19:43.493190Z,52.508696666666665,13.349388333333334,2,4,S2,1624457983.4931903,13.180140799999998,-77.149314,-49.358956,0.00047709092,41.0,460.44,7.24,0.0130378858,12,50,2021-06-23 16:19:43,52.508696666666665,13.349388333333334,36.3,38.7068,191.2,0.0606,0.03,18.36,18.36,12.28,0.68,1019.3,2.79,0.95,3.0,16.093,0.70821,Corneliusbrücke,1.2291849798540988,3197.351521840623,pc2,Park,2021-06-23 16:19:43,52.50858166666666,13.349313333333331,29.5,42.781200000000005,193.7,0.0606,0.03,18.36,18.36,12.28,0.68,1019.3,2.79,0.95,3.0,16.093,0.60094,Corneliusbrücke,3.70213650809484,3219.6024277823626,pc4,Park,False,False,13.746087627377442,50,10,0.0
1624457983.5876153,2021-06-23T14:19:43.587615Z,52.50858166666666,13.349313333333331,4,2,S2,1624457983.5876153,7.939011363636364,-71.12888636363637,-43.38702272727273,0.0076690090454545,44.0,470.3636363636364,2.4545454545454546,0.0501467681818181,12,22,2021-06-23 16:19:43,52.50858166666666,13.349313333333331,29.5,42.781200000000005,193.7,0.0606,0.03,18.36,18.36,12.28,0.68,1019.3,2.79,0.95,3.0,16.093,0.60094,Corneliusbrücke,3.70213650809484,3219.6024277823626,pc4,Park,2021-06-23 16:19:43,52.508696666666665,13.349388333333334,36.3,38.7068,191.2,0.0606,0.03,18.36,18.36,12.28,0.68,1019.3,2.79,0.95,3.0,16.093,0.70821,Corneliusbrücke,1.2291849798540988,3197.351521840623,pc2,Park,False,False,13.746087627377442,50,10,0.56
1624457984.4579384,2021-06-23T14:19:44.457938Z,52.50859833333333,13.349353333333331,2,4,S2,1624457984.4579384,13.101644324324324,-74.94775945945946,-47.14114324324324,0.0009407972972972,41.0,556.8918918918919,7.45945945945946,0.0213130124324324,12,37,2021-06-23 16:19:44,52.50859833333333,13.349353333333331,36.2,41.1144,193.4,0.0606,0.03,18.36,18.36,12.28,0.68,1019.3,2.79,0.95,3.0,16.093,0.60094,Corneliusbrücke,1.491340357257858,3208.4026938346246,pc2,Park,2021-06-23 16:19:44,52.50847666666667,13.349266666666669,29.6,43.522000000000006,195.3,0.0606,0.03,18.36,18.36,12.28,0.68,1019.3,2.79,0.95,3.0,16.093,3.22474,Klingelhöfer Straße,12.358436824349504,3230.9349536541376,pc4,Park,False,False,14.7326343442758,50,10,0.26
1624457984.5746276,2021-06-23T14:19:44.574627Z,52.50847666666667,13.349266666666669,4,2,S2,1624457984.5746276,12.608657,-70.9709775,-43.179685,0.00263037125,44.0,568.95,3.6,0.0539226675,12,40,2021-06-23 16:19:44,52.50847666666667,13.349266666666669,29.6,43.522000000000006,195.3,0.0606,0.03,18.36,18.36,12.28,0.68,1019.3,2.79,0.95,3.0,16.093,3.22474,Klingelhöfer Straße,12.358436824349504,3230.9349536541376,pc4,Park,2021-06-23 16:19:44,52.50859833333333,13.349353333333331,36.2,41.1144,193.4,0.0606,0.03,18.36,18.36,12.28,0.68,1019.3,2.79,0.95,3.0,16.093,0.60094,Corneliusbrücke,1.491340357257858,3208.4026938346246,pc2,Park,False,False,14.7326343442758,50,10,0.2
1624457985.5067892,2021-06-23T14:19:45.506789Z,52.50837,13.349211666666667,4,2,S2,1624457985.5067892,16.038785081632653,-71.56732653061225,-43.76857346938775,0.0022955768163265,44.0,661.8571428571429,6.6938775510204085,0.0482085565306122,12,49,2021-06-23 16:19:45,52.50837,13.349211666666667,30.0,44.2628,197.8,0.0606,0.03,18.36,18.36,12.28,0.68,1019.3,2.79,0.95,3.0,16.093,0.66563,Corneliusbrücke,2.9802918759060297,3242.4101397161144,pc4,Park,2021-06-23 16:19:45,52.508495,13.349306666666669,36.1,43.70720000000001,195.5,0.0606,0.03,18.36,18.36,12.28,0.68,1019.3,2.79,0.95,3.0,16.093,0.60094,Corneliusbrücke,1.1577989589601108,3219.6024277823626,pc2,Park,False,False,15.300945143549736,50,10,0.02
1624457985.5134385,2021-06-23T14:19:45.513438Z,52.508495,13.349306666666669,2,4,S2,1624457985.5134385,14.599864583333334,-75.86825208333333,-48.05723125,0.0004733426666666,41.0,662.875,3.1666666666666665,0.0184217822916666,12,48,2021-06-23 16:19:45,52.508495,13.349306666666669,36.1,43.70720000000001,195.5,0.0606,0.03,18.36,18.36,12.28,0.68,1019.3,2.79,0.95,3.0,16.093,0.60094,Corneliusbrücke,1.1577989589601108,3219.6024277823626,pc2,Park,2021-06-23 16:19:45,52.50837,13.349211666666667,30.0,44.2628,197.8,0.0606,0.03,18.36,18.36,12.28,0.68,1019.3,2.79,0.95,3.0,16.093,0.66563,Corneliusbrücke,2.9802918759060297,3242.4101397161144,pc4,Park,False,False,15.300945143549736,50,10,0.04
1624457986.275856,2021-06-23T14:19:46.275856Z,52.508265,13.349148333333334,4,2,S2,1624457986.275856,17.202593166666666,-69.87984999999999,-42.0651,0.0034706219166666,44.0,738.75,6.833333333333333,0.0749166791666666,12,24,2021-06-23 16:19:46,52.508265,13.349148333333334,30.0,44.8184,200.6,0.0606,0.03,18.36,18.36,12.28,0.68,1019.3,2.79,0.95,3.0,16.093,0.66563,Corneliusbrücke,3.2376968071631103,3254.0346262706344,pc4,Park,2021-06-23 16:19:46,52.508388333333336,13.349251666666667,36.2,44.6332,197.7,0.0606,0.03,18.36,18.36,12.28,0.68,1019.3,2.79,0.95,3.0,16.093,3.2548,Klingelhöfer Straße,10.265757895272609,3242.4101397161144,pc2,Park,False,False,15.38064564732818,50,10,0.52
1624457986.4948647,2021-06-23T14:19:46.494864Z,52.508388333333336,13.349251666666667,2,4,S2,1624457986.4948647,14.874502448979593,-74.71253265306122,-46.90677142857143,0.001057179,41.0,760.8571428571429,4.755102040816326,0.0258444353061224,12,49,2021-06-23 16:19:46,52.508388333333336,13.349251666666667,36.2,44.6332,197.7,0.0606,0.03,18.36,18.36,12.28,0.68,1019.3,2.79,0.95,3.0,16.093,3.2548,Klingelhöfer Straße,10.265757895272609,3242.4101397161144,pc2,Park,2021-06-23 16:19:46,52.508265,13.349148333333334,30.0,44.8184,200.6,0.0606,0.03,18.36,18.36,12.28,0.68,1019.3,2.79,0.95,3.0,16.093,0.66563,Corneliusbrücke,3.2376968071631103,3254.0346262706344,pc4,Park,False,False,15.38064564732818,50,10,0.02
1624457987.499391,2021-06-23T14:19:47.499391Z,52.50828333333333,13.349188333333334,2,4,S2,1624457987.499391,16.188692,-73.735754,-46.0022,0.0005389187,41.0,861.24,5.44,0.0291156632,12,50,2021-06-23 16:19:47,52.50828333333333,13.349188333333334,36.2,44.2628,200.1,0.0606,0.03,18.36,18.36,12.28,0.68,1019.3,2.79,0.95,3.0,16.093,0.66563,Corneliusbrücke,1.496999182832087,3254.0346262706344,pc2,Park,2021-06-23 16:19:47,52.50816,13.349076666666669,30.1,45.1888,203.3,0.0606,0.03,18.36,18.36,12.28,0.68,1019.3,2.79,0.95,3.0,16.093,0.66563,Corneliusbrücke,2.6782841762511604,3265.820081487672,pc4,Park,False,False,15.644612200899234,50,10,0.0
1624457987.5574863,2021-06-23T14:19:47.557486Z,52.50816,13.349076666666669,4,2,S2,1624457987.5574863,17.123825,-70.5148925,-42.716750000000005,0.0009885396499999,44.0,867.025,5.725,0.0623439575,12,40,2021-06-23 16:19:47,52.50816,13.349076666666669,30.1,45.1888,203.3,0.0606,0.03,18.36,18.36,12.28,0.68,1019.3,2.79,0.95,3.0,16.093,0.66563,Corneliusbrücke,2.6782841762511604,3265.820081487672,pc4,Park,2021-06-23 16:19:47,52.50828333333333,13.349188333333334,36.2,44.2628,200.1,0.0606,0.03,18.36,18.36,12.28,0.68,1019.3,2.79,0.95,3.0,16.093,0.66563,Corneliusbrücke,1.496999182832087,3254.0346262706344,pc2,Park,False,False,15.644612200899234,50,10,0.2
1624457988.3939197,2021-06-23T14:19:48.393919Z,52.508055,13.348996666666666,4,2,S2,1624457988.3939197,13.93078542857143,-70.90203428571428,-43.08626857142857,0.0049907894857142,44.0,950.4857142857144,7.542857142857143,0.06146976,12,35,2021-06-23 16:19:48,52.508055,13.348996666666666,30.1,46.1148,204.6,0.0606,0.03,18.36,18.36,12.28,0.68,1019.3,2.79,0.95,3.0,16.093,0.66563,Corneliusbrücke,2.391572215387175,3277.689800171625,pc4,Park,2021-06-23 16:19:48,52.50818,13.34912,36.4,44.2628,202.6,0.0606,0.03,18.36,18.36,12.28,0.68,1019.3,2.79,0.95,3.0,16.093,0.70821,Corneliusbrücke,1.0456289320372885,3265.820081487672,pc2,Park,False,False,16.198618872407625,50,10,0.3
1624457988.4973128,2021-06-23T14:19:48.497312Z,52.50818,13.34912,2,4,S2,1624457988.4973128,14.960144375,-75.15505833333333,-47.38862291666666,0.0005159405208333,41.0,961.1458333333334,4.3125,0.022769285625,12,48,2021-06-23 16:19:48,52.50818,13.34912,36.4,44.2628,202.6,0.0606,0.03,18.36,18.36,12.28,0.68,1019.3,2.79,0.95,3.0,16.093,0.70821,Corneliusbrücke,1.0456289320372885,3265.820081487672,pc2,Park,2021-06-23 16:19:48,52.508055,13.348996666666666,30.1,46.1148,204.6,0.0606,0.03,18.36,18.36,12.28,0.68,1019.3,2.79,0.95,3.0,16.093,0.66563,Corneliusbrücke,2.391572215387175,3277.689800171625,pc4,Park,False,False,16.198618872407625,50,10,0.04
1624457989.477653,2021-06-23T14:19:49.477653Z,52.50807833333333,13.349043333333332,2,4,S2,1624457989.477653,16.213767346938777,-73.56598163265306,-45.782132653061225,0.0005674793673469,41.0,181.6122448979592,2.836734693877551,0.0338180457142857,12,49,2021-06-23 16:19:49,52.50807833333333,13.349043333333332,36.5,44.8184,204.8,0.0606,0.03,18.36,18.36,12.28,0.68,1019.3,2.79,0.95,3.0,16.093,0.66563,Corneliusbrücke,0.6890940568389196,3277.689800171625,pc2,Park,2021-06-23 16:19:49,52.50795166666666,13.348913333333334,30.1,45.5592,206.4,0.0606,0.03,18.36,18.36,12.28,0.68,1019.3,2.79,0.95,3.0,16.093,0.60094,Corneliusbrücke,2.214465849644153,3289.5523516480216,pc4,Park,False,False,16.591965464630867,50,10,0.02
1624457989.477851,2021-06-23T14:19:49.477850Z,52.50795166666666,13.348913333333334,4,2,S2,1624457989.477851,15.03418852,-70.340176,-42.55339,0.00483226462,44.0,178.76,2.36,0.0708383279999999,12,50,2021-06-23 16:19:49,52.50795166666666,13.348913333333334,30.1,45.5592,206.4,0.0606,0.03,18.36,18.36,12.28,0.68,1019.3,2.79,0.95,3.0,16.093,0.60094,Corneliusbrücke,2.214465849644153,3289.5523516480216,pc4,Park,2021-06-23 16:19:49,52.50807833333333,13.349043333333332,36.5,44.8184,204.8,0.0606,0.03,18.36,18.36,12.28,0.68,1019.3,2.79,0.95,3.0,16.093,0.66563,Corneliusbrücke,0.6890940568389196,3277.689800171625,pc2,Park,False,False,16.591965464630867,50,10,0.0
1624457990.4930727,2021-06-23T14:19:50.493072Z,52.50785166666667,13.348823333333334,4,2,S2,1624457990.4930727,17.818852,-69.672584,-41.941544,0.00109216522,44.0,137.04,1.16,0.0917735528,12,50,2021-06-23 16:19:50,52.50785166666667,13.348823333333334,30.1,44.8184,208.6,0.0606,0.03,18.36,18.36,12.28,0.68,1019.3,2.79,0.95,3.0,16.093,0.60094,Corneliusbrücke,1.6367776073746851,3301.319974796952,pc4,Park,2021-06-23 16:19:50,52.50797666666666,13.348961666666666,36.6,44.2628,207.1,0.0606,0.03,18.36,18.36,12.28,0.68,1019.3,2.79,0.95,3.0,16.093,0.60094,Corneliusbrücke,0.7093652956139,3289.5523516480216,pc2,Park,False,False,16.743317359876347,50,10,0.0
1624457990.4998813,2021-06-23T14:19:50.499881Z,52.50797666666666,13.348961666666666,2,4,S2,1624457990.4998813,16.319712244897957,-73.3658530612245,-45.61181020408164,0.0005823047959183,41.0,137.73469387755102,1.0,0.0363414475510204,12,49,2021-06-23 16:19:50,52.50797666666666,13.348961666666666,36.6,44.2628,207.1,0.0606,0.03,18.36,18.36,12.28,0.68,1019.3,2.79,0.95,3.0,16.093,0.60094,Corneliusbrücke,0.7093652956139,3289.5523516480216,pc2,Park,2021-06-23 16:19:50,52.50785166666667,13.348823333333334,30.1,44.8184,208.6,0.0606,0.03,18.36,18.36,12.28,0.68,1019.3,2.79,0.95,3.0,16.093,0.60094,Corneliusbrücke,1.6367776073746851,3301.319974796952,pc4,Park,False,False,16.743317359876347,50,10,0.02
1624457991.4503949,2021-06-23T14:19:51.450394Z,52.50788166666667,13.348873333333334,2,4,S2,1624457991.4503949,16.03472619047619,-73.90218095238095,-46.16855238095238,0.0005434266904761,41.0,232.7142857142857,1.7142857142857142,0.0308037219047619,12,42,2021-06-23 16:19:51,52.50788166666667,13.348873333333334,36.7,42.9664,209.7,0.0606,0.03,18.36,18.36,12.28,0.68,1019.3,2.79,0.95,3.0,16.093,0.60094,Corneliusbrücke,0.4813984576982822,3301.319974796952,pc2,Park,2021-06-23 16:19:51,52.50776,13.348721666666666,30.5,43.8924,209.7,0.0606,0.03,18.36,18.36,12.28,0.68,1019.3,2.79,0.95,3.0,16.093,0.60094,Corneliusbrücke,1.453216245246003,3312.9193866219125,pc4,Park,False,False,16.966657095621052,50,10,0.16
1624457991.4904137,2021-06-23T14:19:51.490413Z,52.50776,13.348721666666666,4,2,S2,1624457991.4904137,17.251147727272727,-70.50956590909091,-42.77245454545454,0.0009534821818181,44.0,236.5,3.840909090909091,0.0697624522727272,12,44,2021-06-23 16:19:51,52.50776,13.348721666666666,30.5,43.8924,209.7,0.0606,0.03,18.36,18.36,12.28,0.68,1019.3,2.79,0.95,3.0,16.093,0.60094,Corneliusbrücke,1.453216245246003,3312.9193866219125,pc4,Park,2021-06-23 16:19:51,52.50788166666667,13.348873333333334,36.7,42.9664,209.7,0.0606,0.03,18.36,18.36,12.28,0.68,1019.3,2.79,0.95,3.0,16.093,0.60094,Corneliusbrücke,0.4813984576982822,3301.319974796952,pc2,Park,False,False,16.966657095621052,50,10,0.12
1624457992.4171293,2021-06-23T14:19:52.417129Z,52.50779,13.34878,2,4,S2,1624457992.4171293,16.17150714285714,-73.31949999999999,-45.487342857142856,0.0006081508571428,41.0,328.85714285714283,7.0,0.0369465957142857,12,14,2021-06-23 16:19:52,52.50779,13.34878,36.8,42.781200000000005,211.9,0.0606,0.03,18.36,18.36,12.28,0.68,1019.3,2.79,0.95,3.0,16.093,0.60094,Corneliusbrücke,0.3855464203747928,3312.9193866219125,pc2,Park,2021-06-23 16:19:52,52.507668333333335,13.348618333333333,30.6,43.522000000000006,210.9,0.0606,0.03,18.36,18.36,12.28,0.68,1019.3,2.79,0.95,3.0,16.093,0.70821,Corneliusbrücke,0.7167186996070397,3324.345979432891,pc4,Park,False,False,17.38370179036624,50,10,0.72
1624457992.4983838,2021-06-23T14:19:52.498383Z,52.507668333333335,13.348618333333333,4,2,S2,1624457992.4983838,17.09134583333333,-70.68946875,-42.96966458333333,0.0009667369375,44.0,337.125,5.666666666666667,0.0590320166666666,12,48,2021-06-23 16:19:52,52.507668333333335,13.348618333333333,30.6,43.522000000000006,210.9,0.0606,0.03,18.36,18.36,12.28,0.68,1019.3,2.79,0.95,3.0,16.093,0.70821,Corneliusbrücke,0.7167186996070397,3324.345979432891,pc4,Park,2021-06-23 16:19:52,52.50779,13.34878,36.8,42.781200000000005,211.9,0.0606,0.03,18.36,18.36,12.28,0.68,1019.3,2.79,0.95,3.0,16.093,0.60094,Corneliusbrücke,0.3855464203747928,3312.9193866219125,pc2,Park,False,False,17.38370179036624,50,10,0.04
1624457993.3456802,2021-06-23T14:19:53.345680Z,52.5077,13.348681666666666,2,4,S2,1624457993.3456802,17.62879285714286,-71.47877857142858,-43.73574285714285,0.0006619987142857,41.0,421.7142857142857,7.0,0.0490673978571428,12,14,2021-06-23 16:19:53,52.5077,13.348681666666666,37.1,43.1516,214.4,0.0606,0.03,18.36,18.36,12.28,0.68,1019.3,2.79,0.95,3.0,16.093,3.2548,Klingelhöfer Straße,8.045462209352149,3324.345979432891,pc2,Park,2021-06-23 16:19:53,52.507585,13.348505,30.9,42.9664,212.3,0.0606,0.03,18.36,18.36,12.28,0.68,1019.3,2.79,0.95,3.0,16.093,0.70821,Corneliusbrücke,0.699624985100619,3335.5863247076304,pc4,Park,False,False,17.490661615202704,50,10,0.72
1624457993.489477,2021-06-23T14:19:53.489476Z,52.507585,13.348505,4,2,S2,1624457993.489477,17.001208163265307,-70.99047142857142,-43.18637959183673,0.0009070093469387,44.0,436.2244897959184,5.755102040816326,0.060424287755102,12,49,2021-06-23 16:19:53,52.507585,13.348505,30.9,42.9664,212.3,0.0606,0.03,18.36,18.36,12.28,0.68,1019.3,2.79,0.95,3.0,16.093,0.70821,Corneliusbrücke,0.699624985100619,3335.5863247076304,pc4,Park,2021-06-23 16:19:53,52.5077,13.348681666666666,37.1,43.1516,214.4,0.0606,0.03,18.36,18.36,12.28,0.68,1019.3,2.79,0.95,3.0,16.093,3.2548,Klingelhöfer Straße,8.045462209352149,3324.345979432891,pc2,Park,False,False,17.490661615202704,50,10,0.02
1624457994.4894762,2021-06-23T14:19:54.489476Z,52.50750666666666,13.348383333333333,4,2,S2,1624457994.4894762,15.39362,-72.694016,-44.91506999999999,0.00087421926,44.0,536.54,2.6,0.039101598,12,50,2021-06-23 16:19:54,52.50750666666666,13.348383333333333,31.2,42.2256,213.6,0.0606,0.03,18.36,18.36,12.28,0.68,1019.3,2.79,0.95,3.0,16.093,0.70821,Corneliusbrücke,1.0624015882724016,3346.7225741773,pc4,Park,2021-06-23 16:19:54,52.50761333333333,13.348571666666668,37.3,43.3368,215.8,0.0606,0.03,18.36,18.36,12.28,0.68,1019.3,2.79,0.95,3.0,16.093,0.70821,Corneliusbrücke,0.5765481615770764,3335.5863247076304,pc2,Park,False,False,17.395289829369688,50,10,0.0
1624457994.5721326,2021-06-23T14:19:54.572132Z,52.50761333333333,13.348571666666668,2,4,S2,1624457994.5721326,13.491605128205128,-76.92550256410256,-49.13288461538461,0.000467803076923,41.0,544.3589743589744,7.0,0.0141906487179487,12,39,2021-06-23 16:19:54,52.50761333333333,13.348571666666668,37.3,43.3368,215.8,0.0606,0.03,18.36,18.36,12.28,0.68,1019.3,2.79,0.95,3.0,16.093,0.70821,Corneliusbrücke,0.5765481615770764,3335.5863247076304,pc2,Park,2021-06-23 16:19:54,52.50750666666666,13.348383333333333,31.2,42.2256,213.6,0.0606,0.03,18.36,18.36,12.28,0.68,1019.3,2.79,0.95,3.0,16.093,0.70821,Corneliusbrücke,1.0624015882724016,3346.7225741773,pc4,Park,False,False,17.395289829369688,50,10,0.22
1624457995.5212882,2021-06-23T14:19:55.521288Z,52.507531666666665,13.348455,2,4,S2,1624457995.5212882,13.818373488372094,-76.59807674418605,-48.84437441860466,0.000469539372093,41.0,639.8604651162791,1.1395348837209305,0.015019226744186,12,43,2021-06-23 16:19:55,52.507531666666665,13.348455,37.8,42.596,217.2,0.0606,0.03,18.36,18.36,12.28,0.68,1019.3,2.79,0.95,3.0,16.093,0.70821,Corneliusbrücke,0.7125939874656466,3346.7225741773,pc2,Park,2021-06-23 16:19:55,52.507435,13.348258333333334,31.6,41.4848,214.8,0.0606,0.03,18.36,18.36,12.28,0.68,1019.3,2.79,0.95,3.0,16.093,0.60094,Corneliusbrücke,1.0965040907540349,3368.8976220476275,pc4,Park,False,False,17.093069952706315,50,10,0.14
1624457995.532077,2021-06-23T14:19:55.532077Z,52.507435,13.348258333333334,4,2,S2,1624457995.532077,15.251488095238097,-73.07948571428571,-45.33168095238095,0.000820395,44.0,640.1666666666666,8.928571428571429,0.0321867357142857,12,42,2021-06-23 16:19:55,52.507435,13.348258333333334,31.6,41.4848,214.8,0.0606,0.03,18.36,18.36,12.28,0.68,1019.3,2.79,0.95,3.0,16.093,0.60094,Corneliusbrücke,1.0965040907540349,3368.8976220476275,pc4,Park,2021-06-23 16:19:55,52.507531666666665,13.348455,37.8,42.596,217.2,0.0606,0.03,18.36,18.36,12.28,0.68,1019.3,2.79,0.95,3.0,16.093,0.70821,Corneliusbrücke,0.7125939874656466,3346.7225741773,pc2,Park,False,False,17.093069952706315,50,10,0.16
1624457996.2593305,2021-06-23T14:19:56.259330Z,52.50736833333333,13.348128333333332,4,2,S2,1624457996.2593305,16.30711,-72.32839,-44.61027,0.0007644812,44.0,713.0,7.8,0.04012089,12,10,2021-06-23 16:19:56,52.50736833333333,13.348128333333332,31.8,40.744,216.4,0.0606,0.03,18.36,18.36,12.28,0.68,1019.3,2.79,0.95,3.0,16.093,0.60094,Corneliusbrücke,1.0956619164447166,3379.97698543344,pc4,Park,2021-06-23 16:19:56,52.507455,13.34833,38.4,42.0404,218.4,0.0606,0.03,18.36,18.36,12.28,0.68,1019.3,2.79,0.95,3.0,16.093,0.70821,Corneliusbrücke,0.5610069621090993,3357.821293506669,pc2,Park,False,False,16.693011484779717,50,10,0.8
1624457996.4916303,2021-06-23T14:19:56.491630Z,52.507455,13.34833,2,4,S2,1624457996.4916303,13.973089795918366,-75.17503265306122,-47.412504081632655,0.0006976949183673,41.0,736.530612244898,4.795918367346939,0.0216507869387755,12,49,2021-06-23 16:19:56,52.507455,13.34833,38.4,42.0404,218.4,0.0606,0.03,18.36,18.36,12.28,0.68,1019.3,2.79,0.95,3.0,16.093,0.70821,Corneliusbrücke,0.5610069621090993,3357.821293506669,pc2,Park,2021-06-23 16:19:56,52.50736833333333,13.348128333333332,31.8,40.744,216.4,0.0606,0.03,18.36,18.36,12.28,0.68,1019.3,2.79,0.95,3.0,16.093,0.60094,Corneliusbrücke,1.0956619164447166,3379.97698543344,pc4,Park,False,False,16.693011484779717,50,10,0.02
1624457997.3633945,2021-06-23T14:19:57.363394Z,52.50730333333333,13.347998333333331,4,2,S2,1624457997.3633945,15.003581818181818,-72.97026818181818,-45.15445454545455,0.0009470559999999,44.0,823.4090909090909,7.772727272727272,0.0381850909090909,12,22,2021-06-23 16:19:57,52.50730333333333,13.347998333333331,31.9,40.3736,217.9,0.0606,0.03,18.36,18.36,12.28,0.68,1019.3,2.79,0.95,3.0,16.093,0.60094,Corneliusbrücke,0.9005434499325344,3391.076068184252,pc4,Park,2021-06-23 16:19:57,52.50738666666667,13.3482,38.7,40.9292,219.6,0.0606,0.03,18.36,18.36,12.28,0.68,1019.3,2.79,0.95,3.0,16.093,0.60094,Corneliusbrücke,0.3201984787412965,3368.8976220476275,pc2,Park,False,False,16.48225923338286,50,10,0.56
1624457997.511212,2021-06-23T14:19:57.511212Z,52.50738666666667,13.3482,2,4,S2,1624457997.511212,12.61883448979592,-76.12306326530611,-48.3159,0.0007300619795918,41.0,838.6938775510204,2.7346938775510203,0.0158758624489795,12,49,2021-06-23 16:19:57,52.50738666666667,13.3482,38.7,40.9292,219.6,0.0606,0.03,18.36,18.36,12.28,0.68,1019.3,2.79,0.95,3.0,16.093,0.60094,Corneliusbrücke,0.3201984787412965,3368.8976220476275,pc2,Park,2021-06-23 16:19:57,52.50730333333333,13.347998333333331,31.9,40.3736,217.9,0.0606,0.03,18.36,18.36,12.28,0.68,1019.3,2.79,0.95,3.0,16.093,0.60094,Corneliusbrücke,0.9005434499325344,3391.076068184252,pc4,Park,False,False,16.48225923338286,50,10,0.02
1624457998.501013,2021-06-23T14:19:58.501013Z,52.507241666666665,13.347866666666668,4,2,S2,1624457998.501013,15.55023,-72.46086666666666,-44.70379666666667,0.0008862913,44.0,937.0666666666668,8.833333333333334,0.04876204,12,30,2021-06-23 16:19:58,52.507241666666665,13.347866666666668,32.0,40.3736,219.3,0.0606,0.03,18.36,18.36,12.28,0.68,1019.3,2.79,0.95,3.0,16.093,0.60094,Corneliusbrücke,1.0348502945245857,3402.224814362575,pc4,Park,2021-06-23 16:19:58,52.50732,13.348073333333334,39.0,40.3736,220.7,0.0606,0.03,18.36,18.36,12.28,0.68,1019.3,2.79,0.95,3.0,16.093,0.60094,Corneliusbrücke,0.8004992399698959,3379.97698543344,pc2,Park,False,False,16.46290263169671,50,10,0.4
1624457998.5104723,2021-06-23T14:19:58.510472Z,52.50732,13.348073333333334,2,4,S2,1624457998.5104723,12.421058775510204,-77.47212857142857,-49.67992040816326,0.0005759319591836,41.0,938.6326530612243,2.591836734693877,0.0162876208163265,12,49,2021-06-23 16:19:58,52.50732,13.348073333333334,39.0,40.3736,220.7,0.0606,0.03,18.36,18.36,12.28,0.68,1019.3,2.79,0.95,3.0,16.093,0.60094,Corneliusbrücke,0.8004992399698959,3379.97698543344,pc2,Park,2021-06-23 16:19:58,52.507241666666665,13.347866666666668,32.0,40.3736,219.3,0.0606,0.03,18.36,18.36,12.28,0.68,1019.3,2.79,0.95,3.0,16.093,0.60094,Corneliusbrücke,1.0348502945245857,3402.224814362575,pc4,Park,False,False,16.46290263169671,50,10,0.02
1624457999.503536,2021-06-23T14:19:59.503535Z,52.50725666666666,13.347945,2,4,S2,1624457999.503536,12.92037,-77.8103306122449,-49.98735714285715,0.0004330650612244,41.0,390.1428571428572,2.183673469387755,0.0115181363265306,12,49,2021-06-23 16:19:59,52.50725666666666,13.347945,39.0,40.1884,222.0,0.0606,0.03,18.36,18.36,12.28,0.68,1019.3,2.79,0.95,3.0,16.093,0.60094,Corneliusbrücke,0.9205643702058792,3391.076068184252,pc2,Park,2021-06-23 16:19:59,52.50718,13.347736666666666,31.7,40.00320000000001,220.7,0.0606,0.03,18.36,18.36,12.28,0.68,1019.3,2.79,0.95,3.0,16.093,0.70821,Corneliusbrücke,1.0556884655159615,3413.4093662725795,pc4,Park,False,False,16.46217784544581,50,10,0.02
1624457999.8833227,2021-06-23T14:19:59.883322Z,52.50718,13.347736666666666,4,2,S2,1624457999.8833227,14.866741666666668,-73.74411666666667,-46.02393333333333,0.0007599214166666,44.0,51.5,6.75,0.0279899666666666,12,12,2021-06-23 16:19:59,52.50718,13.347736666666666,31.7,40.00320000000001,220.7,0.0606,0.03,18.36,18.36,12.28,0.68,1019.3,2.79,0.95,3.0,16.093,0.70821,Corneliusbrücke,1.0556884655159615,3413.4093662725795,pc4,Park,2021-06-23 16:19:59,52.50725666666666,13.347945,39.0,40.1884,222.0,0.0606,0.03,18.36,18.36,12.28,0.68,1019.3,2.79,0.95,3.0,16.093,0.60094,Corneliusbrücke,0.9205643702058792,3391.076068184252,pc2,Park,False,False,16.46217784544581,50,10,0.76
1624458000.4949925,2021-06-23T14:20:00.494992Z,52.50719333333333,13.347816666666668,2,4,S2,1624458000.4949925,13.858536734693878,-76.3096836734694,-48.51828571428572,0.0005039727959183,41.0,113.12244897959184,2.204081632653061,0.0166000391836734,12,49,2021-06-23 16:20:00,52.50719333333333,13.347816666666668,38.8,40.1884,223.0,0.0606,0.03,18.36,18.36,12.28,0.68,1019.3,2.79,0.95,3.0,16.093,0.70821,Corneliusbrücke,1.1112578595907885,3402.224814362575,pc2,Park,2021-06-23 16:20:00,52.50712166666667,13.347603333333334,31.5,40.3736,222.0,0.0606,0.03,18.36,18.36,12.28,0.68,1019.3,2.79,0.95,3.0,16.093,0.70821,Corneliusbrücke,8.96628574000301,3424.575339319789,pc4,Park,False,False,16.477070655158577,50,10,0.02
1624458000.5010235,2021-06-23T14:20:00.501023Z,52.50712166666667,13.347603333333334,4,2,S2,1624458000.5010235,15.202765,-73.17354,-45.422964,0.00080897902,44.0,113.2,7.5,0.0324780904,12,50,2021-06-23 16:20:00,52.50712166666667,13.347603333333334,31.5,40.3736,222.0,0.0606,0.03,18.36,18.36,12.28,0.68,1019.3,2.79,0.95,3.0,16.093,0.70821,Corneliusbrücke,8.96628574000301,3424.575339319789,pc4,Park,2021-06-23 16:20:00,52.50719333333333,13.347816666666668,38.8,40.1884,223.0,0.0606,0.03,18.36,18.36,12.28,0.68,1019.3,2.79,0.95,3.0,16.093,0.70821,Corneliusbrücke,1.1112578595907885,3402.224814362575,pc2,Park,False,False,16.477070655158577,50,10,0.0
1624458001.361596,2021-06-23T14:20:01.361595Z,52.507063333333335,13.347466666666667,4,2,S2,1624458001.361596,16.281570000000002,-71.79036944444445,-43.98556944444445,0.0008865687222222,44.0,199.27777777777777,7.305555555555555,0.0454515291666666,12,36,2021-06-23 16:20:01,52.507063333333335,13.347466666666667,31.3,40.9292,223.4,0.0606,0.03,18.36,18.36,12.28,0.68,1019.3,2.79,0.95,3.0,16.093,3.47594,Kurfürstenstraße,0.4333214501390096,3435.637548421684,pc4,Park,2021-06-23 16:20:01,52.507133333333336,13.347683333333332,38.5,40.00320000000001,224.1,0.0606,0.03,18.36,18.36,12.28,0.68,1019.3,2.79,0.95,3.0,16.093,0.70821,Corneliusbrücke,3.8637037212777967,3413.4093662725795,pc2,Park,False,False,16.587226687625282,50,10,0.28
1624458001.5046852,2021-06-23T14:20:01.504685Z,52.507133333333336,13.347683333333332,2,4,S2,1624458001.5046852,14.769819591836734,-75.40649591836734,-47.59245714285714,0.0005121111428571,41.0,214.1020408163265,2.142857142857143,0.0220425889795918,12,49,2021-06-23 16:20:01,52.507133333333336,13.347683333333332,38.5,40.00320000000001,224.1,0.0606,0.03,18.36,18.36,12.28,0.68,1019.3,2.79,0.95,3.0,16.093,0.70821,Corneliusbrücke,3.8637037212777967,3413.4093662725795,pc2,Park,2021-06-23 16:20:01,52.507063333333335,13.347466666666667,31.3,40.9292,223.4,0.0606,0.03,18.36,18.36,12.28,0.68,1019.3,2.79,0.95,3.0,16.093,3.47594,Kurfürstenstraße,0.4333214501390096,3435.637548421684,pc4,Park,False,False,16.587226687625282,50,10,0.02
1624458002.4475904,2021-06-23T14:20:02.447590Z,52.507075,13.347548333333334,2,4,S2,1624458002.4475904,17.605761904761906,-71.57990476190476,-43.74339285714286,0.0006805362619047,41.0,308.2857142857143,3.1904761904761907,0.0547023304761904,12,42,2021-06-23 16:20:02,52.507075,13.347548333333334,38.2,40.5588,225.3,0.0606,0.03,18.36,18.36,12.28,0.68,1019.3,2.79,0.95,3.0,16.093,3.47594,Kurfürstenstraße,1.5166289625233458,3424.575339319789,pc2,Park,2021-06-23 16:20:02,52.50700666666667,13.347323333333334,31.1,41.67,224.8,0.0606,0.03,18.36,18.36,12.28,0.68,1019.3,2.79,0.95,3.0,16.093,3.52582,Kurfürstenstraße,0.1507777547053877,3446.4595269602714,pc4,Park,False,False,17.003635654259448,50,10,0.16
1624458002.6576817,2021-06-23T14:20:02.657681Z,52.50700666666667,13.347323333333334,4,2,S2,1624458002.6576817,19.88653703703704,-66.09296666666667,-38.32468518518518,0.0015923547037037,44.0,329.1481481481481,4.666666666666667,0.1784574074074074,12,27,2021-06-23 16:20:02,52.50700666666667,13.347323333333334,31.1,41.67,224.8,0.0606,0.03,18.36,18.36,12.28,0.68,1019.3,2.79,0.95,3.0,16.093,3.52582,Kurfürstenstraße,0.1507777547053877,3446.4595269602714,pc4,Park,2021-06-23 16:20:02,52.507075,13.347548333333334,38.2,40.5588,225.3,0.0606,0.03,18.36,18.36,12.28,0.68,1019.3,2.79,0.95,3.0,16.093,3.47594,Kurfürstenstraße,1.5166289625233458,3424.575339319789,pc2,Park,False,False,17.003635654259448,50,10,0.46
1624458003.3005571,2021-06-23T14:20:03.300557Z,52.50702,13.347408333333334,2,4,S2,1624458003.3005571,18.49889,-70.183505,-42.375240000000005,0.00076785535,41.0,393.2,7.0,0.0747909,12,20,2021-06-23 16:20:03,52.50702,13.347408333333334,38.0,40.5588,226.5,0.0606,0.03,18.36,18.36,12.28,0.68,1019.3,2.79,0.95,3.0,16.093,3.47594,Kurfürstenstraße,1.7527826865986338,3435.637548421684,pc2,Park,2021-06-23 16:20:03,52.50695666666667,13.347175,30.8,41.67,226.5,0.0606,0.03,18.36,18.36,12.28,0.68,1019.3,2.79,0.95,3.0,16.093,3.46201,Kurfürstenstraße,0.8704299468151466,3456.827387562417,pc4,Park,False,False,17.276249877247267,50,10,0.6
1624458003.5056105,2021-06-23T14:20:03.505610Z,52.50695666666667,13.347175,4,2,S2,1624458003.5056105,18.801158,-68.396676,-40.619432,0.00118420364,44.0,414.0,4.12,0.128566622,12,50,2021-06-23 16:20:03,52.50695666666667,13.347175,30.8,41.67,226.5,0.0606,0.03,18.36,18.36,12.28,0.68,1019.3,2.79,0.95,3.0,16.093,3.46201,Kurfürstenstraße,0.8704299468151466,3456.827387562417,pc4,Park,2021-06-23 16:20:03,52.50702,13.347408333333334,38.0,40.5588,226.5,0.0606,0.03,18.36,18.36,12.28,0.68,1019.3,2.79,0.95,3.0,16.093,3.47594,Kurfürstenstraße,1.7527826865986338,3435.637548421684,pc2,Park,False,False,17.276249877247267,50,10,0.0
1624458004.4969652,2021-06-23T14:20:04.496965Z,52.50691333333333,13.347021666666668,4,2,S2,1624458004.4969652,18.66891632653061,-68.59810204081633,-40.81029387755103,0.0011037291224489,44.0,513.1428571428571,4.040816326530612,0.118381375510204,12,49,2021-06-23 16:20:04,52.50691333333333,13.347021666666668,30.6,40.5588,228.2,0.0606,0.03,18.36,18.36,12.28,0.68,1019.3,2.79,0.95,3.0,16.093,3.46201,Kurfürstenstraße,1.350647298987406,3466.597351128334,pc4,Park,2021-06-23 16:20:04,52.506965,13.347265,37.8,41.1144,227.7,0.0606,0.03,18.36,18.36,12.28,0.68,1019.3,2.79,0.95,3.0,16.093,3.52582,Kurfürstenstraße,2.55513063909103,3446.4595269602714,pc2,Park,False,False,17.42748377245947,50,10,0.02
1624458004.5846255,2021-06-23T14:20:04.584625Z,52.506965,13.347265,2,4,S2,1624458004.5846255,18.0308175,-70.82504285714286,-43.032310714285714,0.0007395206071428,41.0,521.6071428571429,7.0,0.0651639892857142,12,28,2021-06-23 16:20:04,52.506965,13.347265,37.8,41.1144,227.7,0.0606,0.03,18.36,18.36,12.28,0.68,1019.3,2.79,0.95,3.0,16.093,3.52582,Kurfürstenstraße,2.55513063909103,3446.4595269602714,pc2,Park,2021-06-23 16:20:04,52.50691333333333,13.347021666666668,30.6,40.5588,228.2,0.0606,0.03,18.36,18.36,12.28,0.68,1019.3,2.79,0.95,3.0,16.093,3.46201,Kurfürstenstraße,1.350647298987406,3466.597351128334,pc4,Park,False,False,17.42748377245947,50,10,0.44
1624458005.4036448,2021-06-23T14:20:05.403644Z,52.50691833333333,13.347115,2,4,S2,1624458005.4036448,17.65762972972973,-71.29145135135136,-43.48632702702703,0.0007227439459459,41.0,603.5135135135135,7.0,0.0585508921621621,12,37,2021-06-23 16:20:05,52.50691833333333,13.347115,37.5,41.4848,245.5,0.0606,0.03,18.36,18.36,12.28,0.68,1019.3,2.79,0.95,3.0,16.093,3.46201,Kurfürstenstraße,3.149209015938572,3456.827387562417,pc2,Park,2021-06-23 16:20:05,52.50687666666666,13.346868333333331,30.3,40.00320000000001,230.2,0.0606,0.03,18.36,18.36,12.28,0.68,1019.3,2.79,0.95,3.0,16.093,3.55381,Kurfürstenstraße,1.3722604681251052,3475.7336629923434,pc4,Park,False,False,17.311149482779136,50,10,0.26
1624458005.4956994,2021-06-23T14:20:05.495699Z,52.50687666666666,13.346868333333331,4,2,S2,1624458005.4956994,18.182362,-69.319738,-41.499922,0.00105243506,44.0,613.06,3.6,0.098278808,12,50,2021-06-23 16:20:05,52.50687666666666,13.346868333333331,30.3,40.00320000000001,230.2,0.0606,0.03,18.36,18.36,12.28,0.68,1019.3,2.79,0.95,3.0,16.093,3.55381,Kurfürstenstraße,1.3722604681251052,3475.7336629923434,pc4,Park,2021-06-23 16:20:05,52.50691833333333,13.347115,37.5,41.4848,245.5,0.0606,0.03,18.36,18.36,12.28,0.68,1019.3,2.79,0.95,3.0,16.093,3.46201,Kurfürstenstraße,3.149209015938572,3456.827387562417,pc2,Park,False,False,17.311149482779136,50,10,0.0
1624458006.4934409,2021-06-23T14:20:06.493440Z,52.506843333333336,13.346716666666667,4,2,S2,1624458006.4934409,19.288347916666662,-67.8717,-40.09003958333333,0.0011224288541666,44.0,712.8333333333334,3.625,0.1271210291666666,12,48,2021-06-23 16:20:06,52.506843333333336,13.346716666666667,30.0,38.7068,232.1,0.0606,0.03,18.36,18.36,12.28,0.68,1019.3,2.79,0.95,3.0,16.093,3.55381,Kurfürstenstraße,1.6889386746805035,3484.150097451921,pc4,Park,2021-06-23 16:20:06,52.50688,13.346961666666669,37.2,39.4476,248.6,0.0606,0.03,18.36,18.36,12.28,0.68,1019.3,2.79,0.95,3.0,16.093,3.55381,Kurfürstenstraße,3.307704542287057,3466.597351128334,pc2,Park,False,False,17.061621625751844,50,10,0.04
1624458006.5340905,2021-06-23T14:20:06.534090Z,52.50688,13.346961666666669,2,4,S2,1624458006.5340905,18.707679310344822,-69.65794137931034,-41.89693448275862,0.0008066584482758,41.0,716.6896551724138,5.620689655172414,0.0755058275862068,12,29,2021-06-23 16:20:06,52.50688,13.346961666666669,37.2,39.4476,248.6,0.0606,0.03,18.36,18.36,12.28,0.68,1019.3,2.79,0.95,3.0,16.093,3.55381,Kurfürstenstraße,3.307704542287057,3466.597351128334,pc2,Park,2021-06-23 16:20:06,52.506843333333336,13.346716666666667,30.0,38.7068,232.1,0.0606,0.03,18.36,18.36,12.28,0.68,1019.3,2.79,0.95,3.0,16.093,3.55381,Kurfürstenstraße,1.6889386746805035,3484.150097451921,pc4,Park,False,False,17.061621625751844,50,10,0.42
1624458007.5022554,2021-06-23T14:20:07.502255Z,52.50684666666667,13.346815,2,4,S2,1624458007.5022554,16.505855510204082,-69.34075510204082,-41.60885102040816,0.0027719874489795,41.0,813.6326530612245,4.183673469387755,0.0866528734693877,12,49,2021-06-23 16:20:07,52.50684666666667,13.346815,36.9,37.4104,250.1,0.0606,0.03,18.36,18.36,12.28,0.68,1019.3,2.79,0.95,3.0,16.093,3.55381,Kurfürstenstraße,3.413059425758775,3484.150097451921,pc2,Park,2021-06-23 16:20:07,52.50681333333333,13.34657,29.7,37.2252,234.1,0.0606,0.03,18.36,18.36,12.28,0.68,1019.3,2.79,0.95,3.0,16.093,3.47594,Kurfürstenstraße,1.7593094286568671,3498.6316299050104,pc4,Park,False,False,16.977115235880913,50,10,0.02
1624458007.5267198,2021-06-23T14:20:07.526719Z,52.50681333333333,13.34657,4,2,S2,1624458007.5267198,18.2759,-66.02288409090909,-38.28211818181818,0.0038321921136363,44.0,816.3863636363636,1.3636363636363635,0.1746561363636363,12,44,2021-06-23 16:20:07,52.50681333333333,13.34657,29.7,37.2252,234.1,0.0606,0.03,18.36,18.36,12.28,0.68,1019.3,2.79,0.95,3.0,16.093,3.47594,Kurfürstenstraße,1.7593094286568671,3498.6316299050104,pc4,Park,2021-06-23 16:20:07,52.50684666666667,13.346815,36.9,37.4104,250.1,0.0606,0.03,18.36,18.36,12.28,0.68,1019.3,2.79,0.95,3.0,16.093,3.55381,Kurfürstenstraße,3.413059425758775,3484.150097451921,pc2,Park,False,False,16.977115235880913,50,10,0.12
1624458008.4974134,2021-06-23T14:20:08.497413Z,52.506785,13.34643,4,2,S2,1624458008.4974134,20.41785,-66.4152125,-38.6620875,0.0012265113125,44.0,912.8541666666666,7.395833333333333,0.1766233958333333,12,48,2021-06-23 16:20:08,52.506785,13.34643,29.5,34.4472,235.9,0.0606,0.03,18.36,18.36,12.28,0.68,1019.3,2.79,0.95,3.0,16.093,3.47594,Kurfürstenstraße,1.8285470182786063,3509.903115703244,pc4,Park,2021-06-23 16:20:08,52.506818333333335,13.346676666666667,36.5,34.817600000000006,250.4,0.0606,0.03,18.36,18.36,12.28,0.68,1019.3,2.79,0.95,3.0,16.093,3.47594,Kurfürstenstraße,3.4834328902063354,3491.7880894787886,pc2,Park,False,False,17.087151419672338,50,10,0.04
1624458008.6316967,2021-06-23T14:20:08.631696Z,52.506818333333335,13.346676666666667,2,4,S2,1624458008.6316967,15.158848529411763,-70.43331470588235,-42.665391176470585,0.0026778532941176,41.0,926.7058823529412,3.088235294117647,0.0734575355882353,12,34,2021-06-23 16:20:08,52.506818333333335,13.346676666666667,36.5,34.817600000000006,250.4,0.0606,0.03,18.36,18.36,12.28,0.68,1019.3,2.79,0.95,3.0,16.093,3.47594,Kurfürstenstraße,3.4834328902063354,3491.7880894787886,pc2,Park,2021-06-23 16:20:08,52.506785,13.34643,29.5,34.4472,235.9,0.0606,0.03,18.36,18.36,12.28,0.68,1019.3,2.79,0.95,3.0,16.093,3.47594,Kurfürstenstraße,1.8285470182786063,3509.903115703244,pc4,Park,False,False,17.087151419672338,50,10,0.32
1624458009.503525,2021-06-23T14:20:09.503525Z,52.50679333333333,13.346546666666669,2,4,S2,1624458009.503525,16.776923999999998,-69.127918,-41.280676,0.001438033,41.0,604.4,2.0,0.088262128,12,50,2021-06-23 16:20:09,52.50679333333333,13.346546666666669,36.2,31.669200000000004,251.7,0.0606,0.03,18.36,18.36,12.28,0.68,1019.3,2.79,0.95,3.0,16.093,3.47594,Kurfürstenstraße,3.37787212988803,3498.6316299050104,pc2,Park,2021-06-23 16:20:09,52.50676333333333,13.3463,29.4,31.669200000000004,237.8,0.0606,0.03,18.36,18.36,12.28,0.68,1019.3,2.79,0.95,3.0,16.093,3.47594,Kurfürstenstraße,1.4154674736588189,3518.114437807933,pc4,Park,False,False,17.01083262533835,50,10,0.0
1624458009.5186362,2021-06-23T14:20:09.518636Z,52.50676333333333,13.3463,4,2,S2,1624458009.5186362,16.57182619047619,-65.01778095238095,-37.19893333333333,0.0056662454761904,44.0,575.952380952381,9.0,0.2303843761904762,12,42,2021-06-23 16:20:09,52.50676333333333,13.3463,29.4,31.669200000000004,237.8,0.0606,0.03,18.36,18.36,12.28,0.68,1019.3,2.79,0.95,3.0,16.093,3.47594,Kurfürstenstraße,1.4154674736588189,3518.114437807933,pc4,Park,2021-06-23 16:20:09,52.50679333333333,13.346546666666669,36.2,31.669200000000004,251.7,0.0606,0.03,18.36,18.36,12.28,0.68,1019.3,2.79,0.95,3.0,16.093,3.47594,Kurfürstenstraße,3.37787212988803,3498.6316299050104,pc2,Park,False,False,17.01083262533835,50,10,0.16
1624458010.494509,2021-06-23T14:20:10.494508Z,52.50674333333333,13.346181666666666,4,2,S2,1624458010.494509,20.919385416666668,-65.38140208333333,-37.65850208333333,0.0015943219374999,44.0,88.41666666666667,8.8125,0.2320546708333333,12,48,2021-06-23 16:20:10,52.50674333333333,13.346181666666666,29.3,28.335600000000003,239.7,0.0606,0.03,18.36,18.36,12.28,0.68,1019.3,2.79,0.95,3.0,16.093,3.52582,Kurfürstenstraße,1.0688248496553847,3525.807935436666,pc4,Park,2021-06-23 16:20:10,52.50677,13.34643,36.0,28.1504,252.7,0.0606,0.03,18.36,18.36,12.28,0.68,1019.3,2.79,0.95,3.0,16.093,3.47594,Kurfürstenstraße,3.4144394690279687,3509.903115703244,pc2,Park,False,False,17.053256382385356,50,10,0.04
1624458010.503603,2021-06-23T14:20:10.503602Z,52.50677,13.34643,2,4,S2,1624458010.503603,17.2986948,-69.20778,-41.482108,0.00124333346,41.0,90.0,2.08,0.09007758,12,50,2021-06-23 16:20:10,52.50677,13.34643,36.0,28.1504,252.7,0.0606,0.03,18.36,18.36,12.28,0.68,1019.3,2.79,0.95,3.0,16.093,3.47594,Kurfürstenstraße,3.4144394690279687,3509.903115703244,pc2,Park,2021-06-23 16:20:10,52.50674333333333,13.346181666666666,29.3,28.335600000000003,239.7,0.0606,0.03,18.36,18.36,12.28,0.68,1019.3,2.79,0.95,3.0,16.093,3.52582,Kurfürstenstraße,1.0688248496553847,3525.807935436666,pc4,Park,False,False,17.053256382385356,50,10,0.0
1624458011.3420863,2021-06-23T14:20:11.342086Z,52.506753333333336,13.346326666666666,2,4,S2,1624458011.3420863,17.07347851851852,-69.20185925925927,-41.44643703703704,0.002191366,41.0,173.88888888888889,1.6666666666666667,0.089798374074074,12,27,2021-06-23 16:20:11,52.506753333333336,13.346326666666666,36.0,25.1872,252.1,0.0606,0.03,18.36,18.36,12.28,0.68,1019.3,2.79,0.95,3.0,16.093,3.47594,Kurfürstenstraße,3.027357618407504,3514.3620488036504,pc2,Park,2021-06-23 16:20:11,52.506705,13.346086666666666,30.0,25.557600000000004,241.2,0.0606,0.03,18.36,18.36,12.28,0.68,1019.3,2.79,0.95,3.0,16.093,3.52582,Kurfürstenstraße,3.145793334666019,3533.615872590322,pc4,Park,False,False,17.09509285309519,50,10,0.46
1624458011.4879048,2021-06-23T14:20:11.487904Z,52.506705,13.346086666666666,4,2,S2,1624458011.4879048,20.59368571428572,-66.22487346938775,-38.474114285714286,0.001251637510204,44.0,188.0408163265306,6.0,0.1753935326530612,12,49,2021-06-23 16:20:11,52.506705,13.346086666666666,30.0,25.557600000000004,241.2,0.0606,0.03,18.36,18.36,12.28,0.68,1019.3,2.79,0.95,3.0,16.093,3.52582,Kurfürstenstraße,3.145793334666019,3533.615872590322,pc4,Park,2021-06-23 16:20:11,52.506753333333336,13.346326666666666,36.0,25.1872,252.1,0.0606,0.03,18.36,18.36,12.28,0.68,1019.3,2.79,0.95,3.0,16.093,3.47594,Kurfürstenstraße,3.027357618407504,3514.3620488036504,pc2,Park,False,False,17.09509285309519,50,10,0.02
1624458012.49264,2021-06-23T14:20:12.492640Z,52.506735,13.34623,2,4,S2,1624458012.49264,18.0725358974359,-68.8946846153846,-41.06272051282052,0.0025085111025641,41.0,288.87179487179486,2.3846153846153846,0.1033779017948717,12,39,2021-06-23 16:20:12,52.506735,13.34623,36.0,23.15,252.0,0.0606,0.03,18.36,18.36,12.28,0.68,1019.3,2.79,0.95,3.0,16.093,3.47594,Kurfürstenstraße,2.9551413161738838,3523.786140560156,pc2,Park,2021-06-23 16:20:12,52.506683333333335,13.345995,30.2,23.5204,242.6,0.0606,0.03,18.36,18.36,12.28,0.68,1019.3,2.79,0.95,3.0,16.093,3.52582,Kurfürstenstraße,3.5299863366470285,3538.8093770190203,pc4,Park,False,False,16.896534950947636,50,10,0.22
1624458012.4992416,2021-06-23T14:20:12.499241Z,52.506683333333335,13.345995,4,2,S2,1624458012.4992416,20.93461,-65.684646,-37.87739,0.0013632512999999,44.0,289.16,6.16,0.2072684,12,50,2021-06-23 16:20:12,52.506683333333335,13.345995,30.2,23.5204,242.6,0.0606,0.03,18.36,18.36,12.28,0.68,1019.3,2.79,0.95,3.0,16.093,3.52582,Kurfürstenstraße,3.5299863366470285,3538.8093770190203,pc4,Park,2021-06-23 16:20:12,52.506735,13.34623,36.0,23.15,252.0,0.0606,0.03,18.36,18.36,12.28,0.68,1019.3,2.79,0.95,3.0,16.093,3.47594,Kurfürstenstraße,2.9551413161738838,3523.786140560156,pc2,Park,False,False,16.896534950947636,50,10,0.0
1624458013.4985497,2021-06-23T14:20:13.498549Z,52.50671833333333,13.346146666666666,2,4,S2,1624458013.4985497,17.706288,-71.655294,-43.828614,0.00064095126,41.0,389.0,7.0,0.051446632,12,50,2021-06-23 16:20:13,52.50671833333333,13.346146666666666,35.9,21.6684,252.6,0.0606,0.03,18.36,18.36,12.28,0.68,1019.3,2.79,0.95,3.0,16.093,3.52582,Kurfürstenstraße,2.9840277247449647,3528.5631810298605,pc2,Park,2021-06-23 16:20:13,52.506665,13.34591,30.1,20.9276,243.7,0.0606,0.03,18.36,18.36,12.28,0.68,1019.3,2.79,0.95,3.0,16.093,0.15454,Corneliusbrücke,3.048702760732278,3547.360301706719,pc4,Park,False,False,17.06596949265608,50,10,0.0
1624458013.505851,2021-06-23T14:20:13.505851Z,52.506665,13.34591,4,2,S2,1624458013.505851,19.18811428571429,-68.36548163265307,-40.55342448979592,0.0010118401632653,44.0,389.734693877551,7.0,0.1044002448979591,12,49,2021-06-23 16:20:13,52.506665,13.34591,30.1,20.9276,243.7,0.0606,0.03,18.36,18.36,12.28,0.68,1019.3,2.79,0.95,3.0,16.093,0.15454,Corneliusbrücke,3.048702760732278,3547.360301706719,pc4,Park,2021-06-23 16:20:13,52.50671833333333,13.346146666666666,35.9,21.6684,252.6,0.0606,0.03,18.36,18.36,12.28,0.68,1019.3,2.79,0.95,3.0,16.093,3.52582,Kurfürstenstraße,2.9840277247449647,3528.5631810298605,pc2,Park,False,False,17.06596949265608,50,10,0.02
1624458014.4990122,2021-06-23T14:20:14.499012Z,52.50669833333333,13.34607,2,4,S2,1624458014.4990122,15.5923696,-74.615028,-46.817902,0.00050735946,41.0,489.12,6.28,0.0256204126,12,50,2021-06-23 16:20:14,52.50669833333333,13.34607,36.0,20.1868,251.9,0.0606,0.03,18.36,18.36,12.28,0.68,1019.3,2.79,0.95,3.0,16.093,3.52582,Kurfürstenstraße,3.5039907641942944,3533.615872590322,pc2,Park,2021-06-23 16:20:14,52.50664833333333,13.345838333333331,30.1,17.0384,244.5,0.0606,0.03,18.36,18.36,12.28,0.68,1019.3,2.79,0.95,3.0,16.093,0.15454,Corneliusbrücke,2.661565175168636,3552.9295846387104,pc4,Park,False,False,16.621952809503117,50,10,0.0
1624458014.501563,2021-06-23T14:20:14.501563Z,52.50664833333333,13.345838333333331,4,2,S2,1624458014.501563,17.53768695652174,-70.36385,-42.56029347826087,0.0009289866304347,44.0,489.3043478260869,7.0,0.0671814565217391,12,46,2021-06-23 16:20:14,52.50664833333333,13.345838333333331,30.1,17.0384,244.5,0.0606,0.03,18.36,18.36,12.28,0.68,1019.3,2.79,0.95,3.0,16.093,0.15454,Corneliusbrücke,2.661565175168636,3552.9295846387104,pc4,Park,2021-06-23 16:20:14,52.50669833333333,13.34607,36.0,20.1868,251.9,0.0606,0.03,18.36,18.36,12.28,0.68,1019.3,2.79,0.95,3.0,16.093,3.52582,Kurfürstenstraße,3.5039907641942944,3533.615872590322,pc2,Park,False,False,16.621952809503117,50,10,0.08
1624458015.4676335,2021-06-23T14:20:15.467633Z,52.50668666666667,13.345996666666666,2,4,S2,1624458015.4676335,18.716946153846155,-70.1123358974359,-42.313035897435896,0.0007193216410256,41.0,586.2307692307693,3.769230769230769,0.0672862307692307,12,39,2021-06-23 16:20:15,52.50668666666667,13.345996666666666,35.8,17.408800000000003,251.5,0.0606,0.03,18.36,18.36,12.28,0.68,1019.3,2.79,0.95,3.0,16.093,3.52582,Kurfürstenstraße,3.212230236754809,3538.8093770190203,pc2,Park,2021-06-23 16:20:15,52.506636666666665,13.345783333333332,30.0,12.038,246.4,0.0606,0.03,18.36,18.36,12.28,0.68,1019.3,2.79,0.95,3.0,16.093,0.85041,Corneliusbrücke,2.484127468534401,3552.9295846387104,pc4,Park,False,False,15.458939775949808,50,10,0.22
1624458015.5046823,2021-06-23T14:20:15.504682Z,52.506636666666665,13.345783333333332,4,2,S2,1624458015.5046823,19.4538,-67.98766530612245,-40.15374489795919,0.0010523130204081,44.0,589.6938775510204,6.244897959183674,0.1127089673469387,12,49,2021-06-23 16:20:15,52.506636666666665,13.345783333333332,30.0,12.038,246.4,0.0606,0.03,18.36,18.36,12.28,0.68,1019.3,2.79,0.95,3.0,16.093,0.85041,Corneliusbrücke,2.484127468534401,3552.9295846387104,pc4,Park,2021-06-23 16:20:15,52.50668666666667,13.345996666666666,35.8,17.408800000000003,251.5,0.0606,0.03,18.36,18.36,12.28,0.68,1019.3,2.79,0.95,3.0,16.093,3.52582,Kurfürstenstraße,3.212230236754809,3538.8093770190203,pc2,Park,False,False,15.458939775949808,50,10,0.02
1624458016.4787543,2021-06-23T14:20:16.478754Z,52.50667666666666,13.345933333333331,2,4,S2,1624458016.4787543,19.083186363636365,-69.86222272727272,-42.08505,0.0006900998636363,41.0,687.5909090909091,1.2727272727272727,0.0678065818181818,12,22,2021-06-23 16:20:16,52.50667666666666,13.345933333333331,35.7,13.89,251.6,0.0606,0.03,18.36,18.36,12.28,0.68,1019.3,2.79,0.95,3.0,16.093,3.52582,Kurfürstenstraße,2.952244888914674,3542.6590855009163,pc2,Park,2021-06-23 16:20:16,52.50663166666666,13.345748333333333,30.0,6.6672,246.6,0.0606,0.03,18.36,18.36,12.28,0.68,1019.3,2.79,0.95,3.0,16.093,0.85041,Corneliusbrücke,2.629304071725298,3559.34551659281,pc4,Park,False,False,13.472343158001314,50,10,0.56
1624458016.5005634,2021-06-23T14:20:16.500563Z,52.50663166666666,13.345748333333333,4,2,S2,1624458016.5005634,18.794248979591835,-68.82889795918368,-40.98781836734694,0.0009962197142857,44.0,689.3061224489796,6.0,0.0930306530612244,12,49,2021-06-23 16:20:16,52.50663166666666,13.345748333333333,30.0,6.6672,246.6,0.0606,0.03,18.36,18.36,12.28,0.68,1019.3,2.79,0.95,3.0,16.093,0.85041,Corneliusbrücke,2.629304071725298,3559.34551659281,pc4,Park,2021-06-23 16:20:16,52.50667666666666,13.345933333333331,35.7,13.89,251.6,0.0606,0.03,18.36,18.36,12.28,0.68,1019.3,2.79,0.95,3.0,16.093,3.52582,Kurfürstenstraße,2.952244888914674,3542.6590855009163,pc2,Park,False,False,13.472343158001314,50,10,0.02
1624458017.4965756,2021-06-23T14:20:17.496575Z,52.50663,13.345735,4,2,S2,1624458017.4965756,22.63086875,-63.37922916666667,-35.55225,0.0015281388749999,44.0,788.9166666666666,5.895833333333333,0.297818025,12,48,2021-06-23 16:20:17,52.50663,13.345735,30.0,0.0,246.6,0.0606,0.03,18.36,18.36,12.28,0.68,1019.3,2.79,0.95,3.0,16.093,0.85041,Corneliusbrücke,2.7099577434225126,3559.34551659281,pc4,Park,2021-06-23 16:20:17,52.50666833333333,13.345888333333331,35.8,9.630400000000002,244.5,0.0606,0.03,18.36,18.36,12.28,0.68,1019.3,2.79,0.95,3.0,16.093,3.52582,Kurfürstenstraße,2.885267019582252,3547.360301706719,pc2,Park,False,False,11.209472386353188,50,10,0.04
1624458017.5022056,2021-06-23T14:20:17.502205Z,52.50666833333333,13.345888333333331,2,4,S2,1624458017.5022056,19.9395728,-67.086792,-39.251458,0.00185589878,41.0,789.92,1.48,0.127861476,12,50,2021-06-23 16:20:17,52.50666833333333,13.345888333333331,35.8,9.630400000000002,244.5,0.0606,0.03,18.36,18.36,12.28,0.68,1019.3,2.79,0.95,3.0,16.093,3.52582,Kurfürstenstraße,2.885267019582252,3547.360301706719,pc2,Park,2021-06-23 16:20:17,52.50663,13.345735,30.0,0.0,246.6,0.0606,0.03,18.36,18.36,12.28,0.68,1019.3,2.79,0.95,3.0,16.093,0.85041,Corneliusbrücke,2.7099577434225126,3559.34551659281,pc4,Park,False,False,11.209472386353188,50,10,0.0
1624458018.504762,2021-06-23T14:20:18.504761Z,52.50663166666666,13.345733333333332,4,2,S2,1624458018.504762,22.70285625,-63.08174375,-35.28099375,0.0017106330416666,44.0,889.8958333333334,4.291666666666667,0.3151041041666667,12,48,2021-06-23 16:20:18,52.50663166666666,13.345733333333332,30.1,0.0,246.6,0.0606,0.03,18.36,18.36,12.28,0.68,1019.3,2.79,0.95,3.0,16.093,0.85041,Corneliusbrücke,2.9196569055017263,3559.34551659281,pc4,Park,2021-06-23 16:20:18,52.506663333333336,13.345865,35.6,3.8892,244.5,0.0606,0.03,18.36,18.36,12.28,0.68,1019.3,2.79,0.95,3.0,16.093,3.52582,Kurfürstenstraße,2.920453577071397,3547.360301706719,pc2,Park,False,False,9.573649850431073,50,10,0.04
1624458018.5061257,2021-06-23T14:20:18.506125Z,52.506663333333336,13.345865,2,4,S2,1624458018.5061257,14.574013400000002,-66.85737,-39.046604,0.0058798724,41.0,889.9,5.56,0.132420282,12,50,2021-06-23 16:20:18,52.506663333333336,13.345865,35.6,3.8892,244.5,0.0606,0.03,18.36,18.36,12.28,0.68,1019.3,2.79,0.95,3.0,16.093,3.52582,Kurfürstenstraße,2.920453577071397,3547.360301706719,pc2,Park,2021-06-23 16:20:18,52.50663166666666,13.345733333333332,30.1,0.0,246.6,0.0606,0.03,18.36,18.36,12.28,0.68,1019.3,2.79,0.95,3.0,16.093,0.85041,Corneliusbrücke,2.9196569055017263,3559.34551659281,pc4,Park,False,False,9.573649850431073,50,10,0.0
1624458019.498984,2021-06-23T14:20:19.498983Z,52.50663333333333,13.345736666666667,4,2,S2,1624458019.498984,22.827783673469387,-61.088783673469386,-33.27994081632653,0.0032313161632653,44.0,822.1632653061224,4.0,0.4718795714285714,12,49,2021-06-23 16:20:19,52.50663333333333,13.345736666666667,30.1,0.0,246.6,0.0606,0.03,18.36,18.36,12.28,0.68,1019.3,2.79,0.95,3.0,16.093,0.85041,Corneliusbrücke,3.0325717860197896,3559.34551659281,pc4,Park,2021-06-23 16:20:19,52.506661666666666,13.345856666666666,35.5,0.0,244.5,0.0606,0.03,18.36,18.36,12.28,0.68,1019.3,2.79,0.95,3.0,16.093,0.15454,Corneliusbrücke,3.726191726126341,3547.360301706719,pc2,Park,False,False,8.703999608497547,50,10,0.02
1624458019.5122397,2021-06-23T14:20:19.512239Z,52.506661666666666,13.345856666666666,2,4,S2,1624458019.5122397,16.6330382,-64.933866,-37.10683,0.0056215334,41.0,806.34,4.1,0.1942115,12,50,2021-06-23 16:20:19,52.506661666666666,13.345856666666666,35.5,0.0,244.5,0.0606,0.03,18.36,18.36,12.28,0.68,1019.3,2.79,0.95,3.0,16.093,0.15454,Corneliusbrücke,3.726191726126341,3547.360301706719,pc2,Park,2021-06-23 16:20:19,52.50663333333333,13.345736666666667,30.1,0.0,246.6,0.0606,0.03,18.36,18.36,12.28,0.68,1019.3,2.79,0.95,3.0,16.093,0.85041,Corneliusbrücke,3.0325717860197896,3559.34551659281,pc4,Park,False,False,8.703999608497547,50,10,0.0
1624458020.496756,2021-06-23T14:20:20.496756Z,52.506638333333335,13.345736666666667,4,2,S2,1624458020.496756,24.05182,-60.54203,-32.827368,0.0021482508,44.0,65.0,5.26,0.53064764,12,50,2021-06-23 16:20:20,52.506638333333335,13.345736666666667,30.2,0.0,246.6,0.0606,0.03,18.36,18.36,12.28,0.68,1019.3,2.79,0.95,3.0,16.093,0.85041,Corneliusbrücke,3.5648849912791576,3559.34551659281,pc4,Park,2021-06-23 16:20:20,52.506661666666666,13.345855,35.4,0.0,244.5,0.0606,0.03,18.36,18.36,12.28,0.68,1019.3,2.79,0.95,3.0,16.093,0.15454,Corneliusbrücke,3.758453122106935,3547.360301706719,pc2,Park,False,False,8.411664921831543,50,10,0.0
1624458020.506409,2021-06-23T14:20:20.506408Z,52.506661666666666,13.345855,2,4,S2,1624458020.506409,20.580232,-64.389254,-36.64149,0.00178809848,41.0,66.0,4.88,0.2184406599999999,12,50,2021-06-23 16:20:20,52.506661666666666,13.345855,35.4,0.0,244.5,0.0606,0.03,18.36,18.36,12.28,0.68,1019.3,2.79,0.95,3.0,16.093,0.15454,Corneliusbrücke,3.758453122106935,3547.360301706719,pc2,Park,2021-06-23 16:20:20,52.506638333333335,13.345736666666667,30.2,0.0,246.6,0.0606,0.03,18.36,18.36,12.28,0.68,1019.3,2.79,0.95,3.0,16.093,0.85041,Corneliusbrücke,3.5648849912791576,3559.34551659281,pc4,Park,False,False,8.411664921831543,50,10,0.0
1624458021.4984832,2021-06-23T14:20:21.498483Z,52.506638333333335,13.345736666666667,4,2,S2,1624458021.4984832,24.907896,-59.6045,-31.856164,0.00223341302,44.0,165.0,7.0,0.6748852200000001,12,50,2021-06-23 16:20:21,52.506638333333335,13.345736666666667,30.2,0.0,246.6,0.0606,0.03,18.36,18.36,12.28,0.68,1019.3,2.79,0.95,3.0,16.093,0.85041,Corneliusbrücke,3.5648849912791576,3559.34551659281,pc4,Park,2021-06-23 16:20:21,52.506663333333336,13.345853333333334,35.3,0.0,244.5,0.0606,0.03,18.36,18.36,12.28,0.68,1019.3,2.79,0.95,3.0,16.093,3.52582,Kurfürstenstraße,2.674150490497061,3547.360301706719,pc2,Park,False,False,8.364124320805894,50,10,0.0
1624458021.5075195,2021-06-23T14:20:21.507519Z,52.506663333333336,13.345853333333334,2,4,S2,1624458021.5075195,21.614956000000003,-63.326662,-35.552142,0.0017894806399999,41.0,166.0,6.0,0.28527848,12,50,2021-06-23 16:20:21,52.506663333333336,13.345853333333334,35.3,0.0,244.5,0.0606,0.03,18.36,18.36,12.28,0.68,1019.3,2.79,0.95,3.0,16.093,3.52582,Kurfürstenstraße,2.674150490497061,3547.360301706719,pc2,Park,2021-06-23 16:20:21,52.506638333333335,13.345736666666667,30.2,0.0,246.6,0.0606,0.03,18.36,18.36,12.28,0.68,1019.3,2.79,0.95,3.0,16.093,0.85041,Corneliusbrücke,3.5648849912791576,3559.34551659281,pc4,Park,False,False,8.364124320805894,50,10,0.0
1624458022.4985,2021-06-23T14:20:22.498499Z,52.506638333333335,13.345736666666667,4,2,S2,1624458022.4985,24.288376,-59.990716,-32.23249,0.0023710742,44.0,265.0,7.0,0.61176144,12,50,2021-06-23 16:20:22,52.506638333333335,13.345736666666667,30.2,0.0,246.6,0.0606,0.03,18.36,18.36,12.28,0.68,1019.3,2.79,0.95,3.0,16.093,0.85041,Corneliusbrücke,3.5648849912791576,3559.34551659281,pc4,Park,2021-06-23 16:20:22,52.506663333333336,13.345851666666666,35.3,0.0,244.5,0.0606,0.03,18.36,18.36,12.28,0.68,1019.3,2.79,0.95,3.0,16.093,3.52582,Kurfürstenstraße,2.6389643333186665,3547.360301706719,pc2,Park,False,False,8.257890313322394,50,10,0.0
1624458022.507527,2021-06-23T14:20:22.507527Z,52.506663333333336,13.345851666666666,2,4,S2,1624458022.507527,21.79336,-63.655820000000006,-35.87339,0.00160075514,41.0,266.0,6.0,0.26063818,12,50,2021-06-23 16:20:22,52.506663333333336,13.345851666666666,35.3,0.0,244.5,0.0606,0.03,18.36,18.36,12.28,0.68,1019.3,2.79,0.95,3.0,16.093,3.52582,Kurfürstenstraße,2.6389643333186665,3547.360301706719,pc2,Park,2021-06-23 16:20:22,52.506638333333335,13.345736666666667,30.2,0.0,246.6,0.0606,0.03,18.36,18.36,12.28,0.68,1019.3,2.79,0.95,3.0,16.093,0.85041,Corneliusbrücke,3.5648849912791576,3559.34551659281,pc4,Park,False,False,8.257890313322394,50,10,0.0
1624458023.4984937,2021-06-23T14:20:23.498493Z,52.506638333333335,13.345736666666667,4,2,S2,1624458023.4984937,23.452454,-61.08418,-33.31281,0.00225533,44.0,365.0,7.0,0.46737764,12,50,2021-06-23 16:20:23,52.506638333333335,13.345736666666667,30.2,0.0,246.6,0.0606,0.03,18.36,18.36,12.28,0.68,1019.3,2.79,0.95,3.0,16.093,0.85041,Corneliusbrücke,3.5648849912791576,3559.34551659281,pc4,Park,2021-06-23 16:20:23,52.506663333333336,13.345851666666666,35.4,0.0,244.5,0.0606,0.03,18.36,18.36,12.28,0.68,1019.3,2.79,0.95,3.0,16.093,3.52582,Kurfürstenstraße,2.6389643333186665,3547.360301706719,pc2,Park,False,False,8.257890313322394,50,10,0.0
1624458023.5056658,2021-06-23T14:20:23.505665Z,52.506663333333336,13.345851666666666,2,4,S2,1624458023.5056658,21.152783125,-65.01841458333332,-37.20269583333333,0.0018690607083333,41.0,366.0833333333333,3.2916666666666665,0.1887199166666666,12,48,2021-06-23 16:20:23,52.506663333333336,13.345851666666666,35.4,0.0,244.5,0.0606,0.03,18.36,18.36,12.28,0.68,1019.3,2.79,0.95,3.0,16.093,3.52582,Kurfürstenstraße,2.6389643333186665,3547.360301706719,pc2,Park,2021-06-23 16:20:23,52.506638333333335,13.345736666666667,30.2,0.0,246.6,0.0606,0.03,18.36,18.36,12.28,0.68,1019.3,2.79,0.95,3.0,16.093,0.85041,Corneliusbrücke,3.5648849912791576,3559.34551659281,pc4,Park,False,False,8.257890313322394,50,10,0.04
1624458024.4984918,2021-06-23T14:20:24.498491Z,52.506638333333335,13.345736666666667,4,2,S2,1624458024.4984918,22.302296,-63.909486,-36.142532,0.00142688282,44.0,465.0,7.0,0.25157568,12,50,2021-06-23 16:20:24,52.506638333333335,13.345736666666667,30.2,0.0,246.6,0.0606,0.03,18.36,18.36,12.28,0.68,1019.3,2.79,0.95,3.0,16.093,0.85041,Corneliusbrücke,3.5648849912791576,3559.34551659281,pc4,Park,2021-06-23 16:20:24,52.506663333333336,13.345851666666666,35.4,0.0,244.5,0.0606,0.03,18.36,18.36,12.28,0.68,1019.3,2.79,0.95,3.0,16.093,3.52582,Kurfürstenstraße,2.6389643333186665,3547.360301706719,pc2,Park,False,False,8.257890313322394,50,10,0.0
1624458024.5118437,2021-06-23T14:20:24.511843Z,52.506663333333336,13.345851666666666,2,4,S2,1624458024.5118437,20.452365853658534,-67.42172682926828,-39.61905609756098,0.0009042055121951,41.0,466.8292682926829,2.0,0.1119343926829268,12,41,2021-06-23 16:20:24,52.506663333333336,13.345851666666666,35.4,0.0,244.5,0.0606,0.03,18.36,18.36,12.28,0.68,1019.3,2.79,0.95,3.0,16.093,3.52582,Kurfürstenstraße,2.6389643333186665,3547.360301706719,pc2,Park,2021-06-23 16:20:24,52.506638333333335,13.345736666666667,30.2,0.0,246.6,0.0606,0.03,18.36,18.36,12.28,0.68,1019.3,2.79,0.95,3.0,16.093,0.85041,Corneliusbrücke,3.5648849912791576,3559.34551659281,pc4,Park,False,False,8.257890313322394,50,10,0.18
1624458025.4925709,2021-06-23T14:20:25.492570Z,52.506663333333336,13.345851666666666,2,4,S2,1624458025.4925709,16.88294,-64.867442,-37.060264,0.00423523154,41.0,565.0,1.08,0.19589126,12,50,2021-06-23 16:20:25,52.506663333333336,13.345851666666666,35.4,0.0,244.5,0.0606,0.03,18.36,18.36,12.28,0.68,1019.3,2.79,0.95,3.0,16.093,3.52582,Kurfürstenstraße,2.6389643333186665,3547.360301706719,pc2,Park,2021-06-23 16:20:25,52.506638333333335,13.345736666666667,30.2,0.0,246.6,0.0606,0.03,18.36,18.36,12.28,0.68,1019.3,2.79,0.95,3.0,16.093,0.85041,Corneliusbrücke,3.5648849912791576,3559.34551659281,pc4,Park,False,False,8.257890313322394,50,10,0.0
1624458025.4984872,2021-06-23T14:20:25.498487Z,52.506638333333335,13.345736666666667,4,2,S2,1624458025.4984872,23.733722,-61.054428,-33.290206,0.00212566702,44.0,565.0,7.0,0.4724638399999999,12,50,2021-06-23 16:20:25,52.506638333333335,13.345736666666667,30.2,0.0,246.6,0.0606,0.03,18.36,18.36,12.28,0.68,1019.3,2.79,0.95,3.0,16.093,0.85041,Corneliusbrücke,3.5648849912791576,3559.34551659281,pc4,Park,2021-06-23 16:20:25,52.506663333333336,13.345851666666666,35.4,0.0,244.5,0.0606,0.03,18.36,18.36,12.28,0.68,1019.3,2.79,0.95,3.0,16.093,3.52582,Kurfürstenstraße,2.6389643333186665,3547.360301706719,pc2,Park,False,False,8.257890313322394,50,10,0.0
1624458026.4882596,2021-06-23T14:20:26.488259Z,52.506663333333336,13.345851666666666,2,4,S2,1624458026.4882596,14.613022448979592,-64.84440612244897,-37.02548571428572,0.0078536792857142,41.0,664.469387755102,2.020408163265306,0.2037221306122449,12,49,2021-06-23 16:20:26,52.506663333333336,13.345851666666666,35.4,0.0,244.5,0.0606,0.03,18.36,18.36,12.28,0.68,1019.3,2.79,0.95,3.0,16.093,3.52582,Kurfürstenstraße,2.6389643333186665,3547.360301706719,pc2,Park,2021-06-23 16:20:26,52.506638333333335,13.345736666666667,30.2,0.0,246.6,0.0606,0.03,18.36,18.36,12.28,0.68,1019.3,2.79,0.95,3.0,16.093,0.85041,Corneliusbrücke,3.5648849912791576,3559.34551659281,pc4,Park,False,False,8.257890313322394,50,10,0.02
1624458026.4938529,2021-06-23T14:20:26.493852Z,52.506638333333335,13.345736666666667,4,2,S2,1624458026.4938529,22.31187081632653,-60.875781632653066,-33.0887,0.008156698510204,44.0,664.530612244898,7.0,0.5055001428571428,12,49,2021-06-23 16:20:26,52.506638333333335,13.345736666666667,30.2,0.0,246.6,0.0606,0.03,18.36,18.36,12.28,0.68,1019.3,2.79,0.95,3.0,16.093,0.85041,Corneliusbrücke,3.5648849912791576,3559.34551659281,pc4,Park,2021-06-23 16:20:26,52.506663333333336,13.345851666666666,35.4,0.0,244.5,0.0606,0.03,18.36,18.36,12.28,0.68,1019.3,2.79,0.95,3.0,16.093,3.52582,Kurfürstenstraße,2.6389643333186665,3547.360301706719,pc2,Park,False,False,8.257890313322394,50,10,0.02
1624458027.4907112,2021-06-23T14:20:27.490711Z,52.506638333333335,13.345736666666667,4,2,S2,1624458027.4907112,21.31702163265306,-59.870363265306125,-32.08447551020408,0.0169617959183673,44.0,764.5510204081633,3.73469387755102,0.6190178571428572,12,49,2021-06-23 16:20:27,52.506638333333335,13.345736666666667,30.2,0.0,246.6,0.0606,0.03,18.36,18.36,12.28,0.68,1019.3,2.79,0.95,3.0,16.093,0.85041,Corneliusbrücke,3.5648849912791576,3559.34551659281,pc4,Park,2021-06-23 16:20:27,52.506663333333336,13.345851666666666,35.4,0.0,244.5,0.0606,0.03,18.36,18.36,12.28,0.68,1019.3,2.79,0.95,3.0,16.093,3.52582,Kurfürstenstraße,2.6389643333186665,3547.360301706719,pc2,Park,False,False,8.257890313322394,50,10,0.02
1624458027.497542,2021-06-23T14:20:27.497542Z,52.506663333333336,13.345851666666666,2,4,S2,1624458027.497542,16.651116,-63.668798,-35.855225999999995,0.0068396158,41.0,765.0,6.0,0.25783878,12,50,2021-06-23 16:20:27,52.506663333333336,13.345851666666666,35.4,0.0,244.5,0.0606,0.03,18.36,18.36,12.28,0.68,1019.3,2.79,0.95,3.0,16.093,3.52582,Kurfürstenstraße,2.6389643333186665,3547.360301706719,pc2,Park,2021-06-23 16:20:27,52.506638333333335,13.345736666666667,30.2,0.0,246.6,0.0606,0.03,18.36,18.36,12.28,0.68,1019.3,2.79,0.95,3.0,16.093,0.85041,Corneliusbrücke,3.5648849912791576,3559.34551659281,pc4,Park,False,False,8.257890313322394,50,10,0.0
1624458028.4975274,2021-06-23T14:20:28.497527Z,52.506663333333336,13.345851666666666,2,4,S2,1624458028.4975274,21.268684,-63.627088,-35.834818,0.0017949718,41.0,865.0,6.0,0.26096704,12,50,2021-06-23 16:20:28,52.506663333333336,13.345851666666666,35.4,0.0,244.5,0.0606,0.03,18.36,18.36,12.28,0.68,1019.3,2.79,0.95,3.0,16.093,3.52582,Kurfürstenstraße,2.6389643333186665,3547.360301706719,pc2,Park,2021-06-23 16:20:28,52.506638333333335,13.345736666666667,30.2,0.0,246.6,0.0606,0.03,18.36,18.36,12.28,0.68,1019.3,2.79,0.95,3.0,16.093,0.85041,Corneliusbrücke,3.5648849912791576,3559.34551659281,pc4,Park,False,False,8.257890313322394,50,10,0.0
1624458028.5052717,2021-06-23T14:20:28.505271Z,52.506638333333335,13.345736666666667,4,2,S2,1624458028.5052717,19.589649,-59.427782,-31.659272,0.0326084094,44.0,865.68,7.0,0.69271094,12,50,2021-06-23 16:20:28,52.506638333333335,13.345736666666667,30.2,0.0,246.6,0.0606,0.03,18.36,18.36,12.28,0.68,1019.3,2.79,0.95,3.0,16.093,0.85041,Corneliusbrücke,3.5648849912791576,3559.34551659281,pc4,Park,2021-06-23 16:20:28,52.506663333333336,13.345851666666666,35.4,0.0,244.5,0.0606,0.03,18.36,18.36,12.28,0.68,1019.3,2.79,0.95,3.0,16.093,3.52582,Kurfürstenstraße,2.6389643333186665,3547.360301706719,pc2,Park,False,False,8.257890313322394,50,10,0.0
1624458029.4975345,2021-06-23T14:20:29.497534Z,52.506663333333336,13.345851666666666,2,4,S2,1624458029.4975345,21.05061,-64.67322,-36.864886,0.00153342248,41.0,965.0,6.0,0.21265908,12,50,2021-06-23 16:20:29,52.506663333333336,13.345851666666666,35.4,0.0,244.5,0.0606,0.03,18.36,18.36,12.28,0.68,1019.3,2.79,0.95,3.0,16.093,3.52582,Kurfürstenstraße,2.6389643333186665,3547.360301706719,pc2,Park,2021-06-23 16:20:29,52.506638333333335,13.345736666666667,30.2,0.0,246.6,0.0606,0.03,18.36,18.36,12.28,0.68,1019.3,2.79,0.95,3.0,16.093,0.85041,Corneliusbrücke,3.5648849912791576,3559.34551659281,pc4,Park,False,False,8.257890313322394,50,10,0.0
1624458029.513379,2021-06-23T14:20:29.513379Z,52.506638333333335,13.345736666666667,4,2,S2,1624458029.513379,18.35633571428572,-60.44087142857143,-32.65214897959184,0.0321700251632653,44.0,966.4897959183672,7.0,0.5740315510204081,12,49,2021-06-23 16:20:29,52.506638333333335,13.345736666666667,30.2,0.0,246.6,0.0606,0.03,18.36,18.36,12.28,0.68,1019.3,2.79,0.95,3.0,16.093,0.85041,Corneliusbrücke,3.5648849912791576,3559.34551659281,pc4,Park,2021-06-23 16:20:29,52.506663333333336,13.345851666666666,35.4,0.0,244.5,0.0606,0.03,18.36,18.36,12.28,0.68,1019.3,2.79,0.95,3.0,16.093,3.52582,Kurfürstenstraße,2.6389643333186665,3547.360301706719,pc2,Park,False,False,8.257890313322394,50,10,0.02
1624458030.43581,2021-06-23T14:20:30.435810Z,52.506638333333335,13.345736666666667,4,2,S2,1624458030.43581,20.66249731707317,-63.549075609756095,-35.70479512195122,0.0091321996829268,44.0,134.6341463414634,7.0,0.3221711536585365,12,41,2021-06-23 16:20:30,52.506638333333335,13.345736666666667,30.2,0.0,246.6,0.0606,0.03,18.36,18.36,12.28,0.68,1019.3,2.79,0.95,3.0,16.093,0.85041,Corneliusbrücke,3.5648849912791576,3559.34551659281,pc4,Park,2021-06-23 16:20:30,52.506663333333336,13.345851666666666,35.4,0.0,244.5,0.0606,0.03,18.36,18.36,12.28,0.68,1019.3,2.79,0.95,3.0,16.093,3.52582,Kurfürstenstraße,2.6389643333186665,3547.360301706719,pc2,Park,False,False,8.257890313322394,50,10,0.18
1624458030.4975128,2021-06-23T14:20:30.497512Z,52.506663333333336,13.345851666666666,2,4,S2,1624458030.4975128,19.339212,-68.62142,-40.718836,0.00093691248,41.0,122.92,6.0,0.1068880743999999,12,50,2021-06-23 16:20:30,52.506663333333336,13.345851666666666,35.4,0.0,244.5,0.0606,0.03,18.36,18.36,12.28,0.68,1019.3,2.79,0.95,3.0,16.093,3.52582,Kurfürstenstraße,2.6389643333186665,3547.360301706719,pc2,Park,2021-06-23 16:20:30,52.506638333333335,13.345736666666667,30.2,0.0,246.6,0.0606,0.03,18.36,18.36,12.28,0.68,1019.3,2.79,0.95,3.0,16.093,0.85041,Corneliusbrücke,3.5648849912791576,3559.34551659281,pc4,Park,False,False,8.257890313322394,50,10,0.0
1624458031.4976218,2021-06-23T14:20:31.497621Z,52.506663333333336,13.345851666666666,2,4,S2,1624458031.4976218,17.086534,-71.409104,-43.583884,0.0007894118799999,41.0,141.0,6.08,0.048355774,12,50,2021-06-23 16:20:31,52.506663333333336,13.345851666666666,35.4,0.0,244.5,0.0606,0.03,18.36,18.36,12.28,0.68,1019.3,2.79,0.95,3.0,16.093,3.52582,Kurfürstenstraße,2.6389643333186665,3547.360301706719,pc2,Park,2021-06-23 16:20:31,52.506638333333335,13.345733333333332,30.2,5.3708,252.3,0.0606,0.03,18.36,18.36,12.28,0.68,1019.3,2.79,0.95,3.0,16.093,0.85041,Corneliusbrücke,3.629407845298,3559.34551659281,pc4,Park,False,False,8.470526011061544,50,10,0.0
1624458031.5770442,2021-06-23T14:20:31.577044Z,52.506638333333335,13.345733333333332,4,2,S2,1624458031.5770442,18.872842857142857,-68.86881666666666,-41.091342857142855,0.0009690696428571,44.0,148.9047619047619,6.5,0.0913546880952381,12,42,2021-06-23 16:20:31,52.506638333333335,13.345733333333332,30.2,5.3708,252.3,0.0606,0.03,18.36,18.36,12.28,0.68,1019.3,2.79,0.95,3.0,16.093,0.85041,Corneliusbrücke,3.629407845298,3559.34551659281,pc4,Park,2021-06-23 16:20:31,52.506663333333336,13.345851666666666,35.4,0.0,244.5,0.0606,0.03,18.36,18.36,12.28,0.68,1019.3,2.79,0.95,3.0,16.093,3.52582,Kurfürstenstraße,2.6389643333186665,3547.360301706719,pc2,Park,False,False,8.470526011061544,50,10,0.16
1624458032.502483,2021-06-23T14:20:32.502482Z,52.506663333333336,13.345851666666666,2,4,S2,1624458032.502483,17.323992,-71.176722,-43.39538,0.00079557402,41.0,241.7,3.94,0.057424558,12,50,2021-06-23 16:20:32,52.506663333333336,13.345851666666666,35.4,5.3708,244.5,0.0606,0.03,18.36,18.36,12.28,0.68,1019.3,2.79,0.95,3.0,16.093,3.52582,Kurfürstenstraße,2.6389643333186665,3547.360301706719,pc2,Park,2021-06-23 16:20:32,52.50663166666666,13.345696666666669,30.2,12.964,253.0,0.0606,0.03,18.36,18.36,12.28,0.68,1019.3,2.79,0.95,3.0,16.093,3.47594,Kurfürstenstraße,2.709336178540226,3559.34551659281,pc4,Park,False,False,11.056464356411825,50,10,0.0
1624458032.5053775,2021-06-23T14:20:32.505377Z,52.50663166666666,13.345696666666669,4,2,S2,1624458032.5053775,18.46311836734694,-67.32277959183673,-39.58034081632653,0.0016080383265306,44.0,241.79591836734693,5.938775510204081,0.1269578632653061,12,49,2021-06-23 16:20:32,52.50663166666666,13.345696666666669,30.2,12.964,253.0,0.0606,0.03,18.36,18.36,12.28,0.68,1019.3,2.79,0.95,3.0,16.093,3.47594,Kurfürstenstraße,2.709336178540226,3559.34551659281,pc4,Park,2021-06-23 16:20:32,52.506663333333336,13.345851666666666,35.4,5.3708,244.5,0.0606,0.03,18.36,18.36,12.28,0.68,1019.3,2.79,0.95,3.0,16.093,3.52582,Kurfürstenstraße,2.6389643333186665,3547.360301706719,pc2,Park,False,False,11.056464356411825,50,10,0.02
1624458033.5045395,2021-06-23T14:20:33.504539Z,52.506656666666665,13.345816666666666,2,4,S2,1624458033.5045395,18.983298,-69.86621199999999,-42.105916,0.00073462346,41.0,342.0,3.0,0.077108726,12,50,2021-06-23 16:20:33,52.506656666666665,13.345816666666666,35.3,12.4084,252.0,0.0606,0.03,18.36,18.36,12.28,0.68,1019.3,2.79,0.95,3.0,16.093,0.15454,Corneliusbrücke,3.9681521229970023,3552.9295846387104,pc2,Park,2021-06-23 16:20:33,52.50662,13.345635,30.2,18.149600000000003,251.8,0.0606,0.03,18.36,18.36,12.28,0.68,1019.3,2.79,0.95,3.0,16.093,3.47594,Kurfürstenstraße,2.730681756693113,3566.393723787349,pc4,Park,False,False,12.942913821676472,50,10,0.0
1624458033.5109875,2021-06-23T14:20:33.510987Z,52.50662,13.345635,4,2,S2,1624458033.5109875,18.67182659574468,-66.0538744680851,-38.31538723404256,0.0031617651063829,44.0,342.59574468085106,3.5531914893617023,0.1801358276595744,12,47,2021-06-23 16:20:33,52.50662,13.345635,30.2,18.149600000000003,251.8,0.0606,0.03,18.36,18.36,12.28,0.68,1019.3,2.79,0.95,3.0,16.093,3.47594,Kurfürstenstraße,2.730681756693113,3566.393723787349,pc4,Park,2021-06-23 16:20:33,52.506656666666665,13.345816666666666,35.3,12.4084,252.0,0.0606,0.03,18.36,18.36,12.28,0.68,1019.3,2.79,0.95,3.0,16.093,0.15454,Corneliusbrücke,3.9681521229970023,3552.9295846387104,pc2,Park,False,False,12.942913821676472,50,10,0.06
1624458034.484488,2021-06-23T14:20:34.484488Z,52.50660833333333,13.34556,4,2,S2,1624458034.484488,18.10547755102041,-65.88007551020408,-38.14141836734694,0.0046295247346938,44.0,439.83673469387753,4.63265306122449,0.1848699775510204,12,49,2021-06-23 16:20:34,52.50660833333333,13.34556,30.2,19.446,250.7,0.0606,0.03,18.36,18.36,12.28,0.68,1019.3,2.79,0.95,3.0,16.093,3.52582,Kurfürstenstraße,2.5632838532892497,3573.9399557275265,pc4,Park,2021-06-23 16:20:34,52.506645,13.345755,35.6,19.446,252.0,0.0606,0.03,18.36,18.36,12.28,0.68,1019.3,2.79,0.95,3.0,16.093,0.85041,Corneliusbrücke,3.9197602676782735,3559.34551659281,pc2,Park,False,False,13.801734005048386,50,10,0.02
1624458034.5045164,2021-06-23T14:20:34.504516Z,52.506645,13.345755,2,4,S2,1624458034.5045164,18.6215,-70.064488,-42.32442,0.00076151928,41.0,442.0,3.0,0.0671097819999999,12,50,2021-06-23 16:20:34,52.506645,13.345755,35.6,19.446,252.0,0.0606,0.03,18.36,18.36,12.28,0.68,1019.3,2.79,0.95,3.0,16.093,0.85041,Corneliusbrücke,3.9197602676782735,3559.34551659281,pc2,Park,2021-06-23 16:20:34,52.50660833333333,13.34556,30.2,19.446,250.7,0.0606,0.03,18.36,18.36,12.28,0.68,1019.3,2.79,0.95,3.0,16.093,3.52582,Kurfürstenstraße,2.5632838532892497,3573.9399557275265,pc4,Park,False,False,13.801734005048386,50,10,0.0
1624458035.4931967,2021-06-23T14:20:35.493196Z,52.506591666666665,13.345478333333332,4,2,S2,1624458035.4931967,20.351977551020408,-66.39667142857144,-38.68428979591837,0.0012524023877551,44.0,540.5714285714286,6.0,0.1476793367346938,12,49,2021-06-23 16:20:35,52.506591666666665,13.345478333333332,30.2,21.853600000000004,250.2,0.0606,0.03,18.36,18.36,12.28,0.68,1019.3,2.79,0.95,3.0,16.093,3.52582,Kurfürstenstraße,2.7321041321761976,3573.9399557275265,pc4,Park,2021-06-23 16:20:35,52.50663166666666,13.34567,35.9,23.3352,251.8,0.0606,0.03,18.36,18.36,12.28,0.68,1019.3,2.79,0.95,3.0,16.093,3.47594,Kurfürstenstraße,2.146356842294399,3559.34551659281,pc2,Park,False,False,13.702039564174918,50,10,0.02
1624458035.504527,2021-06-23T14:20:35.504527Z,52.50663166666666,13.34567,2,4,S2,1624458035.504527,18.473052,-70.720388,-42.943242,0.00066458922,41.0,542.0,3.0,0.056342666,12,50,2021-06-23 16:20:35,52.50663166666666,13.34567,35.9,23.3352,251.8,0.0606,0.03,18.36,18.36,12.28,0.68,1019.3,2.79,0.95,3.0,16.093,3.47594,Kurfürstenstraße,2.146356842294399,3559.34551659281,pc2,Park,2021-06-23 16:20:35,52.506591666666665,13.345478333333332,30.2,21.853600000000004,250.2,0.0606,0.03,18.36,18.36,12.28,0.68,1019.3,2.79,0.95,3.0,16.093,3.52582,Kurfürstenstraße,2.7321041321761976,3573.9399557275265,pc4,Park,False,False,13.702039564174918,50,10,0.0
1624458036.5027585,2021-06-23T14:20:36.502758Z,52.50657,13.345396666666666,4,2,S2,1624458036.5027585,21.586206,-65.226206,-37.480594,0.0012650906,44.0,641.48,6.48,0.192391562,12,50,2021-06-23 16:20:36,52.50657,13.345396666666666,30.2,25.002,250.1,0.0606,0.03,18.36,18.36,12.28,0.68,1019.3,2.79,0.95,3.0,16.093,3.52582,Kurfürstenstraße,3.252309167652322,3581.842090535164,pc4,Park,2021-06-23 16:20:36,52.506615,13.345576666666666,36.2,23.705600000000004,251.2,0.0606,0.03,18.36,18.36,12.28,0.68,1019.3,2.79,0.95,3.0,16.093,3.52582,Kurfürstenstraße,2.165713406863891,3566.393723787349,pc2,Park,False,False,13.158981177893358,50,10,0.0
1624458036.5371115,2021-06-23T14:20:36.537111Z,52.506615,13.345576666666666,2,4,S2,1624458036.5371115,18.96266153846154,-69.13729487179486,-41.37199487179488,0.0008890338461538,41.0,645.0512820512821,5.051282051282051,0.0801205384615384,12,39,2021-06-23 16:20:36,52.506615,13.345576666666666,36.2,23.705600000000004,251.2,0.0606,0.03,18.36,18.36,12.28,0.68,1019.3,2.79,0.95,3.0,16.093,3.52582,Kurfürstenstraße,2.165713406863891,3566.393723787349,pc2,Park,2021-06-23 16:20:36,52.50657,13.345396666666666,30.2,25.002,250.1,0.0606,0.03,18.36,18.36,12.28,0.68,1019.3,2.79,0.95,3.0,16.093,3.52582,Kurfürstenstraße,3.252309167652322,3581.842090535164,pc4,Park,False,False,13.158981177893358,50,10,0.22
1624458037.4823017,2021-06-23T14:20:37.482301Z,52.506593333333335,13.345485,2,4,S2,1624458037.4823017,16.955120833333332,-69.70440624999999,-41.92473958333333,0.0013116132291666,41.0,739.4583333333334,6.1875,0.0745466725,12,48,2021-06-23 16:20:37,52.506593333333335,13.345485,36.4,25.3724,251.1,0.0606,0.03,18.36,18.36,12.28,0.68,1019.3,2.79,0.95,3.0,16.093,3.52582,Kurfürstenstraße,2.70038413136136,3573.9399557275265,pc2,Park,2021-06-23 16:20:37,52.506545,13.345295,30.3,27.594800000000003,247.6,0.0606,0.03,18.36,18.36,12.28,0.68,1019.3,2.79,0.95,3.0,16.093,3.52582,Kurfürstenstraße,3.6921577430549366,3589.993446693992,pc4,Park,False,False,13.925471332131492,50,10,0.04
1624458037.5047865,2021-06-23T14:20:37.504786Z,52.506545,13.345295,4,2,S2,1624458037.5047865,18.750969387755102,-66.73659795918367,-38.97755918367347,0.0017042674897959,44.0,741.8979591836735,4.326530612244898,0.1441309122448979,12,49,2021-06-23 16:20:37,52.506545,13.345295,30.3,27.594800000000003,247.6,0.0606,0.03,18.36,18.36,12.28,0.68,1019.3,2.79,0.95,3.0,16.093,3.52582,Kurfürstenstraße,3.6921577430549366,3589.993446693992,pc4,Park,2021-06-23 16:20:37,52.506593333333335,13.345485,36.4,25.3724,251.1,0.0606,0.03,18.36,18.36,12.28,0.68,1019.3,2.79,0.95,3.0,16.093,3.52582,Kurfürstenstraße,2.70038413136136,3573.9399557275265,pc2,Park,False,False,13.925471332131492,50,10,0.02
1624458038.4895709,2021-06-23T14:20:38.489570Z,52.50657,13.345386666666666,2,4,S2,1624458038.4895709,17.852125882352944,-68.74491960784314,-40.98839411764706,0.0018842704117647,41.0,840.156862745098,6.470588235294118,0.0863810980392156,12,51,2021-06-23 16:20:38,52.50657,13.345386666666666,36.5,27.4096,250.9,0.0606,0.03,18.36,18.36,12.28,0.68,1019.3,2.79,0.95,3.0,16.093,3.52582,Kurfürstenstraße,3.036617442440776,3581.842090535164,pc2,Park,2021-06-23 16:20:38,52.50651666666667,13.34519,30.3,29.0764,246.4,0.0606,0.03,18.36,18.36,12.28,0.68,1019.3,2.79,0.95,3.0,16.093,3.52582,Kurfürstenstraße,4.411135515573945,3598.2801193541727,pc4,Park,False,False,14.559530848350471,50,10,-0.02
1624458038.5024946,2021-06-23T14:20:38.502494Z,52.50651666666667,13.34519,4,2,S2,1624458038.5024946,21.657886,-65.062732,-37.317666,0.00128777576,44.0,841.7,4.0,0.200723982,12,50,2021-06-23 16:20:38,52.50651666666667,13.34519,30.3,29.0764,246.4,0.0606,0.03,18.36,18.36,12.28,0.68,1019.3,2.79,0.95,3.0,16.093,3.52582,Kurfürstenstraße,4.411135515573945,3598.2801193541727,pc4,Park,2021-06-23 16:20:38,52.50657,13.345386666666666,36.5,27.4096,250.9,0.0606,0.03,18.36,18.36,12.28,0.68,1019.3,2.79,0.95,3.0,16.093,3.52582,Kurfürstenstraße,3.036617442440776,3581.842090535164,pc2,Park,False,False,14.559530848350471,50,10,0.0
1624458039.4542894,2021-06-23T14:20:39.454289Z,52.506545,13.345278333333331,2,4,S2,1624458039.4542894,17.496526666666668,-71.89242666666667,-44.15624,0.0006249392666666,41.0,936.5333333333332,7.4222222222222225,0.0443632804444444,12,45,2021-06-23 16:20:39,52.506545,13.345278333333331,36.8,29.446800000000003,250.6,0.0606,0.03,18.36,18.36,12.28,0.68,1019.3,2.79,0.95,3.0,16.093,3.52582,Kurfürstenstraße,3.3326711975473446,3589.993446693992,pc2,Park,2021-06-23 16:20:39,52.506483333333335,13.345085,30.4,29.0764,250.4,0.0606,0.03,18.36,18.36,12.28,0.68,1019.3,2.79,0.95,3.0,16.093,0.15454,Corneliusbrücke,1.4120666984822716,3606.624785076826,pc4,Park,False,False,14.76008150895125,50,10,0.1
1624458039.5032406,2021-06-23T14:20:39.503240Z,52.506483333333335,13.345085,4,2,S2,1624458039.5032406,17.561092040816327,-68.45547142857143,-40.69908367346939,0.0015268909183673,44.0,941.9183673469388,2.5510204081632653,0.1029498163265306,12,49,2021-06-23 16:20:39,52.506483333333335,13.345085,30.4,29.0764,250.4,0.0606,0.03,18.36,18.36,12.28,0.68,1019.3,2.79,0.95,3.0,16.093,0.15454,Corneliusbrücke,1.4120666984822716,3606.624785076826,pc4,Park,2021-06-23 16:20:39,52.506545,13.345278333333331,36.8,29.446800000000003,250.6,0.0606,0.03,18.36,18.36,12.28,0.68,1019.3,2.79,0.95,3.0,16.093,3.52582,Kurfürstenstraße,3.3326711975473446,3589.993446693992,pc2,Park,False,False,14.76008150895125,50,10,0.02
1624458040.5084157,2021-06-23T14:20:40.508415Z,52.50646166666667,13.344975,4,2,S2,1624458040.5084157,16.251284285714288,-70.32115714285715,-42.41218367346939,0.0018245538367346,44.0,352.46938775510205,5.8979591836734695,0.0726540897959183,12,49,2021-06-23 16:20:40,52.50646166666667,13.344975,30.5,28.5208,252.6,0.0626,0.03,18.33,18.33,12.28,0.68,1019.3,2.77,0.95,3.0,16.093,0.15454,Corneliusbrücke,1.47482764047494,3615.01216029924,pc4,Park,2021-06-23 16:20:40,52.50652166666666,13.345161666666666,36.9,30.3728,250.6,0.0606,0.03,18.36,18.36,12.28,0.68,1019.3,2.79,0.95,3.0,16.093,3.52582,Kurfürstenstraße,3.273464756993516,3598.2801193541727,pc2,Park,False,False,14.274902592230893,50,10,0.02
1624458040.7321336,2021-06-23T14:20:40.732133Z,52.50652166666666,13.345161666666666,2,4,S2,1624458040.7321336,17.662435714285714,-71.23918571428571,-43.39377142857143,0.0007372331428571,41.0,114.0,2.0,0.0592393857142857,12,14,2021-06-23 16:20:40,52.50652166666666,13.345161666666666,36.9,30.3728,250.6,0.0606,0.03,18.36,18.36,12.28,0.68,1019.3,2.79,0.95,3.0,16.093,3.52582,Kurfürstenstraße,3.273464756993516,3598.2801193541727,pc2,Park,2021-06-23 16:20:40,52.50646166666667,13.344975,30.5,28.5208,252.6,0.0626,0.03,18.33,18.33,12.28,0.68,1019.3,2.77,0.95,3.0,16.093,0.15454,Corneliusbrücke,1.47482764047494,3615.01216029924,pc4,Park,False,False,14.274902592230893,50,10,0.72
1624458041.516303,2021-06-23T14:20:41.516303Z,52.50644166666667,13.34486,4,2,S2,1624458041.516303,14.44467,-65.66737916666666,-37.88253958333333,0.0101739358541666,44.0,119.1875,2.9375,0.1960428374999999,12,48,2021-06-23 16:20:41,52.50644166666667,13.34486,30.6,28.8912,253.0,0.0626,0.03,18.33,18.33,12.28,0.68,1019.3,2.77,0.95,3.0,16.093,0.15454,Corneliusbrücke,1.820007958175299,3623.4247508190433,pc4,Park,2021-06-23 16:20:41,52.5065,13.345043333333331,37.0,30.0024,251.3,0.0606,0.03,18.36,18.36,12.28,0.68,1019.3,2.79,0.95,3.0,16.093,3.47594,Kurfürstenstraße,3.0027925227452408,3606.624785076826,pc2,Park,False,False,13.989258194697522,50,10,0.04
1624458041.529195,2021-06-23T14:20:41.529195Z,52.5065,13.345043333333331,2,4,S2,1624458041.529195,19.01205833333333,-69.7401625,-41.9858125,0.0007424466875,41.0,119.97916666666669,7.875,0.0753414833333333,12,48,2021-06-23 16:20:41,52.5065,13.345043333333331,37.0,30.0024,251.3,0.0606,0.03,18.36,18.36,12.28,0.68,1019.3,2.79,0.95,3.0,16.093,3.47594,Kurfürstenstraße,3.0027925227452408,3606.624785076826,pc2,Park,2021-06-23 16:20:41,52.50644166666667,13.34486,30.6,28.8912,253.0,0.0626,0.03,18.33,18.33,12.28,0.68,1019.3,2.77,0.95,3.0,16.093,0.15454,Corneliusbrücke,1.820007958175299,3623.4247508190433,pc4,Park,False,False,13.989258194697522,50,10,0.04
1624458042.5015666,2021-06-23T14:20:42.501566Z,52.506485,13.34492,2,4,S2,1624458042.5015666,15.839076530612244,-69.249,-41.50388571428572,0.0039526831224489,41.0,217.51020408163265,4.938775510204081,0.0902248,12,49,2021-06-23 16:20:42,52.506485,13.34492,37.1,29.2616,252.2,0.0626,0.03,18.33,18.33,12.28,0.68,1019.3,2.77,0.95,3.0,16.093,3.47594,Kurfürstenstraße,1.9222139101791949,3615.01216029924,pc2,Park,2021-06-23 16:20:42,52.50642166666667,13.344741666666666,30.4,28.8912,254.3,0.0626,0.03,18.33,18.33,12.28,0.68,1019.3,2.77,0.95,3.0,16.093,0.15454,Corneliusbrücke,2.236318256334775,3631.858766224033,pc4,Park,False,False,13.961971604781024,50,10,0.02
1624458042.5078678,2021-06-23T14:20:42.507867Z,52.50642166666667,13.344741666666666,4,2,S2,1624458042.5078678,19.26618224489796,-66.13340408163265,-38.35724897959184,0.0025553461020408,44.0,217.81632653061223,8.224489795918368,0.2004275551020408,12,49,2021-06-23 16:20:42,52.50642166666667,13.344741666666666,30.4,28.8912,254.3,0.0626,0.03,18.33,18.33,12.28,0.68,1019.3,2.77,0.95,3.0,16.093,0.15454,Corneliusbrücke,2.236318256334775,3631.858766224033,pc4,Park,2021-06-23 16:20:42,52.506485,13.34492,37.1,29.2616,252.2,0.0626,0.03,18.33,18.33,12.28,0.68,1019.3,2.77,0.95,3.0,16.093,3.47594,Kurfürstenstraße,1.9222139101791949,3615.01216029924,pc2,Park,False,False,13.961971604781024,50,10,0.02
1624458043.4998884,2021-06-23T14:20:43.499888Z,52.50640333333333,13.34462,4,2,S2,1624458043.4998884,21.369026,-64.796666,-37.028472,0.0015656466799999,44.0,317.0,8.4,0.252613392,12,50,2021-06-23 16:20:43,52.50640333333333,13.34462,30.1,28.8912,253.0,0.0626,0.03,18.33,18.33,12.28,0.68,1019.3,2.77,0.95,3.0,16.093,0.15454,Corneliusbrücke,2.7250809341993163,3640.3949598252902,pc4,Park,2021-06-23 16:20:43,52.506465,13.344805,37.1,29.2616,252.7,0.0626,0.03,18.33,18.33,12.28,0.68,1019.3,2.77,0.95,3.0,16.093,3.47594,Kurfürstenstraße,1.5479193363323835,3623.4247508190433,pc2,Park,False,False,14.263361041449778,50,10,0.0
1624458043.5015662,2021-06-23T14:20:43.501566Z,52.506465,13.344805,2,4,S2,1624458043.5015662,16.79642156862745,-68.83701568627451,-41.05625882352941,0.0030939382549019,41.0,317.5098039215686,4.941176470588236,0.1092775788235294,12,51,2021-06-23 16:20:43,52.506465,13.344805,37.1,29.2616,252.7,0.0626,0.03,18.33,18.33,12.28,0.68,1019.3,2.77,0.95,3.0,16.093,3.47594,Kurfürstenstraße,1.5479193363323835,3623.4247508190433,pc2,Park,2021-06-23 16:20:43,52.50640333333333,13.34462,30.1,28.8912,253.0,0.0626,0.03,18.33,18.33,12.28,0.68,1019.3,2.77,0.95,3.0,16.093,0.15454,Corneliusbrücke,2.7250809341993163,3640.3949598252902,pc4,Park,False,False,14.263361041449778,50,10,-0.02
1624458044.4976156,2021-06-23T14:20:44.497615Z,52.50638,13.344503333333334,4,2,S2,1624458044.4976156,21.273204,-65.214184,-37.462568000000005,0.0013431403,44.0,417.02,5.94,0.22981721,12,50,2021-06-23 16:20:44,52.50638,13.344503333333334,29.8,30.3728,251.5,0.0626,0.03,18.33,18.33,12.28,0.68,1019.3,2.77,0.95,3.0,16.093,0.15454,Corneliusbrücke,2.3999292791591453,3649.080856031615,pc4,Park,2021-06-23 16:20:44,52.506445,13.344681666666666,37.1,29.0764,253.3,0.0626,0.03,18.33,18.33,12.28,0.68,1019.3,2.77,0.95,3.0,16.093,3.47594,Kurfürstenstraße,0.9938779263183688,3631.858766224033,pc2,Park,False,False,14.056206415528152,50,10,0.0
1624458044.514641,2021-06-23T14:20:44.514641Z,52.506445,13.344681666666666,2,4,S2,1624458044.514641,19.192132653061226,-68.85055918367347,-41.06557959183674,0.0008983285714285,41.0,418.59183673469386,7.204081632653061,0.0985976979591836,12,49,2021-06-23 16:20:44,52.506445,13.344681666666666,37.1,29.0764,253.3,0.0626,0.03,18.33,18.33,12.28,0.68,1019.3,2.77,0.95,3.0,16.093,3.47594,Kurfürstenstraße,0.9938779263183688,3631.858766224033,pc2,Park,2021-06-23 16:20:44,52.50638,13.344503333333334,29.8,30.3728,251.5,0.0626,0.03,18.33,18.33,12.28,0.68,1019.3,2.77,0.95,3.0,16.093,0.15454,Corneliusbrücke,2.3999292791591453,3649.080856031615,pc4,Park,False,False,14.056206415528152,50,10,0.02
1624458045.286063,2021-06-23T14:20:45.286062Z,52.506355,13.344388333333333,4,2,S2,1624458045.286063,17.353450476190478,-63.48559523809524,-35.73387619047619,0.046993308047619,44.0,495.95238095238096,5.047619047619048,0.3521572666666667,12,21,2021-06-23 16:20:45,52.506355,13.344388333333333,29.5,30.3728,249.3,0.0626,0.03,18.33,18.33,12.28,0.68,1019.3,2.77,0.95,3.0,16.093,0.15454,Corneliusbrücke,2.0294482995123206,3657.9339567215698,pc4,Park,2021-06-23 16:20:45,52.506425,13.344565,37.2,29.2616,252.9,0.0626,0.03,18.33,18.33,12.28,0.68,1019.3,2.77,0.95,3.0,16.093,3.47594,Kurfürstenstraße,0.5475210321941177,3640.3949598252902,pc2,Park,False,False,14.254877471331293,50,10,0.58
1624458045.5085232,2021-06-23T14:20:45.508523Z,52.506425,13.344565,2,4,S2,1624458045.5085232,19.85495,-67.914028,-40.144452,0.00104749614,41.0,518.0,7.0,0.120503264,12,50,2021-06-23 16:20:45,52.506425,13.344565,37.2,29.2616,252.9,0.0626,0.03,18.33,18.33,12.28,0.68,1019.3,2.77,0.95,3.0,16.093,3.47594,Kurfürstenstraße,0.5475210321941177,3640.3949598252902,pc2,Park,2021-06-23 16:20:45,52.506355,13.344388333333333,29.5,30.3728,249.3,0.0626,0.03,18.33,18.33,12.28,0.68,1019.3,2.77,0.95,3.0,16.093,0.15454,Corneliusbrücke,2.0294482995123206,3657.9339567215698,pc4,Park,False,False,14.254877471331293,50,10,0.0
1624458046.508529,2021-06-23T14:20:46.508528Z,52.5064,13.344446666666666,2,4,S2,1624458046.508529,19.2783,-69.071216,-41.281914,0.00081773788,41.0,618.0,7.0,0.0852064979999999,12,50,2021-06-23 16:20:46,52.5064,13.344446666666666,37.3,31.484,251.9,0.0626,0.03,18.33,18.33,12.28,0.68,1019.3,2.77,0.95,3.0,16.093,3.47594,Kurfürstenstraße,0.5840214652939136,3649.080856031615,pc2,Park,2021-06-23 16:20:46,52.506326666666666,13.344268333333334,29.2,31.8544,250.0,0.0626,0.03,18.33,18.33,12.28,0.68,1019.3,2.77,0.95,3.0,16.093,3.47594,Kurfürstenstraße,4.539035993439794,3667.024328148101,pc4,Park,False,False,14.553487378297431,50,10,0.0
1624458046.7274563,2021-06-23T14:20:46.727456Z,52.506326666666666,13.344268333333334,4,2,S2,1624458046.7274563,21.354522222222226,-64.88086296296296,-37.11597777777778,0.0014361268148148,44.0,640.0,6.0,0.2204294185185185,12,27,2021-06-23 16:20:46,52.506326666666666,13.344268333333334,29.2,31.8544,250.0,0.0626,0.03,18.33,18.33,12.28,0.68,1019.3,2.77,0.95,3.0,16.093,3.47594,Kurfürstenstraße,4.539035993439794,3667.024328148101,pc4,Park,2021-06-23 16:20:46,52.5064,13.344446666666666,37.3,31.484,251.9,0.0626,0.03,18.33,18.33,12.28,0.68,1019.3,2.77,0.95,3.0,16.093,3.47594,Kurfürstenstraße,0.5840214652939136,3649.080856031615,pc2,Park,False,False,14.553487378297431,50,10,0.46
1624458047.4975464,2021-06-23T14:20:47.497546Z,52.50629666666666,13.344143333333331,4,2,S2,1624458047.4975464,21.389852,-64.137538,-36.369842,0.0018569789,44.0,717.0,6.06,0.291600862,12,50,2021-06-23 16:20:47,52.50629666666666,13.344143333333331,28.8,32.0396,249.7,0.0626,0.03,18.33,18.33,12.28,0.68,1019.3,2.77,0.95,3.0,16.093,3.47594,Kurfürstenstraße,5.066837570060629,3676.357157233968,pc4,Park,2021-06-23 16:20:47,52.50637,13.344323333333334,37.5,32.595200000000006,250.7,0.0626,0.03,18.33,18.33,12.28,0.68,1019.3,2.77,0.95,3.0,16.093,3.47594,Kurfürstenstraße,1.1259686178064818,3657.9339567215698,pc2,Park,False,False,14.647036707130038,50,10,0.0
1624458047.5117214,2021-06-23T14:20:47.511721Z,52.50637,13.344323333333334,2,4,S2,1624458047.5117214,20.09627234042553,-67.2052829787234,-39.46699361702128,0.0010318678510638,41.0,718.7446808510638,2.74468085106383,0.131372329787234,12,47,2021-06-23 16:20:47,52.50637,13.344323333333334,37.5,32.595200000000006,250.7,0.0626,0.03,18.33,18.33,12.28,0.68,1019.3,2.77,0.95,3.0,16.093,3.47594,Kurfürstenstraße,1.1259686178064818,3657.9339567215698,pc2,Park,2021-06-23 16:20:47,52.50629666666666,13.344143333333331,28.8,32.0396,249.7,0.0626,0.03,18.33,18.33,12.28,0.68,1019.3,2.77,0.95,3.0,16.093,3.47594,Kurfürstenstraße,5.066837570060629,3676.357157233968,pc4,Park,False,False,14.647036707130038,50,10,0.06
1624458048.4961774,2021-06-23T14:20:48.496177Z,52.50633666666667,13.3442,2,4,S2,1624458048.4961774,19.268477551020407,-68.75884489795918,-41.0028612244898,0.000887924510204,41.0,817.265306122449,2.0,0.0953170693877551,12,49,2021-06-23 16:20:48,52.50633666666667,13.3442,37.3,31.8544,250.0,0.0626,0.03,18.33,18.33,12.28,0.68,1019.3,2.77,0.95,3.0,16.093,3.47594,Kurfürstenstraße,2.0408199330950074,3667.024328148101,pc2,Park,2021-06-23 16:20:48,52.50627,13.344016666666668,28.6,32.7804,249.6,0.0626,0.03,18.33,18.33,12.28,0.68,1019.3,2.77,0.95,3.0,16.093,3.47594,Kurfürstenstraße,5.207587839391154,3685.90620471358,pc4,Park,False,False,14.44149365055517,50,10,0.02
1624458048.502291,2021-06-23T14:20:48.502290Z,52.50627,13.344016666666668,4,2,S2,1624458048.502291,20.952844,-65.525952,-37.75609,0.00140993944,44.0,817.6,4.8,0.201541298,12,50,2021-06-23 16:20:48,52.50627,13.344016666666668,28.6,32.7804,249.6,0.0626,0.03,18.33,18.33,12.28,0.68,1019.3,2.77,0.95,3.0,16.093,3.47594,Kurfürstenstraße,5.207587839391154,3685.90620471358,pc4,Park,2021-06-23 16:20:48,52.50633666666667,13.3442,37.3,31.8544,250.0,0.0626,0.03,18.33,18.33,12.28,0.68,1019.3,2.77,0.95,3.0,16.093,3.47594,Kurfürstenstraße,2.0408199330950074,3667.024328148101,pc2,Park,False,False,14.44149365055517,50,10,0.0
1624458049.4933147,2021-06-23T14:20:49.493314Z,52.506305,13.344068333333333,2,4,S2,1624458049.4933147,19.38829387755102,-68.29387346938776,-40.544126530612246,0.0009889748367346,41.0,916.9795918367348,2.0,0.1144890020408163,12,49,2021-06-23 16:20:49,52.506305,13.344068333333333,37.2,34.817600000000006,250.5,0.0626,0.03,18.33,18.33,12.28,0.68,1019.3,2.77,0.95,3.0,16.093,3.47594,Kurfürstenstraße,2.603806483812464,3676.357157233968,pc2,Park,2021-06-23 16:20:49,52.50624333333333,13.343888333333334,28.5,33.52120000000001,250.7,0.0626,0.03,18.33,18.33,12.28,0.68,1019.3,2.77,0.95,3.0,16.093,3.47594,Kurfürstenstraße,5.313148814516029,3685.90620471358,pc4,Park,False,False,13.967826284899038,50,10,0.02
1624458049.5055115,2021-06-23T14:20:49.505511Z,52.50624333333333,13.343888333333334,4,2,S2,1624458049.5055115,21.232182,-64.775358,-37.0398,0.00162274408,44.0,918.0,4.0,0.2524668,12,50,2021-06-23 16:20:49,52.50624333333333,13.343888333333334,28.5,33.52120000000001,250.7,0.0626,0.03,18.33,18.33,12.28,0.68,1019.3,2.77,0.95,3.0,16.093,3.47594,Kurfürstenstraße,5.313148814516029,3685.90620471358,pc4,Park,2021-06-23 16:20:49,52.506305,13.344068333333333,37.2,34.817600000000006,250.5,0.0626,0.03,18.33,18.33,12.28,0.68,1019.3,2.77,0.95,3.0,16.093,3.47594,Kurfürstenstraße,2.603806483812464,3676.357157233968,pc2,Park,False,False,13.967826284899038,50,10,0.0
1624458050.5057728,2021-06-23T14:20:50.505772Z,52.50627333333333,13.343933333333334,2,4,S2,1624458050.5057728,18.47886229166667,-68.18338125,-40.501075,0.0027760548333333,41.0,569.8333333333334,5.916666666666667,0.105765675,12,48,2021-06-23 16:20:50,52.50627333333333,13.343933333333334,37.2,34.4472,251.0,0.0626,0.03,18.33,18.33,12.28,0.68,1019.3,2.77,0.95,3.0,16.093,3.47594,Kurfürstenstraße,3.0964172753073127,3685.90620471358,pc2,Park,2021-06-23 16:20:50,52.50621666666667,13.343758333333334,28.4,34.0768,251.8,0.0626,0.03,18.33,18.33,12.28,0.68,1019.3,2.77,0.95,3.0,16.093,0.15454,Corneliusbrücke,0.6116901890487563,3695.644553772867,pc4,Park,False,False,13.40454697909422,50,10,0.04
1624458050.5100598,2021-06-23T14:20:50.510059Z,52.50621666666667,13.343758333333334,4,2,S2,1624458050.5100598,21.2588306122449,-64.69887346938775,-36.977351020408165,0.0018789740408163,44.0,558.6938775510204,4.081632653061225,0.2306186142857142,12,49,2021-06-23 16:20:50,52.50621666666667,13.343758333333334,28.4,34.0768,251.8,0.0626,0.03,18.33,18.33,12.28,0.68,1019.3,2.77,0.95,3.0,16.093,0.15454,Corneliusbrücke,0.6116901890487563,3695.644553772867,pc4,Park,2021-06-23 16:20:50,52.50627333333333,13.343933333333334,37.2,34.4472,251.0,0.0626,0.03,18.33,18.33,12.28,0.68,1019.3,2.77,0.95,3.0,16.093,3.47594,Kurfürstenstraße,3.0964172753073127,3685.90620471358,pc2,Park,False,False,13.40454697909422,50,10,0.02
1624458051.4587648,2021-06-23T14:20:51.458764Z,52.506191666666666,13.343625,4,2,S2,1624458051.4587648,12.868984047619048,-63.22756666666667,-35.49784285714286,0.014960521595238,44.0,89.19047619047619,5.333333333333333,0.3199227238095238,12,42,2021-06-23 16:20:51,52.506191666666666,13.343625,28.4,34.6324,252.2,0.0626,0.03,18.33,18.33,12.28,0.68,1019.3,2.77,0.95,3.0,16.093,0.15454,Corneliusbrücke,0.7634865969284144,3705.5287063619,pc4,Park,2021-06-23 16:20:51,52.50624333333333,13.3438,37.5,35.188,251.9,0.0626,0.03,18.33,18.33,12.28,0.68,1019.3,2.77,0.95,3.0,16.093,0.15454,Corneliusbrücke,2.556141201303401,3695.644553772867,pc2,Park,False,False,13.152881794004225,50,10,0.16
1624458051.5075777,2021-06-23T14:20:51.507577Z,52.50624333333333,13.3438,2,4,S2,1624458051.5075777,15.238592857142857,-67.49448571428572,-39.74969795918368,0.0052310113877551,41.0,93.95918367346938,6.448979591836735,0.1303689551020408,12,49,2021-06-23 16:20:51,52.50624333333333,13.3438,37.5,35.188,251.9,0.0626,0.03,18.33,18.33,12.28,0.68,1019.3,2.77,0.95,3.0,16.093,0.15454,Corneliusbrücke,2.556141201303401,3695.644553772867,pc2,Park,2021-06-23 16:20:51,52.506191666666666,13.343625,28.4,34.6324,252.2,0.0626,0.03,18.33,18.33,12.28,0.68,1019.3,2.77,0.95,3.0,16.093,0.15454,Corneliusbrücke,0.7634865969284144,3705.5287063619,pc4,Park,False,False,13.152881794004225,50,10,0.02
1624458052.5000064,2021-06-23T14:20:52.500006Z,52.50616333333333,13.343488333333331,4,2,S2,1624458052.5000064,18.067096326530613,-65.79836734693878,-38.120195918367344,0.0043427733877551,44.0,193.3877551020408,4.63265306122449,0.1753597693877551,12,49,2021-06-23 16:20:52,52.50616333333333,13.343488333333331,28.5,35.9288,252.6,0.0626,0.03,18.33,18.33,12.28,0.68,1019.3,2.77,0.95,3.0,16.093,0.15454,Corneliusbrücke,0.6329540503259864,3715.5372461457273,pc4,Park,2021-06-23 16:20:52,52.506215,13.343661666666666,37.9,35.9288,252.6,0.0626,0.03,18.33,18.33,12.28,0.68,1019.3,2.77,0.95,3.0,16.093,0.15454,Corneliusbrücke,2.460516176764782,3705.5287063619,pc2,Park,False,False,13.051576597601931,50,10,0.02
1624458052.503054,2021-06-23T14:20:52.503053Z,52.506215,13.343661666666666,2,4,S2,1624458052.503054,16.7800486,-69.48295,-41.771512,0.0015507976,41.0,193.98,1.7,0.07739052,12,50,2021-06-23 16:20:52,52.506215,13.343661666666666,37.9,35.9288,252.6,0.0626,0.03,18.33,18.33,12.28,0.68,1019.3,2.77,0.95,3.0,16.093,0.15454,Corneliusbrücke,2.460516176764782,3705.5287063619,pc2,Park,2021-06-23 16:20:52,52.50616333333333,13.343488333333331,28.5,35.9288,252.6,0.0626,0.03,18.33,18.33,12.28,0.68,1019.3,2.77,0.95,3.0,16.093,0.15454,Corneliusbrücke,0.6329540503259864,3715.5372461457273,pc4,Park,False,False,13.051576597601931,50,10,0.0
1624458053.498799,2021-06-23T14:20:53.498799Z,52.50613666666667,13.343345,4,2,S2,1624458053.498799,17.304723799999998,-65.232968,-37.525836,0.0055050399,44.0,293.28,4.4,0.20330902,12,50,2021-06-23 16:20:53,52.50613666666667,13.343345,28.7,37.595600000000005,252.7,0.0626,0.03,18.33,18.33,12.28,0.68,1019.3,2.77,0.95,3.0,16.093,0.15454,Corneliusbrücke,0.8181524107488656,3725.6051171142017,pc4,Park,2021-06-23 16:20:53,52.50618833333333,13.343521666666666,38.0,36.4844,252.8,0.0626,0.03,18.33,18.33,12.28,0.68,1019.3,2.77,0.95,3.0,16.093,0.15454,Corneliusbrücke,2.5758853417133847,3715.5372461457273,pc2,Park,False,False,13.2544210991995,50,10,0.0
1624458053.5041645,2021-06-23T14:20:53.504164Z,52.50618833333333,13.343521666666666,2,4,S2,1624458053.5041645,17.098597959183675,-69.38587346938776,-41.651906122448985,0.0013179829387755,41.0,293.81632653061223,4.469387755102041,0.0824521387755102,12,49,2021-06-23 16:20:53,52.50618833333333,13.343521666666666,38.0,36.4844,252.8,0.0626,0.03,18.33,18.33,12.28,0.68,1019.3,2.77,0.95,3.0,16.093,0.15454,Corneliusbrücke,2.5758853417133847,3715.5372461457273,pc2,Park,2021-06-23 16:20:53,52.50613666666667,13.343345,28.7,37.595600000000005,252.7,0.0626,0.03,18.33,18.33,12.28,0.68,1019.3,2.77,0.95,3.0,16.093,0.15454,Corneliusbrücke,0.8181524107488656,3725.6051171142017,pc4,Park,False,False,13.2544210991995,50,10,0.02
1624458054.496919,2021-06-23T14:20:54.496918Z,52.50615833333333,13.343383333333334,2,4,S2,1624458054.496919,15.606602040816323,-70.72754285714286,-43.01006326530612,0.0012897962857142,41.0,392.9795918367347,5.591836734693878,0.0564809795918367,12,49,2021-06-23 16:20:54,52.50615833333333,13.343383333333334,38.6,35.7436,252.7,0.0626,0.03,18.33,18.33,12.28,0.68,1019.3,2.77,0.95,3.0,16.093,0.15454,Corneliusbrücke,2.3041892525623946,3725.6051171142017,pc2,Park,2021-06-23 16:20:54,52.50610833333333,13.343205,29.1,36.6696,252.0,0.0626,0.03,18.33,18.33,12.28,0.68,1019.3,2.77,0.95,3.0,16.093,0.15454,Corneliusbrücke,0.9017647023562996,3735.651575487128,pc4,Park,False,False,13.277620670907275,50,10,0.02
1624458054.5020127,2021-06-23T14:20:54.502012Z,52.50610833333333,13.343205,4,2,S2,1624458054.5020127,15.2146032,-67.01551599999999,-39.294178,0.00658612492,44.0,393.5,5.5,0.129733222,12,50,2021-06-23 16:20:54,52.50610833333333,13.343205,29.1,36.6696,252.0,0.0626,0.03,18.33,18.33,12.28,0.68,1019.3,2.77,0.95,3.0,16.093,0.15454,Corneliusbrücke,0.9017647023562996,3735.651575487128,pc4,Park,2021-06-23 16:20:54,52.50615833333333,13.343383333333334,38.6,35.7436,252.7,0.0626,0.03,18.33,18.33,12.28,0.68,1019.3,2.77,0.95,3.0,16.093,0.15454,Corneliusbrücke,2.3041892525623946,3725.6051171142017,pc2,Park,False,False,13.277620670907275,50,10,0.0
1624458055.501294,2021-06-23T14:20:55.501294Z,52.50613,13.343241666666668,2,4,S2,1624458055.501294,16.784491836734695,-71.92268163265307,-44.16537346938776,0.0007673761836734,41.0,493.4285714285714,5.489795918367347,0.0429559265306122,12,49,2021-06-23 16:20:55,52.50613,13.343241666666668,38.9,37.04,252.6,0.0626,0.03,18.33,18.33,12.28,0.68,1019.3,2.77,0.95,3.0,16.093,0.15454,Corneliusbrücke,2.3534560609995445,3735.651575487128,pc2,Park,2021-06-23 16:20:55,52.506076666666665,13.343061666666667,29.3,36.6696,251.7,0.0626,0.03,18.33,18.33,12.28,0.68,1019.3,2.77,0.95,3.0,16.093,0.15454,Corneliusbrücke,0.7875803770021058,3745.638725641864,pc4,Park,False,False,13.537994273984005,50,10,0.02
1624458055.5120344,2021-06-23T14:20:55.512034Z,52.506076666666665,13.343061666666667,4,2,S2,1624458055.5120344,18.429064897959183,-68.78703061224489,-41.06147755102041,0.0015653275510204,44.0,494.530612244898,5.244897959183674,0.0929265510204081,12,49,2021-06-23 16:20:55,52.506076666666665,13.343061666666667,29.3,36.6696,251.7,0.0626,0.03,18.33,18.33,12.28,0.68,1019.3,2.77,0.95,3.0,16.093,0.15454,Corneliusbrücke,0.7875803770021058,3745.638725641864,pc4,Park,2021-06-23 16:20:55,52.50613,13.343241666666668,38.9,37.04,252.6,0.0626,0.03,18.33,18.33,12.28,0.68,1019.3,2.77,0.95,3.0,16.093,0.15454,Corneliusbrücke,2.3534560609995445,3735.651575487128,pc2,Park,False,False,13.537994273984005,50,10,0.02
1624458056.4948902,2021-06-23T14:20:56.494890Z,52.506101666666666,13.343101666666666,2,4,S2,1624458056.4948902,19.56909387755102,-68.70017346938776,-40.96569591836735,0.0008665272857142,41.0,592.734693877551,6.0,0.1007979857142857,12,49,2021-06-23 16:20:56,52.506101666666666,13.343101666666666,39.2,35.5584,252.6,0.0626,0.03,18.33,18.33,12.28,0.68,1019.3,2.77,0.95,3.0,16.093,0.15454,Corneliusbrücke,2.514229336576013,3745.638725641864,pc2,Park,2021-06-23 16:20:56,52.50604666666667,13.342916666666667,29.6,37.966,251.9,0.0626,0.03,18.33,18.33,12.28,0.68,1019.3,2.77,0.95,3.0,16.093,0.85041,Corneliusbrücke,0.8854449515239255,3755.533655237273,pc4,Park,False,False,13.923082583101088,50,10,0.02
1624458056.5054884,2021-06-23T14:20:56.505488Z,52.50604666666667,13.342916666666667,4,2,S2,1624458056.5054884,21.331804,-64.977616,-37.274088,0.00140757222,44.0,594.0,4.0,0.232233262,12,50,2021-06-23 16:20:56,52.50604666666667,13.342916666666667,29.6,37.966,251.9,0.0626,0.03,18.33,18.33,12.28,0.68,1019.3,2.77,0.95,3.0,16.093,0.85041,Corneliusbrücke,0.8854449515239255,3755.533655237273,pc4,Park,2021-06-23 16:20:56,52.506101666666666,13.343101666666666,39.2,35.5584,252.6,0.0626,0.03,18.33,18.33,12.28,0.68,1019.3,2.77,0.95,3.0,16.093,0.15454,Corneliusbrücke,2.514229336576013,3745.638725641864,pc2,Park,False,False,13.923082583101088,50,10,0.0
1624458057.504109,2021-06-23T14:20:57.504108Z,52.506015,13.34277,4,2,S2,1624458057.504109,18.531670833333333,-66.30617708333334,-38.56630625,0.0024037083125,44.0,693.8541666666666,4.083333333333333,0.1749498583333333,12,48,2021-06-23 16:20:57,52.506015,13.34277,30.0,37.595600000000005,251.2,0.0626,0.03,18.33,18.33,12.28,0.68,1019.3,2.77,0.95,3.0,16.093,0.85041,Corneliusbrücke,0.845834792296735,3774.837608252618,pc4,Park,2021-06-23 16:20:57,52.50607333333333,13.342961666666667,39.7,36.299200000000006,252.0,0.0626,0.03,18.33,18.33,12.28,0.68,1019.3,2.77,0.95,3.0,16.093,3.47594,Kurfürstenstraße,3.238934758239921,3755.533655237273,pc2,Park,False,False,14.491335062973224,50,10,0.04
1624458057.521905,2021-06-23T14:20:57.521904Z,52.50607333333333,13.342961666666667,2,4,S2,1624458057.521905,12.587789375,-68.7714,-41.020629166666666,0.0064665008333333,41.0,695.5625,4.729166666666667,0.0940952916666666,12,48,2021-06-23 16:20:57,52.50607333333333,13.342961666666667,39.7,36.299200000000006,252.0,0.0626,0.03,18.33,18.33,12.28,0.68,1019.3,2.77,0.95,3.0,16.093,3.47594,Kurfürstenstraße,3.238934758239921,3755.533655237273,pc2,Park,2021-06-23 16:20:57,52.506015,13.34277,30.0,37.595600000000005,251.2,0.0626,0.03,18.33,18.33,12.28,0.68,1019.3,2.77,0.95,3.0,16.093,0.85041,Corneliusbrücke,0.845834792296735,3774.837608252618,pc4,Park,False,False,14.491335062973224,50,10,0.04
1624458058.493091,2021-06-23T14:20:58.493091Z,52.505986666666665,13.342625,4,2,S2,1624458058.493091,17.929388367346938,-66.4720836734694,-38.763220408163264,0.004342114632653,44.0,792.6938775510204,4.653061224489796,0.1579811448979591,12,49,2021-06-23 16:20:58,52.505986666666665,13.342625,30.3,37.04,251.0,0.0626,0.03,18.33,18.33,12.28,0.68,1019.3,2.77,0.95,3.0,16.093,0.85041,Corneliusbrücke,1.1184703866795045,3784.1976105388208,pc4,Park,2021-06-23 16:20:58,52.50604,13.342823333333332,39.9,36.8548,251.8,0.0626,0.03,18.33,18.33,12.28,0.68,1019.3,2.77,0.95,3.0,16.093,0.85041,Corneliusbrücke,2.2742203899664206,3765.272081956199,pc2,Park,False,False,14.66290099198628,50,10,0.02
1624458058.5112236,2021-06-23T14:20:58.511223Z,52.50604,13.342823333333332,2,4,S2,1624458058.5112236,18.27415510204081,-70.70829795918367,-42.96521428571429,0.000712953755102,41.0,794.1836734693877,7.857142857142857,0.062517,12,49,2021-06-23 16:20:58,52.50604,13.342823333333332,39.9,36.8548,251.8,0.0626,0.03,18.33,18.33,12.28,0.68,1019.3,2.77,0.95,3.0,16.093,0.85041,Corneliusbrücke,2.2742203899664206,3765.272081956199,pc2,Park,2021-06-23 16:20:58,52.505986666666665,13.342625,30.3,37.04,251.0,0.0626,0.03,18.33,18.33,12.28,0.68,1019.3,2.77,0.95,3.0,16.093,0.85041,Corneliusbrücke,1.1184703866795045,3784.1976105388208,pc4,Park,False,False,14.66290099198628,50,10,0.02
1624458059.4759378,2021-06-23T14:20:59.475937Z,52.50596,13.342485,4,2,S2,1624458059.4759378,19.111828367346934,-66.8551693877551,-39.12244081632653,0.0020849216122448,44.0,891.1020408163265,3.4285714285714284,0.1743985530612244,12,49,2021-06-23 16:20:59,52.50596,13.342485,30.5,36.299200000000006,251.8,0.0626,0.03,18.33,18.33,12.28,0.68,1019.3,2.77,0.95,3.0,16.093,0.85041,Corneliusbrücke,1.5584196868799276,3793.218555803367,pc4,Park,2021-06-23 16:20:59,52.506011666666666,13.342678333333334,40.2,37.7808,252.0,0.0626,0.03,18.33,18.33,12.28,0.68,1019.3,2.77,0.95,3.0,16.093,0.85041,Corneliusbrücke,2.5468542028860486,3774.837608252618,pc2,Park,False,False,14.278845807610178,50,10,0.02
1624458059.5090988,2021-06-23T14:20:59.509098Z,52.506011666666666,13.342678333333334,2,4,S2,1624458059.5090988,18.296284,-70.115784,-42.333898,0.0008254273199999,41.0,894.06,6.96,0.077391432,12,50,2021-06-23 16:20:59,52.506011666666666,13.342678333333334,40.2,37.7808,252.0,0.0626,0.03,18.33,18.33,12.28,0.68,1019.3,2.77,0.95,3.0,16.093,0.85041,Corneliusbrücke,2.5468542028860486,3774.837608252618,pc2,Park,2021-06-23 16:20:59,52.50596,13.342485,30.5,36.299200000000006,251.8,0.0626,0.03,18.33,18.33,12.28,0.68,1019.3,2.77,0.95,3.0,16.093,0.85041,Corneliusbrücke,1.5584196868799276,3793.218555803367,pc4,Park,False,False,14.278845807610178,50,10,0.0
1624458060.4943037,2021-06-23T14:21:00.494303Z,52.50593166666667,13.342345,4,2,S2,1624458060.4943037,14.260069800000002,-68.06707999999999,-40.303896,0.00624651672,44.0,787.98,5.0,0.1121673879999999,12,50,2021-06-23 16:21:00,52.50593166666667,13.342345,30.5,35.9288,251.7,0.0626,0.03,18.33,18.33,12.28,0.68,1019.3,2.77,0.95,3.0,16.093,0.85041,Corneliusbrücke,1.913493448639976,3801.7549067233977,pc4,Park,2021-06-23 16:21:00,52.505985,13.342533333333334,40.7,36.6696,252.3,0.0626,0.03,18.33,18.33,12.28,0.68,1019.3,2.77,0.95,3.0,16.093,3.46201,Kurfürstenstraße,2.9204568953433485,3784.1976105388208,pc2,Park,False,False,14.046979861725298,50,10,0.0
1624458060.5144124,2021-06-23T14:21:00.514412Z,52.505985,13.342533333333334,2,4,S2,1624458060.5144124,17.15887843137255,-72.57708039215686,-44.79972745098039,0.0005803582156862,41.0,773.7254901960785,6.980392156862745,0.0395680196078431,12,51,2021-06-23 16:21:00,52.505985,13.342533333333334,40.7,36.6696,252.3,0.0626,0.03,18.33,18.33,12.28,0.68,1019.3,2.77,0.95,3.0,16.093,3.46201,Kurfürstenstraße,2.9204568953433485,3784.1976105388208,pc2,Park,2021-06-23 16:21:00,52.50593166666667,13.342345,30.5,35.9288,251.7,0.0626,0.03,18.33,18.33,12.28,0.68,1019.3,2.77,0.95,3.0,16.093,0.85041,Corneliusbrücke,1.913493448639976,3801.7549067233977,pc4,Park,False,False,14.046979861725298,50,10,-0.02
1624458061.5020034,2021-06-23T14:21:01.502003Z,52.50590666666667,13.342198333333334,4,2,S2,1624458061.5020034,18.1586762,-67.154514,-39.39916,0.00366162026,44.0,69.66,3.92,0.14507877,12,50,2021-06-23 16:21:01,52.50590666666667,13.342198333333334,30.6,36.114,252.4,0.0626,0.03,18.33,18.33,12.28,0.68,1019.3,2.77,0.95,3.0,16.093,3.55381,Kurfürstenstraße,4.369157022999591,3809.661001233079,pc4,Park,2021-06-23 16:21:01,52.50596,13.342391666666666,40.9,36.8548,252.5,0.0626,0.03,18.33,18.33,12.28,0.68,1019.3,2.77,0.95,3.0,16.093,3.55381,Kurfürstenstraße,2.5685949083803505,3793.218555803367,pc2,Park,False,False,14.35429721097194,50,10,0.0
1624458061.50906,2021-06-23T14:21:01.509060Z,52.50596,13.342391666666666,2,4,S2,1624458061.50906,18.027868,-70.872238,-43.08936800000001,0.0007055912,41.0,70.06,6.94,0.059631494,12,50,2021-06-23 16:21:01,52.50596,13.342391666666666,40.9,36.8548,252.5,0.0626,0.03,18.33,18.33,12.28,0.68,1019.3,2.77,0.95,3.0,16.093,3.55381,Kurfürstenstraße,2.5685949083803505,3793.218555803367,pc2,Park,2021-06-23 16:21:01,52.50590666666667,13.342198333333334,30.6,36.114,252.4,0.0626,0.03,18.33,18.33,12.28,0.68,1019.3,2.77,0.95,3.0,16.093,3.55381,Kurfürstenstraße,4.369157022999591,3809.661001233079,pc4,Park,False,False,14.35429721097194,50,10,0.0
1624458062.514731,2021-06-23T14:21:02.514730Z,52.50588333333334,13.342056666666666,4,2,S2,1624458062.514731,17.237851276595745,-67.93518510638297,-40.165204255319146,0.0031764422553191,44.0,171.0212765957447,3.042553191489361,0.1100962659574468,12,47,2021-06-23 16:21:02,52.50588333333334,13.342056666666666,30.7,35.0028,253.6,0.0626,0.03,18.33,18.33,12.28,0.68,1019.3,2.77,0.95,3.0,16.093,3.55381,Kurfürstenstraße,4.038484406650003,3823.0538429134913,pc4,Park,2021-06-23 16:21:02,52.50593333333333,13.342245,41.3,35.9288,252.2,0.0626,0.03,18.33,18.33,12.28,0.68,1019.3,2.77,0.95,3.0,16.093,3.55381,Kurfürstenstraße,2.466638907658629,3809.661001233079,pc2,Park,False,False,13.894902446325556,50,10,0.06
1624458062.5166838,2021-06-23T14:21:02.516683Z,52.50593333333333,13.342245,2,4,S2,1624458062.5166838,18.0683306122449,-71.10390204081632,-43.308408163265305,0.0006638820816326,41.0,170.79591836734693,7.0,0.0549846830612244,12,49,2021-06-23 16:21:02,52.50593333333333,13.342245,41.3,35.9288,252.2,0.0626,0.03,18.33,18.33,12.28,0.68,1019.3,2.77,0.95,3.0,16.093,3.55381,Kurfürstenstraße,2.466638907658629,3809.661001233079,pc2,Park,2021-06-23 16:21:02,52.50588333333334,13.342056666666666,30.7,35.0028,253.6,0.0626,0.03,18.33,18.33,12.28,0.68,1019.3,2.77,0.95,3.0,16.093,3.55381,Kurfürstenstraße,4.038484406650003,3823.0538429134913,pc4,Park,False,False,13.894902446325556,50,10,0.02
1624458063.3880837,2021-06-23T14:21:03.388083Z,52.505905,13.342103333333334,2,4,S2,1624458063.3880837,16.884066666666666,-73.02250000000001,-45.22397333333333,0.0005571699333333,41.0,258.0,6.533333333333333,0.0350976603333333,12,30,2021-06-23 16:21:03,52.505905,13.342103333333334,41.4,35.373200000000004,252.0,0.0626,0.03,18.33,18.33,12.28,0.68,1019.3,2.77,0.95,3.0,16.093,3.55381,Kurfürstenstraße,2.654677485920884,3816.786287005543,pc2,Park,2021-06-23 16:21:03,52.50586,13.341921666666666,30.9,33.336,253.5,0.0626,0.03,18.33,18.33,12.28,0.68,1019.3,2.77,0.95,3.0,16.093,3.55381,Kurfürstenstraße,3.986174491545072,3828.4755680885896,pc4,Park,False,False,13.263719740479251,50,10,0.4
1624458063.49738,2021-06-23T14:21:03.497380Z,52.50586,13.341921666666666,4,2,S2,1624458063.49738,16.75782,-69.4646,-41.71387,0.00150934302,44.0,269.0,5.9,0.079708658,12,50,2021-06-23 16:21:03,52.50586,13.341921666666666,30.9,33.336,253.5,0.0626,0.03,18.33,18.33,12.28,0.68,1019.3,2.77,0.95,3.0,16.093,3.55381,Kurfürstenstraße,3.986174491545072,3828.4755680885896,pc4,Park,2021-06-23 16:21:03,52.505905,13.342103333333334,41.4,35.373200000000004,252.0,0.0626,0.03,18.33,18.33,12.28,0.68,1019.3,2.77,0.95,3.0,16.093,3.55381,Kurfürstenstraße,2.654677485920884,3816.786287005543,pc2,Park,False,False,13.263719740479251,50,10,0.0
1624458064.3941576,2021-06-23T14:21:04.394157Z,52.50588166666667,13.341973333333334,2,4,S2,1624458064.3941576,17.628988888888887,-71.5832,-43.82058888888889,0.0006644271111111,41.0,359.0,2.555555555555556,0.0489515555555555,12,9,2021-06-23 16:21:04,52.50588166666667,13.341973333333334,42.0,31.1136,252.0,0.0626,0.03,18.33,18.33,12.28,0.68,1019.3,2.77,0.95,3.0,16.093,3.55381,Kurfürstenstraße,2.646987465959441,3828.4755680885896,pc2,Park,2021-06-23 16:21:04,52.505833333333335,13.341798333333331,31.1,29.632,252.3,0.0626,0.03,18.33,18.33,12.28,0.68,1019.3,2.77,0.95,3.0,16.093,0.52571,Corneliusbrücke,4.32952955888783,3840.7008223978896,pc4,Park,False,False,12.9957963798693,50,10,0.82
1624458064.499129,2021-06-23T14:21:04.499129Z,52.505833333333335,13.341798333333331,4,2,S2,1624458064.499129,17.17178,-70.75093799999999,-42.93974,0.00092031944,44.0,369.08,6.84,0.060022192,12,50,2021-06-23 16:21:04,52.505833333333335,13.341798333333331,31.1,29.632,252.3,0.0626,0.03,18.33,18.33,12.28,0.68,1019.3,2.77,0.95,3.0,16.093,0.52571,Corneliusbrücke,4.32952955888783,3840.7008223978896,pc4,Park,2021-06-23 16:21:04,52.50588166666667,13.341973333333334,42.0,31.1136,252.0,0.0626,0.03,18.33,18.33,12.28,0.68,1019.3,2.77,0.95,3.0,16.093,3.55381,Kurfürstenstraße,2.646987465959441,3828.4755680885896,pc2,Park,False,False,12.9957963798693,50,10,0.0
1624458065.499051,2021-06-23T14:21:05.499051Z,52.50580833333333,13.341691666666666,4,2,S2,1624458065.499051,18.110058,-69.554716,-41.785758,0.00098847346,44.0,469.08,6.76,0.081985198,12,50,2021-06-23 16:21:05,52.50580833333333,13.341691666666666,30.9,24.8168,251.9,0.0626,0.03,18.33,18.33,12.28,0.68,1019.3,2.77,0.95,3.0,16.093,0.52275,Corneliusbrücke,4.767230737132028,3846.7557868357817,pc4,Park,2021-06-23 16:21:05,52.505858333333336,13.341865,42.2,25.1872,251.9,0.0626,0.03,18.33,18.33,12.28,0.68,1019.3,2.77,0.95,3.0,16.093,0.52571,Corneliusbrücke,5.392579781039434,3833.115553924172,pc2,Park,False,False,12.97144024955008,50,10,0.0
1624458065.715102,2021-06-23T14:21:05.715101Z,52.505858333333336,13.341865,2,4,S2,1624458065.715102,18.313405882352946,-70.87033529411765,-43.09198823529412,0.000658582117647,41.0,491.05882352941177,2.9411764705882355,0.0544472705882352,12,17,2021-06-23 16:21:05,52.505858333333336,13.341865,42.2,25.1872,251.9,0.0626,0.03,18.33,18.33,12.28,0.68,1019.3,2.77,0.95,3.0,16.093,0.52571,Corneliusbrücke,5.392579781039434,3833.115553924172,pc2,Park,2021-06-23 16:21:05,52.50580833333333,13.341691666666666,30.9,24.8168,251.9,0.0626,0.03,18.33,18.33,12.28,0.68,1019.3,2.77,0.95,3.0,16.093,0.52275,Corneliusbrücke,4.767230737132028,3846.7557868357817,pc4,Park,False,False,12.97144024955008,50,10,0.66
1624458066.3784254,2021-06-23T14:21:06.378425Z,52.50583833333334,13.341778333333334,2,4,S2,1624458066.3784254,18.171055555555554,-71.36224444444444,-43.55328333333333,0.0006108731666666,41.0,557.3888888888889,2.9444444444444446,0.0513391277777777,12,18,2021-06-23 16:21:06,52.50583833333334,13.341778333333334,42.3,20.001600000000003,251.5,0.0626,0.03,18.33,18.33,12.28,0.68,1019.3,2.77,0.95,3.0,16.093,3.46201,Kurfürstenstraße,3.5990650705945733,3840.7008223978896,pc2,Park,2021-06-23 16:21:06,52.50578166666666,13.34161,30.8,19.6312,250.9,0.0626,0.03,18.33,18.33,12.28,0.68,1019.3,2.77,0.95,3.0,16.093,3.55381,Kurfürstenstraße,4.579070143816812,3852.340571883505,pc4,Park,False,False,13.008497202879989,50,10,0.64
1624458066.498482,2021-06-23T14:21:06.498481Z,52.50578166666666,13.34161,4,2,S2,1624458066.498482,18.897876,-68.59751999999999,-40.860234,0.00103166972,44.0,569.0,7.0,0.093056062,12,50,2021-06-23 16:21:06,52.50578166666666,13.34161,30.8,19.6312,250.9,0.0626,0.03,18.33,18.33,12.28,0.68,1019.3,2.77,0.95,3.0,16.093,3.55381,Kurfürstenstraße,4.579070143816812,3852.340571883505,pc4,Park,2021-06-23 16:21:06,52.50583833333334,13.341778333333334,42.3,20.001600000000003,251.5,0.0626,0.03,18.33,18.33,12.28,0.68,1019.3,2.77,0.95,3.0,16.093,3.46201,Kurfürstenstraße,3.5990650705945733,3840.7008223978896,pc2,Park,False,False,13.008497202879989,50,10,0.0
1624458067.4990504,2021-06-23T14:21:07.499050Z,52.505761666666665,13.341548333333334,4,2,S2,1624458067.4990504,18.056388,-69.49413,-41.760354,0.00103106652,44.0,669.08,6.76,0.081800118,12,50,2021-06-23 16:21:07,52.505761666666665,13.341548333333334,30.8,15.1864,233.7,0.0626,0.03,18.33,18.33,12.28,0.68,1019.3,2.77,0.95,3.0,16.093,0.15454,Corneliusbrücke,5.416568021600887,3858.474162506861,pc4,Park,2021-06-23 16:21:07,52.50582166666667,13.34171,42.7,16.1124,250.1,0.0626,0.03,18.33,18.33,12.28,0.68,1019.3,2.77,0.95,3.0,16.093,3.46201,Kurfürstenstraße,3.801183724226916,3843.867187083417,pc2,Park,False,False,12.80464982062404,50,10,0.0
1624458067.52863,2021-06-23T14:21:07.528630Z,52.50582166666667,13.34171,2,4,S2,1624458067.52863,18.275141666666663,-70.85321666666667,-43.06153333333333,0.00069329425,41.0,672.4166666666666,2.9166666666666665,0.067061935,12,12,2021-06-23 16:21:07,52.50582166666667,13.34171,42.7,16.1124,250.1,0.0626,0.03,18.33,18.33,12.28,0.68,1019.3,2.77,0.95,3.0,16.093,3.46201,Kurfürstenstraße,3.801183724226916,3843.867187083417,pc2,Park,2021-06-23 16:21:07,52.505761666666665,13.341548333333334,30.8,15.1864,233.7,0.0626,0.03,18.33,18.33,12.28,0.68,1019.3,2.77,0.95,3.0,16.093,0.15454,Corneliusbrücke,5.416568021600887,3858.474162506861,pc4,Park,False,False,12.80464982062404,50,10,0.76
1624458068.490213,2021-06-23T14:21:08.490212Z,52.50573833333333,13.341516666666667,4,2,S2,1624458068.490213,18.80975693877551,-66.83291836734693,-39.0779306122449,0.0036891680204081,44.0,768.2448979591836,6.26530612244898,0.1854980040816326,12,49,2021-06-23 16:21:08,52.50573833333333,13.341516666666667,30.8,9.26,225.2,0.0626,0.03,18.33,18.33,12.28,0.68,1019.3,2.77,0.95,3.0,16.093,3.55381,Kurfürstenstraße,4.292881129150943,3861.73955569998,pc4,Park,2021-06-23 16:21:08,52.505806666666665,13.341655,42.8,12.964,249.2,0.0626,0.03,18.33,18.33,12.28,0.68,1019.3,2.77,0.95,3.0,16.093,3.55381,Kurfürstenstraße,3.61048948714543,3849.518745096397,pc2,Park,False,False,12.047620990765855,50,10,0.02
1624458068.567131,2021-06-23T14:21:08.567131Z,52.505806666666665,13.341655,2,4,S2,1624458068.567131,19.507535135135136,-68.43486756756757,-40.64500810810811,0.0009811089189189,41.0,776.1621621621622,3.945945945945946,0.1216129002702702,12,37,2021-06-23 16:21:08,52.505806666666665,13.341655,42.8,12.964,249.2,0.0626,0.03,18.33,18.33,12.28,0.68,1019.3,2.77,0.95,3.0,16.093,3.55381,Kurfürstenstraße,3.61048948714543,3849.518745096397,pc2,Park,2021-06-23 16:21:08,52.50573833333333,13.341516666666667,30.8,9.26,225.2,0.0626,0.03,18.33,18.33,12.28,0.68,1019.3,2.77,0.95,3.0,16.093,3.55381,Kurfürstenstraße,4.292881129150943,3861.73955569998,pc4,Park,False,False,12.047620990765855,50,10,0.26
1624458069.4905186,2021-06-23T14:21:09.490518Z,52.50579,13.341615,2,4,S2,1624458069.4905186,20.912608,-66.22556800000001,-38.485384,0.0010793464,41.0,868.0,9.0,0.151394596,12,50,2021-06-23 16:21:09,52.50579,13.341615,42.9,9.8156,248.1,0.0626,0.03,18.33,18.33,12.28,0.68,1019.3,2.77,0.95,3.0,16.093,3.55381,Kurfürstenstraße,4.04273067972423,3852.340571883505,pc2,Park,2021-06-23 16:21:09,52.50572,13.341508333333334,31.1,0.0,225.2,0.0626,0.03,18.33,18.33,12.28,0.68,1019.3,2.77,0.95,3.0,16.093,0.15454,Corneliusbrücke,3.8773544907254776,3861.73955569998,pc4,Park,False,False,10.607145085185286,50,10,0.0
1624458069.4975104,2021-06-23T14:21:09.497510Z,52.50572,13.341508333333334,4,2,S2,1624458069.4975104,17.948457,-62.594198,-34.853792,0.00969441896,44.0,869.5,1.0,0.359799846,12,50,2021-06-23 16:21:09,52.50572,13.341508333333334,31.1,0.0,225.2,0.0626,0.03,18.33,18.33,12.28,0.68,1019.3,2.77,0.95,3.0,16.093,0.15454,Corneliusbrücke,3.8773544907254776,3861.73955569998,pc4,Park,2021-06-23 16:21:09,52.50579,13.341615,42.9,9.8156,248.1,0.0626,0.03,18.33,18.33,12.28,0.68,1019.3,2.77,0.95,3.0,16.093,3.55381,Kurfürstenstraße,4.04273067972423,3852.340571883505,pc2,Park,False,False,10.607145085185286,50,10,0.0
1624458070.492978,2021-06-23T14:21:10.492977Z,52.50578,13.341588333333334,2,4,S2,1624458070.492978,19.674238,-68.81408400000001,-41.06569,0.00079929228,41.0,968.82,3.26,0.090805312,12,50,2021-06-23 16:21:10,52.50578,13.341588333333334,42.8,5.1856,248.1,0.0626,0.03,18.33,18.33,12.28,0.68,1019.3,2.77,0.95,3.0,16.093,3.55381,Kurfürstenstraße,3.792043544793809,3855.316948468993,pc2,Park,2021-06-23 16:21:10,52.505725,13.341503333333334,31.1,0.0,225.2,0.0626,0.03,18.33,18.33,12.28,0.68,1019.3,2.77,0.95,3.0,16.093,0.15454,Corneliusbrücke,4.510391916883264,3861.73955569998,pc4,Park,False,False,8.38913944506432,50,10,0.0
1624458070.49312,2021-06-23T14:21:10.493119Z,52.505725,13.341503333333334,4,2,S2,1624458070.49312,21.183632653061224,-65.54711224489796,-37.82471836734694,0.0012781944081632,44.0,969.0408163265306,1.2448979591836735,0.1882261224489795,12,49,2021-06-23 16:21:10,52.505725,13.341503333333334,31.1,0.0,225.2,0.0626,0.03,18.33,18.33,12.28,0.68,1019.3,2.77,0.95,3.0,16.093,0.15454,Corneliusbrücke,4.510391916883264,3861.73955569998,pc4,Park,2021-06-23 16:21:10,52.50578,13.341588333333334,42.8,5.1856,248.1,0.0626,0.03,18.33,18.33,12.28,0.68,1019.3,2.77,0.95,3.0,16.093,3.55381,Kurfürstenstraße,3.792043544793809,3855.316948468993,pc2,Park,False,False,8.38913944506432,50,10,0.02
1624458071.4935305,2021-06-23T14:21:11.493530Z,52.50577833333333,13.341578333333333,2,4,S2,1624458071.4935305,19.20942,-68.74015800000001,-40.973286,0.0009367918799999,41.0,85.96,2.0,0.099987064,12,50,2021-06-23 16:21:11,52.50577833333333,13.341578333333333,42.8,0.0,248.1,0.0626,0.03,18.33,18.33,12.28,0.68,1019.3,2.77,0.95,3.0,16.093,3.55381,Kurfürstenstraße,3.5058520892957925,3855.316948468993,pc2,Park,2021-06-23 16:21:11,52.50572833333333,13.341498333333334,31.3,0.0,225.2,0.0626,0.03,18.33,18.33,12.28,0.68,1019.3,2.77,0.95,3.0,16.093,3.55381,Kurfürstenstraße,4.364428697241613,3861.73955569998,pc4,Park,False,False,7.754019806099381,50,10,0.0
1624458071.4984818,2021-06-23T14:21:11.498481Z,52.50572833333333,13.341498333333334,4,2,S2,1624458071.4984818,21.77079,-65.008386,-37.256156,0.00126442036,44.0,85.96,7.0,0.2247765,12,50,2021-06-23 16:21:11,52.50572833333333,13.341498333333334,31.3,0.0,225.2,0.0626,0.03,18.33,18.33,12.28,0.68,1019.3,2.77,0.95,3.0,16.093,3.55381,Kurfürstenstraße,4.364428697241613,3861.73955569998,pc4,Park,2021-06-23 16:21:11,52.50577833333333,13.341578333333333,42.8,0.0,248.1,0.0626,0.03,18.33,18.33,12.28,0.68,1019.3,2.77,0.95,3.0,16.093,3.55381,Kurfürstenstraße,3.5058520892957925,3855.316948468993,pc2,Park,False,False,7.754019806099381,50,10,0.0
1624458072.4921632,2021-06-23T14:21:12.492163Z,52.50577666666667,13.341575,2,4,S2,1624458072.4921632,18.45288,-70.455068,-42.631348,0.00071290124,41.0,144.4,6.42,0.061056896,12,50,2021-06-23 16:21:12,52.50577666666667,13.341575,42.3,0.0,248.1,0.0626,0.03,18.33,18.33,12.28,0.68,1019.3,2.77,0.95,3.0,16.093,3.55381,Kurfürstenstraße,3.5058522524618647,3855.316948468993,pc2,Park,2021-06-23 16:21:12,52.505725,13.341483333333333,31.3,0.0,225.2,0.0626,0.03,18.33,18.33,12.28,0.68,1019.3,2.77,0.95,3.0,16.093,3.55381,Kurfürstenstraße,3.947676589417773,3865.002071828704,pc4,Park,False,False,8.448375905228898,50,10,0.0
1624458072.5044937,2021-06-23T14:21:12.504493Z,52.505725,13.341483333333333,4,2,S2,1624458072.5044937,20.797283673469387,-66.08558367346939,-38.262185714285714,0.0014515308979591,44.0,145.9591836734694,3.3877551020408165,0.1617971061224489,12,49,2021-06-23 16:21:12,52.505725,13.341483333333333,31.3,0.0,225.2,0.0626,0.03,18.33,18.33,12.28,0.68,1019.3,2.77,0.95,3.0,16.093,3.55381,Kurfürstenstraße,3.947676589417773,3865.002071828704,pc4,Park,2021-06-23 16:21:12,52.50577666666667,13.341575,42.3,0.0,248.1,0.0626,0.03,18.33,18.33,12.28,0.68,1019.3,2.77,0.95,3.0,16.093,3.55381,Kurfürstenstraße,3.5058522524618647,3855.316948468993,pc2,Park,False,False,8.448375905228898,50,10,0.02
1624458073.4845345,2021-06-23T14:21:13.484534Z,52.50577333333333,13.341568333333331,2,4,S2,1624458073.4845345,14.4796008125,-74.07444375,-46.30949999999999,0.0014527301041666,41.0,243.39583333333331,9.0,0.0299892702083333,12,48,2021-06-23 16:21:13,52.50577333333333,13.341568333333331,42.2,0.0,248.1,0.0626,0.03,18.33,18.33,12.28,0.68,1019.3,2.77,0.95,3.0,16.093,3.55381,Kurfürstenstraße,3.505852547306836,3855.316948468993,pc2,Park,2021-06-23 16:21:13,52.50572,13.341471666666669,31.4,0.0,225.2,0.0626,0.03,18.33,18.33,12.28,0.68,1019.3,2.77,0.95,3.0,16.093,3.55381,Kurfürstenstraße,3.562538020508208,3865.002071828704,pc4,Park,False,False,8.822776729713366,50,10,0.04
1624458073.5018106,2021-06-23T14:21:13.501810Z,52.50572,13.341471666666669,4,2,S2,1624458073.5018106,15.980229387755102,-71.5728857142857,-43.76505918367347,0.0014183202244897,44.0,245.46938775510205,5.612244897959184,0.0489274767346938,12,49,2021-06-23 16:21:13,52.50572,13.341471666666669,31.4,0.0,225.2,0.0626,0.03,18.33,18.33,12.28,0.68,1019.3,2.77,0.95,3.0,16.093,3.55381,Kurfürstenstraße,3.562538020508208,3865.002071828704,pc4,Park,2021-06-23 16:21:13,52.50577333333333,13.341568333333331,42.2,0.0,248.1,0.0626,0.03,18.33,18.33,12.28,0.68,1019.3,2.77,0.95,3.0,16.093,3.55381,Kurfürstenstraße,3.505852547306836,3855.316948468993,pc2,Park,False,False,8.822776729713366,50,10,0.02
1624458074.4843698,2021-06-23T14:21:14.484369Z,52.50576333333333,13.341546666666666,2,4,S2,1624458074.4843698,14.57105551020408,-75.51357959183673,-47.72063673469388,0.0005300459795918,41.0,343.40816326530614,8.755102040816327,0.021363567755102,12,49,2021-06-23 16:21:14,52.50576333333333,13.341546666666666,42.2,9.630400000000002,233.4,0.0626,0.03,18.33,18.33,12.28,0.68,1019.3,2.77,0.95,3.0,16.093,0.15454,Corneliusbrücke,5.633230741413302,3858.474162506861,pc2,Park,2021-06-23 16:21:14,52.50569,13.341435,31.3,18.3348,213.4,0.0626,0.03,18.33,18.33,12.28,0.68,1019.3,2.77,0.95,3.0,16.093,3.46201,Kurfürstenstraße,3.2121877762306794,3868.083984180518,pc4,Park,False,False,11.108606994342674,50,10,0.02
1624458074.552124,2021-06-23T14:21:14.552124Z,52.50569,13.341435,4,2,S2,1624458074.552124,16.447,-71.41163157894736,-43.63568684210526,0.0009383573157894,44.0,350.7894736842105,2.736842105263158,0.0575802052631579,12,38,2021-06-23 16:21:14,52.50569,13.341435,31.3,18.3348,213.4,0.0626,0.03,18.33,18.33,12.28,0.68,1019.3,2.77,0.95,3.0,16.093,3.46201,Kurfürstenstraße,3.2121877762306794,3868.083984180518,pc4,Park,2021-06-23 16:21:14,52.50576333333333,13.341546666666666,42.2,9.630400000000002,233.4,0.0626,0.03,18.33,18.33,12.28,0.68,1019.3,2.77,0.95,3.0,16.093,0.15454,Corneliusbrücke,5.633230741413302,3858.474162506861,pc2,Park,False,False,11.108606994342674,50,10,0.24
1624458075.429171,2021-06-23T14:21:15.429171Z,52.505743333333335,13.341505,2,4,S2,1624458075.429171,12.350438387096776,-74.63250967741936,-46.903867741935485,0.001052046032258,41.0,438.1612903225807,6.0,0.0216100709677419,12,31,2021-06-23 16:21:15,52.505743333333335,13.341505,42.2,15.9272,229.8,0.0626,0.03,18.33,18.33,12.28,0.68,1019.3,2.77,0.95,3.0,16.093,3.55381,Kurfürstenstraße,3.362757227740147,3861.73955569998,pc2,Park,2021-06-23 16:21:15,52.50564833333333,13.34139,31.2,18.7052,208.3,0.0626,0.03,18.33,18.33,12.28,0.68,1019.3,2.77,0.95,3.0,16.093,3.46201,Kurfürstenstraße,3.357598849941557,3874.8235676181134,pc4,Park,False,False,13.110142805899406,50,10,0.38
1624458075.4925768,2021-06-23T14:21:15.492576Z,52.50564833333333,13.34139,4,2,S2,1624458075.4925768,16.219284000000002,-71.951826,-44.218156,0.0008526597199999,44.0,445.0,1.08,0.0462557454,12,50,2021-06-23 16:21:15,52.50564833333333,13.34139,31.2,18.7052,208.3,0.0626,0.03,18.33,18.33,12.28,0.68,1019.3,2.77,0.95,3.0,16.093,3.46201,Kurfürstenstraße,3.357598849941557,3874.8235676181134,pc4,Park,2021-06-23 16:21:15,52.505743333333335,13.341505,42.2,15.9272,229.8,0.0626,0.03,18.33,18.33,12.28,0.68,1019.3,2.77,0.95,3.0,16.093,3.55381,Kurfürstenstraße,3.362757227740147,3861.73955569998,pc2,Park,False,False,13.110142805899406,50,10,0.0
1624458076.394832,2021-06-23T14:21:16.394832Z,52.505605,13.341358333333334,4,2,S2,1624458076.394832,16.6009225,-70.89812500000001,-43.12012,0.001306110075,44.0,535.2,1.35,0.05416873,12,40,2021-06-23 16:21:16,52.505605,13.341358333333334,31.5,16.8532,201.1,0.0626,0.03,18.33,18.33,12.28,0.68,1019.3,2.77,0.95,3.0,16.093,3.46201,Kurfürstenstraße,4.033435464570075,3880.188395129036,pc4,Park,2021-06-23 16:21:16,52.50570833333333,13.341448333333334,42.2,18.7052,225.4,0.0626,0.03,18.33,18.33,12.28,0.68,1019.3,2.77,0.95,3.0,16.093,3.46201,Kurfürstenstraße,2.888545111212315,3868.083984180518,pc2,Park,False,False,12.994001048515926,50,10,0.2
1624458076.5077395,2021-06-23T14:21:16.507739Z,52.50570833333333,13.341448333333334,2,4,S2,1624458076.5077395,14.637348979591836,-73.23672448979592,-45.4321387755102,0.0009274742040816,41.0,546.0204081632653,6.0,0.0300051632653061,12,49,2021-06-23 16:21:16,52.50570833333333,13.341448333333334,42.2,18.7052,225.4,0.0626,0.03,18.33,18.33,12.28,0.68,1019.3,2.77,0.95,3.0,16.093,3.46201,Kurfürstenstraße,2.888545111212315,3868.083984180518,pc2,Park,2021-06-23 16:21:16,52.505605,13.341358333333334,31.5,16.8532,201.1,0.0626,0.03,18.33,18.33,12.28,0.68,1019.3,2.77,0.95,3.0,16.093,3.46201,Kurfürstenstraße,4.033435464570075,3880.188395129036,pc4,Park,False,False,12.994001048515926,50,10,0.02
1624458077.4969733,2021-06-23T14:21:17.496973Z,52.50567,13.341396666666666,2,4,S2,1624458077.4969733,13.559778444444444,-73.56305333333333,-45.79160444444444,0.0012587674,41.0,645.1555555555556,3.8666666666666663,0.0291672082222222,12,45,2021-06-23 16:21:17,52.50567,13.341396666666666,41.8,17.7792,216.0,0.0626,0.03,18.33,18.33,12.28,0.68,1019.3,2.77,0.95,3.0,16.093,3.46201,Kurfürstenstraße,2.352962924133168,3873.020698516736,pc2,Park,2021-06-23 16:21:17,52.505563333333335,13.341333333333331,31.6,15.5568,194.2,0.0626,0.03,18.33,18.33,12.28,0.68,1019.3,2.77,0.95,3.0,16.093,0.52571,Corneliusbrücke,3.741419854572341,3885.225904400453,pc4,Park,False,False,12.601253606234376,50,10,0.1
1624458077.7025976,2021-06-23T14:21:17.702597Z,52.505563333333335,13.341333333333331,4,2,S2,1624458077.7025976,9.22186,-67.52675833333333,-39.73668333333333,0.0120771441666666,44.0,665.3333333333334,7.75,0.1086611666666666,12,12,2021-06-23 16:21:17,52.505563333333335,13.341333333333331,31.6,15.5568,194.2,0.0626,0.03,18.33,18.33,12.28,0.68,1019.3,2.77,0.95,3.0,16.093,0.52571,Corneliusbrücke,3.741419854572341,3885.225904400453,pc4,Park,2021-06-23 16:21:17,52.50567,13.341396666666666,41.8,17.7792,216.0,0.0626,0.03,18.33,18.33,12.28,0.68,1019.3,2.77,0.95,3.0,16.093,3.46201,Kurfürstenstraße,2.352962924133168,3873.020698516736,pc2,Park,False,False,12.601253606234376,50,10,0.76
1624458078.5112643,2021-06-23T14:21:18.511264Z,52.50566,13.341343333333333,2,4,S2,1624458078.5112643,12.830131914893618,-73.19652340425532,-45.44806808510639,0.0014586628723404,41.0,746.8085106382979,1.5957446808510638,0.0317067936170212,12,47,2021-06-23 16:21:18,52.50566,13.341343333333333,42.1,16.4828,210.2,0.0626,0.03,18.33,18.33,12.28,0.68,1019.3,2.77,0.95,3.0,16.093,3.46201,Kurfürstenstraße,0.0264392249281877,3874.8235676181134,pc2,Park,2021-06-23 16:21:18,52.505523333333336,13.341316666666666,31.8,13.7048,193.6,0.0626,0.03,18.33,18.33,12.28,0.68,1019.3,2.77,0.95,3.0,16.093,0.15454,Corneliusbrücke,3.345987323880118,3889.934744963387,pc4,Park,False,False,15.291517759424773,50,10,0.06
1624458078.517645,2021-06-23T14:21:18.517644Z,52.505523333333336,13.341316666666666,4,2,S2,1624458078.517645,17.92628125,-70.02905416666667,-42.26724166666667,0.0009036741875,44.0,746.9166666666666,7.0,0.067904325,12,48,2021-06-23 16:21:18,52.505523333333336,13.341316666666666,31.8,13.7048,193.6,0.0626,0.03,18.33,18.33,12.28,0.68,1019.3,2.77,0.95,3.0,16.093,0.15454,Corneliusbrücke,3.345987323880118,3889.934744963387,pc4,Park,2021-06-23 16:21:18,52.50566,13.341343333333333,42.1,16.4828,210.2,0.0626,0.03,18.33,18.33,12.28,0.68,1019.3,2.77,0.95,3.0,16.093,3.46201,Kurfürstenstraße,0.0264392249281877,3874.8235676181134,pc2,Park,False,False,15.291517759424773,50,10,0.04
1624458079.4735878,2021-06-23T14:21:19.473587Z,52.50549333333333,13.341301666666666,4,2,S2,1624458079.4735878,17.125863636363636,-70.52059318181819,-42.75773181818182,0.0012753495227272,44.0,842.5,7.090909090909091,0.0808497568181818,12,44,2021-06-23 16:21:19,52.50549333333333,13.341301666666666,31.2,10.5564,188.3,0.0626,0.03,18.33,18.33,12.28,0.68,1019.3,2.77,0.95,3.0,16.093,0.15454,Corneliusbrücke,3.283982327386989,3892.815623422484,pc4,Park,2021-06-23 16:21:19,52.50563666666667,13.341303333333334,42.0,14.816,208.1,0.0626,0.03,18.33,18.33,12.28,0.68,1019.3,2.77,0.95,3.0,16.093,3.46201,Kurfürstenstraße,0.8512771839153546,3878.727562670717,pc2,Park,False,False,15.926285584255382,50,10,0.12
1624458079.5066712,2021-06-23T14:21:19.506671Z,52.50563666666667,13.341303333333334,2,4,S2,1624458079.5066712,14.075754,-73.60494399999999,-45.819328000000006,0.00098473108,41.0,846.3,2.1,0.0343510696,12,50,2021-06-23 16:21:19,52.50563666666667,13.341303333333334,42.0,14.816,208.1,0.0626,0.03,18.33,18.33,12.28,0.68,1019.3,2.77,0.95,3.0,16.093,3.46201,Kurfürstenstraße,0.8512771839153546,3878.727562670717,pc2,Park,2021-06-23 16:21:19,52.50549333333333,13.341301666666666,31.2,10.5564,188.3,0.0626,0.03,18.33,18.33,12.28,0.68,1019.3,2.77,0.95,3.0,16.093,0.15454,Corneliusbrücke,3.283982327386989,3892.815623422484,pc4,Park,False,False,15.926285584255382,50,10,0.0
1624458080.498124,2021-06-23T14:21:20.498124Z,52.505613333333336,13.341266666666666,2,4,S2,1624458080.498124,15.6311,-71.50507142857143,-43.71847551020409,0.0010674264897959,41.0,945.0816326530612,5.775510204081633,0.0466251306122448,12,49,2021-06-23 16:21:20,52.505613333333336,13.341266666666666,41.6,14.6308,202.6,0.0626,0.03,18.33,18.33,12.28,0.68,1019.3,2.77,0.95,3.0,16.093,3.46201,Kurfürstenstraße,1.9457775472693888,3882.273898441485,pc2,Park,2021-06-23 16:21:20,52.50547,13.34129,31.2,7.408,185.4,0.0626,0.03,18.33,18.33,12.28,0.68,1019.3,2.77,0.95,3.0,16.093,0.15454,Corneliusbrücke,3.6171414237870896,3896.619643332429,pc4,Park,False,False,16.00423252466464,50,10,0.02
1624458080.523728,2021-06-23T14:21:20.523728Z,52.50547,13.34129,4,2,S2,1624458080.523728,19.32989695652174,-68.00942391304348,-40.21462826086957,0.0013621236956521,44.0,947.9130434782608,3.108695652173913,0.1050934434782608,12,46,2021-06-23 16:21:20,52.50547,13.34129,31.2,7.408,185.4,0.0626,0.03,18.33,18.33,12.28,0.68,1019.3,2.77,0.95,3.0,16.093,0.15454,Corneliusbrücke,3.6171414237870896,3896.619643332429,pc4,Park,2021-06-23 16:21:20,52.505613333333336,13.341266666666666,41.6,14.6308,202.6,0.0626,0.03,18.33,18.33,12.28,0.68,1019.3,2.77,0.95,3.0,16.093,3.46201,Kurfürstenstraße,1.9457775472693888,3882.273898441485,pc2,Park,False,False,16.00423252466464,50,10,0.08
1624458081.434144,2021-06-23T14:21:21.434144Z,52.50559,13.341243333333331,2,4,S2,1624458081.434144,18.168456097560977,-70.7752512195122,-42.97774878048781,0.0007723962682926,41.0,339.8292682926829,1.146341463414634,0.0861234860975609,12,41,2021-06-23 16:21:21,52.50559,13.341243333333331,41.4,11.112,197.1,0.0626,0.03,18.33,18.33,12.28,0.68,1019.3,2.77,0.95,3.0,16.093,3.46201,Kurfürstenstraße,2.372384279167425,3885.225904400453,pc2,Park,2021-06-23 16:21:21,52.50545666666667,13.341281666666667,31.0,4.074400000000001,187.4,0.0626,0.03,18.33,18.33,12.28,0.68,1019.3,2.77,0.95,3.0,16.093,0.52571,Corneliusbrücke,3.918571080559925,3898.926939345477,pc4,Park,False,False,15.040467959489876,50,10,0.18
1624458081.498702,2021-06-23T14:21:21.498702Z,52.50545666666667,13.341281666666667,4,2,S2,1624458081.498702,18.893372,-68.49635,-40.70665,0.00111900484,44.0,308.18,2.62,0.152100212,12,50,2021-06-23 16:21:21,52.50545666666667,13.341281666666667,31.0,4.074400000000001,187.4,0.0626,0.03,18.33,18.33,12.28,0.68,1019.3,2.77,0.95,3.0,16.093,0.52571,Corneliusbrücke,3.918571080559925,3898.926939345477,pc4,Park,2021-06-23 16:21:21,52.50559,13.341243333333331,41.4,11.112,197.1,0.0626,0.03,18.33,18.33,12.28,0.68,1019.3,2.77,0.95,3.0,16.093,3.46201,Kurfürstenstraße,2.372384279167425,3885.225904400453,pc2,Park,False,False,15.040467959489876,50,10,0.0
1624458082.520017,2021-06-23T14:21:22.520016Z,52.505453333333335,13.341275,4,2,S2,1624458082.520017,20.106116382978723,-66.46554680851064,-38.71272340425532,0.0026047878297872,44.0,123.12765957446808,7.23404255319149,0.1549929936170213,12,47,2021-06-23 16:21:22,52.505453333333335,13.341275,30.9,0.0,187.4,0.0626,0.03,18.33,18.33,12.28,0.68,1019.3,2.77,0.95,3.0,16.093,0.52571,Corneliusbrücke,4.299323371001489,3898.926939345477,pc4,Park,2021-06-23 16:21:22,52.50557333333333,13.341231666666667,40.5,5.000400000000001,197.1,0.0626,0.03,18.33,18.33,12.28,0.68,1019.3,2.77,0.95,3.0,16.093,3.55381,Kurfürstenstraße,2.588056388748498,3886.813770380125,pc2,Park,False,False,13.65220866144176,50,10,0.06
1624458082.5848484,2021-06-23T14:21:22.584848Z,52.50557333333333,13.341231666666667,2,4,S2,1624458082.5848484,18.9981475,-69.708835,-41.9713275,0.0007471080249999,41.0,130.1,2.275,0.0705908325,12,40,2021-06-23 16:21:22,52.50557333333333,13.341231666666667,40.5,5.000400000000001,197.1,0.0626,0.03,18.33,18.33,12.28,0.68,1019.3,2.77,0.95,3.0,16.093,3.55381,Kurfürstenstraße,2.588056388748498,3886.813770380125,pc2,Park,2021-06-23 16:21:22,52.505453333333335,13.341275,30.9,0.0,187.4,0.0626,0.03,18.33,18.33,12.28,0.68,1019.3,2.77,0.95,3.0,16.093,0.52571,Corneliusbrücke,4.299323371001489,3898.926939345477,pc4,Park,False,False,13.65220866144176,50,10,0.2
1624458083.483351,2021-06-23T14:21:23.483350Z,52.505565,13.34123,2,4,S2,1624458083.483351,20.07923877551021,-67.92496530612244,-40.27322040816326,0.0008991910204081,41.0,220.08163265306123,1.0,0.1099082,12,49,2021-06-23 16:21:23,52.505565,13.34123,40.1,0.0,197.1,0.0626,0.03,18.33,18.33,12.28,0.68,1019.3,2.77,0.95,3.0,16.093,3.55381,Kurfürstenstraße,2.426303332430157,3888.380050044208,pc2,Park,2021-06-23 16:21:23,52.505455,13.34127,30.9,0.0,187.4,0.0626,0.03,18.33,18.33,12.28,0.68,1019.3,2.77,0.95,3.0,16.093,0.52571,Corneliusbrücke,4.664210515662517,3898.926939345477,pc4,Park,False,False,12.51857470094101,50,10,0.02
1624458083.493418,2021-06-23T14:21:23.493417Z,52.505455,13.34127,4,2,S2,1624458083.493418,15.786113829787237,-63.94339361702128,-36.27563829787234,0.0155419532978723,44.0,220.61702127659572,5.74468085106383,0.2734726914893617,12,47,2021-06-23 16:21:23,52.505455,13.34127,30.9,0.0,187.4,0.0626,0.03,18.33,18.33,12.28,0.68,1019.3,2.77,0.95,3.0,16.093,0.52571,Corneliusbrücke,4.664210515662517,3898.926939345477,pc4,Park,2021-06-23 16:21:23,52.505565,13.34123,40.1,0.0,197.1,0.0626,0.03,18.33,18.33,12.28,0.68,1019.3,2.77,0.95,3.0,16.093,3.55381,Kurfürstenstraße,2.426303332430157,3888.380050044208,pc2,Park,False,False,12.51857470094101,50,10,0.06
1624458084.495066,2021-06-23T14:21:24.495065Z,52.50556,13.341235,2,4,S2,1624458084.495066,19.978778,-67.042504,-39.365300000000005,0.0011413315,41.0,321.0,3.56,0.13877128,12,50,2021-06-23 16:21:24,52.50556,13.341235,39.7,0.0,197.1,0.0626,0.03,18.33,18.33,12.28,0.68,1019.3,2.77,0.95,3.0,16.093,3.55381,Kurfürstenstraße,1.9410428494885847,3888.380050044208,pc2,Park,2021-06-23 16:21:24,52.505455,13.341266666666666,30.8,0.0,187.4,0.0626,0.03,18.33,18.33,12.28,0.68,1019.3,2.77,0.95,3.0,16.093,0.52571,Corneliusbrücke,4.886315841684993,3898.926939345477,pc4,Park,False,False,11.862041970688033,50,10,0.0
1624458084.498544,2021-06-23T14:21:24.498543Z,52.505455,13.341266666666666,4,2,S2,1624458084.498544,17.79757142857143,-63.36271428571429,-35.67638163265306,0.0070347919591836,44.0,321.38775510204084,3.183673469387755,0.3164891040816326,12,49,2021-06-23 16:21:24,52.505455,13.341266666666666,30.8,0.0,187.4,0.0626,0.03,18.33,18.33,12.28,0.68,1019.3,2.77,0.95,3.0,16.093,0.52571,Corneliusbrücke,4.886315841684993,3898.926939345477,pc4,Park,2021-06-23 16:21:24,52.50556,13.341235,39.7,0.0,197.1,0.0626,0.03,18.33,18.33,12.28,0.68,1019.3,2.77,0.95,3.0,16.093,3.55381,Kurfürstenstraße,1.9410428494885847,3888.380050044208,pc2,Park,False,False,11.862041970688033,50,10,0.02
1624458085.498615,2021-06-23T14:21:25.498615Z,52.50545666666667,13.341263333333334,4,2,S2,1624458085.498615,23.193956,-61.278718,-33.566102,0.0021926579,44.0,421.46,2.54,0.48363234,12,50,2021-06-23 16:21:25,52.50545666666667,13.341263333333334,30.7,0.0,187.4,0.0626,0.03,18.33,18.33,12.28,0.68,1019.3,2.77,0.95,3.0,16.093,0.52571,Corneliusbrücke,5.140150304751773,3898.926939345477,pc4,Park,2021-06-23 16:21:25,52.50555666666666,13.34124,39.4,0.0,197.1,0.0626,0.03,18.33,18.33,12.28,0.68,1019.3,2.77,0.95,3.0,16.093,3.55381,Kurfürstenstraße,1.5097000874543942,3888.380050044208,pc2,Park,False,False,11.222931578796777,50,10,0.0
1624458085.4998243,2021-06-23T14:21:25.499824Z,52.50555666666666,13.34124,2,4,S2,1624458085.4998243,20.121516,-64.603618,-36.902806,0.0018524672,41.0,421.0,8.3,0.220972494,12,50,2021-06-23 16:21:25,52.50555666666666,13.34124,39.4,0.0,197.1,0.0626,0.03,18.33,18.33,12.28,0.68,1019.3,2.77,0.95,3.0,16.093,3.55381,Kurfürstenstraße,1.5097000874543942,3888.380050044208,pc2,Park,2021-06-23 16:21:25,52.50545666666667,13.341263333333334,30.7,0.0,187.4,0.0626,0.03,18.33,18.33,12.28,0.68,1019.3,2.77,0.95,3.0,16.093,0.52571,Corneliusbrücke,5.140150304751773,3898.926939345477,pc4,Park,False,False,11.222931578796777,50,10,0.0
1624458086.4964004,2021-06-23T14:21:26.496400Z,52.50555166666667,13.341245,2,4,S2,1624458086.4964004,20.100716,-62.63439,-34.941064000000004,0.00340023634,41.0,521.0,4.9,0.33454786,12,50,2021-06-23 16:21:26,52.50555166666667,13.341245,39.1,0.0,197.1,0.0626,0.03,18.33,18.33,12.28,0.68,1019.3,2.77,0.95,3.0,16.093,3.55381,Kurfürstenstraße,1.0244394609177794,3888.380050044208,pc2,Park,2021-06-23 16:21:26,52.50545666666667,13.341263333333334,30.8,0.0,187.4,0.0626,0.03,18.33,18.33,12.28,0.68,1019.3,2.77,0.95,3.0,16.093,0.52571,Corneliusbrücke,5.140150304751773,3898.926939345477,pc4,Park,False,False,10.62837694284362,50,10,0.0
1624458086.505111,2021-06-23T14:21:26.505110Z,52.50545666666667,13.341263333333334,4,2,S2,1624458086.505111,17.571225000000002,-59.11936666666667,-31.428216666666668,0.0167824579166666,44.0,522.3125,0.4583333333333333,0.7461133541666666,12,48,2021-06-23 16:21:26,52.50545666666667,13.341263333333334,30.8,0.0,187.4,0.0626,0.03,18.33,18.33,12.28,0.68,1019.3,2.77,0.95,3.0,16.093,0.52571,Corneliusbrücke,5.140150304751773,3898.926939345477,pc4,Park,2021-06-23 16:21:26,52.50555166666667,13.341245,39.1,0.0,197.1,0.0626,0.03,18.33,18.33,12.28,0.68,1019.3,2.77,0.95,3.0,16.093,3.55381,Kurfürstenstraße,1.0244394609177794,3888.380050044208,pc2,Park,False,False,10.62837694284362,50,10,0.04
1624458087.5078275,2021-06-23T14:21:27.507827Z,52.50555166666667,13.341246666666668,2,4,S2,1624458087.5078275,20.13688163265306,-65.06560612244898,-37.39635102040816,0.001685089510204,41.0,621.7142857142857,9.0,0.1907249959183673,12,49,2021-06-23 16:21:27,52.50555166666667,13.341246666666668,39.0,0.0,197.1,0.0626,0.03,18.33,18.33,12.28,0.68,1019.3,2.77,0.95,3.0,16.093,3.55381,Kurfürstenstraße,0.9166037251431032,3888.380050044208,pc2,Park,2021-06-23 16:21:27,52.50545666666667,13.341263333333334,30.8,0.0,187.4,0.0626,0.03,18.33,18.33,12.28,0.68,1019.3,2.77,0.95,3.0,16.093,0.52571,Corneliusbrücke,5.140150304751773,3898.926939345477,pc4,Park,False,False,10.615793895386178,50,10,0.02
1624458087.5133157,2021-06-23T14:21:27.513315Z,52.50545666666667,13.341263333333334,4,2,S2,1624458087.5133157,21.5256,-61.60488163265306,-33.91994693877551,0.0043565040816326,44.0,622.530612244898,6.530612244897959,0.4240556530612245,12,49,2021-06-23 16:21:27,52.50545666666667,13.341263333333334,30.8,0.0,187.4,0.0626,0.03,18.33,18.33,12.28,0.68,1019.3,2.77,0.95,3.0,16.093,0.52571,Corneliusbrücke,5.140150304751773,3898.926939345477,pc4,Park,2021-06-23 16:21:27,52.50555166666667,13.341246666666668,39.0,0.0,197.1,0.0626,0.03,18.33,18.33,12.28,0.68,1019.3,2.77,0.95,3.0,16.093,3.55381,Kurfürstenstraße,0.9166037251431032,3888.380050044208,pc2,Park,False,False,10.615793895386178,50,10,0.02
1624458088.5005276,2021-06-23T14:21:28.500527Z,52.50555166666667,13.341246666666668,2,4,S2,1624458088.5005276,21.063448,-65.417104,-37.747572,0.00126492068,41.0,721.0,9.0,0.173969294,12,50,2021-06-23 16:21:28,52.50555166666667,13.341246666666668,39.1,0.0,197.1,0.0626,0.03,18.33,18.33,12.28,0.68,1019.3,2.77,0.95,3.0,16.093,3.55381,Kurfürstenstraße,0.9166037251431032,3888.380050044208,pc2,Park,2021-06-23 16:21:28,52.50545666666667,13.341263333333334,30.8,0.0,187.4,0.0626,0.03,18.33,18.33,12.28,0.68,1019.3,2.77,0.95,3.0,16.093,0.52571,Corneliusbrücke,5.140150304751773,3898.926939345477,pc4,Park,False,False,10.615793895386178,50,10,0.0
1624458088.5041249,2021-06-23T14:21:28.504124Z,52.50545666666667,13.341263333333334,4,2,S2,1624458088.5041249,14.92743530612245,-61.652783673469386,-33.965483673469386,0.0157985781224489,44.0,721.8979591836735,3.63265306122449,0.4153194285714285,12,49,2021-06-23 16:21:28,52.50545666666667,13.341263333333334,30.8,0.0,187.4,0.0626,0.03,18.33,18.33,12.28,0.68,1019.3,2.77,0.95,3.0,16.093,0.52571,Corneliusbrücke,5.140150304751773,3898.926939345477,pc4,Park,2021-06-23 16:21:28,52.50555166666667,13.341246666666668,39.1,0.0,197.1,0.0626,0.03,18.33,18.33,12.28,0.68,1019.3,2.77,0.95,3.0,16.093,3.55381,Kurfürstenstraße,0.9166037251431032,3888.380050044208,pc2,Park,False,False,10.615793895386178,50,10,0.02
1624458089.49992,2021-06-23T14:21:29.499919Z,52.50555166666667,13.341246666666668,2,4,S2,1624458089.49992,21.340057142857145,-65.66387551020408,-37.9870693877551,0.0011185187142857,41.0,821.1428571428571,6.979591836734694,0.1683507734693877,12,49,2021-06-23 16:21:29,52.50555166666667,13.341246666666668,39.1,0.0,197.1,0.0626,0.03,18.33,18.33,12.28,0.68,1019.3,2.77,0.95,3.0,16.093,3.55381,Kurfürstenstraße,0.9166037251431032,3888.380050044208,pc2,Park,2021-06-23 16:21:29,52.50545666666667,13.341263333333334,30.8,0.0,187.4,0.0626,0.03,18.33,18.33,12.28,0.68,1019.3,2.77,0.95,3.0,16.093,0.52571,Corneliusbrücke,5.140150304751773,3898.926939345477,pc4,Park,False,False,10.615793895386178,50,10,0.02
1624458089.5107455,2021-06-23T14:21:29.510745Z,52.50545666666667,13.341263333333334,4,2,S2,1624458089.5107455,21.17333673469388,-62.20357959183673,-34.52384285714286,0.0043857543061224,44.0,822.3877551020408,5.387755102040816,0.3764440204081632,12,49,2021-06-23 16:21:29,52.50545666666667,13.341263333333334,30.8,0.0,187.4,0.0626,0.03,18.33,18.33,12.28,0.68,1019.3,2.77,0.95,3.0,16.093,0.52571,Corneliusbrücke,5.140150304751773,3898.926939345477,pc4,Park,2021-06-23 16:21:29,52.50555166666667,13.341246666666668,39.1,0.0,197.1,0.0626,0.03,18.33,18.33,12.28,0.68,1019.3,2.77,0.95,3.0,16.093,3.55381,Kurfürstenstraße,0.9166037251431032,3888.380050044208,pc2,Park,False,False,10.615793895386178,50,10,0.02
1624458090.4928036,2021-06-23T14:21:30.492803Z,52.50555166666667,13.341246666666668,2,4,S2,1624458090.4928036,20.675422,-67.428758,-39.76277,0.0008557215399999,41.0,920.5,6.3,0.108535132,12,50,2021-06-23 16:21:30,52.50555166666667,13.341246666666668,39.1,0.0,197.1,0.0626,0.03,18.33,18.33,12.28,0.68,1019.3,2.77,0.95,3.0,16.093,3.55381,Kurfürstenstraße,0.9166037251431032,3888.380050044208,pc2,Park,2021-06-23 16:21:30,52.50545666666667,13.341263333333334,30.8,0.0,187.4,0.0626,0.03,18.33,18.33,12.28,0.68,1019.3,2.77,0.95,3.0,16.093,0.52571,Corneliusbrücke,5.140150304751773,3898.926939345477,pc4,Park,False,False,10.615793895386178,50,10,0.0
1624458090.501378,2021-06-23T14:21:30.501378Z,52.50545666666667,13.341263333333334,4,2,S2,1624458090.501378,22.09061632653061,-63.83158775510204,-36.19721224489796,0.0019604389183673,44.0,921.5510204081633,4.346938775510204,0.2508729591836734,12,49,2021-06-23 16:21:30,52.50545666666667,13.341263333333334,30.8,0.0,187.4,0.0626,0.03,18.33,18.33,12.28,0.68,1019.3,2.77,0.95,3.0,16.093,0.52571,Corneliusbrücke,5.140150304751773,3898.926939345477,pc4,Park,2021-06-23 16:21:30,52.50555166666667,13.341246666666668,39.1,0.0,197.1,0.0626,0.03,18.33,18.33,12.28,0.68,1019.3,2.77,0.95,3.0,16.093,3.55381,Kurfürstenstraße,0.9166037251431032,3888.380050044208,pc2,Park,False,False,10.615793895386178,50,10,0.02
1624458091.4869316,2021-06-23T14:21:31.486931Z,52.50545666666667,13.341263333333334,4,2,S2,1624458091.4869316,16.290442857142857,-59.59375510204082,-31.944267346938776,0.0153191983673469,44.0,539.5918367346939,3.0,0.6808570612244897,12,49,2021-06-23 16:21:31,52.50545666666667,13.341263333333334,30.8,0.0,187.4,0.0626,0.03,18.33,18.33,12.28,0.68,1019.3,2.77,0.95,3.0,16.093,0.52571,Corneliusbrücke,5.140150304751773,3898.926939345477,pc4,Park,2021-06-23 16:21:31,52.50555166666667,13.341246666666668,39.1,0.0,197.1,0.0626,0.03,18.33,18.33,12.28,0.68,1019.3,2.77,0.95,3.0,16.093,3.55381,Kurfürstenstraße,0.9166037251431032,3888.380050044208,pc2,Park,False,False,10.615793895386178,50,10,0.02
1624458091.492515,2021-06-23T14:21:31.492515Z,52.50555166666667,13.341246666666668,2,4,S2,1624458091.492515,22.08727,-63.318708,-35.658942,0.00165128116,41.0,529.48,1.0,0.29075016,12,50,2021-06-23 16:21:31,52.50555166666667,13.341246666666668,39.1,0.0,197.1,0.0626,0.03,18.33,18.33,12.28,0.68,1019.3,2.77,0.95,3.0,16.093,3.55381,Kurfürstenstraße,0.9166037251431032,3888.380050044208,pc2,Park,2021-06-23 16:21:31,52.50545666666667,13.341263333333334,30.8,0.0,187.4,0.0626,0.03,18.33,18.33,12.28,0.68,1019.3,2.77,0.95,3.0,16.093,0.52571,Corneliusbrücke,5.140150304751773,3898.926939345477,pc4,Park,False,False,10.615793895386178,50,10,0.0
1624458092.4851158,2021-06-23T14:21:32.485115Z,52.50545666666667,13.341263333333334,4,2,S2,1624458092.4851158,17.38308367346939,-58.75248163265306,-31.077585714285718,0.0144246806122448,44.0,96.06122448979592,3.0,0.8367017755102041,12,49,2021-06-23 16:21:32,52.50545666666667,13.341263333333334,30.8,0.0,187.4,0.0626,0.03,18.33,18.33,12.28,0.68,1019.3,2.77,0.95,3.0,16.093,0.52571,Corneliusbrücke,5.140150304751773,3898.926939345477,pc4,Park,2021-06-23 16:21:32,52.50555166666667,13.341246666666668,39.1,0.0,197.1,0.0626,0.03,18.33,18.33,12.28,0.68,1019.3,2.77,0.95,3.0,16.093,3.55381,Kurfürstenstraße,0.9166037251431032,3888.380050044208,pc2,Park,False,False,10.615793895386178,50,10,0.02
1624458092.4943137,2021-06-23T14:21:32.494313Z,52.50555166666667,13.341246666666668,2,4,S2,1624458092.4943137,22.148326530612245,-62.51719795918368,-34.82928775510204,0.0019812711428571,41.0,97.16326530612244,1.0,0.3511233061224489,12,49,2021-06-23 16:21:32,52.50555166666667,13.341246666666668,39.1,0.0,197.1,0.0626,0.03,18.33,18.33,12.28,0.68,1019.3,2.77,0.95,3.0,16.093,3.55381,Kurfürstenstraße,0.9166037251431032,3888.380050044208,pc2,Park,2021-06-23 16:21:32,52.50545666666667,13.341263333333334,30.8,0.0,187.4,0.0626,0.03,18.33,18.33,12.28,0.68,1019.3,2.77,0.95,3.0,16.093,0.52571,Corneliusbrücke,5.140150304751773,3898.926939345477,pc4,Park,False,False,10.615793895386178,50,10,0.02
1624458093.4925382,2021-06-23T14:21:33.492538Z,52.50555166666667,13.341246666666668,2,4,S2,1624458093.4925382,21.908188,-63.174058,-35.505042,0.00177682038,41.0,197.0,1.0,0.30167974,12,50,2021-06-23 16:21:33,52.50555166666667,13.341246666666668,39.1,0.0,197.1,0.0626,0.03,18.33,18.33,12.28,0.68,1019.3,2.77,0.95,3.0,16.093,3.55381,Kurfürstenstraße,0.9166037251431032,3888.380050044208,pc2,Park,2021-06-23 16:21:33,52.50545666666667,13.341263333333334,30.8,0.0,187.4,0.0626,0.03,18.33,18.33,12.28,0.68,1019.3,2.77,0.95,3.0,16.093,0.52571,Corneliusbrücke,5.140150304751773,3898.926939345477,pc4,Park,False,False,10.615793895386178,50,10,0.0
1624458093.4944918,2021-06-23T14:21:33.494491Z,52.50545666666667,13.341263333333334,4,2,S2,1624458093.4944918,16.538932,-59.381946,-31.712236,0.0150494758,44.0,197.0,3.0,0.72506556,12,50,2021-06-23 16:21:33,52.50545666666667,13.341263333333334,30.8,0.0,187.4,0.0626,0.03,18.33,18.33,12.28,0.68,1019.3,2.77,0.95,3.0,16.093,0.52571,Corneliusbrücke,5.140150304751773,3898.926939345477,pc4,Park,2021-06-23 16:21:33,52.50555166666667,13.341246666666668,39.1,0.0,197.1,0.0626,0.03,18.33,18.33,12.28,0.68,1019.3,2.77,0.95,3.0,16.093,3.55381,Kurfürstenstraße,0.9166037251431032,3888.380050044208,pc2,Park,False,False,10.615793895386178,50,10,0.0
1624458094.4925394,2021-06-23T14:21:34.492539Z,52.50555166666667,13.341246666666668,2,4,S2,1624458094.4925394,16.2478208,-64.093872,-36.449282,0.0063509368,41.0,297.0,1.0,0.24205474,12,50,2021-06-23 16:21:34,52.50555166666667,13.341246666666668,39.0,0.0,197.1,0.0626,0.03,18.33,18.33,12.28,0.68,1019.3,2.77,0.95,3.0,16.093,3.55381,Kurfürstenstraße,0.9166037251431032,3888.380050044208,pc2,Park,2021-06-23 16:21:34,52.50545666666667,13.341263333333334,30.8,0.0,187.4,0.0626,0.03,18.33,18.33,12.28,0.68,1019.3,2.77,0.95,3.0,16.093,0.52571,Corneliusbrücke,5.140150304751773,3898.926939345477,pc4,Park,False,False,10.615793895386178,50,10,0.0
1624458094.501843,2021-06-23T14:21:34.501842Z,52.50545666666667,13.341263333333334,4,2,S2,1624458094.501843,21.791483673469383,-60.62198775510203,-32.95454081632653,0.0060940890408163,44.0,297.38775510204084,6.469387755102041,0.5415222244897959,12,49,2021-06-23 16:21:34,52.50545666666667,13.341263333333334,30.8,0.0,187.4,0.0626,0.03,18.33,18.33,12.28,0.68,1019.3,2.77,0.95,3.0,16.093,0.52571,Corneliusbrücke,5.140150304751773,3898.926939345477,pc4,Park,2021-06-23 16:21:34,52.50555166666667,13.341246666666668,39.0,0.0,197.1,0.0626,0.03,18.33,18.33,12.28,0.68,1019.3,2.77,0.95,3.0,16.093,3.55381,Kurfürstenstraße,0.9166037251431032,3888.380050044208,pc2,Park,False,False,10.615793895386178,50,10,0.02
1624458095.4412634,2021-06-23T14:21:35.441263Z,52.50555166666667,13.341246666666668,2,4,S2,1624458095.4412634,20.083629545454546,-67.46132045454546,-39.827675,0.0009731891818181,41.0,391.2272727272728,7.454545454545454,0.115428325,12,44,2021-06-23 16:21:35,52.50555166666667,13.341246666666668,39.0,0.0,197.1,0.0626,0.03,18.33,18.33,12.28,0.68,1019.3,2.77,0.95,3.0,16.093,3.55381,Kurfürstenstraße,0.9166037251431032,3888.380050044208,pc2,Park,2021-06-23 16:21:35,52.50545666666667,13.341263333333334,30.8,0.0,187.4,0.0626,0.03,18.33,18.33,12.28,0.68,1019.3,2.77,0.95,3.0,16.093,0.52571,Corneliusbrücke,5.140150304751773,3898.926939345477,pc4,Park,False,False,10.615793895386178,50,10,0.12
1624458095.5028105,2021-06-23T14:21:35.502810Z,52.50545666666667,13.341263333333334,4,2,S2,1624458095.5028105,21.722210204081637,-64.5478387755102,-36.926671428571424,0.0014792735510204,44.0,397.3265306122449,8.020408163265307,0.2406954551020408,12,49,2021-06-23 16:21:35,52.50545666666667,13.341263333333334,30.8,0.0,187.4,0.0626,0.03,18.33,18.33,12.28,0.68,1019.3,2.77,0.95,3.0,16.093,0.52571,Corneliusbrücke,5.140150304751773,3898.926939345477,pc4,Park,2021-06-23 16:21:35,52.50555166666667,13.341246666666668,39.0,0.0,197.1,0.0626,0.03,18.33,18.33,12.28,0.68,1019.3,2.77,0.95,3.0,16.093,3.55381,Kurfürstenstraße,0.9166037251431032,3888.380050044208,pc2,Park,False,False,10.615793895386178,50,10,0.02
1624458096.4930656,2021-06-23T14:21:36.493065Z,52.50545833333334,13.341263333333334,4,2,S2,1624458096.4930656,19.47538775510204,-68.08281020408162,-40.43789795918367,0.0010016173877551,44.0,496.55102040816325,5.959183673469388,0.0930801612244898,12,49,2021-06-23 16:21:36,52.50545833333334,13.341263333333334,30.8,0.0,187.4,0.0626,0.03,18.33,18.33,12.28,0.68,1019.3,2.77,0.95,3.0,16.093,0.52571,Corneliusbrücke,5.171879438453254,3898.926939345477,pc4,Park,2021-06-23 16:21:36,52.50555166666667,13.341246666666668,39.0,0.0,197.1,0.0626,0.03,18.33,18.33,12.28,0.68,1019.3,2.77,0.95,3.0,16.093,3.55381,Kurfürstenstraße,0.9166037251431032,3888.380050044208,pc2,Park,False,False,10.431674301480747,50,10,0.02
1624458096.6603725,2021-06-23T14:21:36.660372Z,52.50555166666667,13.341246666666668,2,4,S2,1624458096.6603725,14.659185714285714,-70.8472857142857,-43.19622380952381,0.0021850277142857,41.0,513.0952380952381,7.857142857142857,0.0487943333333333,12,21,2021-06-23 16:21:36,52.50555166666667,13.341246666666668,39.0,0.0,197.1,0.0626,0.03,18.33,18.33,12.28,0.68,1019.3,2.77,0.95,3.0,16.093,3.55381,Kurfürstenstraße,0.9166037251431032,3888.380050044208,pc2,Park,2021-06-23 16:21:36,52.50545833333334,13.341263333333334,30.8,0.0,187.4,0.0626,0.03,18.33,18.33,12.28,0.68,1019.3,2.77,0.95,3.0,16.093,0.52571,Corneliusbrücke,5.171879438453254,3898.926939345477,pc4,Park,False,False,10.431674301480747,50,10,0.58
1624458097.5020142,2021-06-23T14:21:37.502014Z,52.50545833333334,13.341263333333334,4,2,S2,1624458097.5020142,22.76439583333333,-62.828327083333335,-35.163920833333336,0.0017522862083333,44.0,597.7291666666666,3.1875,0.3444953125,12,48,2021-06-23 16:21:37,52.50545833333334,13.341263333333334,30.8,0.0,187.4,0.0626,0.03,18.33,18.33,12.28,0.68,1019.3,2.77,0.95,3.0,16.093,0.52571,Corneliusbrücke,5.171879438453254,3898.926939345477,pc4,Park,2021-06-23 16:21:37,52.50555166666667,13.341246666666668,39.0,0.0,197.1,0.0626,0.03,18.33,18.33,12.28,0.68,1019.3,2.77,0.95,3.0,16.093,3.55381,Kurfürstenstraße,0.9166037251431032,3888.380050044208,pc2,Park,False,False,10.431674301480747,50,10,0.04
1624458097.507791,2021-06-23T14:21:37.507791Z,52.50555166666667,13.341246666666668,2,4,S2,1624458097.507791,19.6446514,-66.46731,-38.814496,0.00169923724,41.0,598.0,6.24,0.147084126,12,50,2021-06-23 16:21:37,52.50555166666667,13.341246666666668,39.0,0.0,197.1,0.0626,0.03,18.33,18.33,12.28,0.68,1019.3,2.77,0.95,3.0,16.093,3.55381,Kurfürstenstraße,0.9166037251431032,3888.380050044208,pc2,Park,2021-06-23 16:21:37,52.50545833333334,13.341263333333334,30.8,0.0,187.4,0.0626,0.03,18.33,18.33,12.28,0.68,1019.3,2.77,0.95,3.0,16.093,0.52571,Corneliusbrücke,5.171879438453254,3898.926939345477,pc4,Park,False,False,10.431674301480747,50,10,0.0
1624458098.4974906,2021-06-23T14:21:38.497490Z,52.50545833333334,13.341263333333334,4,2,S2,1624458098.4974906,22.080222,-64.811964,-37.188926,0.00119506316,44.0,697.0,6.0,0.2043558,12,50,2021-06-23 16:21:38,52.50545833333334,13.341263333333334,30.8,0.0,187.4,0.0626,0.03,18.33,18.33,12.28,0.68,1019.3,2.77,0.95,3.0,16.093,0.52571,Corneliusbrücke,5.171879438453254,3898.926939345477,pc4,Park,2021-06-23 16:21:38,52.50555166666667,13.341246666666668,39.0,0.0,197.1,0.0626,0.03,18.33,18.33,12.28,0.68,1019.3,2.77,0.95,3.0,16.093,3.55381,Kurfürstenstraße,0.9166037251431032,3888.380050044208,pc2,Park,False,False,10.431674301480747,50,10,0.0
1624458098.5043924,2021-06-23T14:21:38.504392Z,52.50555166666667,13.341246666666668,2,4,S2,1624458098.5043924,20.143269387755105,-67.99276734693878,-40.33643469387755,0.0008516359183673,41.0,697.8571428571429,4.285714285714286,0.0980895102040816,12,49,2021-06-23 16:21:38,52.50555166666667,13.341246666666668,39.0,0.0,197.1,0.0626,0.03,18.33,18.33,12.28,0.68,1019.3,2.77,0.95,3.0,16.093,3.55381,Kurfürstenstraße,0.9166037251431032,3888.380050044208,pc2,Park,2021-06-23 16:21:38,52.50545833333334,13.341263333333334,30.8,0.0,187.4,0.0626,0.03,18.33,18.33,12.28,0.68,1019.3,2.77,0.95,3.0,16.093,0.52571,Corneliusbrücke,5.171879438453254,3898.926939345477,pc4,Park,False,False,10.431674301480747,50,10,0.02
1624458099.4849808,2021-06-23T14:21:39.484980Z,52.50555166666667,13.341246666666668,2,4,S2,1624458099.4849808,20.40960875,-66.53817083333333,-38.83925,0.0025201131875,41.0,796.125,2.208333333333333,0.15284368125,12,48,2021-06-23 16:21:39,52.50555166666667,13.341246666666668,39.0,0.0,197.1,0.0626,0.03,18.33,18.33,12.28,0.68,1019.3,2.77,0.95,3.0,16.093,3.55381,Kurfürstenstraße,0.9166037251431032,3888.380050044208,pc2,Park,2021-06-23 16:21:39,52.50545833333334,13.341263333333334,30.8,0.0,187.4,0.0626,0.03,18.33,18.33,12.28,0.68,1019.3,2.77,0.95,3.0,16.093,0.52571,Corneliusbrücke,5.171879438453254,3898.926939345477,pc4,Park,False,False,10.431674301480747,50,10,0.04
1624458099.5069232,2021-06-23T14:21:39.506923Z,52.50545833333334,13.341263333333334,4,2,S2,1624458099.5069232,22.569205882352943,-63.11916470588236,-35.47076274509804,0.0017430962352941,44.0,797.9607843137255,5.803921568627451,0.3476032980392157,12,51,2021-06-23 16:21:39,52.50545833333334,13.341263333333334,30.8,0.0,187.4,0.0626,0.03,18.33,18.33,12.28,0.68,1019.3,2.77,0.95,3.0,16.093,0.52571,Corneliusbrücke,5.171879438453254,3898.926939345477,pc4,Park,2021-06-23 16:21:39,52.50555166666667,13.341246666666668,39.0,0.0,197.1,0.0626,0.03,18.33,18.33,12.28,0.68,1019.3,2.77,0.95,3.0,16.093,3.55381,Kurfürstenstraße,0.9166037251431032,3888.380050044208,pc2,Park,False,False,10.431674301480747,50,10,-0.02
1624458100.4970114,2021-06-23T14:21:40.497011Z,52.50545833333334,13.341263333333334,4,2,S2,1624458100.4970114,21.600732653061225,-64.56111224489796,-36.81372857142858,0.001479005632653,44.0,897.4489795918367,1.0,0.2240289653061224,12,49,2021-06-23 16:21:40,52.50545833333334,13.341263333333334,30.8,0.0,187.4,0.0626,0.03,18.33,18.33,12.28,0.68,1019.3,2.77,0.95,3.0,16.093,0.52571,Corneliusbrücke,5.171879438453254,3898.926939345477,pc4,Park,2021-06-23 16:21:40,52.50555166666667,13.341246666666668,39.0,0.0,197.1,0.0626,0.03,18.33,18.33,12.28,0.68,1019.3,2.77,0.95,3.0,16.093,3.55381,Kurfürstenstraße,0.9166037251431032,3888.380050044208,pc2,Park,False,False,10.431674301480747,50,10,0.02
1624458100.4985137,2021-06-23T14:21:40.498513Z,52.50555166666667,13.341246666666668,2,4,S2,1624458100.4985137,19.938096,-68.250522,-40.53096,0.0008405484,41.0,897.0,7.0,0.094207546,12,50,2021-06-23 16:21:40,52.50555166666667,13.341246666666668,39.0,0.0,197.1,0.0626,0.03,18.33,18.33,12.28,0.68,1019.3,2.77,0.95,3.0,16.093,3.55381,Kurfürstenstraße,0.9166037251431032,3888.380050044208,pc2,Park,2021-06-23 16:21:40,52.50545833333334,13.341263333333334,30.8,0.0,187.4,0.0626,0.03,18.33,18.33,12.28,0.68,1019.3,2.77,0.95,3.0,16.093,0.52571,Corneliusbrücke,5.171879438453254,3898.926939345477,pc4,Park,False,False,10.431674301480747,50,10,0.0
1624458101.481783,2021-06-23T14:21:41.481782Z,52.50555166666667,13.341246666666668,2,4,S2,1624458101.481783,17.88858958333333,-71.65847708333334,-43.93437291666667,0.000604383375,41.0,782.0,6.9375,0.0459498166666666,12,48,2021-06-23 16:21:41,52.50555166666667,13.341246666666668,39.0,0.0,197.1,0.0626,0.03,18.33,18.33,12.28,0.68,1019.3,2.77,0.95,3.0,16.093,3.55381,Kurfürstenstraße,0.9166037251431032,3888.380050044208,pc2,Park,2021-06-23 16:21:41,52.50545833333334,13.341263333333334,30.8,0.0,187.4,0.0626,0.03,18.33,18.33,12.28,0.68,1019.3,2.77,0.95,3.0,16.093,0.52571,Corneliusbrücke,5.171879438453254,3898.926939345477,pc4,Park,False,False,10.431674301480747,50,10,0.04
1624458101.5044086,2021-06-23T14:21:41.504408Z,52.50545833333334,13.341263333333334,4,2,S2,1624458101.5044086,18.4366846,-68.058308,-40.314542,0.00177232028,44.0,731.8,2.3,0.108207012,12,50,2021-06-23 16:21:41,52.50545833333334,13.341263333333334,30.8,0.0,187.4,0.0626,0.03,18.33,18.33,12.28,0.68,1019.3,2.77,0.95,3.0,16.093,0.52571,Corneliusbrücke,5.171879438453254,3898.926939345477,pc4,Park,2021-06-23 16:21:41,52.50555166666667,13.341246666666668,39.0,0.0,197.1,0.0626,0.03,18.33,18.33,12.28,0.68,1019.3,2.77,0.95,3.0,16.093,3.55381,Kurfürstenstraße,0.9166037251431032,3888.380050044208,pc2,Park,False,False,10.431674301480747,50,10,0.0
1624458102.501277,2021-06-23T14:21:42.501276Z,52.50545833333334,13.341263333333334,4,2,S2,1624458102.501277,16.965394,-68.09524,-40.379142,0.00178413504,44.0,73.12,8.58,0.100319308,12,50,2021-06-23 16:21:42,52.50545833333334,13.341263333333334,30.8,0.0,187.4,0.0626,0.03,18.33,18.33,12.28,0.68,1019.3,2.77,0.95,3.0,16.093,0.52571,Corneliusbrücke,5.171879438453254,3898.926939345477,pc4,Park,2021-06-23 16:21:42,52.50555166666667,13.341246666666668,39.0,0.0,197.1,0.0626,0.03,18.33,18.33,12.28,0.68,1019.3,2.77,0.95,3.0,16.093,3.55381,Kurfürstenstraße,0.9166037251431032,3888.380050044208,pc2,Park,False,False,10.431674301480747,50,10,0.0
1624458102.505007,2021-06-23T14:21:42.505007Z,52.50555166666667,13.341246666666668,2,4,S2,1624458102.505007,17.795785714285714,-71.59693469387756,-43.9373306122449,0.0006245361428571,41.0,73.75510204081633,5.938775510204081,0.0448362387755102,12,49,2021-06-23 16:21:42,52.50555166666667,13.341246666666668,39.0,0.0,197.1,0.0626,0.03,18.33,18.33,12.28,0.68,1019.3,2.77,0.95,3.0,16.093,3.55381,Kurfürstenstraße,0.9166037251431032,3888.380050044208,pc2,Park,2021-06-23 16:21:42,52.50545833333334,13.341263333333334,30.8,0.0,187.4,0.0626,0.03,18.33,18.33,12.28,0.68,1019.3,2.77,0.95,3.0,16.093,0.52571,Corneliusbrücke,5.171879438453254,3898.926939345477,pc4,Park,False,False,10.431674301480747,50,10,0.02
1624458103.4998848,2021-06-23T14:21:43.499884Z,52.50555166666667,13.341246666666668,2,4,S2,1624458103.4998848,18.733948,-68.12504799999999,-40.41701,0.00115954228,41.0,173.46,3.76,0.097681246,12,50,2021-06-23 16:21:43,52.50555166666667,13.341246666666668,39.1,0.0,197.1,0.0626,0.03,18.33,18.33,12.28,0.68,1019.3,2.77,0.95,3.0,16.093,3.55381,Kurfürstenstraße,0.9166037251431032,3888.380050044208,pc2,Park,2021-06-23 16:21:43,52.50545833333334,13.341263333333334,30.8,0.0,187.4,0.0626,0.03,18.33,18.33,12.28,0.68,1019.3,2.77,0.95,3.0,16.093,0.52571,Corneliusbrücke,5.171879438453254,3898.926939345477,pc4,Park,False,False,10.431674301480747,50,10,0.0
1624458103.5036583,2021-06-23T14:21:43.503658Z,52.50545833333334,13.341263333333334,4,2,S2,1624458103.5036583,21.411910416666668,-64.55170833333334,-36.84436458333334,0.0015483497708333,44.0,173.70833333333334,5.104166666666667,0.22102335625,12,48,2021-06-23 16:21:43,52.50545833333334,13.341263333333334,30.8,0.0,187.4,0.0626,0.03,18.33,18.33,12.28,0.68,1019.3,2.77,0.95,3.0,16.093,0.52571,Corneliusbrücke,5.171879438453254,3898.926939345477,pc4,Park,2021-06-23 16:21:43,52.50555166666667,13.341246666666668,39.1,0.0,197.1,0.0626,0.03,18.33,18.33,12.28,0.68,1019.3,2.77,0.95,3.0,16.093,3.55381,Kurfürstenstraße,0.9166037251431032,3888.380050044208,pc2,Park,False,False,10.431674301480747,50,10,0.04
1624458104.510214,2021-06-23T14:21:44.510213Z,52.50555166666667,13.341246666666668,2,4,S2,1624458104.510214,17.5500216,-71.945954,-44.217662,0.00064293882,41.0,274.24,6.28,0.063513855,12,50,2021-06-23 16:21:44,52.50555166666667,13.341246666666668,39.1,0.0,197.1,0.0626,0.03,18.33,18.33,12.28,0.68,1019.3,2.77,0.95,3.0,16.093,3.55381,Kurfürstenstraße,0.9166037251431032,3888.380050044208,pc2,Park,2021-06-23 16:21:44,52.50545833333334,13.341263333333334,30.8,0.0,187.4,0.0626,0.03,18.33,18.33,12.28,0.68,1019.3,2.77,0.95,3.0,16.093,0.52571,Corneliusbrücke,5.171879438453254,3898.926939345477,pc4,Park,False,False,10.431674301480747,50,10,0.0
1624458104.534891,2021-06-23T14:21:44.534890Z,52.50545833333334,13.341263333333334,4,2,S2,1624458104.534891,20.235586486486486,-66.94460000000001,-39.2579,0.0011366235945945,44.0,277.1351351351352,2.0,0.1712025702702702,12,37,2021-06-23 16:21:44,52.50545833333334,13.341263333333334,30.8,0.0,187.4,0.0626,0.03,18.33,18.33,12.28,0.68,1019.3,2.77,0.95,3.0,16.093,0.52571,Corneliusbrücke,5.171879438453254,3898.926939345477,pc4,Park,2021-06-23 16:21:44,52.50555166666667,13.341246666666668,39.1,0.0,197.1,0.0626,0.03,18.33,18.33,12.28,0.68,1019.3,2.77,0.95,3.0,16.093,3.55381,Kurfürstenstraße,0.9166037251431032,3888.380050044208,pc2,Park,False,False,10.431674301480747,50,10,0.26
1624458105.4367428,2021-06-23T14:21:45.436742Z,52.50545833333334,13.341263333333334,4,2,S2,1624458105.4367428,20.036764285714284,-66.66385476190476,-38.87117142857143,0.001894792595238,44.0,367.2857142857143,2.380952380952381,0.1503547404761904,12,42,2021-06-23 16:21:45,52.50545833333334,13.341263333333334,30.8,0.0,187.4,0.0626,0.03,18.33,18.33,12.28,0.68,1019.3,2.77,0.95,3.0,16.093,0.52571,Corneliusbrücke,5.171879438453254,3898.926939345477,pc4,Park,2021-06-23 16:21:45,52.50555166666667,13.341246666666668,39.1,0.0,197.1,0.0626,0.03,18.33,18.33,12.28,0.68,1019.3,2.77,0.95,3.0,16.093,3.55381,Kurfürstenstraße,0.9166037251431032,3888.380050044208,pc2,Park,False,False,10.431674301480747,50,10,0.16
1624458105.513608,2021-06-23T14:21:45.513607Z,52.50555166666667,13.341246666666668,2,4,S2,1624458105.513608,17.68285,-71.72190625,-43.848168750000006,0.0006356604583333,41.0,374.4166666666667,7.916666666666667,0.049662825,12,48,2021-06-23 16:21:45,52.50555166666667,13.341246666666668,39.1,0.0,197.1,0.0626,0.03,18.33,18.33,12.28,0.68,1019.3,2.77,0.95,3.0,16.093,3.55381,Kurfürstenstraße,0.9166037251431032,3888.380050044208,pc2,Park,2021-06-23 16:21:45,52.50545833333334,13.341263333333334,30.8,0.0,187.4,0.0626,0.03,18.33,18.33,12.28,0.68,1019.3,2.77,0.95,3.0,16.093,0.52571,Corneliusbrücke,5.171879438453254,3898.926939345477,pc4,Park,False,False,10.431674301480747,50,10,0.04
1624458106.4732857,2021-06-23T14:21:46.473285Z,52.50545833333334,13.341263333333334,4,2,S2,1624458106.4732857,21.315125,-64.675075,-36.919459375,0.002035877625,44.0,470.625,5.5,0.226809,12,32,2021-06-23 16:21:46,52.50545833333334,13.341263333333334,30.8,0.0,187.4,0.0626,0.03,18.33,18.33,12.28,0.68,1019.3,2.77,0.95,3.0,16.093,0.52571,Corneliusbrücke,5.171879438453254,3898.926939345477,pc4,Park,2021-06-23 16:21:46,52.50555166666667,13.341246666666668,39.1,0.0,197.1,0.0626,0.03,18.33,18.33,12.28,0.68,1019.3,2.77,0.95,3.0,16.093,3.55381,Kurfürstenstraße,0.9166037251431032,3888.380050044208,pc2,Park,False,False,10.431674301480747,50,10,0.36
1624458106.5015392,2021-06-23T14:21:46.501539Z,52.50555166666667,13.341246666666668,2,4,S2,1624458106.5015392,18.862963061224487,-69.3308612244898,-41.524263265306125,0.0011509086734693,41.0,473.1020408163265,9.0,0.0830608653061224,12,49,2021-06-23 16:21:46,52.50555166666667,13.341246666666668,39.1,0.0,197.1,0.0626,0.03,18.33,18.33,12.28,0.68,1019.3,2.77,0.95,3.0,16.093,3.55381,Kurfürstenstraße,0.9166037251431032,3888.380050044208,pc2,Park,2021-06-23 16:21:46,52.50545833333334,13.341263333333334,30.8,0.0,187.4,0.0626,0.03,18.33,18.33,12.28,0.68,1019.3,2.77,0.95,3.0,16.093,0.52571,Corneliusbrücke,5.171879438453254,3898.926939345477,pc4,Park,False,False,10.431674301480747,50,10,0.02
1624458107.5000231,2021-06-23T14:21:47.500023Z,52.50555166666667,13.341246666666668,2,4,S2,1624458107.5000231,10.569702857142858,-66.78227142857142,-39.061291836734696,0.0107346123265306,41.0,572.9795918367347,8.693877551020408,0.1253530469387755,12,49,2021-06-23 16:21:47,52.50555166666667,13.341246666666668,39.1,0.0,197.1,0.0626,0.03,18.33,18.33,12.28,0.68,1019.3,2.77,0.95,3.0,16.093,3.55381,Kurfürstenstraße,0.9166037251431032,3888.380050044208,pc2,Park,2021-06-23 16:21:47,52.50545833333334,13.341263333333334,30.8,0.0,187.4,0.0626,0.03,18.33,18.33,12.28,0.68,1019.3,2.77,0.95,3.0,16.093,0.52571,Corneliusbrücke,5.171879438453254,3898.926939345477,pc4,Park,False,False,10.431674301480747,50,10,0.02
1624458107.5004714,2021-06-23T14:21:47.500471Z,52.50545833333334,13.341263333333334,4,2,S2,1624458107.5004714,22.47676326530612,-63.63332857142857,-35.91700612244898,0.0014565372040816,44.0,573.795918367347,1.0,0.2582784693877551,12,49,2021-06-23 16:21:47,52.50545833333334,13.341263333333334,30.8,0.0,187.4,0.0626,0.03,18.33,18.33,12.28,0.68,1019.3,2.77,0.95,3.0,16.093,0.52571,Corneliusbrücke,5.171879438453254,3898.926939345477,pc4,Park,2021-06-23 16:21:47,52.50555166666667,13.341246666666668,39.1,0.0,197.1,0.0626,0.03,18.33,18.33,12.28,0.68,1019.3,2.77,0.95,3.0,16.093,3.55381,Kurfürstenstraße,0.9166037251431032,3888.380050044208,pc2,Park,False,False,10.431674301480747,50,10,0.02
1624458108.4924936,2021-06-23T14:21:48.492493Z,52.50545833333334,13.341263333333334,4,2,S2,1624458108.4924936,22.392206,-63.821318,-36.130314,0.00141795162,44.0,673.0,1.0,0.25376494,12,50,2021-06-23 16:21:48,52.50545833333334,13.341263333333334,30.8,0.0,187.4,0.0626,0.03,18.33,18.33,12.28,0.68,1019.3,2.77,0.95,3.0,16.093,0.52571,Corneliusbrücke,5.171879438453254,3898.926939345477,pc4,Park,2021-06-23 16:21:48,52.50555166666667,13.341246666666668,39.1,0.0,197.1,0.0626,0.03,18.33,18.33,12.28,0.68,1019.3,2.77,0.95,3.0,16.093,3.55381,Kurfürstenstraße,0.9166037251431032,3888.380050044208,pc2,Park,False,False,10.431674301480747,50,10,0.0
1624458108.499118,2021-06-23T14:21:48.499117Z,52.50555166666667,13.341246666666668,2,4,S2,1624458108.499118,10.780342040816327,-66.8603775510204,-39.15523469387755,0.0100232171428571,41.0,672.8979591836735,8.591836734693878,0.1249057857142857,12,49,2021-06-23 16:21:48,52.50555166666667,13.341246666666668,39.1,0.0,197.1,0.0626,0.03,18.33,18.33,12.28,0.68,1019.3,2.77,0.95,3.0,16.093,3.55381,Kurfürstenstraße,0.9166037251431032,3888.380050044208,pc2,Park,2021-06-23 16:21:48,52.50545833333334,13.341263333333334,30.8,0.0,187.4,0.0626,0.03,18.33,18.33,12.28,0.68,1019.3,2.77,0.95,3.0,16.093,0.52571,Corneliusbrücke,5.171879438453254,3898.926939345477,pc4,Park,False,False,10.431674301480747,50,10,0.02
1624458109.4382937,2021-06-23T14:21:49.438293Z,52.50555166666667,13.341246666666668,2,4,S2,1624458109.4382937,15.169534594594596,-71.83552702702703,-44.16994594594595,0.0026091271891891,41.0,766.972972972973,7.027027027027027,0.0449450756756756,12,37,2021-06-23 16:21:49,52.50555166666667,13.341246666666668,39.1,0.0,197.1,0.0626,0.03,18.33,18.33,12.28,0.68,1019.3,2.77,0.95,3.0,16.093,3.55381,Kurfürstenstraße,0.9166037251431032,3888.380050044208,pc2,Park,2021-06-23 16:21:49,52.50545833333334,13.341263333333334,30.8,0.0,187.4,0.0626,0.03,18.33,18.33,12.28,0.68,1019.3,2.77,0.95,3.0,16.093,0.52571,Corneliusbrücke,5.171879438453254,3898.926939345477,pc4,Park,False,False,10.431674301480747,50,10,0.26
1624458109.4929752,2021-06-23T14:21:49.492975Z,52.50545833333334,13.341263333333334,4,2,S2,1624458109.4929752,18.022236,-69.75967,-42.051622,0.00094972494,44.0,773.0,1.48,0.076708264,12,50,2021-06-23 16:21:49,52.50545833333334,13.341263333333334,30.8,0.0,187.4,0.0626,0.03,18.33,18.33,12.28,0.68,1019.3,2.77,0.95,3.0,16.093,0.52571,Corneliusbrücke,5.171879438453254,3898.926939345477,pc4,Park,2021-06-23 16:21:49,52.50555166666667,13.341246666666668,39.1,0.0,197.1,0.0626,0.03,18.33,18.33,12.28,0.68,1019.3,2.77,0.95,3.0,16.093,3.55381,Kurfürstenstraße,0.9166037251431032,3888.380050044208,pc2,Park,False,False,10.431674301480747,50,10,0.0
1624458110.481634,2021-06-23T14:21:50.481633Z,52.50545833333334,13.341263333333334,4,2,S2,1624458110.481634,22.3950340425532,-63.78228723404255,-36.15804468085106,0.001449456574468,44.0,871.8510638297872,1.6170212765957446,0.2616360914893617,12,47,2021-06-23 16:21:50,52.50545833333334,13.341263333333334,30.8,0.0,187.4,0.0626,0.03,18.33,18.33,12.28,0.68,1019.3,2.77,0.95,3.0,16.093,0.52571,Corneliusbrücke,5.171879438453254,3898.926939345477,pc4,Park,2021-06-23 16:21:50,52.50555166666667,13.341246666666668,39.1,0.0,197.1,0.0626,0.03,18.33,18.33,12.28,0.68,1019.3,2.77,0.95,3.0,16.093,3.55381,Kurfürstenstraße,0.9166037251431032,3888.380050044208,pc2,Park,False,False,10.431674301480747,50,10,0.06
1624458110.504967,2021-06-23T14:21:50.504966Z,52.50555166666667,13.341246666666668,2,4,S2,1624458110.504967,16.65148306122449,-67.06108775510204,-39.3937,0.0035542991428571,41.0,873.9387755102041,4.061224489795919,0.125704993877551,12,49,2021-06-23 16:21:50,52.50555166666667,13.341246666666668,39.1,0.0,197.1,0.0626,0.03,18.33,18.33,12.28,0.68,1019.3,2.77,0.95,3.0,16.093,3.55381,Kurfürstenstraße,0.9166037251431032,3888.380050044208,pc2,Park,2021-06-23 16:21:50,52.50545833333334,13.341263333333334,30.8,0.0,187.4,0.0626,0.03,18.33,18.33,12.28,0.68,1019.3,2.77,0.95,3.0,16.093,0.52571,Corneliusbrücke,5.171879438453254,3898.926939345477,pc4,Park,False,False,10.431674301480747,50,10,0.02
1624458111.4944978,2021-06-23T14:21:51.494497Z,52.50555166666667,13.341246666666668,2,4,S2,1624458111.4944978,18.8074134,-68.591558,-40.927264,0.00110230372,41.0,973.0,3.0,0.085465216,12,50,2021-06-23 16:21:51,52.50555166666667,13.341246666666668,39.1,0.0,197.1,0.0626,0.03,18.33,18.33,12.28,0.68,1019.3,2.77,0.95,3.0,16.093,3.55381,Kurfürstenstraße,0.9166037251431032,3888.380050044208,pc2,Park,2021-06-23 16:21:51,52.50545833333334,13.341263333333334,30.8,0.0,187.4,0.0626,0.03,18.33,18.33,12.28,0.68,1019.3,2.77,0.95,3.0,16.093,0.52571,Corneliusbrücke,5.171879438453254,3898.926939345477,pc4,Park,False,False,10.431674301480747,50,10,0.0
1624458111.588016,2021-06-23T14:21:51.588016Z,52.50545833333334,13.341263333333334,4,2,S2,1624458111.588016,21.998864102564102,-64.89894358974358,-37.27019743589744,0.0011791445128205,44.0,982.4358974358976,2.1538461538461537,0.1937821282051282,12,39,2021-06-23 16:21:51,52.50545833333334,13.341263333333334,30.8,0.0,187.4,0.0626,0.03,18.33,18.33,12.28,0.68,1019.3,2.77,0.95,3.0,16.093,0.52571,Corneliusbrücke,5.171879438453254,3898.926939345477,pc4,Park,2021-06-23 16:21:51,52.50555166666667,13.341246666666668,39.1,0.0,197.1,0.0626,0.03,18.33,18.33,12.28,0.68,1019.3,2.77,0.95,3.0,16.093,3.55381,Kurfürstenstraße,0.9166037251431032,3888.380050044208,pc2,Park,False,False,10.431674301480747,50,10,0.22
1624458112.4949565,2021-06-23T14:21:52.494956Z,52.50555166666667,13.341246666666668,2,4,S2,1624458112.4949565,20.755766,-66.93671599999999,-39.270806,0.00094007888,41.0,49.02,3.08,0.121187652,12,50,2021-06-23 16:21:52,52.50555166666667,13.341246666666668,39.1,0.0,197.1,0.0626,0.03,18.33,18.33,12.28,0.68,1019.3,2.77,0.95,3.0,16.093,3.55381,Kurfürstenstraße,0.9166037251431032,3888.380050044208,pc2,Park,2021-06-23 16:21:52,52.50545833333334,13.341263333333334,30.8,0.0,187.4,0.0626,0.03,18.33,18.33,12.28,0.68,1019.3,2.77,0.95,3.0,16.093,0.52571,Corneliusbrücke,5.171879438453254,3898.926939345477,pc4,Park,False,False,10.431674301480747,50,10,0.0
1624458112.5150354,2021-06-23T14:21:52.515035Z,52.50545833333334,13.341263333333334,4,2,S2,1624458112.5150354,21.536537916666664,-63.318045833333336,-35.681164583333334,0.0068611925208333,44.0,51.208333333333336,1.4583333333333333,0.2809049375,12,48,2021-06-23 16:21:52,52.50545833333334,13.341263333333334,30.8,0.0,187.4,0.0626,0.03,18.33,18.33,12.28,0.68,1019.3,2.77,0.95,3.0,16.093,0.52571,Corneliusbrücke,5.171879438453254,3898.926939345477,pc4,Park,2021-06-23 16:21:52,52.50555166666667,13.341246666666668,39.1,0.0,197.1,0.0626,0.03,18.33,18.33,12.28,0.68,1019.3,2.77,0.95,3.0,16.093,3.55381,Kurfürstenstraße,0.9166037251431032,3888.380050044208,pc2,Park,False,False,10.431674301480747,50,10,0.04
1624458113.4945142,2021-06-23T14:21:53.494514Z,52.50555166666667,13.341246666666668,2,4,S2,1624458113.4945142,21.038772,-66.20845,-38.524,0.00104432526,41.0,149.0,3.0,0.145223872,12,50,2021-06-23 16:21:53,52.50555166666667,13.341246666666668,39.1,0.0,197.1,0.0626,0.03,18.33,18.33,12.28,0.68,1019.3,2.77,0.95,3.0,16.093,3.55381,Kurfürstenstraße,0.9166037251431032,3888.380050044208,pc2,Park,2021-06-23 16:21:53,52.50545833333334,13.341263333333334,30.8,0.0,187.4,0.0626,0.03,18.33,18.33,12.28,0.68,1019.3,2.77,0.95,3.0,16.093,0.52571,Corneliusbrücke,5.171879438453254,3898.926939345477,pc4,Park,False,False,10.431674301480747,50,10,0.0
1624458113.5039406,2021-06-23T14:21:53.503940Z,52.50545833333334,13.341263333333334,4,2,S2,1624458113.5039406,23.045432653061223,-62.6981224489796,-35.0506387755102,0.0016314811836734,44.0,149.6734693877551,5.714285714285714,0.3262370408163265,12,49,2021-06-23 16:21:53,52.50545833333334,13.341263333333334,30.8,0.0,187.4,0.0626,0.03,18.33,18.33,12.28,0.68,1019.3,2.77,0.95,3.0,16.093,0.52571,Corneliusbrücke,5.171879438453254,3898.926939345477,pc4,Park,2021-06-23 16:21:53,52.50555166666667,13.341246666666668,39.1,0.0,197.1,0.0626,0.03,18.33,18.33,12.28,0.68,1019.3,2.77,0.95,3.0,16.093,3.55381,Kurfürstenstraße,0.9166037251431032,3888.380050044208,pc2,Park,False,False,10.431674301480747,50,10,0.02
1624458114.49573,2021-06-23T14:21:54.495729Z,52.50545833333334,13.341263333333334,4,2,S2,1624458114.49573,22.821134,-62.962324,-35.323498,0.00163613598,44.0,249.0,4.22,0.31894656,12,50,2021-06-23 16:21:54,52.50545833333334,13.341263333333334,30.8,0.0,187.4,0.0626,0.03,18.33,18.33,12.28,0.68,1019.3,2.77,0.95,3.0,16.093,0.52571,Corneliusbrücke,5.171879438453254,3898.926939345477,pc4,Park,2021-06-23 16:21:54,52.50555166666667,13.341246666666668,39.0,0.0,197.1,0.0626,0.03,18.33,18.33,12.28,0.68,1019.3,2.77,0.95,3.0,16.093,3.55381,Kurfürstenstraße,0.9166037251431032,3888.380050044208,pc2,Park,False,False,10.431674301480747,50,10,0.0
1624458114.4962049,2021-06-23T14:21:54.496204Z,52.50555166666667,13.341246666666668,2,4,S2,1624458114.4962049,16.8911656,-66.044196,-38.369614,0.00564346478,41.0,249.12,3.48,0.156370768,12,50,2021-06-23 16:21:54,52.50555166666667,13.341246666666668,39.0,0.0,197.1,0.0626,0.03,18.33,18.33,12.28,0.68,1019.3,2.77,0.95,3.0,16.093,3.55381,Kurfürstenstraße,0.9166037251431032,3888.380050044208,pc2,Park,2021-06-23 16:21:54,52.50545833333334,13.341263333333334,30.8,0.0,187.4,0.0626,0.03,18.33,18.33,12.28,0.68,1019.3,2.77,0.95,3.0,16.093,0.52571,Corneliusbrücke,5.171879438453254,3898.926939345477,pc4,Park,False,False,10.431674301480747,50,10,0.0
1624458115.4851754,2021-06-23T14:21:55.485175Z,52.50545833333334,13.341263333333334,4,2,S2,1624458115.4851754,21.642177551020406,-64.95371632653061,-37.27359591836734,0.0012923894285714,44.0,348.2448979591837,1.2448979591836735,0.1961909306122449,12,49,2021-06-23 16:21:55,52.50545833333334,13.341263333333334,30.8,0.0,187.4,0.0626,0.03,18.33,18.33,12.28,0.68,1019.3,2.77,0.95,3.0,16.093,0.52571,Corneliusbrücke,5.171879438453254,3898.926939345477,pc4,Park,2021-06-23 16:21:55,52.50555166666667,13.341246666666668,39.0,0.0,197.1,0.0626,0.03,18.33,18.33,12.28,0.68,1019.3,2.77,0.95,3.0,16.093,3.55381,Kurfürstenstraße,0.9166037251431032,3888.380050044208,pc2,Park,False,False,10.431674301480747,50,10,0.02
1624458115.4992874,2021-06-23T14:21:55.499287Z,52.50555166666667,13.341246666666668,2,4,S2,1624458115.4992874,14.2659558,-67.904066,-40.197328,0.00572310536,41.0,349.34,4.36,0.099149558,12,50,2021-06-23 16:21:55,52.50555166666667,13.341246666666668,39.0,0.0,197.1,0.0626,0.03,18.33,18.33,12.28,0.68,1019.3,2.77,0.95,3.0,16.093,3.55381,Kurfürstenstraße,0.9166037251431032,3888.380050044208,pc2,Park,2021-06-23 16:21:55,52.50545833333334,13.341263333333334,30.8,0.0,187.4,0.0626,0.03,18.33,18.33,12.28,0.68,1019.3,2.77,0.95,3.0,16.093,0.52571,Corneliusbrücke,5.171879438453254,3898.926939345477,pc4,Park,False,False,10.431674301480747,50,10,0.0
1624458116.5005202,2021-06-23T14:21:56.500520Z,52.50555166666667,13.341246666666668,2,4,S2,1624458116.5005202,19.672544,-68.996792,-41.388506,0.0007581402199999,41.0,449.0,9.0,0.082058622,12,50,2021-06-23 16:21:56,52.50555166666667,13.341246666666668,39.1,0.0,197.1,0.0626,0.03,18.33,18.33,12.28,0.68,1019.3,2.77,0.95,3.0,16.093,3.55381,Kurfürstenstraße,0.9166037251431032,3888.380050044208,pc2,Park,2021-06-23 16:21:56,52.50545833333334,13.341263333333334,30.8,0.0,187.4,0.0626,0.03,18.33,18.33,12.28,0.68,1019.3,2.77,0.95,3.0,16.093,0.52571,Corneliusbrücke,5.171879438453254,3898.926939345477,pc4,Park,False,False,10.431674301480747,50,10,0.0
1624458116.50552,2021-06-23T14:21:56.505520Z,52.50545833333334,13.341263333333334,4,2,S2,1624458116.50552,18.27943,-66.216248,-38.594398,0.0020611672,44.0,450.0,4.0,0.16007536,12,50,2021-06-23 16:21:56,52.50545833333334,13.341263333333334,30.8,0.0,187.4,0.0626,0.03,18.33,18.33,12.28,0.68,1019.3,2.77,0.95,3.0,16.093,0.52571,Corneliusbrücke,5.171879438453254,3898.926939345477,pc4,Park,2021-06-23 16:21:56,52.50555166666667,13.341246666666668,39.1,0.0,197.1,0.0626,0.03,18.33,18.33,12.28,0.68,1019.3,2.77,0.95,3.0,16.093,3.55381,Kurfürstenstraße,0.9166037251431032,3888.380050044208,pc2,Park,False,False,10.431674301480747,50,10,0.0
1624458117.4847846,2021-06-23T14:21:57.484784Z,52.50555166666667,13.341248333333333,2,4,S2,1624458117.4847846,19.888697872340423,-68.45193829787235,-40.79006382978724,0.000812055574468,41.0,547.7659574468086,5.553191489361702,0.0922179787234042,12,47,2021-06-23 16:21:57,52.50555166666667,13.341248333333333,39.1,0.0,197.1,0.0626,0.03,18.33,18.33,12.28,0.68,1019.3,2.77,0.95,3.0,16.093,3.55381,Kurfürstenstraße,0.8087679907548923,3888.380050044208,pc2,Park,2021-06-23 16:21:57,52.50545833333334,13.341263333333334,30.8,0.0,187.4,0.0626,0.03,18.33,18.33,12.28,0.68,1019.3,2.77,0.95,3.0,16.093,0.52571,Corneliusbrücke,5.171879438453254,3898.926939345477,pc4,Park,False,False,10.420073527614294,50,10,0.06
1624458117.507582,2021-06-23T14:21:57.507581Z,52.50545833333334,13.341263333333334,4,2,S2,1624458117.507582,20.9688625,-65.11078333333333,-37.48016458333333,0.0015122949791666,44.0,550.2083333333334,4.0,0.1977834333333333,12,48,2021-06-23 16:21:57,52.50545833333334,13.341263333333334,30.8,0.0,187.4,0.0626,0.03,18.33,18.33,12.28,0.68,1019.3,2.77,0.95,3.0,16.093,0.52571,Corneliusbrücke,5.171879438453254,3898.926939345477,pc4,Park,2021-06-23 16:21:57,52.50555166666667,13.341248333333333,39.1,0.0,197.1,0.0626,0.03,18.33,18.33,12.28,0.68,1019.3,2.77,0.95,3.0,16.093,3.55381,Kurfürstenstraße,0.8087679907548923,3888.380050044208,pc2,Park,False,False,10.420073527614294,50,10,0.04
1624458118.4880898,2021-06-23T14:21:58.488089Z,52.50555166666667,13.341246666666668,2,4,S2,1624458118.4880898,16.594363541666667,-69.86571458333334,-42.11846666666667,0.0035734645208333,41.0,647.7916666666666,8.645833333333334,0.0860660604166666,12,48,2021-06-23 16:21:58,52.50555166666667,13.341246666666668,39.1,0.0,197.1,0.0626,0.03,18.33,18.33,12.28,0.68,1019.3,2.77,0.95,3.0,16.093,3.55381,Kurfürstenstraße,0.9166037251431032,3888.380050044208,pc2,Park,2021-06-23 16:21:58,52.50545833333334,13.341263333333334,30.8,0.0,187.4,0.0626,0.03,18.33,18.33,12.28,0.68,1019.3,2.77,0.95,3.0,16.093,0.52571,Corneliusbrücke,5.171879438453254,3898.926939345477,pc4,Park,False,False,10.431674301480747,50,10,0.04
1624458118.5008304,2021-06-23T14:21:58.500830Z,52.50545833333334,13.341263333333334,4,2,S2,1624458118.5008304,19.350228775510203,-66.61229591836735,-38.893904081632655,0.0060058069591836,44.0,649.4897959183673,4.448979591836735,0.1841410367346938,12,49,2021-06-23 16:21:58,52.50545833333334,13.341263333333334,30.8,0.0,187.4,0.0626,0.03,18.33,18.33,12.28,0.68,1019.3,2.77,0.95,3.0,16.093,0.52571,Corneliusbrücke,5.171879438453254,3898.926939345477,pc4,Park,2021-06-23 16:21:58,52.50555166666667,13.341246666666668,39.1,0.0,197.1,0.0626,0.03,18.33,18.33,12.28,0.68,1019.3,2.77,0.95,3.0,16.093,3.55381,Kurfürstenstraße,0.9166037251431032,3888.380050044208,pc2,Park,False,False,10.431674301480747,50,10,0.02
1624458119.4695,2021-06-23T14:21:59.469500Z,52.50545833333334,13.341263333333334,4,2,S2,1624458119.4695,18.75386159090909,-64.75963181818182,-37.02162272727273,0.0191466669318181,44.0,746.2272727272727,5.727272727272728,0.285575775,12,44,2021-06-23 16:21:59,52.50545833333334,13.341263333333334,30.8,0.0,187.4,0.0626,0.03,18.33,18.33,12.28,0.68,1019.3,2.77,0.95,3.0,16.093,0.52571,Corneliusbrücke,5.171879438453254,3898.926939345477,pc4,Park,2021-06-23 16:21:59,52.50555166666667,13.341246666666668,39.1,0.0,197.1,0.0626,0.03,18.33,18.33,12.28,0.68,1019.3,2.77,0.95,3.0,16.093,3.55381,Kurfürstenstraße,0.9166037251431032,3888.380050044208,pc2,Park,False,False,10.431674301480747,50,10,0.12
1624458119.4996448,2021-06-23T14:21:59.499644Z,52.50555166666667,13.341246666666668,2,4,S2,1624458119.4996448,12.678788163265306,-68.13402857142857,-40.3895306122449,0.0076973263877551,41.0,749.1632653061224,6.469387755102041,0.1294751714285714,12,49,2021-06-23 16:21:59,52.50555166666667,13.341246666666668,39.1,0.0,197.1,0.0626,0.03,18.33,18.33,12.28,0.68,1019.3,2.77,0.95,3.0,16.093,3.55381,Kurfürstenstraße,0.9166037251431032,3888.380050044208,pc2,Park,2021-06-23 16:21:59,52.50545833333334,13.341263333333334,30.8,0.0,187.4,0.0626,0.03,18.33,18.33,12.28,0.68,1019.3,2.77,0.95,3.0,16.093,0.52571,Corneliusbrücke,5.171879438453254,3898.926939345477,pc4,Park,False,False,10.431674301480747,50,10,0.02
1624458120.5029087,2021-06-23T14:22:00.502908Z,52.50555166666667,13.341246666666668,2,4,S2,1624458120.5029087,11.654074081632652,-68.13018979591837,-40.3833306122449,0.0083434913061224,41.0,849.4489795918367,6.877551020408164,0.0948522204081632,12,49,2021-06-23 16:22:00,52.50555166666667,13.341246666666668,39.1,0.0,197.1,0.0626,0.03,18.33,18.33,12.28,0.68,1019.3,2.77,0.95,3.0,16.093,3.55381,Kurfürstenstraße,0.9166037251431032,3888.380050044208,pc2,Park,2021-06-23 16:22:00,52.50545833333334,13.341263333333334,30.8,0.0,187.4,0.0626,0.03,18.33,18.33,12.28,0.68,1019.3,2.77,0.95,3.0,16.093,0.52571,Corneliusbrücke,5.171879438453254,3898.926939345477,pc4,Park,False,False,10.431674301480747,50,10,0.02
1624458120.5044026,2021-06-23T14:22:00.504402Z,52.50545833333334,13.341263333333334,4,2,S2,1624458120.5044026,19.625518367346935,-64.991,-37.22533469387755,0.001999915510204,44.0,849.6938775510204,5.959183673469388,0.1943098142857142,12,49,2021-06-23 16:22:00,52.50545833333334,13.341263333333334,30.8,0.0,187.4,0.0626,0.03,18.33,18.33,12.28,0.68,1019.3,2.77,0.95,3.0,16.093,0.52571,Corneliusbrücke,5.171879438453254,3898.926939345477,pc4,Park,2021-06-23 16:22:00,52.50555166666667,13.341246666666668,39.1,0.0,197.1,0.0626,0.03,18.33,18.33,12.28,0.68,1019.3,2.77,0.95,3.0,16.093,3.55381,Kurfürstenstraße,0.9166037251431032,3888.380050044208,pc2,Park,False,False,10.431674301480747,50,10,0.02
1624458121.5157533,2021-06-23T14:22:01.515753Z,52.50555166666667,13.341246666666668,2,4,S2,1624458121.5157533,13.9676576,-71.012346,-43.300596,0.0039298238,41.0,950.84,5.8,0.054459874,12,50,2021-06-23 16:22:01,52.50555166666667,13.341246666666668,39.1,0.0,197.1,0.0626,0.03,18.33,18.33,12.28,0.68,1019.3,2.77,0.95,3.0,16.093,3.55381,Kurfürstenstraße,0.9166037251431032,3888.380050044208,pc2,Park,2021-06-23 16:22:01,52.50545833333334,13.341263333333334,30.8,0.0,187.4,0.0626,0.03,18.33,18.33,12.28,0.68,1019.3,2.77,0.95,3.0,16.093,0.52571,Corneliusbrücke,5.171879438453254,3898.926939345477,pc4,Park,False,False,10.431674301480747,50,10,0.0
1624458121.5745752,2021-06-23T14:22:01.574575Z,52.50545833333334,13.341263333333334,4,2,S2,1624458121.5745752,18.3086975,-66.8696475,-39.1309875,0.00178968095,44.0,956.675,6.3,0.1379935474999999,12,40,2021-06-23 16:22:01,52.50545833333334,13.341263333333334,30.8,0.0,187.4,0.0626,0.03,18.33,18.33,12.28,0.68,1019.3,2.77,0.95,3.0,16.093,0.52571,Corneliusbrücke,5.171879438453254,3898.926939345477,pc4,Park,2021-06-23 16:22:01,52.50555166666667,13.341246666666668,39.1,0.0,197.1,0.0626,0.03,18.33,18.33,12.28,0.68,1019.3,2.77,0.95,3.0,16.093,3.55381,Kurfürstenstraße,0.9166037251431032,3888.380050044208,pc2,Park,False,False,10.431674301480747,50,10,0.2
1624458122.4861023,2021-06-23T14:22:02.486102Z,52.50545833333334,13.341263333333334,4,2,S2,1624458122.4861023,17.5020672,-66.855052,-39.138332,0.00363901592,44.0,269.44,7.8,0.144649544,12,50,2021-06-23 16:22:02,52.50545833333334,13.341263333333334,30.8,0.0,187.4,0.0626,0.03,18.33,18.33,12.28,0.68,1019.3,2.77,0.95,3.0,16.093,0.52571,Corneliusbrücke,5.171879438453254,3898.926939345477,pc4,Park,2021-06-23 16:22:02,52.50555166666667,13.341246666666668,39.1,0.0,197.1,0.0626,0.03,18.33,18.33,12.28,0.68,1019.3,2.77,0.95,3.0,16.093,3.55381,Kurfürstenstraße,0.9166037251431032,3888.380050044208,pc2,Park,False,False,10.431674301480747,50,10,0.0
1624458122.5047004,2021-06-23T14:22:02.504700Z,52.50555166666667,13.341246666666668,2,4,S2,1624458122.5047004,18.461844897959185,-70.77052653061224,-43.050255102040815,0.0006599217959183,41.0,276.51020408163265,5.816326530612245,0.0573593571428571,12,49,2021-06-23 16:22:02,52.50555166666667,13.341246666666668,39.1,0.0,197.1,0.0626,0.03,18.33,18.33,12.28,0.68,1019.3,2.77,0.95,3.0,16.093,3.55381,Kurfürstenstraße,0.9166037251431032,3888.380050044208,pc2,Park,2021-06-23 16:22:02,52.50545833333334,13.341263333333334,30.8,0.0,187.4,0.0626,0.03,18.33,18.33,12.28,0.68,1019.3,2.77,0.95,3.0,16.093,0.52571,Corneliusbrücke,5.171879438453254,3898.926939345477,pc4,Park,False,False,10.431674301480747,50,10,0.02
1624458123.5038216,2021-06-23T14:22:03.503821Z,52.50555166666667,13.341246666666668,2,4,S2,1624458123.5038216,17.966056000000002,-70.96032199999999,-43.199788,0.00074618288,41.0,126.02,2.08,0.066401368,12,50,2021-06-23 16:22:03,52.50555166666667,13.341246666666668,39.1,0.0,197.1,0.0626,0.03,18.33,18.33,12.28,0.68,1019.3,2.77,0.95,3.0,16.093,3.55381,Kurfürstenstraße,0.9166037251431032,3888.380050044208,pc2,Park,2021-06-23 16:22:03,52.50545833333334,13.341263333333334,30.9,0.0,187.4,0.0626,0.03,18.33,18.33,12.28,0.68,1019.3,2.77,0.95,3.0,16.093,0.52571,Corneliusbrücke,5.171879438453254,3898.926939345477,pc4,Park,False,False,10.431674301480747,50,10,0.0
1624458123.5049143,2021-06-23T14:22:03.504914Z,52.50545833333334,13.341263333333334,4,2,S2,1624458123.5049143,13.6297712,-66.231898,-38.478336,0.01081033826,44.0,125.72,6.2,0.201962974,12,50,2021-06-23 16:22:03,52.50545833333334,13.341263333333334,30.9,0.0,187.4,0.0626,0.03,18.33,18.33,12.28,0.68,1019.3,2.77,0.95,3.0,16.093,0.52571,Corneliusbrücke,5.171879438453254,3898.926939345477,pc4,Park,2021-06-23 16:22:03,52.50555166666667,13.341246666666668,39.1,0.0,197.1,0.0626,0.03,18.33,18.33,12.28,0.68,1019.3,2.77,0.95,3.0,16.093,3.55381,Kurfürstenstraße,0.9166037251431032,3888.380050044208,pc2,Park,False,False,10.431674301480747,50,10,0.0
1624458124.4652815,2021-06-23T14:22:04.465281Z,52.50545833333334,13.341263333333334,4,2,S2,1624458124.4652815,14.082862845945948,-65.65782702702703,-37.94931891891892,0.0300353329189189,44.0,221.6216216216216,7.567567567567567,0.1814760405405405,12,37,2021-06-23 16:22:04,52.50545833333334,13.341263333333334,30.9,0.0,187.4,0.0626,0.03,18.33,18.33,12.28,0.68,1019.3,2.77,0.95,3.0,16.093,0.52571,Corneliusbrücke,5.171879438453254,3898.926939345477,pc4,Park,2021-06-23 16:22:04,52.50555166666667,13.341246666666668,39.1,0.0,197.1,0.0626,0.03,18.33,18.33,12.28,0.68,1019.3,2.77,0.95,3.0,16.093,3.55381,Kurfürstenstraße,0.9166037251431032,3888.380050044208,pc2,Park,False,False,10.431674301480747,50,10,0.26
1624458124.5216603,2021-06-23T14:22:04.521660Z,52.50555166666667,13.341246666666668,2,4,S2,1624458124.5216603,16.710663265306124,-70.02268571428571,-42.276261224489794,0.0014393613877551,41.0,227.55102040816325,4.63265306122449,0.0617659959183673,12,49,2021-06-23 16:22:04,52.50555166666667,13.341246666666668,39.1,0.0,197.1,0.0626,0.03,18.33,18.33,12.28,0.68,1019.3,2.77,0.95,3.0,16.093,3.55381,Kurfürstenstraße,0.9166037251431032,3888.380050044208,pc2,Park,2021-06-23 16:22:04,52.50545833333334,13.341263333333334,30.9,0.0,187.4,0.0626,0.03,18.33,18.33,12.28,0.68,1019.3,2.77,0.95,3.0,16.093,0.52571,Corneliusbrücke,5.171879438453254,3898.926939345477,pc4,Park,False,False,10.431674301480747,50,10,0.02
1624458125.488433,2021-06-23T14:22:05.488432Z,52.50545833333334,13.341263333333334,4,2,S2,1624458125.488433,22.05892391304348,-64.12757608695652,-36.40588260869565,0.0014898805652173,44.0,324.30434782608694,3.869565217391304,0.2703006804347826,12,46,2021-06-23 16:22:05,52.50545833333334,13.341263333333334,30.9,0.0,187.4,0.0626,0.03,18.33,18.33,12.28,0.68,1019.3,2.77,0.95,3.0,16.093,0.52571,Corneliusbrücke,5.171879438453254,3898.926939345477,pc4,Park,2021-06-23 16:22:05,52.50555166666667,13.341246666666668,39.1,0.0,197.1,0.0626,0.03,18.33,18.33,12.28,0.68,1019.3,2.77,0.95,3.0,16.093,3.55381,Kurfürstenstraße,0.9166037251431032,3888.380050044208,pc2,Park,False,False,10.431674301480747,50,10,0.08
1624458125.5025327,2021-06-23T14:22:05.502532Z,52.50555166666667,13.341246666666668,2,4,S2,1624458125.5025327,20.330896,-67.517946,-39.773118,0.0009364908399999,41.0,326.0,1.0,0.125696214,12,50,2021-06-23 16:22:05,52.50555166666667,13.341246666666668,39.1,0.0,197.1,0.0626,0.03,18.33,18.33,12.28,0.68,1019.3,2.77,0.95,3.0,16.093,3.55381,Kurfürstenstraße,0.9166037251431032,3888.380050044208,pc2,Park,2021-06-23 16:22:05,52.50545833333334,13.341263333333334,30.9,0.0,187.4,0.0626,0.03,18.33,18.33,12.28,0.68,1019.3,2.77,0.95,3.0,16.093,0.52571,Corneliusbrücke,5.171879438453254,3898.926939345477,pc4,Park,False,False,10.431674301480747,50,10,0.0
1624458126.487439,2021-06-23T14:22:06.487438Z,52.50545833333334,13.341263333333334,4,2,S2,1624458126.487439,18.06916530612245,-69.0893387755102,-41.29079387755103,0.0011334253673469,44.0,424.2040816326531,3.8979591836734695,0.096910881632653,12,49,2021-06-23 16:22:06,52.50545833333334,13.341263333333334,30.9,0.0,187.4,0.0626,0.03,18.33,18.33,12.28,0.68,1019.3,2.77,0.95,3.0,16.093,0.52571,Corneliusbrücke,5.171879438453254,3898.926939345477,pc4,Park,2021-06-23 16:22:06,52.50555166666667,13.341246666666668,39.1,0.0,197.1,0.0626,0.03,18.33,18.33,12.28,0.68,1019.3,2.77,0.95,3.0,16.093,3.55381,Kurfürstenstraße,0.9166037251431032,3888.380050044208,pc2,Park,False,False,10.431674301480747,50,10,0.02
1624458126.5083568,2021-06-23T14:22:06.508356Z,52.50555166666667,13.341246666666668,2,4,S2,1624458126.5083568,17.09627551020408,-72.5655693877551,-44.72057959183673,0.0005973266938775,41.0,425.8979591836735,7.714285714285714,0.0416810261224489,12,49,2021-06-23 16:22:06,52.50555166666667,13.341246666666668,39.1,0.0,197.1,0.0626,0.03,18.33,18.33,12.28,0.68,1019.3,2.77,0.95,3.0,16.093,3.55381,Kurfürstenstraße,0.9166037251431032,3888.380050044208,pc2,Park,2021-06-23 16:22:06,52.50545833333334,13.341263333333334,30.9,0.0,187.4,0.0626,0.03,18.33,18.33,12.28,0.68,1019.3,2.77,0.95,3.0,16.093,0.52571,Corneliusbrücke,5.171879438453254,3898.926939345477,pc4,Park,False,False,10.431674301480747,50,10,0.02
1624458127.205489,2021-06-23T14:22:07.205488Z,52.50555166666667,13.341246666666668,2,4,S2,1624458127.205489,18.6053875,-70.301475,-42.46244375,0.00071704275,41.0,496.0,4.0,0.0652615,12,16,2021-06-23 16:22:07,52.50555166666667,13.341246666666668,39.1,0.0,197.1,0.0626,0.03,18.33,18.33,12.28,0.68,1019.3,2.77,0.95,3.0,16.093,3.55381,Kurfürstenstraße,0.9166037251431032,3888.380050044208,pc2,Park,2021-06-23 16:22:07,52.50545833333334,13.341263333333334,30.9,0.0,187.4,0.0626,0.03,18.33,18.33,12.28,0.68,1019.3,2.77,0.95,3.0,16.093,0.52571,Corneliusbrücke,5.171879438453254,3898.926939345477,pc4,Park,False,False,10.431674301480747,50,10,0.68
1624458127.498509,2021-06-23T14:22:07.498508Z,52.50545833333334,13.341263333333334,4,2,S2,1624458127.498509,18.13551,-69.272064,-41.46698000000001,0.0010719495199999,44.0,525.0,7.0,0.087435054,12,50,2021-06-23 16:22:07,52.50545833333334,13.341263333333334,30.9,0.0,187.4,0.0626,0.03,18.33,18.33,12.28,0.68,1019.3,2.77,0.95,3.0,16.093,0.52571,Corneliusbrücke,5.171879438453254,3898.926939345477,pc4,Park,2021-06-23 16:22:07,52.50555166666667,13.341246666666668,39.1,0.0,197.1,0.0626,0.03,18.33,18.33,12.28,0.68,1019.3,2.77,0.95,3.0,16.093,3.55381,Kurfürstenstraße,0.9166037251431032,3888.380050044208,pc2,Park,False,False,10.431674301480747,50,10,0.0
1624458128.4985185,2021-06-23T14:22:08.498518Z,52.50545833333334,13.341263333333334,4,2,S2,1624458128.4985185,18.950836,-68.746254,-41.08309199999999,0.00096286988,44.0,625.0,7.0,0.0978283638,12,50,2021-06-23 16:22:08,52.50545833333334,13.341263333333334,30.9,1.1112,187.4,0.0626,0.03,18.33,18.33,12.28,0.68,1019.3,2.77,0.95,3.0,16.093,0.52571,Corneliusbrücke,5.171879438453254,3898.926939345477,pc4,Park,2021-06-23 16:22:08,52.50555166666667,13.341246666666668,39.1,0.0,197.1,0.0626,0.03,18.33,18.33,12.28,0.68,1019.3,2.77,0.95,3.0,16.093,3.55381,Kurfürstenstraße,0.9166037251431032,3888.380050044208,pc2,Park,False,False,10.431674301480747,50,10,0.0
1624458128.6349874,2021-06-23T14:22:08.634987Z,52.50555166666667,13.341246666666668,2,4,S2,1624458128.6349874,17.713725714285715,-71.77620285714286,-44.11406571428571,0.0006197620857142,41.0,639.2285714285714,1.1714285714285717,0.051026642,12,35,2021-06-23 16:22:08,52.50555166666667,13.341246666666668,39.1,0.0,197.1,0.0626,0.03,18.33,18.33,12.28,0.68,1019.3,2.77,0.95,3.0,16.093,3.55381,Kurfürstenstraße,0.9166037251431032,3888.380050044208,pc2,Park,2021-06-23 16:22:08,52.50545833333334,13.341263333333334,30.9,1.1112,187.4,0.0626,0.03,18.33,18.33,12.28,0.68,1019.3,2.77,0.95,3.0,16.093,0.52571,Corneliusbrücke,5.171879438453254,3898.926939345477,pc4,Park,False,False,10.431674301480747,50,10,0.3
1624458129.5033276,2021-06-23T14:22:09.503327Z,52.50555166666667,13.341248333333333,2,4,S2,1624458129.5033276,17.191754285714286,-72.47245102040816,-44.754828571428575,0.0006801173877551,41.0,725.8571428571429,3.2448979591836733,0.0383118334693877,12,49,2021-06-23 16:22:09,52.50555166666667,13.341248333333333,39.1,0.0,197.1,0.0626,0.03,18.33,18.33,12.28,0.68,1019.3,2.77,0.95,3.0,16.093,3.55381,Kurfürstenstraße,0.8087679907548923,3888.380050044208,pc2,Park,2021-06-23 16:22:09,52.505455,13.341263333333334,30.9,3.3336,187.4,0.0626,0.03,18.33,18.33,12.28,0.68,1019.3,2.77,0.95,3.0,16.093,0.52571,Corneliusbrücke,5.108421171050293,3898.926939345477,pc4,Park,False,False,10.788744338719273,50,10,0.02
1624458129.5406,2021-06-23T14:22:09.540600Z,52.505455,13.341263333333334,4,2,S2,1624458129.5406,19.26627058823529,-68.3512588235294,-40.63819411764706,0.0009925281470588,44.0,729.3529411764706,5.529411764705882,0.0986879176470588,12,34,2021-06-23 16:22:09,52.505455,13.341263333333334,30.9,3.3336,187.4,0.0626,0.03,18.33,18.33,12.28,0.68,1019.3,2.77,0.95,3.0,16.093,0.52571,Corneliusbrücke,5.108421171050293,3898.926939345477,pc4,Park,2021-06-23 16:22:09,52.50555166666667,13.341248333333333,39.1,0.0,197.1,0.0626,0.03,18.33,18.33,12.28,0.68,1019.3,2.77,0.95,3.0,16.093,3.55381,Kurfürstenstraße,0.8087679907548923,3888.380050044208,pc2,Park,False,False,10.788744338719273,50,10,0.32
1624458130.31046,2021-06-23T14:22:10.310459Z,52.50544333333333,13.341258333333334,4,2,S2,1624458130.31046,17.80399,-69.85818,-42.112855,0.00098155715,44.0,806.6,2.9,0.0804715199999999,12,20,2021-06-23 16:22:10,52.50544333333333,13.341258333333334,30.9,6.8524,186.5,0.0626,0.03,18.33,18.33,12.28,0.68,1019.3,2.77,0.95,3.0,16.093,3.46201,Kurfürstenstraße,2.4671345800293474,3900.937167750704,pc4,Park,2021-06-23 16:22:10,52.50555166666667,13.341248333333333,39.1,1.1112,197.1,0.0626,0.03,18.33,18.33,12.28,0.68,1019.3,2.77,0.95,3.0,16.093,3.55381,Kurfürstenstraße,0.8087679907548923,3888.380050044208,pc2,Park,False,False,12.056151436171929,50,10,0.6
1624458130.4931164,2021-06-23T14:22:10.493116Z,52.50555166666667,13.341248333333333,2,4,S2,1624458130.4931164,15.176078,-75.120538,-47.327654,0.00050097478,41.0,825.0,1.6,0.024935432,12,50,2021-06-23 16:22:10,52.50555166666667,13.341248333333333,39.1,1.1112,197.1,0.0626,0.03,18.33,18.33,12.28,0.68,1019.3,2.77,0.95,3.0,16.093,3.55381,Kurfürstenstraße,0.8087679907548923,3888.380050044208,pc2,Park,2021-06-23 16:22:10,52.50544333333333,13.341258333333334,30.9,6.8524,186.5,0.0626,0.03,18.33,18.33,12.28,0.68,1019.3,2.77,0.95,3.0,16.093,3.46201,Kurfürstenstraße,2.4671345800293474,3900.937167750704,pc4,Park,False,False,12.056151436171929,50,10,0.0
1624458131.487826,2021-06-23T14:22:11.487826Z,52.50542166666666,13.341253333333333,4,2,S2,1624458131.487826,18.64752340425532,-68.94409787234044,-41.10086170212766,0.0010104185531914,44.0,924.2127659574468,4.212765957446808,0.0974606042553191,12,47,2021-06-23 16:22:11,52.50542166666666,13.341253333333333,30.6,10.5564,187.1,0.0626,0.03,18.33,18.33,12.28,0.68,1019.3,2.77,0.95,3.0,16.093,3.46201,Kurfürstenstraße,2.614426617184215,3903.659173822807,pc4,Park,2021-06-23 16:22:11,52.50555,13.341246666666668,39.1,3.1484,197.1,0.0626,0.03,18.33,18.33,12.28,0.68,1019.3,2.77,0.95,3.0,16.093,3.55381,Kurfürstenstraße,0.8626858665668813,3888.380050044208,pc2,Park,False,False,14.266466177628423,50,10,0.06
1624458131.4885902,2021-06-23T14:22:11.488590Z,52.50555,13.341246666666668,2,4,S2,1624458131.4885902,15.504911632653062,-72.49572244897959,-44.667869387755104,0.0014072763673469,41.0,924.3877551020408,3.163265306122449,0.0439301222448979,12,49,2021-06-23 16:22:11,52.50555,13.341246666666668,39.1,3.1484,197.1,0.0626,0.03,18.33,18.33,12.28,0.68,1019.3,2.77,0.95,3.0,16.093,3.55381,Kurfürstenstraße,0.8626858665668813,3888.380050044208,pc2,Park,2021-06-23 16:22:11,52.50542166666666,13.341253333333333,30.6,10.5564,187.1,0.0626,0.03,18.33,18.33,12.28,0.68,1019.3,2.77,0.95,3.0,16.093,3.46201,Kurfürstenstraße,2.614426617184215,3903.659173822807,pc4,Park,False,False,14.266466177628423,50,10,0.02
1624458132.5026915,2021-06-23T14:22:12.502691Z,52.50539333333333,13.341248333333333,4,2,S2,1624458132.5026915,16.583807843137254,-70.25992352941176,-42.51983137254901,0.0011901890980392,44.0,483.2941176470589,7.078431372549019,0.0603796607843137,12,51,2021-06-23 16:22:12,52.50539333333333,13.341248333333333,30.2,13.5196,186.4,0.0626,0.03,18.33,18.33,12.28,0.68,1019.3,2.77,0.95,3.0,16.093,3.46201,Kurfürstenstraße,2.7255738451039595,3907.1484498105697,pc4,Park,2021-06-23 16:22:12,52.505543333333335,13.341243333333331,39.1,4.815200000000001,197.1,0.0626,0.03,18.33,18.33,12.28,0.68,1019.3,2.77,0.95,3.0,16.093,3.55381,Kurfürstenstraße,0.862685943194267,3889.934744963387,pc2,Park,False,False,16.670151248304837,50,10,-0.02
1624458132.762532,2021-06-23T14:22:12.762531Z,52.505543333333335,13.341243333333331,2,4,S2,1624458132.762532,15.971360869565215,-74.00149565217392,-46.28818695652174,0.0005334546086956,41.0,28.0,1.0,0.0256368734782608,12,23,2021-06-23 16:22:12,52.505543333333335,13.341243333333331,39.1,4.815200000000001,197.1,0.0626,0.03,18.33,18.33,12.28,0.68,1019.3,2.77,0.95,3.0,16.093,3.55381,Kurfürstenstraße,0.862685943194267,3889.934744963387,pc2,Park,2021-06-23 16:22:12,52.50539333333333,13.341248333333333,30.2,13.5196,186.4,0.0626,0.03,18.33,18.33,12.28,0.68,1019.3,2.77,0.95,3.0,16.093,3.46201,Kurfürstenstraße,2.7255738451039595,3907.1484498105697,pc4,Park,False,False,16.670151248304837,50,10,0.54
1624458133.4930084,2021-06-23T14:22:13.493008Z,52.505525,13.341236666666669,2,4,S2,1624458133.4930084,16.559358,-72.723772,-44.935384000000006,0.0006382738,41.0,101.04,1.08,0.0377885874,12,50,2021-06-23 16:22:13,52.505525,13.341236666666669,39.0,10.186,191.6,0.0626,0.03,18.33,18.33,12.28,0.68,1019.3,2.77,0.95,3.0,16.093,3.55381,Kurfürstenstraße,0.7732788521184117,3891.4729205195895,pc2,Park,2021-06-23 16:22:13,52.50536,13.341245,29.7,12.964,183.4,0.0626,0.03,18.33,18.33,12.28,0.68,1019.3,2.77,0.95,3.0,16.093,2.22321,Kurfürstenstraße,2.7817734442931727,3911.481454866562,pc4,Park,False,False,18.34209409775914,50,10,0.0
1624458133.5076804,2021-06-23T14:22:13.507680Z,52.50536,13.341245,4,2,S2,1624458133.5076804,15.691508,-69.736066,-41.926328000000005,0.0017061971,44.0,102.0,6.18,0.0756722,12,50,2021-06-23 16:22:13,52.50536,13.341245,29.7,12.964,183.4,0.0626,0.03,18.33,18.33,12.28,0.68,1019.3,2.77,0.95,3.0,16.093,2.22321,Kurfürstenstraße,2.7817734442931727,3911.481454866562,pc4,Park,2021-06-23 16:22:13,52.505525,13.341236666666669,39.0,10.186,191.6,0.0626,0.03,18.33,18.33,12.28,0.68,1019.3,2.77,0.95,3.0,16.093,3.55381,Kurfürstenstraße,0.7732788521184117,3891.4729205195895,pc2,Park,False,False,18.34209409775914,50,10,0.0
1624458134.492771,2021-06-23T14:22:14.492770Z,52.505496666666666,13.341226666666667,2,4,S2,1624458134.492771,17.919054000000003,-70.794402,-43.046722,0.0007322766,41.0,201.02,1.04,0.0559355479999999,12,50,2021-06-23 16:22:14,52.505496666666666,13.341226666666667,38.9,12.964,189.0,0.0626,0.03,18.33,18.33,12.28,0.68,1019.3,2.77,0.95,3.0,16.093,3.55381,Kurfürstenstraße,0.8101010493618946,3894.736428846123,pc2,Park,2021-06-23 16:22:14,52.50533333333333,13.341246666666668,29.3,10.000800000000002,181.4,0.0626,0.03,18.33,18.33,12.28,0.68,1019.3,2.77,0.95,3.0,16.093,2.22321,Kurfürstenstraße,3.118959717397926,3911.481454866562,pc4,Park,False,False,18.198750488890884,50,10,0.0
1624458134.5075097,2021-06-23T14:22:14.507509Z,52.50533333333333,13.341246666666668,4,2,S2,1624458134.5075097,17.432018,-67.404408,-39.633372,0.0018618862,44.0,202.0,6.0,0.122669526,12,50,2021-06-23 16:22:14,52.50533333333333,13.341246666666668,29.3,10.000800000000002,181.4,0.0626,0.03,18.33,18.33,12.28,0.68,1019.3,2.77,0.95,3.0,16.093,2.22321,Kurfürstenstraße,3.118959717397926,3911.481454866562,pc4,Park,2021-06-23 16:22:14,52.505496666666666,13.341226666666667,38.9,12.964,189.0,0.0626,0.03,18.33,18.33,12.28,0.68,1019.3,2.77,0.95,3.0,16.093,3.55381,Kurfürstenstraße,0.8101010493618946,3894.736428846123,pc2,Park,False,False,18.198750488890884,50,10,0.0
1624458135.5075011,2021-06-23T14:22:15.507501Z,52.50531333333333,13.341246666666668,4,2,S2,1624458135.5075011,20.756084,-65.068534,-37.304172,0.00156701776,44.0,302.0,6.0,0.20006612,12,50,2021-06-23 16:22:15,52.50531333333333,13.341246666666668,28.8,5.7412,188.1,0.0626,0.03,18.33,18.33,12.28,0.68,1019.3,2.77,0.95,3.0,16.093,2.22321,Kurfürstenstraße,3.2336155679290237,3916.701275612556,pc4,Park,2021-06-23 16:22:15,52.50546666666666,13.341218333333334,38.8,12.2232,186.7,0.0626,0.03,18.33,18.33,12.28,0.68,1019.3,2.77,0.95,3.0,16.093,3.46201,Kurfürstenstraße,0.6996326678035611,3897.531504018944,pc2,Park,False,False,17.144843509805405,50,10,0.0
1624458135.5083606,2021-06-23T14:22:15.508360Z,52.50546666666666,13.341218333333334,2,4,S2,1624458135.5083606,18.78214632653061,-68.96955510204081,-41.22599591836735,0.0013777347346938,41.0,302.0612244897959,6.224489795918367,0.0845054857142857,12,49,2021-06-23 16:22:15,52.50546666666666,13.341218333333334,38.8,12.2232,186.7,0.0626,0.03,18.33,18.33,12.28,0.68,1019.3,2.77,0.95,3.0,16.093,3.46201,Kurfürstenstraße,0.6996326678035611,3897.531504018944,pc2,Park,2021-06-23 16:22:15,52.50531333333333,13.341246666666668,28.8,5.7412,188.1,0.0626,0.03,18.33,18.33,12.28,0.68,1019.3,2.77,0.95,3.0,16.093,2.22321,Kurfürstenstraße,3.2336155679290237,3916.701275612556,pc4,Park,False,False,17.144843509805405,50,10,0.02
1624458136.4940226,2021-06-23T14:22:16.494022Z,52.50543833333333,13.341211666666666,2,4,S2,1624458136.4940226,18.91643541666667,-69.5988125,-41.83439791666667,0.0008073376041666,41.0,400.8125,4.291666666666667,0.0876059683333333,12,48,2021-06-23 16:22:16,52.50543833333333,13.341211666666666,38.7,10.926800000000002,186.2,0.0626,0.03,18.33,18.33,12.28,0.68,1019.3,2.77,0.95,3.0,16.093,3.46201,Kurfürstenstraße,0.5155191732280724,3900.937167750704,pc2,Park,2021-06-23 16:22:16,52.50531,13.341251666666668,28.4,0.0,188.1,0.0626,0.03,18.33,18.33,12.28,0.68,1019.3,2.77,0.95,3.0,16.093,2.22321,Kurfürstenstraße,3.5875439144177736,3916.701275612556,pc4,Park,False,False,14.514155043693286,50,10,0.04
1624458136.6234555,2021-06-23T14:22:16.623455Z,52.50531,13.341251666666668,4,2,S2,1624458136.6234555,13.712797732,-65.35606,-37.619684,0.04962998168,44.0,413.64,5.56,0.285326256,12,25,2021-06-23 16:22:16,52.50531,13.341251666666668,28.4,0.0,188.1,0.0626,0.03,18.33,18.33,12.28,0.68,1019.3,2.77,0.95,3.0,16.093,2.22321,Kurfürstenstraße,3.5875439144177736,3916.701275612556,pc4,Park,2021-06-23 16:22:16,52.50543833333333,13.341211666666666,38.7,10.926800000000002,186.2,0.0626,0.03,18.33,18.33,12.28,0.68,1019.3,2.77,0.95,3.0,16.093,3.46201,Kurfürstenstraße,0.5155191732280724,3900.937167750704,pc2,Park,False,False,14.514155043693286,50,10,0.5
1624458137.4889078,2021-06-23T14:22:17.488907Z,52.505315,13.341258333333334,4,2,S2,1624458137.4889078,19.15008979591837,-68.25729795918367,-40.52658571428572,0.0010667790408163,44.0,500.0408163265306,7.0,0.1010582020408163,12,49,2021-06-23 16:22:17,52.505315,13.341258333333334,28.3,1.4816000000000005,203.4,0.0626,0.03,18.33,18.33,12.28,0.68,1019.3,2.77,0.95,3.0,16.093,2.22321,Kurfürstenstraße,4.01386583596399,3916.701275612556,pc4,Park,2021-06-23 16:22:17,52.50541833333333,13.341208333333334,38.8,6.8524,185.1,0.0626,0.03,18.33,18.33,12.28,0.68,1019.3,2.77,0.95,3.0,16.093,3.46201,Kurfürstenstraße,0.2945827995773349,3903.659173822807,pc2,Park,False,False,11.969776370148724,50,10,0.02
1624458137.5093448,2021-06-23T14:22:17.509344Z,52.50541833333333,13.341208333333334,2,4,S2,1624458137.5093448,17.565666,-72.27165,-44.46106,0.00056595578,41.0,501.98,8.02,0.038669194,12,50,2021-06-23 16:22:17,52.50541833333333,13.341208333333334,38.8,6.8524,185.1,0.0626,0.03,18.33,18.33,12.28,0.68,1019.3,2.77,0.95,3.0,16.093,3.46201,Kurfürstenstraße,0.2945827995773349,3903.659173822807,pc2,Park,2021-06-23 16:22:17,52.505315,13.341258333333334,28.3,1.4816000000000005,203.4,0.0626,0.03,18.33,18.33,12.28,0.68,1019.3,2.77,0.95,3.0,16.093,2.22321,Kurfürstenstraße,4.01386583596399,3916.701275612556,pc4,Park,False,False,11.969776370148724,50,10,0.0
1624458138.502885,2021-06-23T14:22:18.502885Z,52.505406666666666,13.341208333333334,2,4,S2,1624458138.502885,16.9005326,-69.822636,-41.944738,0.0031738273,41.0,601.26,8.74,0.072715614,12,50,2021-06-23 16:22:18,52.505406666666666,13.341208333333334,38.9,3.8892,182.5,0.0626,0.03,18.33,18.33,12.28,0.68,1019.3,2.77,0.95,3.0,16.093,3.46201,Kurfürstenstraße,0.0842960209635829,3903.659173822807,pc2,Park,2021-06-23 16:22:18,52.505318333333335,13.341261666666666,28.1,0.0,203.4,0.0626,0.03,18.33,18.33,12.28,0.68,1019.3,2.77,0.95,3.0,16.093,2.22321,Kurfürstenstraße,4.223004757044928,3911.481454866562,pc4,Park,False,False,10.457335867287725,50,10,0.0
1624458138.508556,2021-06-23T14:22:18.508555Z,52.505318333333335,13.341261666666666,4,2,S2,1624458138.508556,19.61178936170213,-66.18310212765957,-38.34833829787234,0.0016420191702127,44.0,602.4255319148937,2.7872340425531914,0.1672846276595744,12,47,2021-06-23 16:22:18,52.505318333333335,13.341261666666666,28.1,0.0,203.4,0.0626,0.03,18.33,18.33,12.28,0.68,1019.3,2.77,0.95,3.0,16.093,2.22321,Kurfürstenstraße,4.223004757044928,3911.481454866562,pc4,Park,2021-06-23 16:22:18,52.505406666666666,13.341208333333334,38.9,3.8892,182.5,0.0626,0.03,18.33,18.33,12.28,0.68,1019.3,2.77,0.95,3.0,16.093,3.46201,Kurfürstenstraße,0.0842960209635829,3903.659173822807,pc2,Park,False,False,10.457335867287725,50,10,0.06
1624458139.4890654,2021-06-23T14:22:19.489065Z,52.50532166666667,13.341273333333334,4,2,S2,1624458139.4890654,19.751383673469388,-64.66550204081632,-36.871857142857145,0.0022523963265306,44.0,700.5714285714286,1.8571428571428568,0.2161413265306122,12,49,2021-06-23 16:22:19,52.50532166666667,13.341273333333334,28.2,0.0,203.4,0.0626,0.03,18.33,18.33,12.28,0.68,1019.3,2.77,0.95,3.0,16.093,2.22321,Kurfürstenstraße,4.9952108534556565,3911.481454866562,pc4,Park,2021-06-23 16:22:19,52.50540166666666,13.341206666666666,38.8,1.1112,184.7,0.0626,0.03,18.33,18.33,12.28,0.68,1019.3,2.77,0.95,3.0,16.093,3.46201,Kurfürstenstraße,0.1545426983568366,3903.659173822807,pc2,Park,False,False,9.96785478505554,50,10,0.02
1624458139.503226,2021-06-23T14:22:19.503226Z,52.50540166666666,13.341206666666666,2,4,S2,1624458139.503226,16.3978122,-68.00386400000001,-40.19737,0.0036442755399999,41.0,701.3,8.7,0.101363708,12,50,2021-06-23 16:22:19,52.50540166666666,13.341206666666666,38.8,1.1112,184.7,0.0626,0.03,18.33,18.33,12.28,0.68,1019.3,2.77,0.95,3.0,16.093,3.46201,Kurfürstenstraße,0.1545426983568366,3903.659173822807,pc2,Park,2021-06-23 16:22:19,52.50532166666667,13.341273333333334,28.2,0.0,203.4,0.0626,0.03,18.33,18.33,12.28,0.68,1019.3,2.77,0.95,3.0,16.093,2.22321,Kurfürstenstraße,4.9952108534556565,3911.481454866562,pc4,Park,False,False,9.96785478505554,50,10,0.0
1624458140.4935129,2021-06-23T14:22:20.493512Z,52.505325,13.34128,4,2,S2,1624458140.4935129,19.959792,-66.00762800000001,-38.249224,0.0015077998,44.0,801.0,2.02,0.1579715039999999,12,50,2021-06-23 16:22:20,52.505325,13.34128,28.3,0.0,203.4,0.0626,0.03,18.33,18.33,12.28,0.68,1019.3,2.77,0.95,3.0,16.093,2.22321,Kurfürstenstraße,5.429576524245782,3911.481454866562,pc4,Park,2021-06-23 16:22:20,52.5054,13.341203333333333,38.8,0.0,184.7,0.0626,0.03,18.33,18.33,12.28,0.68,1019.3,2.77,0.95,3.0,16.093,3.46201,Kurfürstenstraße,0.365282893192955,3903.659173822807,pc2,Park,False,False,9.815687333297074,50,10,0.0
1624458140.501722,2021-06-23T14:22:20.501722Z,52.5054,13.341203333333333,2,4,S2,1624458140.501722,19.50956,-69.22601800000001,-41.459886,0.0007389877,41.0,801.24,7.8,0.075342824,12,50,2021-06-23 16:22:20,52.5054,13.341203333333333,38.8,0.0,184.7,0.0626,0.03,18.33,18.33,12.28,0.68,1019.3,2.77,0.95,3.0,16.093,3.46201,Kurfürstenstraße,0.365282893192955,3903.659173822807,pc2,Park,2021-06-23 16:22:20,52.505325,13.34128,28.3,0.0,203.4,0.0626,0.03,18.33,18.33,12.28,0.68,1019.3,2.77,0.95,3.0,16.093,2.22321,Kurfürstenstraße,5.429576524245782,3911.481454866562,pc4,Park,False,False,9.815687333297074,50,10,0.0
1624458141.4760754,2021-06-23T14:22:21.476075Z,52.50532833333333,13.341288333333331,4,2,S2,1624458141.4760754,20.73564893617021,-65.67994042553191,-37.925185106382976,0.0013266452127659,44.0,899.3191489361702,1.3829787234042554,0.1727349106382978,12,47,2021-06-23 16:22:21,52.50532833333333,13.341288333333331,28.4,2.0372000000000003,51.7,0.0626,0.03,18.33,18.33,12.28,0.68,1019.3,2.77,0.95,3.0,16.093,2.22321,Kurfürstenstraße,5.97098173962724,3911.481454866562,pc4,Park,2021-06-23 16:22:21,52.505395,13.341188333333331,38.7,4.815200000000001,190.6,0.0626,0.03,18.33,18.33,12.28,0.68,1019.3,2.77,0.95,3.0,16.093,3.46201,Kurfürstenstraße,1.3346879703640393,3907.1484498105697,pc2,Park,False,False,10.031509338390146,50,10,0.06
1624458141.5018384,2021-06-23T14:22:21.501838Z,52.505395,13.341188333333331,2,4,S2,1624458141.5018384,19.426647142857146,-69.13872653061225,-41.35041020408163,0.0009394805306122,41.0,901.4897959183672,5.163265306122449,0.0776799061224489,12,49,2021-06-23 16:22:21,52.505395,13.341188333333331,38.7,4.815200000000001,190.6,0.0626,0.03,18.33,18.33,12.28,0.68,1019.3,2.77,0.95,3.0,16.093,3.46201,Kurfürstenstraße,1.3346879703640393,3907.1484498105697,pc2,Park,2021-06-23 16:22:21,52.50532833333333,13.341288333333331,28.4,2.0372000000000003,51.7,0.0626,0.03,18.33,18.33,12.28,0.68,1019.3,2.77,0.95,3.0,16.093,2.22321,Kurfürstenstraße,5.97098173962724,3911.481454866562,pc4,Park,False,False,10.031509338390146,50,10,0.02
1624458142.4925349,2021-06-23T14:22:22.492534Z,52.50533166666666,13.341295,4,2,S2,1624458142.4925349,18.479524,-65.829838,-38.093124,0.00212507,44.0,714.26,1.22,0.166082604,12,50,2021-06-23 16:22:22,52.50533166666666,13.341295,28.5,2.0372000000000003,48.2,0.0626,0.03,18.33,18.33,12.28,0.68,1019.3,2.77,0.95,3.0,16.093,2.22321,Kurfürstenstraße,6.392462327255557,3911.481454866562,pc4,Park,2021-06-23 16:22:22,52.505395,13.341181666666667,38.8,0.0,190.6,0.0626,0.03,18.33,18.33,12.28,0.68,1019.3,2.77,0.95,3.0,16.093,3.46201,Kurfürstenstraße,1.7842671515421096,3907.1484498105697,pc2,Park,False,False,10.406424633658547,50,10,0.0
1624458142.510383,2021-06-23T14:22:22.510382Z,52.505395,13.341181666666667,2,4,S2,1624458142.510383,19.65930408163265,-69.09097551020409,-41.31671836734694,0.0007368383265306,41.0,709.5102040816327,8.020408163265307,0.0789925959183673,12,49,2021-06-23 16:22:22,52.505395,13.341181666666667,38.8,0.0,190.6,0.0626,0.03,18.33,18.33,12.28,0.68,1019.3,2.77,0.95,3.0,16.093,3.46201,Kurfürstenstraße,1.7842671515421096,3907.1484498105697,pc2,Park,2021-06-23 16:22:22,52.50533166666666,13.341295,28.5,2.0372000000000003,48.2,0.0626,0.03,18.33,18.33,12.28,0.68,1019.3,2.77,0.95,3.0,16.093,2.22321,Kurfürstenstraße,6.392462327255557,3911.481454866562,pc4,Park,False,False,10.406424633658547,50,10,0.02
1624458143.5005133,2021-06-23T14:22:23.500513Z,52.50539333333333,13.34118,2,4,S2,1624458143.5005133,20.502216,-67.696096,-39.91595,0.00084519706,41.0,77.0,9.0,0.103168862,12,50,2021-06-23 16:22:23,52.50539333333333,13.34118,38.9,0.0,190.6,0.0626,0.03,18.33,18.33,12.28,0.68,1019.3,2.77,0.95,3.0,16.093,3.46201,Kurfürstenstraße,1.8826126546703248,3907.1484498105697,pc2,Park,2021-06-23 16:22:23,52.50533333333333,13.341305,28.5,1.4816000000000005,51.1,0.0626,0.03,18.33,18.33,12.28,0.68,1019.3,2.77,0.95,3.0,16.093,2.22321,Kurfürstenstraße,7.052782291641641,3911.481454866562,pc4,Park,False,False,10.767437031202723,50,10,0.0
1624458143.505502,2021-06-23T14:22:23.505501Z,52.50533333333333,13.341305,4,2,S2,1624458143.505502,21.8213,-64.212424,-36.460762,0.0014857166999999,44.0,78.0,4.0,0.22867618,12,50,2021-06-23 16:22:23,52.50533333333333,13.341305,28.5,1.4816000000000005,51.1,0.0626,0.03,18.33,18.33,12.28,0.68,1019.3,2.77,0.95,3.0,16.093,2.22321,Kurfürstenstraße,7.052782291641641,3911.481454866562,pc4,Park,2021-06-23 16:22:23,52.50539333333333,13.34118,38.9,0.0,190.6,0.0626,0.03,18.33,18.33,12.28,0.68,1019.3,2.77,0.95,3.0,16.093,3.46201,Kurfürstenstraße,1.8826126546703248,3907.1484498105697,pc2,Park,False,False,10.767437031202723,50,10,0.0
1624458144.494511,2021-06-23T14:22:24.494510Z,52.50539333333333,13.34118,2,4,S2,1624458144.494511,19.58003469387755,-69.26372857142857,-41.44355918367347,0.000716236510204,41.0,176.57142857142858,7.285714285714286,0.0709552244897959,12,49,2021-06-23 16:22:24,52.50539333333333,13.34118,39.0,0.0,190.6,0.0626,0.03,18.33,18.33,12.28,0.68,1019.3,2.77,0.95,3.0,16.093,3.46201,Kurfürstenstraße,1.8826126546703248,3907.1484498105697,pc2,Park,2021-06-23 16:22:24,52.50533333333333,13.341311666666666,28.5,0.0,51.1,0.0626,0.03,18.33,18.33,12.28,0.68,1019.3,2.77,0.95,3.0,16.093,2.22321,Kurfürstenstraße,7.502361983741412,3911.481454866562,pc4,Park,False,False,11.125003244607438,50,10,0.02
1624458144.5054922,2021-06-23T14:22:24.505492Z,52.50533333333333,13.341311666666666,4,2,S2,1624458144.5054922,20.99888,-65.734244,-37.93824,0.00122638114,44.0,178.0,4.0,0.15900624,12,50,2021-06-23 16:22:24,52.50533333333333,13.341311666666666,28.5,0.0,51.1,0.0626,0.03,18.33,18.33,12.28,0.68,1019.3,2.77,0.95,3.0,16.093,2.22321,Kurfürstenstraße,7.502361983741412,3911.481454866562,pc4,Park,2021-06-23 16:22:24,52.50539333333333,13.34118,39.0,0.0,190.6,0.0626,0.03,18.33,18.33,12.28,0.68,1019.3,2.77,0.95,3.0,16.093,3.46201,Kurfürstenstraße,1.8826126546703248,3907.1484498105697,pc2,Park,False,False,11.125003244607438,50,10,0.0
1624458145.5019035,2021-06-23T14:22:25.501903Z,52.50539333333333,13.341178333333334,2,4,S2,1624458145.5019035,20.2916693877551,-67.84380408163265,-39.96301428571429,0.0008602909183673,41.0,277.51020408163265,5.26530612244898,0.1018989734693877,12,49,2021-06-23 16:22:25,52.50539333333333,13.341178333333334,39.0,0.0,190.6,0.0626,0.03,18.33,18.33,12.28,0.68,1019.3,2.77,0.95,3.0,16.093,3.46201,Kurfürstenstraße,1.9950074555456092,3907.1484498105697,pc2,Park,2021-06-23 16:22:25,52.505335,13.34132,28.6,0.0,51.1,0.0626,0.03,18.33,18.33,12.28,0.68,1019.3,2.77,0.95,3.0,16.093,2.22321,Kurfürstenstraße,8.050286940971068,3911.481454866562,pc4,Park,False,False,11.568684100600898,50,10,0.02
1624458145.5054898,2021-06-23T14:22:25.505489Z,52.505335,13.34132,4,2,S2,1624458145.5054898,21.70492,-64.33312,-36.457382,0.00146435814,44.0,278.0,4.0,0.22883898,12,50,2021-06-23 16:22:25,52.505335,13.34132,28.6,0.0,51.1,0.0626,0.03,18.33,18.33,12.28,0.68,1019.3,2.77,0.95,3.0,16.093,2.22321,Kurfürstenstraße,8.050286940971068,3911.481454866562,pc4,Park,2021-06-23 16:22:25,52.50539333333333,13.341178333333334,39.0,0.0,190.6,0.0626,0.03,18.33,18.33,12.28,0.68,1019.3,2.77,0.95,3.0,16.093,3.46201,Kurfürstenstraße,1.9950074555456092,3907.1484498105697,pc2,Park,False,False,11.568684100600898,50,10,0.0
1624458146.492387,2021-06-23T14:22:26.492387Z,52.505335,13.341326666666667,4,2,S2,1624458146.492387,22.028870833333333,-63.89372916666667,-35.989277083333334,0.0015079593958333,44.0,376.7083333333333,3.7916666666666665,0.2427061458333333,12,48,2021-06-23 16:22:26,52.505335,13.341326666666667,28.7,0.0,51.1,0.0626,0.03,18.33,18.33,12.28,0.68,1019.3,2.77,0.95,3.0,16.093,2.22321,Kurfürstenstraße,8.49986660211314,3911.481454866562,pc4,Park,2021-06-23 16:22:26,52.50539333333333,13.341178333333334,39.0,0.0,190.6,0.0626,0.03,18.33,18.33,12.28,0.68,1019.3,2.77,0.95,3.0,16.093,3.46201,Kurfürstenstraße,1.9950074555456092,3907.1484498105697,pc2,Park,False,False,11.944826229281349,50,10,0.04
1624458146.5056396,2021-06-23T14:22:26.505639Z,52.50539333333333,13.341178333333334,2,4,S2,1624458146.5056396,20.35322448979592,-67.57809591836735,-39.683316326530615,0.0008869908367346,41.0,377.7959183673469,6.0,0.1043808795918367,12,49,2021-06-23 16:22:26,52.50539333333333,13.341178333333334,39.0,0.0,190.6,0.0626,0.03,18.33,18.33,12.28,0.68,1019.3,2.77,0.95,3.0,16.093,3.46201,Kurfürstenstraße,1.9950074555456092,3907.1484498105697,pc2,Park,2021-06-23 16:22:26,52.505335,13.341326666666667,28.7,0.0,51.1,0.0626,0.03,18.33,18.33,12.28,0.68,1019.3,2.77,0.95,3.0,16.093,2.22321,Kurfürstenstraße,8.49986660211314,3911.481454866562,pc4,Park,False,False,11.944826229281349,50,10,0.02
1624458147.4946706,2021-06-23T14:22:27.494670Z,52.505335,13.341333333333331,4,2,S2,1624458147.4946706,15.812689583333333,-64.46775,-36.59036458333333,0.0065297906041666,44.0,476.9583333333333,3.583333333333333,0.2147343125,12,48,2021-06-23 16:22:27,52.505335,13.341333333333331,28.9,0.0,51.1,0.0626,0.03,18.33,18.33,12.28,0.68,1019.3,2.77,0.95,3.0,16.093,2.22321,Kurfürstenstraße,8.949446256855815,3911.481454866562,pc4,Park,2021-06-23 16:22:27,52.50539333333333,13.341178333333334,39.0,0.0,190.6,0.0626,0.03,18.33,18.33,12.28,0.68,1019.3,2.77,0.95,3.0,16.093,3.46201,Kurfürstenstraße,1.9950074555456092,3907.1484498105697,pc2,Park,False,False,12.325983920733307,50,10,0.04
1624458147.5075283,2021-06-23T14:22:27.507528Z,52.50539333333333,13.341178333333334,2,4,S2,1624458147.5075283,19.72828163265306,-68.40462857142857,-40.52173265306123,0.0008407634897959,41.0,478.0,6.0,0.0863769102040816,12,49,2021-06-23 16:22:27,52.50539333333333,13.341178333333334,39.0,0.0,190.6,0.0626,0.03,18.33,18.33,12.28,0.68,1019.3,2.77,0.95,3.0,16.093,3.46201,Kurfürstenstraße,1.9950074555456092,3907.1484498105697,pc2,Park,2021-06-23 16:22:27,52.505335,13.341333333333331,28.9,0.0,51.1,0.0626,0.03,18.33,18.33,12.28,0.68,1019.3,2.77,0.95,3.0,16.093,2.22321,Kurfürstenstraße,8.949446256855815,3911.481454866562,pc4,Park,False,False,12.325983920733307,50,10,0.02
1624458148.4945214,2021-06-23T14:22:28.494521Z,52.505335,13.341331666666669,4,2,S2,1624458148.4945214,12.637440816326531,-65.21564897959183,-37.392230612244894,0.0095027154693877,44.0,577.1020408163265,1.959183673469388,0.1798745306122449,12,49,2021-06-23 16:22:28,52.505335,13.341331666666669,28.8,0.0,51.1,0.0626,0.03,18.33,18.33,12.28,0.68,1019.3,2.77,0.95,3.0,16.093,2.22321,Kurfürstenstraße,8.83705134378881,3911.481454866562,pc4,Park,2021-06-23 16:22:28,52.50539333333333,13.341178333333334,39.0,0.0,190.6,0.0626,0.03,18.33,18.33,12.28,0.68,1019.3,2.77,0.95,3.0,16.093,3.46201,Kurfürstenstraße,1.9950074555456092,3907.1484498105697,pc2,Park,False,False,12.230249828192989,50,10,0.02
1624458148.504251,2021-06-23T14:22:28.504251Z,52.50539333333333,13.341178333333334,2,4,S2,1624458148.504251,19.316497959183675,-69.26988367346938,-41.48784693877551,0.0007554634081632,41.0,577.6734693877551,6.0,0.0708183959183673,12,49,2021-06-23 16:22:28,52.50539333333333,13.341178333333334,39.0,0.0,190.6,0.0626,0.03,18.33,18.33,12.28,0.68,1019.3,2.77,0.95,3.0,16.093,3.46201,Kurfürstenstraße,1.9950074555456092,3907.1484498105697,pc2,Park,2021-06-23 16:22:28,52.505335,13.341331666666669,28.8,0.0,51.1,0.0626,0.03,18.33,18.33,12.28,0.68,1019.3,2.77,0.95,3.0,16.093,2.22321,Kurfürstenstraße,8.83705134378881,3911.481454866562,pc4,Park,False,False,12.230249828192989,50,10,0.02
1624458149.4960997,2021-06-23T14:22:29.496099Z,52.50539333333333,13.341178333333334,2,4,S2,1624458149.4960997,20.14551020408163,-68.01697959183673,-40.262983673469385,0.0008374843469387,41.0,676.8571428571429,6.0,0.0940112102040816,12,49,2021-06-23 16:22:29,52.50539333333333,13.341178333333334,39.0,0.0,190.6,0.0626,0.03,18.33,18.33,12.28,0.68,1019.3,2.77,0.95,3.0,16.093,3.46201,Kurfürstenstraße,1.9950074555456092,3907.1484498105697,pc2,Park,2021-06-23 16:22:29,52.50533333333333,13.341331666666669,28.8,0.0,51.1,0.0626,0.03,18.33,18.33,12.28,0.68,1019.3,2.77,0.95,3.0,16.093,2.22321,Kurfürstenstraße,8.851101022602792,3911.481454866562,pc4,Park,False,False,12.329422374806583,50,10,0.02
1624458149.5002158,2021-06-23T14:22:29.500215Z,52.50533333333333,13.341331666666669,4,2,S2,1624458149.5002158,21.62865306122449,-64.46875306122449,-36.694463265306126,0.0014539893877551,44.0,677.5714285714286,3.0,0.2130755306122449,12,49,2021-06-23 16:22:29,52.50533333333333,13.341331666666669,28.8,0.0,51.1,0.0626,0.03,18.33,18.33,12.28,0.68,1019.3,2.77,0.95,3.0,16.093,2.22321,Kurfürstenstraße,8.851101022602792,3911.481454866562,pc4,Park,2021-06-23 16:22:29,52.50539333333333,13.341178333333334,39.0,0.0,190.6,0.0626,0.03,18.33,18.33,12.28,0.68,1019.3,2.77,0.95,3.0,16.093,3.46201,Kurfürstenstraße,1.9950074555456092,3907.1484498105697,pc2,Park,False,False,12.329422374806583,50,10,0.02
1624458150.4806535,2021-06-23T14:22:30.480653Z,52.50539333333333,13.341178333333334,2,4,S2,1624458150.4806535,17.632139166666665,-68.90691875,-41.17471041666666,0.0022777565625,41.0,775.25,6.625,0.0762609354166666,12,48,2021-06-23 16:22:30,52.50539333333333,13.341178333333334,39.0,0.0,190.6,0.0626,0.03,18.33,18.33,12.28,0.68,1019.3,2.77,0.95,3.0,16.093,3.46201,Kurfürstenstraße,1.9950074555456092,3907.1484498105697,pc2,Park,2021-06-23 16:22:30,52.50533333333333,13.341331666666669,28.8,0.0,51.1,0.0626,0.03,18.33,18.33,12.28,0.68,1019.3,2.77,0.95,3.0,16.093,2.22321,Kurfürstenstraße,8.851101022602792,3911.481454866562,pc4,Park,False,False,12.329422374806583,50,10,0.04
1624458150.49921,2021-06-23T14:22:30.499209Z,52.50533333333333,13.341331666666669,4,2,S2,1624458150.49921,21.231583673469387,-65.46732653061224,-37.76715918367347,0.0012320625918367,44.0,777.4285714285714,3.4285714285714284,0.1680804081632653,12,49,2021-06-23 16:22:30,52.50533333333333,13.341331666666669,28.8,0.0,51.1,0.0626,0.03,18.33,18.33,12.28,0.68,1019.3,2.77,0.95,3.0,16.093,2.22321,Kurfürstenstraße,8.851101022602792,3911.481454866562,pc4,Park,2021-06-23 16:22:30,52.50539333333333,13.341178333333334,39.0,0.0,190.6,0.0626,0.03,18.33,18.33,12.28,0.68,1019.3,2.77,0.95,3.0,16.093,3.46201,Kurfürstenstraße,1.9950074555456092,3907.1484498105697,pc2,Park,False,False,12.329422374806583,50,10,0.02
1624458151.4958138,2021-06-23T14:22:31.495813Z,52.50533333333333,13.341331666666669,4,2,S2,1624458151.4958138,21.345182,-65.842716,-38.1392,0.00109484696,44.0,877.02,4.08,0.15412404,12,50,2021-06-23 16:22:31,52.50533333333333,13.341331666666669,28.7,0.0,51.1,0.0626,0.03,18.33,18.33,12.28,0.68,1019.3,2.77,0.95,3.0,16.093,2.22321,Kurfürstenstraße,8.851101022602792,3911.481454866562,pc4,Park,2021-06-23 16:22:31,52.50539333333333,13.341178333333334,39.0,0.0,190.6,0.0626,0.03,18.33,18.33,12.28,0.68,1019.3,2.77,0.95,3.0,16.093,3.46201,Kurfürstenstraße,1.9950074555456092,3907.1484498105697,pc2,Park,False,False,12.329422374806583,50,10,0.0
1624458151.4980974,2021-06-23T14:22:31.498097Z,52.50539333333333,13.341178333333334,2,4,S2,1624458151.4980974,16.977686530612246,-69.41387346938775,-41.66462857142857,0.0023880890408163,41.0,877.0408163265306,6.183673469387755,0.0680093367346938,12,49,2021-06-23 16:22:31,52.50539333333333,13.341178333333334,39.0,0.0,190.6,0.0626,0.03,18.33,18.33,12.28,0.68,1019.3,2.77,0.95,3.0,16.093,3.46201,Kurfürstenstraße,1.9950074555456092,3907.1484498105697,pc2,Park,2021-06-23 16:22:31,52.50533333333333,13.341331666666669,28.7,0.0,51.1,0.0626,0.03,18.33,18.33,12.28,0.68,1019.3,2.77,0.95,3.0,16.093,2.22321,Kurfürstenstraße,8.851101022602792,3911.481454866562,pc4,Park,False,False,12.329422374806583,50,10,0.02
1624458152.498988,2021-06-23T14:22:32.498987Z,52.50533333333333,13.341331666666669,4,2,S2,1624458152.498988,14.780866666666666,-65.77619607843137,-38.04461764705882,0.0064292033137254,44.0,917.0588235294116,4.529411764705882,0.1581834705882353,12,51,2021-06-23 16:22:32,52.50533333333333,13.341331666666669,28.7,0.0,51.1,0.0626,0.03,18.33,18.33,12.28,0.68,1019.3,2.77,0.95,3.0,16.093,2.22321,Kurfürstenstraße,8.851101022602792,3911.481454866562,pc4,Park,2021-06-23 16:22:32,52.50539333333333,13.341178333333334,39.0,0.0,190.6,0.0626,0.03,18.33,18.33,12.28,0.68,1019.3,2.77,0.95,3.0,16.093,3.46201,Kurfürstenstraße,1.9950074555456092,3907.1484498105697,pc2,Park,False,False,12.329422374806583,50,10,-0.02
1624458152.503527,2021-06-23T14:22:32.503526Z,52.50539333333333,13.341178333333334,2,4,S2,1624458152.503527,19.344326,-69.50905800000001,-41.770952,0.0007095504199999,41.0,937.04,2.0,0.06719808,12,50,2021-06-23 16:22:32,52.50539333333333,13.341178333333334,39.0,0.0,190.6,0.0626,0.03,18.33,18.33,12.28,0.68,1019.3,2.77,0.95,3.0,16.093,3.46201,Kurfürstenstraße,1.9950074555456092,3907.1484498105697,pc2,Park,2021-06-23 16:22:32,52.50533333333333,13.341331666666669,28.7,0.0,51.1,0.0626,0.03,18.33,18.33,12.28,0.68,1019.3,2.77,0.95,3.0,16.093,2.22321,Kurfürstenstraße,8.851101022602792,3911.481454866562,pc4,Park,False,False,12.329422374806583,50,10,0.0
1624458153.503529,2021-06-23T14:22:33.503529Z,52.50539333333333,13.341178333333334,2,4,S2,1624458153.503529,20.179572,-68.437374,-40.697452,0.00075143232,41.0,54.0,2.0,0.086499168,12,50,2021-06-23 16:22:33,52.50539333333333,13.341178333333334,39.0,0.0,190.6,0.0626,0.03,18.33,18.33,12.28,0.68,1019.3,2.77,0.95,3.0,16.093,3.46201,Kurfürstenstraße,1.9950074555456092,3907.1484498105697,pc2,Park,2021-06-23 16:22:33,52.50533333333333,13.341331666666669,28.7,0.0,51.1,0.0626,0.03,18.33,18.33,12.28,0.68,1019.3,2.77,0.95,3.0,16.093,2.22321,Kurfürstenstraße,8.851101022602792,3911.481454866562,pc4,Park,False,False,12.329422374806583,50,10,0.0
1624458153.5067756,2021-06-23T14:22:33.506775Z,52.50533333333333,13.341331666666669,4,2,S2,1624458153.5067756,14.14964,-64.596612,-36.889822,0.0079623907,44.0,54.04,4.84,0.20934296,12,50,2021-06-23 16:22:33,52.50533333333333,13.341331666666669,28.7,0.0,51.1,0.0626,0.03,18.33,18.33,12.28,0.68,1019.3,2.77,0.95,3.0,16.093,2.22321,Kurfürstenstraße,8.851101022602792,3911.481454866562,pc4,Park,2021-06-23 16:22:33,52.50539333333333,13.341178333333334,39.0,0.0,190.6,0.0626,0.03,18.33,18.33,12.28,0.68,1019.3,2.77,0.95,3.0,16.093,3.46201,Kurfürstenstraße,1.9950074555456092,3907.1484498105697,pc2,Park,False,False,12.329422374806583,50,10,0.0
1624458154.4979992,2021-06-23T14:22:34.497999Z,52.50539333333333,13.341178333333334,2,4,S2,1624458154.4979992,19.902295918367347,-68.72106530612244,-41.02334693877551,0.0007466156122448,41.0,153.40816326530611,2.4081632653061225,0.0801534408163265,12,49,2021-06-23 16:22:34,52.50539333333333,13.341178333333334,39.0,0.0,190.6,0.0626,0.03,18.33,18.33,12.28,0.68,1019.3,2.77,0.95,3.0,16.093,3.46201,Kurfürstenstraße,1.9950074555456092,3907.1484498105697,pc2,Park,2021-06-23 16:22:34,52.50533333333333,13.341331666666669,28.8,0.0,51.1,0.0626,0.03,18.33,18.33,12.28,0.68,1019.3,2.77,0.95,3.0,16.093,2.22321,Kurfürstenstraße,8.851101022602792,3911.481454866562,pc4,Park,False,False,12.329422374806583,50,10,0.02
1624458154.510731,2021-06-23T14:22:34.510730Z,52.50533333333333,13.341331666666669,4,2,S2,1624458154.510731,20.098074,-65.29578599999999,-37.587764,0.00213786604,44.0,154.46,4.62,0.1759338,12,50,2021-06-23 16:22:34,52.50533333333333,13.341331666666669,28.8,0.0,51.1,0.0626,0.03,18.33,18.33,12.28,0.68,1019.3,2.77,0.95,3.0,16.093,2.22321,Kurfürstenstraße,8.851101022602792,3911.481454866562,pc4,Park,2021-06-23 16:22:34,52.50539333333333,13.341178333333334,39.0,0.0,190.6,0.0626,0.03,18.33,18.33,12.28,0.68,1019.3,2.77,0.95,3.0,16.093,3.46201,Kurfürstenstraße,1.9950074555456092,3907.1484498105697,pc2,Park,False,False,12.329422374806583,50,10,0.0
1624458155.4967914,2021-06-23T14:22:35.496791Z,52.50539333333333,13.341178333333334,2,4,S2,1624458155.4967914,18.986764,-69.40723799999999,-41.648346,0.00084969922,41.0,253.18,3.46,0.06849806,12,50,2021-06-23 16:22:35,52.50539333333333,13.341178333333334,39.0,0.0,190.6,0.0626,0.03,18.33,18.33,12.28,0.68,1019.3,2.77,0.95,3.0,16.093,3.46201,Kurfürstenstraße,1.9950074555456092,3907.1484498105697,pc2,Park,2021-06-23 16:22:35,52.50533333333333,13.341331666666669,28.8,0.0,51.1,0.0626,0.03,18.33,18.33,12.28,0.68,1019.3,2.77,0.95,3.0,16.093,2.22321,Kurfürstenstraße,8.851101022602792,3911.481454866562,pc4,Park,False,False,12.329422374806583,50,10,0.0
1624458155.5041978,2021-06-23T14:22:35.504197Z,52.50533333333333,13.341331666666669,4,2,S2,1624458155.5041978,20.491569387755103,-65.85167551020409,-38.0598,0.0013443371836734,44.0,254.0204081632653,2.489795918367347,0.1554668163265306,12,49,2021-06-23 16:22:35,52.50533333333333,13.341331666666669,28.8,0.0,51.1,0.0626,0.03,18.33,18.33,12.28,0.68,1019.3,2.77,0.95,3.0,16.093,2.22321,Kurfürstenstraße,8.851101022602792,3911.481454866562,pc4,Park,2021-06-23 16:22:35,52.50539333333333,13.341178333333334,39.0,0.0,190.6,0.0626,0.03,18.33,18.33,12.28,0.68,1019.3,2.77,0.95,3.0,16.093,3.46201,Kurfürstenstraße,1.9950074555456092,3907.1484498105697,pc2,Park,False,False,12.329422374806583,50,10,0.02
1624458156.4976823,2021-06-23T14:22:36.497682Z,52.505335,13.341333333333331,4,2,S2,1624458156.4976823,21.349304081632653,-65.43861632653062,-37.67139591836735,0.0011982374285714,44.0,353.2448979591837,3.7142857142857135,0.1723279183673469,12,49,2021-06-23 16:22:36,52.505335,13.341333333333331,28.9,0.0,51.1,0.0626,0.03,18.33,18.33,12.28,0.68,1019.3,2.77,0.95,3.0,16.093,2.22321,Kurfürstenstraße,8.949446256855815,3911.481454866562,pc4,Park,2021-06-23 16:22:36,52.50539333333333,13.341178333333334,39.0,0.0,190.6,0.0626,0.03,18.33,18.33,12.28,0.68,1019.3,2.77,0.95,3.0,16.093,3.46201,Kurfürstenstraße,1.9950074555456092,3907.1484498105697,pc2,Park,False,False,12.325983920733307,50,10,0.02
1624458156.5000277,2021-06-23T14:22:36.500027Z,52.50539333333333,13.341178333333334,2,4,S2,1624458156.5000277,18.273382653061223,-69.0166,-41.237289795918365,0.0013624438571428,41.0,353.38775510204084,4.63265306122449,0.0757735428571428,12,49,2021-06-23 16:22:36,52.50539333333333,13.341178333333334,39.0,0.0,190.6,0.0626,0.03,18.33,18.33,12.28,0.68,1019.3,2.77,0.95,3.0,16.093,3.46201,Kurfürstenstraße,1.9950074555456092,3907.1484498105697,pc2,Park,2021-06-23 16:22:36,52.505335,13.341333333333331,28.9,0.0,51.1,0.0626,0.03,18.33,18.33,12.28,0.68,1019.3,2.77,0.95,3.0,16.093,2.22321,Kurfürstenstraße,8.949446256855815,3911.481454866562,pc4,Park,False,False,12.325983920733307,50,10,0.02
1624458157.4920342,2021-06-23T14:22:37.492034Z,52.50539333333333,13.341178333333334,2,4,S2,1624458157.4920342,20.317734693877554,-67.64735102040817,-39.91541020408163,0.0009063835306122,41.0,452.4693877551021,5.816326530612245,0.1144999979591836,12,49,2021-06-23 16:22:37,52.50539333333333,13.341178333333334,39.0,0.0,190.6,0.0626,0.03,18.33,18.33,12.28,0.68,1019.3,2.77,0.95,3.0,16.093,3.46201,Kurfürstenstraße,1.9950074555456092,3907.1484498105697,pc2,Park,2021-06-23 16:22:37,52.505341666666666,13.341345,29.0,1.1112,46.6,0.0626,0.03,18.33,18.33,12.28,0.68,1019.3,2.77,0.95,3.0,16.093,0.52571,Corneliusbrücke,2.261953444513241,3911.481454866562,pc4,Park,False,False,12.650710964132228,50,10,0.02
1624458157.4980962,2021-06-23T14:22:37.498096Z,52.505341666666666,13.341345,4,2,S2,1624458157.4980962,21.888604,-64.21685599999999,-36.499774,0.00150403926,44.0,453.0,6.6,0.24804594,12,50,2021-06-23 16:22:37,52.505341666666666,13.341345,29.0,1.1112,46.6,0.0626,0.03,18.33,18.33,12.28,0.68,1019.3,2.77,0.95,3.0,16.093,0.52571,Corneliusbrücke,2.261953444513241,3911.481454866562,pc4,Park,2021-06-23 16:22:37,52.50539333333333,13.341178333333334,39.0,0.0,190.6,0.0626,0.03,18.33,18.33,12.28,0.68,1019.3,2.77,0.95,3.0,16.093,3.46201,Kurfürstenstraße,1.9950074555456092,3907.1484498105697,pc2,Park,False,False,12.650710964132228,50,10,0.0
1624458158.495489,2021-06-23T14:22:38.495488Z,52.50534833333333,13.341356666666666,4,2,S2,1624458158.495489,22.326734,-63.68206,-35.855972,0.00148195386,44.0,553.0,4.0,0.26014298,12,50,2021-06-23 16:22:38,52.50534833333333,13.341356666666666,29.1,1.1112,47.0,0.0626,0.03,18.33,18.33,12.28,0.68,1019.3,2.77,0.95,3.0,16.093,0.52571,Corneliusbrücke,2.9356296664641133,3911.481454866562,pc4,Park,2021-06-23 16:22:38,52.50539333333333,13.34118,39.0,0.0,190.6,0.0626,0.03,18.33,18.33,12.28,0.68,1019.3,2.77,0.95,3.0,16.093,3.46201,Kurfürstenstraße,1.8826126546703248,3907.1484498105697,pc2,Park,False,False,12.953246613409162,50,10,0.0
1624458158.4961123,2021-06-23T14:22:38.496112Z,52.50539333333333,13.34118,2,4,S2,1624458158.4961123,19.3738672,-67.29217,-39.457014,0.00193331588,41.0,552.68,7.8,0.11376802,12,50,2021-06-23 16:22:38,52.50539333333333,13.34118,39.0,0.0,190.6,0.0626,0.03,18.33,18.33,12.28,0.68,1019.3,2.77,0.95,3.0,16.093,3.46201,Kurfürstenstraße,1.8826126546703248,3907.1484498105697,pc2,Park,2021-06-23 16:22:38,52.50534833333333,13.341356666666666,29.1,1.1112,47.0,0.0626,0.03,18.33,18.33,12.28,0.68,1019.3,2.77,0.95,3.0,16.093,0.52571,Corneliusbrücke,2.9356296664641133,3911.481454866562,pc4,Park,False,False,12.953246613409162,50,10,0.0
1624458159.4956193,2021-06-23T14:22:39.495619Z,52.505355,13.34137,4,2,S2,1624458159.4956193,21.140038,-62.665302,-34.88002,0.0037205796,44.0,653.0,4.1,0.32820358,12,50,2021-06-23 16:22:39,52.505355,13.34137,29.0,0.0,47.0,0.0626,0.03,18.33,18.33,12.28,0.68,1019.3,2.77,0.95,3.0,16.093,0.52571,Corneliusbrücke,3.7208414927600906,3907.1484498105697,pc4,Park,2021-06-23 16:22:39,52.50539333333333,13.34118,39.0,0.0,190.6,0.0626,0.03,18.33,18.33,12.28,0.68,1019.3,2.77,0.95,3.0,16.093,3.46201,Kurfürstenstraße,1.8826126546703248,3907.1484498105697,pc2,Park,False,False,13.53838537784634,50,10,0.0
1624458159.4998145,2021-06-23T14:22:39.499814Z,52.50539333333333,13.34118,2,4,S2,1624458159.4998145,17.8679494,-66.005572,-38.226348,0.0034141127199999,41.0,653.34,4.88,0.151331356,12,50,2021-06-23 16:22:39,52.50539333333333,13.34118,39.0,0.0,190.6,0.0626,0.03,18.33,18.33,12.28,0.68,1019.3,2.77,0.95,3.0,16.093,3.46201,Kurfürstenstraße,1.8826126546703248,3907.1484498105697,pc2,Park,2021-06-23 16:22:39,52.505355,13.34137,29.0,0.0,47.0,0.0626,0.03,18.33,18.33,12.28,0.68,1019.3,2.77,0.95,3.0,16.093,0.52571,Corneliusbrücke,3.7208414927600906,3907.1484498105697,pc4,Park,False,False,13.53838537784634,50,10,0.0
1624458160.494867,2021-06-23T14:22:40.494867Z,52.50536,13.34138,4,2,S2,1624458160.494867,20.653151020408163,-62.72857142857143,-34.940861224489794,0.0043231432857142,44.0,753.0,3.346938775510204,0.3196967959183673,12,49,2021-06-23 16:22:40,52.50536,13.34138,28.9,0.0,47.0,0.0626,0.03,18.33,18.33,12.28,0.68,1019.3,2.77,0.95,3.0,16.093,0.52571,Corneliusbrücke,4.30975015776228,3907.1484498105697,pc4,Park,2021-06-23 16:22:40,52.50539333333333,13.34118,39.0,0.0,190.6,0.0626,0.03,18.33,18.33,12.28,0.68,1019.3,2.77,0.95,3.0,16.093,3.46201,Kurfürstenstraße,1.8826126546703248,3907.1484498105697,pc2,Park,False,False,14.025010183025127,50,10,0.02
1624458160.4991884,2021-06-23T14:22:40.499188Z,52.50539333333333,13.34118,2,4,S2,1624458160.4991884,20.830520408163267,-66.3134306122449,-38.53001428571429,0.0010849368367346,41.0,753.3061224489796,4.612244897959184,0.1403419408163265,12,49,2021-06-23 16:22:40,52.50539333333333,13.34118,39.0,0.0,190.6,0.0626,0.03,18.33,18.33,12.28,0.68,1019.3,2.77,0.95,3.0,16.093,3.46201,Kurfürstenstraße,1.8826126546703248,3907.1484498105697,pc2,Park,2021-06-23 16:22:40,52.50536,13.34138,28.9,0.0,47.0,0.0626,0.03,18.33,18.33,12.28,0.68,1019.3,2.77,0.95,3.0,16.093,0.52571,Corneliusbrücke,4.30975015776228,3907.1484498105697,pc4,Park,False,False,14.025010183025127,50,10,0.02
1624458161.500525,2021-06-23T14:22:41.500524Z,52.505365,13.34139,4,2,S2,1624458161.500525,20.63594,-63.156168,-35.40002,0.0024620098,44.0,853.0,9.0,0.2891966,12,50,2021-06-23 16:22:41,52.505365,13.34139,28.8,0.0,47.0,0.0626,0.03,18.33,18.33,12.28,0.68,1019.3,2.77,0.95,3.0,16.093,0.52571,Corneliusbrücke,4.898658647184704,3907.1484498105697,pc4,Park,2021-06-23 16:22:41,52.50539333333333,13.34118,39.0,0.0,190.6,0.0626,0.03,18.33,18.33,12.28,0.68,1019.3,2.77,0.95,3.0,16.093,3.46201,Kurfürstenstraße,1.8826126546703248,3907.1484498105697,pc2,Park,False,False,14.548048577292308,50,10,0.0
1624458161.5103748,2021-06-23T14:22:41.510374Z,52.50539333333333,13.34118,2,4,S2,1624458161.5103748,20.122154166666665,-66.76659375,-38.98599166666667,0.0013813318958333,41.0,854.1041666666666,7.791666666666667,0.1258442083333333,12,48,2021-06-23 16:22:41,52.50539333333333,13.34118,39.0,0.0,190.6,0.0626,0.03,18.33,18.33,12.28,0.68,1019.3,2.77,0.95,3.0,16.093,3.46201,Kurfürstenstraße,1.8826126546703248,3907.1484498105697,pc2,Park,2021-06-23 16:22:41,52.505365,13.34139,28.8,0.0,47.0,0.0626,0.03,18.33,18.33,12.28,0.68,1019.3,2.77,0.95,3.0,16.093,0.52571,Corneliusbrücke,4.898658647184704,3907.1484498105697,pc4,Park,False,False,14.548048577292308,50,10,0.04
1624458162.500497,2021-06-23T14:22:42.500497Z,52.50537,13.3414,4,2,S2,1624458162.500497,21.671374,-63.32019,-35.603578,0.00192112012,44.0,953.0,9.0,0.28535652,12,50,2021-06-23 16:22:42,52.50537,13.3414,28.7,0.0,47.0,0.0626,0.03,18.33,18.33,12.28,0.68,1019.3,2.77,0.95,3.0,16.093,0.52571,Corneliusbrücke,5.487566960917975,3907.1484498105697,pc4,Park,2021-06-23 16:22:42,52.50539333333333,13.34118,38.9,0.0,190.6,0.0626,0.03,18.33,18.33,12.28,0.68,1019.3,2.77,0.95,3.0,16.093,3.46201,Kurfürstenstraße,1.8826126546703248,3907.1484498105697,pc2,Park,False,False,15.103718029907546,50,10,0.0
1624458162.502943,2021-06-23T14:22:42.502943Z,52.50539333333333,13.34118,2,4,S2,1624458162.502943,20.96010408163265,-66.85027346938776,-39.10710816326531,0.0009401909795918,41.0,953.7142857142856,4.285714285714286,0.1263226346938775,12,49,2021-06-23 16:22:42,52.50539333333333,13.34118,38.9,0.0,190.6,0.0626,0.03,18.33,18.33,12.28,0.68,1019.3,2.77,0.95,3.0,16.093,3.46201,Kurfürstenstraße,1.8826126546703248,3907.1484498105697,pc2,Park,2021-06-23 16:22:42,52.50537,13.3414,28.7,0.0,47.0,0.0626,0.03,18.33,18.33,12.28,0.68,1019.3,2.77,0.95,3.0,16.093,0.52571,Corneliusbrücke,5.487566960917975,3907.1484498105697,pc4,Park,False,False,15.103718029907546,50,10,0.02
1624458163.498003,2021-06-23T14:22:43.498003Z,52.50539333333333,13.34118,2,4,S2,1624458163.498003,19.97537551020408,-68.57983673469387,-40.86720204081632,0.0007599700816326,41.0,238.3265306122449,3.0,0.0823811326530612,12,49,2021-06-23 16:22:43,52.50539333333333,13.34118,38.9,0.0,190.6,0.0626,0.03,18.33,18.33,12.28,0.68,1019.3,2.77,0.95,3.0,16.093,3.46201,Kurfürstenstraße,1.8826126546703248,3907.1484498105697,pc2,Park,2021-06-23 16:22:43,52.50537,13.341401666666666,28.7,0.0,47.0,0.0626,0.03,18.33,18.33,12.28,0.68,1019.3,2.77,0.95,3.0,16.093,0.52571,Corneliusbrücke,5.599102781962555,3907.1484498105697,pc4,Park,False,False,15.214777013430536,50,10,0.02
1624458163.5040176,2021-06-23T14:22:43.504017Z,52.50537,13.341401666666666,4,2,S2,1624458163.5040176,21.4925,-64.92474,-37.232424,0.0013166304,44.0,234.3,7.5,0.19121946,12,50,2021-06-23 16:22:43,52.50537,13.341401666666666,28.7,0.0,47.0,0.0626,0.03,18.33,18.33,12.28,0.68,1019.3,2.77,0.95,3.0,16.093,0.52571,Corneliusbrücke,5.599102781962555,3907.1484498105697,pc4,Park,2021-06-23 16:22:43,52.50539333333333,13.34118,38.9,0.0,190.6,0.0626,0.03,18.33,18.33,12.28,0.68,1019.3,2.77,0.95,3.0,16.093,3.46201,Kurfürstenstraße,1.8826126546703248,3907.1484498105697,pc2,Park,False,False,15.214777013430536,50,10,0.0
1624458164.4988077,2021-06-23T14:22:44.498807Z,52.50539333333333,13.34118,2,4,S2,1624458164.4988077,20.732336,-66.90642799999999,-39.187888,0.00097191884,41.0,129.0,7.3,0.1249915539999999,12,50,2021-06-23 16:22:44,52.50539333333333,13.34118,38.9,0.0,190.6,0.0626,0.03,18.33,18.33,12.28,0.68,1019.3,2.77,0.95,3.0,16.093,3.46201,Kurfürstenstraße,1.8826126546703248,3907.1484498105697,pc2,Park,2021-06-23 16:22:44,52.50537166666667,13.341403333333334,28.7,0.0,47.0,0.0626,0.03,18.33,18.33,12.28,0.68,1019.3,2.77,0.95,3.0,16.093,0.52571,Corneliusbrücke,5.683869693147307,3907.1484498105697,pc4,Park,False,False,15.29558387623532,50,10,0.0
1624458164.507515,2021-06-23T14:22:44.507514Z,52.50537166666667,13.341403333333334,4,2,S2,1624458164.507515,22.227344,-63.306102,-35.567118,0.0016678596,44.0,130.0,6.0,0.28773644,12,50,2021-06-23 16:22:44,52.50537166666667,13.341403333333334,28.7,0.0,47.0,0.0626,0.03,18.33,18.33,12.28,0.68,1019.3,2.77,0.95,3.0,16.093,0.52571,Corneliusbrücke,5.683869693147307,3907.1484498105697,pc4,Park,2021-06-23 16:22:44,52.50539333333333,13.34118,38.9,0.0,190.6,0.0626,0.03,18.33,18.33,12.28,0.68,1019.3,2.77,0.95,3.0,16.093,3.46201,Kurfürstenstraße,1.8826126546703248,3907.1484498105697,pc2,Park,False,False,15.29558387623532,50,10,0.0
1624458165.4997897,2021-06-23T14:22:45.499789Z,52.50539333333333,13.34118,2,4,S2,1624458165.4997897,15.767385999999998,-63.62717,-35.826524,0.00859838266,41.0,229.06,7.64,0.25839056,12,50,2021-06-23 16:22:45,52.50539333333333,13.34118,38.9,0.0,190.6,0.0626,0.03,18.33,18.33,12.28,0.68,1019.3,2.77,0.95,3.0,16.093,3.46201,Kurfürstenstraße,1.8826126546703248,3907.1484498105697,pc2,Park,2021-06-23 16:22:45,52.50537166666667,13.341403333333334,28.7,0.0,47.0,0.0626,0.03,18.33,18.33,12.28,0.68,1019.3,2.77,0.95,3.0,16.093,0.52571,Corneliusbrücke,5.683869693147307,3907.1484498105697,pc4,Park,False,False,15.29558387623532,50,10,0.0
1624458165.510007,2021-06-23T14:22:45.510006Z,52.50537166666667,13.341403333333334,4,2,S2,1624458165.510007,24.061197916666668,-60.06995208333333,-32.19811666666667,0.0024126243749999,44.0,230.5,3.5,0.5850725625000001,12,48,2021-06-23 16:22:45,52.50537166666667,13.341403333333334,28.7,0.0,47.0,0.0626,0.03,18.33,18.33,12.28,0.68,1019.3,2.77,0.95,3.0,16.093,0.52571,Corneliusbrücke,5.683869693147307,3907.1484498105697,pc4,Park,2021-06-23 16:22:45,52.50539333333333,13.34118,38.9,0.0,190.6,0.0626,0.03,18.33,18.33,12.28,0.68,1019.3,2.77,0.95,3.0,16.093,3.46201,Kurfürstenstraße,1.8826126546703248,3907.1484498105697,pc2,Park,False,False,15.29558387623532,50,10,0.04
1624458166.495726,2021-06-23T14:22:46.495726Z,52.50539333333333,13.34118,2,4,S2,1624458166.495726,21.648178,-63.840876,-36.026866,0.00156886204,41.0,329.02,4.0,0.2457341999999999,12,50,2021-06-23 16:22:46,52.50539333333333,13.34118,38.9,0.0,190.6,0.0626,0.03,18.33,18.33,12.28,0.68,1019.3,2.77,0.95,3.0,16.093,3.46201,Kurfürstenstraße,1.8826126546703248,3907.1484498105697,pc2,Park,2021-06-23 16:22:46,52.50537333333333,13.341405,28.7,0.0,47.0,0.0626,0.03,18.33,18.33,12.28,0.68,1019.3,2.77,0.95,3.0,16.093,0.52571,Corneliusbrücke,5.768636595309524,3907.1484498105697,pc4,Park,False,False,15.379021854419811,50,10,0.0
1624458166.497409,2021-06-23T14:22:46.497409Z,52.50537333333333,13.341405,4,2,S2,1624458166.497409,23.857226530612248,-60.23441632653061,-32.420832653061225,0.0024471110204081,44.0,329.38775510204084,2.020408163265306,0.5627928775510205,12,49,2021-06-23 16:22:46,52.50537333333333,13.341405,28.7,0.0,47.0,0.0626,0.03,18.33,18.33,12.28,0.68,1019.3,2.77,0.95,3.0,16.093,0.52571,Corneliusbrücke,5.768636595309524,3907.1484498105697,pc4,Park,2021-06-23 16:22:46,52.50539333333333,13.34118,38.9,0.0,190.6,0.0626,0.03,18.33,18.33,12.28,0.68,1019.3,2.77,0.95,3.0,16.093,3.46201,Kurfürstenstraße,1.8826126546703248,3907.1484498105697,pc2,Park,False,False,15.379021854419811,50,10,0.02
1624458167.4851806,2021-06-23T14:22:47.485180Z,52.50539333333333,13.34118,2,4,S2,1624458167.4851806,21.95613673469388,-63.45097551020408,-35.6178693877551,0.0016163177959183,41.0,428.0,3.673469387755102,0.2674286122448979,12,49,2021-06-23 16:22:47,52.50539333333333,13.34118,38.9,0.0,190.6,0.0626,0.03,18.33,18.33,12.28,0.68,1019.3,2.77,0.95,3.0,16.093,3.46201,Kurfürstenstraße,1.8826126546703248,3907.1484498105697,pc2,Park,2021-06-23 16:22:47,52.50537166666667,13.341401666666666,28.7,0.0,47.0,0.0626,0.03,18.33,18.33,12.28,0.68,1019.3,2.77,0.95,3.0,16.093,0.52571,Corneliusbrücke,5.572333876860935,3907.1484498105697,pc4,Park,False,False,15.184279447869343,50,10,0.02
1624458167.5034957,2021-06-23T14:22:47.503495Z,52.50537166666667,13.341401666666666,4,2,S2,1624458167.5034957,24.059468000000003,-59.848422,-32.023046,0.0024975998,44.0,430.0,2.0,0.61353178,12,50,2021-06-23 16:22:47,52.50537166666667,13.341401666666666,28.7,0.0,47.0,0.0626,0.03,18.33,18.33,12.28,0.68,1019.3,2.77,0.95,3.0,16.093,0.52571,Corneliusbrücke,5.572333876860935,3907.1484498105697,pc4,Park,2021-06-23 16:22:47,52.50539333333333,13.34118,38.9,0.0,190.6,0.0626,0.03,18.33,18.33,12.28,0.68,1019.3,2.77,0.95,3.0,16.093,3.46201,Kurfürstenstraße,1.8826126546703248,3907.1484498105697,pc2,Park,False,False,15.184279447869343,50,10,0.0
1624458168.493906,2021-06-23T14:22:48.493906Z,52.50539333333333,13.34118,2,4,S2,1624458168.493906,21.498395918367347,-63.757828571428576,-35.934816326530616,0.0016802669387755,41.0,528.8163265306123,4.224489795918367,0.2495833673469387,12,49,2021-06-23 16:22:48,52.50539333333333,13.34118,38.9,0.0,190.6,0.0626,0.03,18.33,18.33,12.28,0.68,1019.3,2.77,0.95,3.0,16.093,3.46201,Kurfürstenstraße,1.8826126546703248,3907.1484498105697,pc2,Park,2021-06-23 16:22:48,52.50537833333333,13.34141,28.8,0.0,47.0,0.0626,0.03,18.33,18.33,12.28,0.68,1019.3,2.77,0.95,3.0,16.093,0.52571,Corneliusbrücke,6.022937247580143,3907.1484498105697,pc4,Park,False,False,15.644694871141724,50,10,0.02
1624458168.50779,2021-06-23T14:22:48.507789Z,52.50537833333333,13.34141,4,2,S2,1624458168.50779,23.05731836734694,-60.20111836734694,-32.39834897959184,0.002953387755102,44.0,530.4285714285714,2.0,0.5674597346938776,12,49,2021-06-23 16:22:48,52.50537833333333,13.34141,28.8,0.0,47.0,0.0626,0.03,18.33,18.33,12.28,0.68,1019.3,2.77,0.95,3.0,16.093,0.52571,Corneliusbrücke,6.022937247580143,3907.1484498105697,pc4,Park,2021-06-23 16:22:48,52.50539333333333,13.34118,38.9,0.0,190.6,0.0626,0.03,18.33,18.33,12.28,0.68,1019.3,2.77,0.95,3.0,16.093,3.46201,Kurfürstenstraße,1.8826126546703248,3907.1484498105697,pc2,Park,False,False,15.644694871141724,50,10,0.02
1624458169.3986046,2021-06-23T14:22:49.398604Z,52.505386666666666,13.34142,4,2,S2,1624458169.3986046,22.87035641025641,-61.97241538461538,-34.14000769230769,0.0022375633333333,44.0,619.5128205128206,1.9743589743589745,0.3791230769230769,12,39,2021-06-23 16:22:49,52.505386666666666,13.34142,28.8,0.0,47.0,0.0626,0.03,18.33,18.33,12.28,0.68,1019.3,2.77,0.95,3.0,16.093,0.52571,Corneliusbrücke,6.558307259290607,3903.659173822807,pc4,Park,2021-06-23 16:22:49,52.50539333333333,13.34118,38.9,0.0,190.6,0.0626,0.03,18.33,18.33,12.28,0.68,1019.3,2.77,0.95,3.0,16.093,3.46201,Kurfürstenstraße,1.8826126546703248,3907.1484498105697,pc2,Park,False,False,16.248680137461164,50,10,0.22
1624458169.4992032,2021-06-23T14:22:49.499203Z,52.50539333333333,13.34118,2,4,S2,1624458169.4992032,21.264178,-65.705272,-37.847886,0.00111810914,41.0,629.0,7.68,0.16149274,12,50,2021-06-23 16:22:49,52.50539333333333,13.34118,38.9,0.0,190.6,0.0626,0.03,18.33,18.33,12.28,0.68,1019.3,2.77,0.95,3.0,16.093,3.46201,Kurfürstenstraße,1.8826126546703248,3907.1484498105697,pc2,Park,2021-06-23 16:22:49,52.505386666666666,13.34142,28.8,0.0,47.0,0.0626,0.03,18.33,18.33,12.28,0.68,1019.3,2.77,0.95,3.0,16.093,0.52571,Corneliusbrücke,6.558307259290607,3903.659173822807,pc4,Park,False,False,16.248680137461164,50,10,0.0
1624458170.5017974,2021-06-23T14:22:50.501797Z,52.50539333333333,13.34118,2,4,S2,1624458170.5017974,21.05792857142857,-65.68343673469388,-37.84627346938776,0.0011788060816326,41.0,729.8775510204082,1.489795918367347,0.1599991224489796,12,49,2021-06-23 16:22:50,52.50539333333333,13.34118,38.9,0.0,190.6,0.0626,0.03,18.33,18.33,12.28,0.68,1019.3,2.77,0.95,3.0,16.093,3.46201,Kurfürstenstraße,1.8826126546703248,3907.1484498105697,pc2,Park,2021-06-23 16:22:50,52.505395,13.341428333333331,28.9,1.4816000000000005,30.8,0.0626,0.03,18.33,18.33,12.28,0.68,1019.3,2.77,0.95,3.0,16.093,0.52571,Corneliusbrücke,6.982141249633847,3903.659173822807,pc4,Park,False,False,16.796210333966677,50,10,0.02
1624458170.527712,2021-06-23T14:22:50.527712Z,52.505395,13.341428333333331,4,2,S2,1624458170.527712,22.8551375,-62.26691458333334,-34.4760125,0.0018797116666666,44.0,732.0416666666666,5.8125,0.3512742499999999,12,48,2021-06-23 16:22:50,52.505395,13.341428333333331,28.9,1.4816000000000005,30.8,0.0626,0.03,18.33,18.33,12.28,0.68,1019.3,2.77,0.95,3.0,16.093,0.52571,Corneliusbrücke,6.982141249633847,3903.659173822807,pc4,Park,2021-06-23 16:22:50,52.50539333333333,13.34118,38.9,0.0,190.6,0.0626,0.03,18.33,18.33,12.28,0.68,1019.3,2.77,0.95,3.0,16.093,3.46201,Kurfürstenstraße,1.8826126546703248,3907.1484498105697,pc2,Park,False,False,16.796210333966677,50,10,0.04
1624458171.4968057,2021-06-23T14:22:51.496805Z,52.50539333333333,13.34118,2,4,S2,1624458171.4968057,21.19325,-65.546808,-37.704784,0.0011732303,41.0,829.0,5.3,0.16526526,12,50,2021-06-23 16:22:51,52.50539333333333,13.34118,38.9,0.0,190.6,0.0626,0.03,18.33,18.33,12.28,0.68,1019.3,2.77,0.95,3.0,16.093,3.46201,Kurfürstenstraße,1.8826126546703248,3907.1484498105697,pc2,Park,2021-06-23 16:22:51,52.50540333333333,13.341435,28.8,2.0372000000000003,31.8,0.0626,0.03,18.33,18.33,12.28,0.68,1019.3,2.77,0.95,3.0,16.093,0.52571,Corneliusbrücke,7.294439291766146,3903.659173822807,pc4,Park,False,False,17.28162798893358,50,10,0.0
1624458171.4981897,2021-06-23T14:22:51.498189Z,52.50540333333333,13.341435,4,2,S2,1624458171.4981897,17.797052083333334,-62.05613958333333,-34.23042916666667,0.0090775133333333,44.0,829.3125,3.5416666666666665,0.3697406875,12,48,2021-06-23 16:22:51,52.50540333333333,13.341435,28.8,2.0372000000000003,31.8,0.0626,0.03,18.33,18.33,12.28,0.68,1019.3,2.77,0.95,3.0,16.093,0.52571,Corneliusbrücke,7.294439291766146,3903.659173822807,pc4,Park,2021-06-23 16:22:51,52.50539333333333,13.34118,38.9,0.0,190.6,0.0626,0.03,18.33,18.33,12.28,0.68,1019.3,2.77,0.95,3.0,16.093,3.46201,Kurfürstenstraße,1.8826126546703248,3907.1484498105697,pc2,Park,False,False,17.28162798893358,50,10,0.04
1624458172.4944403,2021-06-23T14:22:52.494440Z,52.50541,13.341443333333334,4,2,S2,1624458172.4944403,19.26169,-62.021296,-34.200464000000004,0.0075889392,44.0,928.66,6.32,0.3923350599999999,12,50,2021-06-23 16:22:52,52.50541,13.341443333333334,28.8,2.0372000000000003,35.0,0.0626,0.03,18.33,18.33,12.28,0.68,1019.3,2.77,0.95,3.0,16.093,0.52571,Corneliusbrücke,7.741960192981046,3903.659173822807,pc4,Park,2021-06-23 16:22:52,52.50539333333333,13.34118,38.9,0.0,190.6,0.0626,0.03,18.33,18.33,12.28,0.68,1019.3,2.77,0.95,3.0,16.093,3.46201,Kurfürstenstraße,1.8826126546703248,3907.1484498105697,pc2,Park,False,False,17.905333989268925,50,10,0.0
1624458172.497517,2021-06-23T14:22:52.497517Z,52.50539333333333,13.34118,2,4,S2,1624458172.497517,21.147224,-65.696718,-37.842406,0.00118913116,41.0,929.0,6.0,0.1673933479999999,12,50,2021-06-23 16:22:52,52.50539333333333,13.34118,38.9,0.0,190.6,0.0626,0.03,18.33,18.33,12.28,0.68,1019.3,2.77,0.95,3.0,16.093,3.46201,Kurfürstenstraße,1.8826126546703248,3907.1484498105697,pc2,Park,2021-06-23 16:22:52,52.50541,13.341443333333334,28.8,2.0372000000000003,35.0,0.0626,0.03,18.33,18.33,12.28,0.68,1019.3,2.77,0.95,3.0,16.093,0.52571,Corneliusbrücke,7.741960192981046,3903.659173822807,pc4,Park,False,False,17.905333989268925,50,10,0.0
1624458173.497533,2021-06-23T14:22:53.497533Z,52.50539333333333,13.34118,2,4,S2,1624458173.497533,21.04308,-66.56400000000001,-38.652522,0.0009783777,41.0,455.56,6.0,0.140655632,12,50,2021-06-23 16:22:53,52.50539333333333,13.34118,38.9,0.0,190.6,0.0626,0.03,18.33,18.33,12.28,0.68,1019.3,2.77,0.95,3.0,16.093,3.46201,Kurfürstenstraße,1.8826126546703248,3907.1484498105697,pc2,Park,2021-06-23 16:22:53,52.50541833333333,13.341453333333334,28.8,1.852,38.2,0.0626,0.03,18.33,18.33,12.28,0.68,1019.3,2.77,0.95,3.0,16.093,0.52571,Corneliusbrücke,8.249628274422014,3900.937167750704,pc4,Park,False,False,18.692975312470963,50,10,0.0
1624458173.4996526,2021-06-23T14:22:53.499652Z,52.50541833333333,13.341453333333334,4,2,S2,1624458173.4996526,20.38956274509804,-62.92687647058823,-35.079541176470585,0.0030606425490196,44.0,446.6862745098039,8.549019607843137,0.3224237450980392,12,51,2021-06-23 16:22:53,52.50541833333333,13.341453333333334,28.8,1.852,38.2,0.0626,0.03,18.33,18.33,12.28,0.68,1019.3,2.77,0.95,3.0,16.093,0.52571,Corneliusbrücke,8.249628274422014,3900.937167750704,pc4,Park,2021-06-23 16:22:53,52.50539333333333,13.34118,38.9,0.0,190.6,0.0626,0.03,18.33,18.33,12.28,0.68,1019.3,2.77,0.95,3.0,16.093,3.46201,Kurfürstenstraße,1.8826126546703248,3907.1484498105697,pc2,Park,False,False,18.692975312470963,50,10,-0.02
1624458174.493678,2021-06-23T14:22:54.493678Z,52.50539333333333,13.34118,2,4,S2,1624458174.493678,17.895252,-68.03257400000001,-40.139996,0.00140968014,41.0,105.0,2.16,0.099841332,12,50,2021-06-23 16:22:54,52.50539333333333,13.34118,38.9,0.0,190.6,0.0626,0.03,18.33,18.33,12.28,0.68,1019.3,2.77,0.95,3.0,16.093,3.46201,Kurfürstenstraße,1.8826126546703248,3907.1484498105697,pc2,Park,2021-06-23 16:22:54,52.505426666666665,13.341465,28.7,1.852,39.8,0.0626,0.03,18.33,18.33,12.28,0.68,1019.3,2.77,0.95,3.0,16.093,0.52571,Corneliusbrücke,8.868348710243401,3900.937167750704,pc4,Park,False,False,19.62689689622344,50,10,0.0
1624458174.5054965,2021-06-23T14:22:54.505496Z,52.505426666666665,13.341465,4,2,S2,1624458174.5054965,19.429,-64.595158,-36.72738,0.0026456388,44.0,106.0,4.0,0.222730416,12,50,2021-06-23 16:22:54,52.505426666666665,13.341465,28.7,1.852,39.8,0.0626,0.03,18.33,18.33,12.28,0.68,1019.3,2.77,0.95,3.0,16.093,0.52571,Corneliusbrücke,8.868348710243401,3900.937167750704,pc4,Park,2021-06-23 16:22:54,52.50539333333333,13.34118,38.9,0.0,190.6,0.0626,0.03,18.33,18.33,12.28,0.68,1019.3,2.77,0.95,3.0,16.093,3.46201,Kurfürstenstraße,1.8826126546703248,3907.1484498105697,pc2,Park,False,False,19.62689689622344,50,10,0.0
1624458175.4842298,2021-06-23T14:22:55.484229Z,52.50539333333333,13.34118,2,4,S2,1624458175.4842298,17.095144897959184,-69.08269387755102,-41.13992653061224,0.0013689137959183,41.0,204.0612244897959,2.1020408163265305,0.0928726673469387,12,49,2021-06-23 16:22:55,52.50539333333333,13.34118,38.9,0.0,190.6,0.0626,0.03,18.33,18.33,12.28,0.68,1019.3,2.77,0.95,3.0,16.093,3.46201,Kurfürstenstraße,1.8826126546703248,3907.1484498105697,pc2,Park,2021-06-23 16:22:55,52.505433333333336,13.341473333333331,28.7,1.4816000000000005,41.9,0.0626,0.03,18.33,18.33,12.28,0.68,1019.3,2.77,0.95,3.0,16.093,0.52571,Corneliusbrücke,9.296693256711029,3898.926939345477,pc4,Park,False,False,20.329486450068448,50,10,0.02
1624458175.5122364,2021-06-23T14:22:55.512236Z,52.505433333333336,13.341473333333331,4,2,S2,1624458175.5122364,19.00575918367347,-65.40466326530613,-37.50473469387755,0.0021806284081632,44.0,206.6734693877551,4.0,0.2233033836734693,12,49,2021-06-23 16:22:55,52.505433333333336,13.341473333333331,28.7,1.4816000000000005,41.9,0.0626,0.03,18.33,18.33,12.28,0.68,1019.3,2.77,0.95,3.0,16.093,0.52571,Corneliusbrücke,9.296693256711029,3898.926939345477,pc4,Park,2021-06-23 16:22:55,52.50539333333333,13.34118,38.9,0.0,190.6,0.0626,0.03,18.33,18.33,12.28,0.68,1019.3,2.77,0.95,3.0,16.093,3.46201,Kurfürstenstraße,1.8826126546703248,3907.1484498105697,pc2,Park,False,False,20.329486450068448,50,10,0.02
1624458176.4894552,2021-06-23T14:22:56.489455Z,52.505425,13.34146,4,2,S2,1624458176.4894552,21.01118478260869,-66.07461739130436,-38.22282826086956,0.0011169449130434,44.0,304.3260869565217,4.673913043478261,0.1590724869565217,12,46,2021-06-23 16:22:56,52.505425,13.34146,29.1,0.0,41.9,0.0626,0.03,18.33,18.33,12.28,0.68,1019.3,2.77,0.95,3.0,16.093,0.52571,Corneliusbrücke,8.566920431097817,3900.937167750704,pc4,Park,2021-06-23 16:22:56,52.50539333333333,13.34118,38.9,0.0,190.6,0.0626,0.03,18.33,18.33,12.28,0.68,1019.3,2.77,0.95,3.0,16.093,3.46201,Kurfürstenstraße,1.8826126546703248,3907.1484498105697,pc2,Park,False,False,19.26026859927688,50,10,0.08
1624458176.5011203,2021-06-23T14:22:56.501120Z,52.50539333333333,13.34118,2,4,S2,1624458176.5011203,17.091435,-69.59118958333333,-41.72352291666667,0.0016224877916666,41.0,305.3333333333333,6.083333333333333,0.07119525,12,48,2021-06-23 16:22:56,52.50539333333333,13.34118,38.9,0.0,190.6,0.0626,0.03,18.33,18.33,12.28,0.68,1019.3,2.77,0.95,3.0,16.093,3.46201,Kurfürstenstraße,1.8826126546703248,3907.1484498105697,pc2,Park,2021-06-23 16:22:56,52.505425,13.34146,29.1,0.0,41.9,0.0626,0.03,18.33,18.33,12.28,0.68,1019.3,2.77,0.95,3.0,16.093,0.52571,Corneliusbrücke,8.566920431097817,3900.937167750704,pc4,Park,False,False,19.26026859927688,50,10,0.04
1624458177.496868,2021-06-23T14:22:57.496868Z,52.50543,13.341465,4,2,S2,1624458177.496868,19.99690208333333,-66.47513333333333,-38.57169583333333,0.001584447625,44.0,404.875,6.604166666666667,0.1608775833333333,12,48,2021-06-23 16:22:57,52.50543,13.341465,29.2,0.0,41.9,0.0626,0.03,18.33,18.33,12.28,0.68,1019.3,2.77,0.95,3.0,16.093,0.52571,Corneliusbrücke,8.804889453887645,3900.937167750704,pc4,Park,2021-06-23 16:22:57,52.50539333333333,13.34118,38.9,0.0,190.6,0.0626,0.03,18.33,18.33,12.28,0.68,1019.3,2.77,0.95,3.0,16.093,3.46201,Kurfürstenstraße,1.8826126546703248,3907.1484498105697,pc2,Park,False,False,19.700068667645603,50,10,0.04
1624458177.503491,2021-06-23T14:22:57.503490Z,52.50539333333333,13.34118,2,4,S2,1624458177.503491,17.990962,-70.016464,-42.110568,0.00174756284,41.0,406.0,1.96,0.0708400159999999,12,50,2021-06-23 16:22:57,52.50539333333333,13.34118,38.9,0.0,190.6,0.0626,0.03,18.33,18.33,12.28,0.68,1019.3,2.77,0.95,3.0,16.093,3.46201,Kurfürstenstraße,1.8826126546703248,3907.1484498105697,pc2,Park,2021-06-23 16:22:57,52.50543,13.341465,29.2,0.0,41.9,0.0626,0.03,18.33,18.33,12.28,0.68,1019.3,2.77,0.95,3.0,16.093,0.52571,Corneliusbrücke,8.804889453887645,3900.937167750704,pc4,Park,False,False,19.700068667645603,50,10,0.0
1624458178.48878,2021-06-23T14:22:58.488780Z,52.505433333333336,13.341468333333331,4,2,S2,1624458178.48878,17.89422857142857,-65.25564489795919,-37.35055102040817,0.0038298853265306,44.0,504.48979591836735,2.326530612244898,0.1808165306122449,12,49,2021-06-23 16:22:58,52.505433333333336,13.341468333333331,29.1,0.0,41.9,0.0626,0.03,18.33,18.33,12.28,0.68,1019.3,2.77,0.95,3.0,16.093,0.52571,Corneliusbrücke,8.963535423741998,3898.926939345477,pc4,Park,2021-06-23 16:22:58,52.50539333333333,13.34118,38.9,0.0,190.6,0.0626,0.03,18.33,18.33,12.28,0.68,1019.3,2.77,0.95,3.0,16.093,3.46201,Kurfürstenstraße,1.8826126546703248,3907.1484498105697,pc2,Park,False,False,19.999644492532997,50,10,0.02
1624458178.5025098,2021-06-23T14:22:58.502509Z,52.50539333333333,13.34118,2,4,S2,1624458178.5025098,19.55878,-69.08970000000001,-41.19945,0.00075401332,41.0,506.0,1.0,0.075752798,12,50,2021-06-23 16:22:58,52.50539333333333,13.34118,38.9,0.0,190.6,0.0626,0.03,18.33,18.33,12.28,0.68,1019.3,2.77,0.95,3.0,16.093,3.46201,Kurfürstenstraße,1.8826126546703248,3907.1484498105697,pc2,Park,2021-06-23 16:22:58,52.505433333333336,13.341468333333331,29.1,0.0,41.9,0.0626,0.03,18.33,18.33,12.28,0.68,1019.3,2.77,0.95,3.0,16.093,0.52571,Corneliusbrücke,8.963535423741998,3898.926939345477,pc4,Park,False,False,19.999644492532997,50,10,0.0
1624458179.4985206,2021-06-23T14:22:59.498520Z,52.50543833333333,13.341473333333331,4,2,S2,1624458179.4985206,21.503535294117647,-64.8867588235294,-37.06108235294118,0.0013470942352941,44.0,605.3529411764706,3.4901960784313726,0.1973450392156862,12,51,2021-06-23 16:22:59,52.50543833333333,13.341473333333331,29.0,0.0,41.9,0.0626,0.03,18.33,18.33,12.28,0.68,1019.3,2.77,0.95,3.0,16.093,0.52571,Corneliusbrücke,9.20150431093796,3898.926939345477,pc4,Park,2021-06-23 16:22:59,52.50539333333333,13.34118,38.9,0.0,190.6,0.0626,0.03,18.33,18.33,12.28,0.68,1019.3,2.77,0.95,3.0,16.093,3.46201,Kurfürstenstraße,1.8826126546703248,3907.1484498105697,pc2,Park,False,False,20.458011722554165,50,10,-0.02
1624458179.5036204,2021-06-23T14:22:59.503620Z,52.50539333333333,13.34118,2,4,S2,1624458179.5036204,19.910046938775512,-68.3743530612245,-40.54221224489796,0.0008179328367346,41.0,605.6530612244898,5.571428571428571,0.0890067530612245,12,49,2021-06-23 16:22:59,52.50539333333333,13.34118,38.9,0.0,190.6,0.0626,0.03,18.33,18.33,12.28,0.68,1019.3,2.77,0.95,3.0,16.093,3.46201,Kurfürstenstraße,1.8826126546703248,3907.1484498105697,pc2,Park,2021-06-23 16:22:59,52.50543833333333,13.341473333333331,29.0,0.0,41.9,0.0626,0.03,18.33,18.33,12.28,0.68,1019.3,2.77,0.95,3.0,16.093,0.52571,Corneliusbrücke,9.20150431093796,3898.926939345477,pc4,Park,False,False,20.458011722554165,50,10,0.02
1624458180.5001132,2021-06-23T14:23:00.500113Z,52.50539333333333,13.34118,2,4,S2,1624458180.5001132,20.193910204081632,-68.2254469387755,-40.34890204081633,0.0007899464081632,41.0,705.0612244897959,8.0,0.0908004408163265,12,49,2021-06-23 16:23:00,52.50539333333333,13.34118,38.9,0.0,190.6,0.0626,0.03,18.33,18.33,12.28,0.68,1019.3,2.77,0.95,3.0,16.093,2.22321,Kurfürstenstraße,1.8826126546703248,3907.1484498105697,pc2,Park,2021-06-23 16:23:00,52.50543833333333,13.341473333333331,29.0,0.0,41.9,0.0626,0.03,18.33,18.33,12.28,0.68,1019.3,2.77,0.95,3.0,16.093,0.50402,Corneliusbrücke,9.20150431093796,3898.926939345477,pc4,Park,False,False,20.458011722554165,50,10,0.02
1624458180.5075088,2021-06-23T14:23:00.507508Z,52.50543833333333,13.341473333333331,4,2,S2,1624458180.5075088,21.949822,-64.543326,-36.643046,0.00132488134,44.0,706.0,6.0,0.21138006,12,50,2021-06-23 16:23:00,52.50543833333333,13.341473333333331,29.0,0.0,41.9,0.0626,0.03,18.33,18.33,12.28,0.68,1019.3,2.77,0.95,3.0,16.093,0.50402,Corneliusbrücke,9.20150431093796,3898.926939345477,pc4,Park,2021-06-23 16:23:00,52.50539333333333,13.34118,38.9,0.0,190.6,0.0626,0.03,18.33,18.33,12.28,0.68,1019.3,2.77,0.95,3.0,16.093,2.22321,Kurfürstenstraße,1.8826126546703248,3907.1484498105697,pc2,Park,False,False,20.458011722554165,50,10,0.0
1624458181.4979584,2021-06-23T14:23:01.497958Z,52.50539333333333,13.34118,2,4,S2,1624458181.4979584,20.174632653061224,-68.06817346938774,-40.250032653061226,0.0008258250408163,41.0,805.1020408163265,5.428571428571429,0.0924598244897959,12,49,2021-06-23 16:23:01,52.50539333333333,13.34118,38.9,0.0,190.6,0.0626,0.03,18.33,18.33,12.28,0.68,1019.3,2.77,0.95,3.0,16.093,2.22321,Kurfürstenstraße,1.8826126546703248,3907.1484498105697,pc2,Park,2021-06-23 16:23:01,52.50543833333333,13.341473333333331,29.0,0.0,41.9,0.0626,0.03,18.33,18.33,12.28,0.68,1019.3,2.77,0.95,3.0,16.093,0.50402,Corneliusbrücke,9.20150431093796,3898.926939345477,pc4,Park,False,False,20.458011722554165,50,10,0.02
1624458181.4980798,2021-06-23T14:23:01.498079Z,52.50543833333333,13.341473333333331,4,2,S2,1624458181.4980798,21.55958163265306,-64.51152244897959,-36.66851836734694,0.0017077233673469,44.0,805.265306122449,3.918367346938776,0.210313775510204,12,49,2021-06-23 16:23:01,52.50543833333333,13.341473333333331,29.0,0.0,41.9,0.0626,0.03,18.33,18.33,12.28,0.68,1019.3,2.77,0.95,3.0,16.093,0.50402,Corneliusbrücke,9.20150431093796,3898.926939345477,pc4,Park,2021-06-23 16:23:01,52.50539333333333,13.34118,38.9,0.0,190.6,0.0626,0.03,18.33,18.33,12.28,0.68,1019.3,2.77,0.95,3.0,16.093,2.22321,Kurfürstenstraße,1.8826126546703248,3907.1484498105697,pc2,Park,False,False,20.458011722554165,50,10,0.02
1624458182.4994268,2021-06-23T14:23:02.499426Z,52.50543833333333,13.341473333333331,4,2,S2,1624458182.4994268,20.441127450980392,-66.64260784313726,-38.8511,0.0011153650980392,44.0,905.2745098039215,5.176470588235294,0.1453017431372549,12,51,2021-06-23 16:23:02,52.50543833333333,13.341473333333331,29.0,0.0,41.9,0.0626,0.03,18.33,18.33,12.28,0.68,1019.3,2.77,0.95,3.0,16.093,0.50402,Corneliusbrücke,9.20150431093796,3898.926939345477,pc4,Park,2021-06-23 16:23:02,52.50539333333333,13.34118,38.9,0.0,190.6,0.0626,0.03,18.33,18.33,12.28,0.68,1019.3,2.77,0.95,3.0,16.093,2.22321,Kurfürstenstraße,1.8826126546703248,3907.1484498105697,pc2,Park,False,False,20.458011722554165,50,10,-0.02
1624458182.5025277,2021-06-23T14:23:02.502527Z,52.50539333333333,13.34118,2,4,S2,1624458182.5025277,18.787948,-70.389786,-42.560378,0.0006712778199999,41.0,906.0,1.0,0.061603814,12,50,2021-06-23 16:23:02,52.50539333333333,13.34118,38.9,0.0,190.6,0.0626,0.03,18.33,18.33,12.28,0.68,1019.3,2.77,0.95,3.0,16.093,2.22321,Kurfürstenstraße,1.8826126546703248,3907.1484498105697,pc2,Park,2021-06-23 16:23:02,52.50543833333333,13.341473333333331,29.0,0.0,41.9,0.0626,0.03,18.33,18.33,12.28,0.68,1019.3,2.77,0.95,3.0,16.093,0.50402,Corneliusbrücke,9.20150431093796,3898.926939345477,pc4,Park,False,False,20.458011722554165,50,10,0.0
1624458183.342131,2021-06-23T14:23:03.342130Z,52.50539333333333,13.34118,2,4,S2,1624458183.342131,20.5050959375,-66.38838750000001,-38.633971875,0.00366545575,41.0,957.9375,1.25,0.139177896875,12,32,2021-06-23 16:23:03,52.50539333333333,13.34118,38.9,0.0,190.6,0.0626,0.03,18.33,18.33,12.28,0.68,1019.3,2.77,0.95,3.0,16.093,2.22321,Kurfürstenstraße,1.8826126546703248,3907.1484498105697,pc2,Park,2021-06-23 16:23:03,52.50543833333333,13.341473333333331,29.0,1.1112,41.3,0.0626,0.03,18.33,18.33,12.28,0.68,1019.3,2.77,0.95,3.0,16.093,0.50402,Corneliusbrücke,9.20150431093796,3898.926939345477,pc4,Park,False,False,20.458011722554165,50,10,0.36
1624458183.507533,2021-06-23T14:23:03.507533Z,52.50543833333333,13.341473333333331,4,2,S2,1624458183.507533,22.494832,-63.100944,-35.348034000000006,0.00163287094,44.0,678.32,6.0,0.29850356,12,50,2021-06-23 16:23:03,52.50543833333333,13.341473333333331,29.0,1.1112,41.3,0.0626,0.03,18.33,18.33,12.28,0.68,1019.3,2.77,0.95,3.0,16.093,0.50402,Corneliusbrücke,9.20150431093796,3898.926939345477,pc4,Park,2021-06-23 16:23:03,52.50539333333333,13.34118,38.9,0.0,190.6,0.0626,0.03,18.33,18.33,12.28,0.68,1019.3,2.77,0.95,3.0,16.093,2.22321,Kurfürstenstraße,1.8826126546703248,3907.1484498105697,pc2,Park,False,False,20.458011722554165,50,10,0.0
1624458184.5032735,2021-06-23T14:23:04.503273Z,52.505426666666665,13.341475,4,2,S2,1624458184.5032735,19.3303612244898,-67.83,-40.04172448979592,0.0011305240408163,44.0,81.57142857142857,6.0,0.1324334673469387,12,49,2021-06-23 16:23:04,52.505426666666665,13.341475,29.0,9.630400000000002,177.5,0.0626,0.03,18.33,18.33,12.28,0.68,1019.3,2.77,0.95,3.0,16.093,0.50402,Corneliusbrücke,9.534664476868713,3900.937167750704,pc4,Park,2021-06-23 16:23:04,52.50539333333333,13.34118,38.9,3.8892,190.6,0.0626,0.03,18.33,18.33,12.28,0.68,1019.3,2.77,0.95,3.0,16.093,2.22321,Kurfürstenstraße,1.8826126546703248,3907.1484498105697,pc2,Park,False,False,20.291464787938985,50,10,0.02
1624458185.5226402,2021-06-23T14:23:05.522640Z,52.505395,13.34147,4,2,S2,1624458185.5226402,15.169639583333334,-73.15767708333333,-45.40405625,0.0008053897083333,44.0,183.5,6.125,0.03139254375,12,48,2021-06-23 16:23:05,52.505395,13.34147,29.0,15.371600000000004,181.8,0.0626,0.03,18.33,18.33,12.28,0.68,1019.3,2.77,0.95,3.0,16.093,0.50402,Corneliusbrücke,9.770534690172902,3903.659173822807,pc4,Park,2021-06-23 16:23:05,52.505375,13.341178333333334,38.9,12.4084,184.7,0.0626,0.03,18.33,18.33,12.28,0.68,1019.3,2.77,0.95,3.0,16.093,2.22321,Kurfürstenstraße,1.8404652768430296,3907.1484498105697,pc2,Park,False,False,19.850256332743108,50,10,0.04
1624458185.8175402,2021-06-23T14:23:05.817540Z,52.505375,13.341178333333334,2,4,S2,1624458185.8175402,14.011422222222222,-76.75677222222222,-48.99045,0.0004384280555555,41.0,213.0,6.0,0.0135910316666666,12,18,2021-06-23 16:23:05,52.505375,13.341178333333334,38.9,12.4084,184.7,0.0626,0.03,18.33,18.33,12.28,0.68,1019.3,2.77,0.95,3.0,16.093,2.22321,Kurfürstenstraße,1.8404652768430296,3907.1484498105697,pc2,Park,2021-06-23 16:23:05,52.505395,13.34147,29.0,15.371600000000004,181.8,0.0626,0.03,18.33,18.33,12.28,0.68,1019.3,2.77,0.95,3.0,16.093,0.50402,Corneliusbrücke,9.770534690172902,3903.659173822807,pc4,Park,False,False,19.850256332743108,50,10,0.64
1624458186.4975202,2021-06-23T14:23:06.497520Z,52.505335,13.341173333333334,2,4,S2,1624458186.4975202,14.807316,-75.743086,-47.981952,0.00046541408,41.0,281.0,6.0,0.0176952528,12,50,2021-06-23 16:23:06,52.505335,13.341173333333334,38.9,18.52,184.5,0.0626,0.03,18.33,18.33,12.28,0.68,1019.3,2.77,0.95,3.0,16.093,2.22137,Kurfürstenstraße,1.8404671914341848,3911.481454866562,pc2,Park,2021-06-23 16:23:06,52.50534,13.34144,29.0,20.372,184.8,0.0626,0.03,18.33,18.33,12.28,0.68,1019.3,2.77,0.95,3.0,16.093,0.50402,Corneliusbrücke,8.64626846909037,3911.481454866562,pc4,Park,False,False,18.043605778128377,50,10,0.0
1624458186.50764,2021-06-23T14:23:06.507639Z,52.50534,13.34144,4,2,S2,1624458186.50764,16.30855,-71.85213,-44.089114,0.00084732822,44.0,282.0,6.12,0.042684802,12,50,2021-06-23 16:23:06,52.50534,13.34144,29.0,20.372,184.8,0.0626,0.03,18.33,18.33,12.28,0.68,1019.3,2.77,0.95,3.0,16.093,0.50402,Corneliusbrücke,8.64626846909037,3911.481454866562,pc4,Park,2021-06-23 16:23:06,52.505335,13.341173333333334,38.9,18.52,184.5,0.0626,0.03,18.33,18.33,12.28,0.68,1019.3,2.77,0.95,3.0,16.093,2.22137,Kurfürstenstraße,1.8404671914341848,3911.481454866562,pc2,Park,False,False,18.043605778128377,50,10,0.0
1624458187.4982245,2021-06-23T14:23:07.498224Z,52.50528333333333,13.341166666666666,2,4,S2,1624458187.4982245,14.52092,-73.604638,-45.819698,0.0008678987,41.0,381.14,5.3,0.0301889368,12,50,2021-06-23 16:23:07,52.50528333333333,13.341166666666666,39.1,23.705600000000004,184.6,0.0626,0.03,18.33,18.33,12.28,0.68,1019.3,2.77,0.95,3.0,16.093,2.22137,Kurfürstenstraße,2.0270434560592925,3916.701275612556,pc2,Park,2021-06-23 16:23:07,52.50527666666667,13.341413333333334,29.0,24.2612,186.9,0.0626,0.03,18.33,18.33,12.28,0.68,1019.3,2.77,0.95,3.0,16.093,3.60206,Olof-Palme-Platz,14.94120685497364,3916.701275612556,pc4,Park,False,False,16.69914428636868,50,10,0.0
1624458187.509655,2021-06-23T14:23:07.509654Z,52.50527666666667,13.341413333333334,4,2,S2,1624458187.509655,17.347877083333334,-70.00058333333334,-42.19172291666667,0.0012380134583333,44.0,382.4583333333333,3.5625,0.0685853625,12,48,2021-06-23 16:23:07,52.50527666666667,13.341413333333334,29.0,24.2612,186.9,0.0626,0.03,18.33,18.33,12.28,0.68,1019.3,2.77,0.95,3.0,16.093,3.60206,Olof-Palme-Platz,14.94120685497364,3916.701275612556,pc4,Park,2021-06-23 16:23:07,52.50528333333333,13.341166666666666,39.1,23.705600000000004,184.6,0.0626,0.03,18.33,18.33,12.28,0.68,1019.3,2.77,0.95,3.0,16.093,2.22137,Kurfürstenstraße,2.0270434560592925,3916.701275612556,pc2,Park,False,False,16.69914428636868,50,10,0.04
1624458188.3601975,2021-06-23T14:23:08.360197Z,52.505208333333336,13.341388333333333,4,2,S2,1624458188.3601975,18.452953333333333,-68.07776333333334,-40.33305,0.0045711623666666,44.0,467.56666666666666,3.0,0.1346769533333333,12,30,2021-06-23 16:23:08,52.505208333333336,13.341388333333333,29.4,23.5204,186.3,0.0626,0.03,18.33,18.33,12.28,0.68,1019.3,2.77,0.95,3.0,16.093,3.60206,Olof-Palme-Platz,7.397044186926386,3922.903376661078,pc4,Park,2021-06-23 16:23:08,52.50522166666666,13.341158333333333,39.1,26.483600000000003,184.8,0.0626,0.03,18.33,18.33,12.28,0.68,1019.3,2.77,0.95,3.0,16.093,2.99794,Kurfürstenstraße,2.2924930147262472,3922.903376661078,pc2,Park,False,False,15.62607265579407,50,10,0.4
1624458188.4946456,2021-06-23T14:23:08.494645Z,52.50522166666666,13.341158333333333,2,4,S2,1624458188.4946456,16.17006,-73.31469,-45.519084,0.0006327172799999,41.0,481.02,2.9,0.0373854208,12,50,2021-06-23 16:23:08,52.50522166666666,13.341158333333333,39.1,26.483600000000003,184.8,0.0626,0.03,18.33,18.33,12.28,0.68,1019.3,2.77,0.95,3.0,16.093,2.99794,Kurfürstenstraße,2.2924930147262472,3922.903376661078,pc2,Park,2021-06-23 16:23:08,52.505208333333336,13.341388333333333,29.4,23.5204,186.3,0.0626,0.03,18.33,18.33,12.28,0.68,1019.3,2.77,0.95,3.0,16.093,3.60206,Olof-Palme-Platz,7.397044186926386,3922.903376661078,pc4,Park,False,False,15.62607265579407,50,10,0.0
1624458189.4937863,2021-06-23T14:23:09.493786Z,52.50515666666666,13.34115,2,4,S2,1624458189.4937863,16.095524,-74.358576,-46.560888000000006,0.00048189278,41.0,581.0,2.28,0.0238544076,12,50,2021-06-23 16:23:09,52.50515666666666,13.34115,39.2,27.2244,185.6,0.0626,0.03,18.33,18.33,12.28,0.68,1019.3,2.77,0.95,3.0,16.093,3.60206,Olof-Palme-Platz,4.586497193424301,3930.0094677868,pc2,Park,2021-06-23 16:23:09,52.505136666666665,13.341351666666666,29.4,27.594800000000003,189.2,0.0626,0.03,18.33,18.33,12.28,0.68,1019.3,2.77,0.95,3.0,16.093,3.60206,Olof-Palme-Platz,0.8321155204602197,3930.0094677868,pc4,Park,False,False,13.819460431198795,50,10,0.0
1624458189.5620625,2021-06-23T14:23:09.562062Z,52.505136666666665,13.341351666666666,4,2,S2,1624458189.5620625,18.260491666666667,-69.35980416666666,-41.522325,0.0009825604166666,44.0,587.75,3.0,0.0754980208333333,12,24,2021-06-23 16:23:09,52.505136666666665,13.341351666666666,29.4,27.594800000000003,189.2,0.0626,0.03,18.33,18.33,12.28,0.68,1019.3,2.77,0.95,3.0,16.093,3.60206,Olof-Palme-Platz,0.8321155204602197,3930.0094677868,pc4,Park,2021-06-23 16:23:09,52.50515666666666,13.34115,39.2,27.2244,185.6,0.0626,0.03,18.33,18.33,12.28,0.68,1019.3,2.77,0.95,3.0,16.093,3.60206,Olof-Palme-Platz,4.586497193424301,3930.0094677868,pc2,Park,False,False,13.819460431198795,50,10,0.52
1624458190.4957693,2021-06-23T14:23:10.495769Z,52.50506333333333,13.341313333333334,4,2,S2,1624458190.4957693,16.060692040816328,-71.73865510204082,-43.97511836734694,0.0012703699183673,44.0,681.1224489795918,3.0,0.0466646693877551,12,49,2021-06-23 16:23:10,52.50506333333333,13.341313333333334,29.3,30.187600000000003,189.7,0.0626,0.03,18.33,18.33,12.28,0.68,1019.3,2.77,0.95,3.0,16.093,3.0816,Olof-Palme-Platz,8.09158327005384,3937.856896625352,pc4,Park,2021-06-23 16:23:10,52.50508833333333,13.341135,39.1,26.6688,187.4,0.0626,0.03,18.33,18.33,12.28,0.68,1019.3,2.77,0.95,3.0,16.093,3.0816,Olof-Palme-Platz,3.2362861397712344,3937.856896625352,pc2,Park,False,False,12.377395673549138,50,10,0.02
1624458190.5006013,2021-06-23T14:23:10.500601Z,52.50508833333333,13.341135,2,4,S2,1624458190.5006013,15.580953999999998,-74.931678,-47.165838,0.00047792932,41.0,681.04,8.68,0.0232037886,12,50,2021-06-23 16:23:10,52.50508833333333,13.341135,39.1,26.6688,187.4,0.0626,0.03,18.33,18.33,12.28,0.68,1019.3,2.77,0.95,3.0,16.093,3.0816,Olof-Palme-Platz,3.2362861397712344,3937.856896625352,pc2,Park,2021-06-23 16:23:10,52.50506333333333,13.341313333333334,29.3,30.187600000000003,189.7,0.0626,0.03,18.33,18.33,12.28,0.68,1019.3,2.77,0.95,3.0,16.093,3.0816,Olof-Palme-Platz,8.09158327005384,3937.856896625352,pc4,Park,False,False,12.377395673549138,50,10,0.0
1624458191.5007572,2021-06-23T14:23:11.500757Z,52.50502166666666,13.341115,2,4,S2,1624458191.5007572,15.886235999999998,-74.411176,-46.632982,0.00050433668,41.0,781.12,8.02,0.031055058,12,50,2021-06-23 16:23:11,52.50502166666666,13.341115,38.9,27.78,187.9,0.0626,0.03,18.33,18.33,12.28,0.68,1019.3,2.77,0.95,3.0,16.093,3.0816,Olof-Palme-Platz,4.113599790373908,3946.2872757580913,pc2,Park,2021-06-23 16:23:11,52.50498666666667,13.34127,29.2,31.8544,199.7,0.0621,0.03,18.3,18.3,12.23,0.68,1019.3,2.79,0.95,3.0,16.093,3.0816,Olof-Palme-Platz,7.584838787704203,3946.2872757580913,pc4,Park,False,False,11.18186662016064,50,10,0.0
1624458191.5130026,2021-06-23T14:23:11.513002Z,52.50498666666667,13.34127,4,2,S2,1624458191.5130026,17.484020416666667,-69.73841041666667,-41.93819375,0.0012540884791666,44.0,782.8958333333334,2.520833333333333,0.0895246833333333,12,48,2021-06-23 16:23:11,52.50498666666667,13.34127,29.2,31.8544,199.7,0.0621,0.03,18.3,18.3,12.23,0.68,1019.3,2.79,0.95,3.0,16.093,3.0816,Olof-Palme-Platz,7.584838787704203,3946.2872757580913,pc4,Park,2021-06-23 16:23:11,52.50502166666666,13.341115,38.9,27.78,187.9,0.0626,0.03,18.33,18.33,12.28,0.68,1019.3,2.77,0.95,3.0,16.093,3.0816,Olof-Palme-Platz,4.113599790373908,3946.2872757580913,pc2,Park,False,False,11.18186662016064,50,10,0.04
1624458192.4982233,2021-06-23T14:23:12.498223Z,52.50490666666666,13.341215,4,2,S2,1624458192.4982233,19.11973958333333,-67.96301458333333,-40.187814583333335,0.0011582620833333,44.0,881.3541666666666,3.145833333333333,0.1266281208333333,12,48,2021-06-23 16:23:12,52.50490666666666,13.341215,29.1,32.9656,201.9,0.0621,0.03,18.3,18.3,12.23,0.68,1019.3,2.79,0.95,3.0,16.093,8.60594,Tauentzienstraße,5.284021924544955,3955.259345317131,pc4,Park,2021-06-23 16:23:12,52.50495,13.341081666666666,38.8,30.9284,188.8,0.0621,0.03,18.3,18.3,12.23,0.68,1019.3,2.79,0.95,3.0,16.093,8.60594,Tauentzienstraße,4.744829877204436,3955.259345317131,pc2,Park,False,False,10.223442218292616,50,10,0.04
1624458192.4995492,2021-06-23T14:23:12.499549Z,52.50495,13.341081666666666,2,4,S2,1624458192.4995492,17.784233999999998,-71.601208,-43.81123,0.00064977136,41.0,881.26,5.44,0.051680726,12,50,2021-06-23 16:23:12,52.50495,13.341081666666666,38.8,30.9284,188.8,0.0621,0.03,18.3,18.3,12.23,0.68,1019.3,2.79,0.95,3.0,16.093,8.60594,Tauentzienstraße,4.744829877204436,3955.259345317131,pc2,Park,2021-06-23 16:23:12,52.50490666666666,13.341215,29.1,32.9656,201.9,0.0621,0.03,18.3,18.3,12.23,0.68,1019.3,2.79,0.95,3.0,16.093,8.60594,Tauentzienstraße,5.284021924544955,3955.259345317131,pc4,Park,False,False,10.223442218292616,50,10,0.0
1624458193.44352,2021-06-23T14:23:13.443520Z,52.504873333333336,13.341033333333334,2,4,S2,1624458193.44352,19.5299125,-68.757385,-40.9637275,0.000879933425,41.0,899.3,1.0,0.1086198599999999,12,40,2021-06-23 16:23:13,52.504873333333336,13.341033333333334,38.7,33.891600000000004,203.2,0.0621,0.03,18.3,18.3,12.23,0.68,1019.3,2.79,0.95,3.0,16.093,8.60594,Tauentzienstraße,4.943906296505414,3964.606702789854,pc2,Park,2021-06-23 16:23:13,52.50481833333333,13.341131666666667,29.0,36.6696,211.3,0.0621,0.03,18.3,18.3,12.23,0.68,1019.3,2.79,0.95,3.0,16.093,3.42334,Kurfürstenstraße,3.516447783524808,3964.606702789854,pc4,Park,False,False,9.032836506338077,50,10,0.2
1624458193.5213609,2021-06-23T14:23:13.521360Z,52.50481833333333,13.341131666666667,4,2,S2,1624458193.5213609,20.31954444444445,-65.72811777777778,-37.97309555555555,0.0015744203333333,44.0,892.3555555555556,6.066666666666666,0.2374233288888889,12,45,2021-06-23 16:23:13,52.50481833333333,13.341131666666667,29.0,36.6696,211.3,0.0621,0.03,18.3,18.3,12.23,0.68,1019.3,2.79,0.95,3.0,16.093,3.42334,Kurfürstenstraße,3.516447783524808,3964.606702789854,pc4,Park,2021-06-23 16:23:13,52.504873333333336,13.341033333333334,38.7,33.891600000000004,203.2,0.0621,0.03,18.3,18.3,12.23,0.68,1019.3,2.79,0.95,3.0,16.093,8.60594,Tauentzienstraße,4.943906296505414,3964.606702789854,pc2,Park,False,False,9.032836506338077,50,10,0.1
1624458194.436832,2021-06-23T14:23:14.436831Z,52.50479666666666,13.340975,2,4,S2,1624458194.436832,19.68377428571429,-68.54339714285715,-40.75230285714286,0.0009172133714285,41.0,51.42857142857143,1.0,0.1250942599999999,12,35,2021-06-23 16:23:14,52.50479666666666,13.340975,38.7,33.891600000000004,206.5,0.0621,0.03,18.3,18.3,12.23,0.68,1019.3,2.79,0.95,3.0,16.093,3.42334,Kurfürstenstraße,5.338372907196402,3974.160990653601,pc2,Park,2021-06-23 16:23:14,52.50473,13.341035,28.6,38.3364,213.6,0.0621,0.03,18.3,18.3,12.23,0.68,1019.3,2.79,0.95,3.0,16.093,3.42334,Kurfürstenstraße,1.7794619603236193,3983.816214888113,pc4,Park,False,False,8.446835749623396,50,10,0.3
1624458194.497511,2021-06-23T14:23:14.497510Z,52.50473,13.341035,4,2,S2,1624458194.497511,20.19173,-66.3952,-38.591154,0.00142246306,44.0,57.0,6.0,0.19894077,12,50,2021-06-23 16:23:14,52.50473,13.341035,28.6,38.3364,213.6,0.0621,0.03,18.3,18.3,12.23,0.68,1019.3,2.79,0.95,3.0,16.093,3.42334,Kurfürstenstraße,1.7794619603236193,3983.816214888113,pc4,Park,2021-06-23 16:23:14,52.50479666666666,13.340975,38.7,33.891600000000004,206.5,0.0621,0.03,18.3,18.3,12.23,0.68,1019.3,2.79,0.95,3.0,16.093,3.42334,Kurfürstenstraße,5.338372907196402,3974.160990653601,pc2,Park,False,False,8.446835749623396,50,10,0.0
1624458195.4797568,2021-06-23T14:23:15.479756Z,52.50472,13.340906666666667,2,4,S2,1624458195.4797568,16.63400475,-69.127,-41.3547975,0.0019039651,41.0,155.425,3.975,0.0857992705,12,40,2021-06-23 16:23:15,52.50472,13.340906666666667,38.7,34.0768,210.5,0.0621,0.03,18.3,18.3,12.23,0.68,1019.3,2.79,0.95,3.0,16.093,3.42334,Kurfürstenstraße,5.298835500120227,3983.816214888113,pc2,Park,2021-06-23 16:23:15,52.50464,13.340935,28.4,38.52160000000001,213.4,0.0621,0.03,18.3,18.3,12.23,0.68,1019.3,2.79,0.95,3.0,16.093,3.42334,Kurfürstenstraße,0.8665819314847893,3993.391225499843,pc4,Park,False,False,9.09347205418023,50,10,0.2
1624458195.52058,2021-06-23T14:23:15.520580Z,52.50464,13.340935,4,2,S2,1624458195.52058,20.03247777777778,-66.71578444444445,-38.93905111111111,0.0012575110888888,44.0,159.51111111111112,3.955555555555556,0.17417536,12,45,2021-06-23 16:23:15,52.50464,13.340935,28.4,38.52160000000001,213.4,0.0621,0.03,18.3,18.3,12.23,0.68,1019.3,2.79,0.95,3.0,16.093,3.42334,Kurfürstenstraße,0.8665819314847893,3993.391225499843,pc4,Park,2021-06-23 16:23:15,52.50472,13.340906666666667,38.7,34.0768,210.5,0.0621,0.03,18.3,18.3,12.23,0.68,1019.3,2.79,0.95,3.0,16.093,3.42334,Kurfürstenstraße,5.298835500120227,3983.816214888113,pc2,Park,False,False,9.09347205418023,50,10,0.1
1624458196.4941869,2021-06-23T14:23:16.494186Z,52.50455,13.340843333333334,4,2,S2,1624458196.4941869,19.0362675,-67.25004249999999,-39.46718,0.0014209091749999,44.0,256.725,5.3,0.1504616449999999,12,40,2021-06-23 16:23:16,52.50455,13.340843333333334,28.1,39.4476,211.4,0.0621,0.03,18.3,18.3,12.23,0.68,1019.3,2.79,0.95,3.0,16.093,2.05809,Kurfürstenstraße,0.7702950296470144,4002.7521115084087,pc4,Park,2021-06-23 16:23:16,52.504646666666666,13.340831666666666,38.8,34.262,212.8,0.0621,0.03,18.3,18.3,12.23,0.68,1019.3,2.79,0.95,3.0,16.093,2.05809,Kurfürstenstraße,5.488331991857289,3993.391225499843,pc2,Park,False,False,10.769834594333457,50,10,0.2
1624458196.5477667,2021-06-23T14:23:16.547766Z,52.504646666666666,13.340831666666666,2,4,S2,1624458196.5477667,17.535857777777778,-71.02173555555555,-43.27368888888889,0.0008819791555555,41.0,262.1111111111111,5.111111111111111,0.06042192,12,45,2021-06-23 16:23:16,52.504646666666666,13.340831666666666,38.8,34.262,212.8,0.0621,0.03,18.3,18.3,12.23,0.68,1019.3,2.79,0.95,3.0,16.093,2.05809,Kurfürstenstraße,5.488331991857289,3993.391225499843,pc2,Park,2021-06-23 16:23:16,52.50455,13.340843333333334,28.1,39.4476,211.4,0.0621,0.03,18.3,18.3,12.23,0.68,1019.3,2.79,0.95,3.0,16.093,2.05809,Kurfürstenstraße,0.7702950296470144,4002.7521115084087,pc4,Park,False,False,10.769834594333457,50,10,0.1
1624458197.495573,2021-06-23T14:23:17.495573Z,52.50457333333333,13.340755,2,4,S2,1624458197.495573,16.27268163265306,-73.89262653061225,-46.12188163265306,0.0005168586530612,41.0,357.0408163265306,3.653061224489796,0.0314442765306122,12,49,2021-06-23 16:23:17,52.50457333333333,13.340755,38.9,34.6324,212.8,0.0621,0.03,18.3,18.3,12.23,0.68,1019.3,2.79,0.95,3.0,16.093,2.05809,Kurfürstenstraße,5.680913728739651,4002.7521115084087,pc2,Park,2021-06-23 16:23:17,52.50446,13.34075,27.9,39.4476,210.5,0.0621,0.03,18.3,18.3,12.23,0.68,1019.3,2.79,0.95,3.0,16.093,2.05809,Kurfürstenstraße,0.9517835374201368,4011.620931589418,pc4,Park,False,False,12.597051670499312,50,10,0.02
1624458197.532174,2021-06-23T14:23:17.532174Z,52.50446,13.34075,4,2,S2,1624458197.532174,15.974472954545456,-69.32986136363637,-41.547140909090906,0.0016658290681818,44.0,360.3636363636364,7.0,0.0948744704545454,12,44,2021-06-23 16:23:17,52.50446,13.34075,27.9,39.4476,210.5,0.0621,0.03,18.3,18.3,12.23,0.68,1019.3,2.79,0.95,3.0,16.093,2.05809,Kurfürstenstraße,0.9517835374201368,4011.620931589418,pc4,Park,2021-06-23 16:23:17,52.50457333333333,13.340755,38.9,34.6324,212.8,0.0621,0.03,18.3,18.3,12.23,0.68,1019.3,2.79,0.95,3.0,16.093,2.05809,Kurfürstenstraße,5.680913728739651,4002.7521115084087,pc2,Park,False,False,12.597051670499312,50,10,0.12
1624458198.398541,2021-06-23T14:23:18.398540Z,52.50436666666667,13.340663333333334,4,2,S2,1624458198.398541,18.264495,-69.24542249999999,-41.47815,0.001036306025,44.0,447.0,7.0,0.09219809,12,40,2021-06-23 16:23:18,52.50436666666667,13.340663333333334,27.7,38.1512,210.0,0.0621,0.03,18.3,18.3,12.23,0.68,1019.3,2.79,0.95,3.0,16.093,8.60594,Tauentzienstraße,2.062188439364236,4027.422378878505,pc4,Park,2021-06-23 16:23:18,52.50449833333333,13.340676666666669,38.8,36.114,213.3,0.0621,0.03,18.3,18.3,12.23,0.68,1019.3,2.79,0.95,3.0,16.093,2.05809,Kurfürstenstraße,5.552028383163766,4011.620931589418,pc2,Park,False,False,14.657200899421166,50,10,0.2
1624458198.4907577,2021-06-23T14:23:18.490757Z,52.50449833333333,13.340676666666669,2,4,S2,1624458198.4907577,16.983826,-72.682726,-44.896662,0.00058979702,41.0,456.04,8.84,0.0411144779999999,12,50,2021-06-23 16:23:18,52.50449833333333,13.340676666666669,38.8,36.114,213.3,0.0621,0.03,18.3,18.3,12.23,0.68,1019.3,2.79,0.95,3.0,16.093,2.05809,Kurfürstenstraße,5.552028383163766,4011.620931589418,pc2,Park,2021-06-23 16:23:18,52.50436666666667,13.340663333333334,27.7,38.1512,210.0,0.0621,0.03,18.3,18.3,12.23,0.68,1019.3,2.79,0.95,3.0,16.093,8.60594,Tauentzienstraße,2.062188439364236,4027.422378878505,pc4,Park,False,False,14.657200899421166,50,10,0.0
1624458199.4900796,2021-06-23T14:23:19.490079Z,52.50442,13.340591666666668,2,4,S2,1624458199.4900796,16.98602081632653,-72.25842448979591,-44.46571020408164,0.0007051355918367,41.0,556.3061224489796,5.489795918367347,0.0492002,12,49,2021-06-23 16:23:19,52.50442,13.340591666666668,38.8,37.4104,213.2,0.0621,0.03,18.3,18.3,12.23,0.68,1019.3,2.79,0.95,3.0,16.093,8.60594,Tauentzienstraße,5.300873133849722,4027.422378878505,pc2,Park,2021-06-23 16:23:19,52.50428,13.340586666666669,27.5,34.262,210.4,0.0621,0.03,18.3,18.3,12.23,0.68,1019.3,2.79,0.95,3.0,16.093,8.61776,Tauentzienstraße,2.7212445624843133,4034.240105844959,pc4,Park,False,False,15.559148014060831,50,10,0.02
1624458199.6152134,2021-06-23T14:23:19.615213Z,52.50428,13.340586666666669,4,2,S2,1624458199.6152134,19.130143243243243,-67.93797027027027,-40.06941891891892,0.0011489325405405,44.0,569.1891891891892,1.8108108108108107,0.1467058945945946,12,37,2021-06-23 16:23:19,52.50428,13.340586666666669,27.5,34.262,210.4,0.0621,0.03,18.3,18.3,12.23,0.68,1019.3,2.79,0.95,3.0,16.093,8.61776,Tauentzienstraße,2.7212445624843133,4034.240105844959,pc4,Park,2021-06-23 16:23:19,52.50442,13.340591666666668,38.8,37.4104,213.2,0.0621,0.03,18.3,18.3,12.23,0.68,1019.3,2.79,0.95,3.0,16.093,8.60594,Tauentzienstraße,5.300873133849722,4027.422378878505,pc2,Park,False,False,15.559148014060831,50,10,0.26
1624458200.4895165,2021-06-23T14:23:20.489516Z,52.504205,13.340518333333334,4,2,S2,1624458200.4895165,20.005197959183672,-66.70731224489796,-38.91638571428572,0.0013159882448979,44.0,656.3877551020408,4.1020408163265305,0.1786527632653061,12,49,2021-06-23 16:23:20,52.504205,13.340518333333334,27.1,29.817200000000003,210.2,0.0621,0.03,18.3,18.3,12.23,0.68,1019.3,2.79,0.95,3.0,16.093,8.61776,Tauentzienstraße,3.3660721265906344,4045.368833182001,pc4,Park,2021-06-23 16:23:20,52.504345,13.34051,38.8,34.262,213.3,0.0621,0.03,18.3,18.3,12.23,0.68,1019.3,2.79,0.95,3.0,16.093,8.61776,Tauentzienstraße,5.48836136619848,4034.240105844959,pc2,Park,False,False,15.565859517980122,50,10,0.02
1624458200.4993474,2021-06-23T14:23:20.499347Z,52.504345,13.34051,2,4,S2,1624458200.4993474,18.108087291666667,-69.8102875,-42.03208125,0.0012713210625,41.0,657.0,7.8125,0.0774603520833333,12,48,2021-06-23 16:23:20,52.504345,13.34051,38.8,34.262,213.3,0.0621,0.03,18.3,18.3,12.23,0.68,1019.3,2.79,0.95,3.0,16.093,8.61776,Tauentzienstraße,5.48836136619848,4034.240105844959,pc2,Park,2021-06-23 16:23:20,52.504205,13.340518333333334,27.1,29.817200000000003,210.2,0.0621,0.03,18.3,18.3,12.23,0.68,1019.3,2.79,0.95,3.0,16.093,8.61776,Tauentzienstraße,3.3660721265906344,4045.368833182001,pc4,Park,False,False,15.565859517980122,50,10,0.04
1624458201.491891,2021-06-23T14:23:21.491890Z,52.50428,13.340438333333331,2,4,S2,1624458201.491891,18.0074,-71.30251249999999,-43.499225,0.0006591936666666,41.0,756.25,7.875,0.0559188014583333,12,48,2021-06-23 16:23:21,52.50428,13.340438333333331,38.8,27.9652,213.0,0.0621,0.03,18.3,18.3,12.23,0.68,1019.3,2.79,0.95,3.0,16.093,8.61776,Tauentzienstraße,5.702775526531114,4040.242421759728,pc2,Park,2021-06-23 16:23:21,52.50414,13.340458333333334,26.8,26.483600000000003,211.6,0.0621,0.03,18.3,18.3,12.23,0.68,1019.3,2.79,0.95,3.0,16.093,8.60594,Tauentzienstraße,3.880741399411314,4053.069689780004,pc4,Park,False,False,15.61450901884796,50,10,0.04
1624458201.4981213,2021-06-23T14:23:21.498121Z,52.50414,13.340458333333334,4,2,S2,1624458201.4981213,18.935138775510204,-68.16628367346938,-40.321242857142856,0.001154498,44.0,756.7551020408164,8.714285714285714,0.122091887755102,12,49,2021-06-23 16:23:21,52.50414,13.340458333333334,26.8,26.483600000000003,211.6,0.0621,0.03,18.3,18.3,12.23,0.68,1019.3,2.79,0.95,3.0,16.093,8.60594,Tauentzienstraße,3.880741399411314,4053.069689780004,pc4,Park,2021-06-23 16:23:21,52.50428,13.340438333333331,38.8,27.9652,213.0,0.0621,0.03,18.3,18.3,12.23,0.68,1019.3,2.79,0.95,3.0,16.093,8.61776,Tauentzienstraße,5.702775526531114,4040.242421759728,pc2,Park,False,False,15.61450901884796,50,10,0.02
1624458202.4991498,2021-06-23T14:23:22.499149Z,52.50422666666667,13.34038,2,4,S2,1624458202.4991498,14.97463857142857,-69.5334224489796,-41.733442857142855,0.0042365054285714,41.0,857.4285714285714,3.346938775510204,0.0939159397959183,12,49,2021-06-23 16:23:22,52.50422666666667,13.34038,38.7,22.9648,213.0,0.0621,0.03,18.3,18.3,12.23,0.68,1019.3,2.79,0.95,3.0,16.093,8.60594,Tauentzienstraße,5.7974317549884,4049.647622719181,pc2,Park,2021-06-23 16:23:22,52.504088333333335,13.340391666666669,26.5,23.5204,212.0,0.0621,0.03,18.3,18.3,12.23,0.68,1019.3,2.79,0.95,3.0,16.093,8.60594,Tauentzienstraße,3.322307824739837,4060.362482222718,pc4,Park,False,False,15.390751144266993,50,10,0.02
1624458202.505474,2021-06-23T14:23:22.505473Z,52.504088333333335,13.340391666666669,4,2,S2,1624458202.505474,18.195165306122448,-67.02809183673469,-39.278383673469385,0.0018123137346938,44.0,857.9591836734694,4.36734693877551,0.1690918,12,49,2021-06-23 16:23:22,52.504088333333335,13.340391666666669,26.5,23.5204,212.0,0.0621,0.03,18.3,18.3,12.23,0.68,1019.3,2.79,0.95,3.0,16.093,8.60594,Tauentzienstraße,3.322307824739837,4060.362482222718,pc4,Park,2021-06-23 16:23:22,52.50422666666667,13.34038,38.7,22.9648,213.0,0.0621,0.03,18.3,18.3,12.23,0.68,1019.3,2.79,0.95,3.0,16.093,8.60594,Tauentzienstraße,5.7974317549884,4049.647622719181,pc2,Park,False,False,15.390751144266993,50,10,0.02
1624458203.4987392,2021-06-23T14:23:23.498739Z,52.50418166666667,13.34033,2,4,S2,1624458203.4987392,17.4796736,-70.772206,-42.968224,0.0015192804,41.0,957.16,5.6,0.0615448268,12,50,2021-06-23 16:23:23,52.50418166666667,13.34033,38.7,20.001600000000003,213.3,0.0621,0.03,18.3,18.3,12.23,0.68,1019.3,2.79,0.95,3.0,16.093,8.60594,Tauentzienstraße,5.92167251016461,4055.7454313590297,pc2,Park,2021-06-23 16:23:23,52.50402666666667,13.34036,26.4,19.446,212.0,0.0621,0.03,18.3,18.3,12.23,0.68,1019.3,2.79,0.95,3.0,16.093,8.60594,Tauentzienstraße,5.405606833710154,4066.937380402128,pc4,Park,False,False,17.341712552772957,50,10,0.0
1624458203.5,2021-06-23T14:23:23.500000Z,52.50402666666667,13.34036,4,2,S2,1624458203.5,18.194294,-66.565392,-38.817408,0.0019109435799999,44.0,957.04,8.1,0.154811556,12,50,2021-06-23 16:23:23,52.50402666666667,13.34036,26.4,19.446,212.0,0.0621,0.03,18.3,18.3,12.23,0.68,1019.3,2.79,0.95,3.0,16.093,8.60594,Tauentzienstraße,5.405606833710154,4066.937380402128,pc4,Park,2021-06-23 16:23:23,52.50418166666667,13.34033,38.7,20.001600000000003,213.3,0.0621,0.03,18.3,18.3,12.23,0.68,1019.3,2.79,0.95,3.0,16.093,8.60594,Tauentzienstraße,5.92167251016461,4055.7454313590297,pc2,Park,False,False,17.341712552772957,50,10,0.0
1624458204.4969392,2021-06-23T14:23:24.496939Z,52.50414166666667,13.340288333333334,2,4,S2,1624458204.4969392,18.049072,-71.36585199999999,-43.595622000000006,0.0006674357999999,41.0,196.8,5.8,0.0601169872,12,50,2021-06-23 16:23:24,52.50414166666667,13.340288333333334,38.7,17.7792,213.1,0.0621,0.03,18.3,18.3,12.23,0.68,1019.3,2.79,0.95,3.0,16.093,8.60594,Tauentzienstraße,5.789350178669175,4060.362482222718,pc2,Park,2021-06-23 16:23:24,52.50399,13.340315,26.2,14.2604,211.3,0.0621,0.03,18.3,18.3,12.23,0.68,1019.3,2.79,0.95,3.0,16.093,8.60594,Tauentzienstraße,5.1808314158888376,4072.54745541652,pc4,Park,False,False,16.948425630609282,50,10,0.0
1624458204.5007186,2021-06-23T14:23:24.500718Z,52.50399,13.340315,4,2,S2,1624458204.5007186,17.483066,-67.49973,-39.733804,0.001838826,44.0,196.88,8.8,0.134362226,12,50,2021-06-23 16:23:24,52.50399,13.340315,26.2,14.2604,211.3,0.0621,0.03,18.3,18.3,12.23,0.68,1019.3,2.79,0.95,3.0,16.093,8.60594,Tauentzienstraße,5.1808314158888376,4072.54745541652,pc4,Park,2021-06-23 16:23:24,52.50414166666667,13.340288333333334,38.7,17.7792,213.1,0.0621,0.03,18.3,18.3,12.23,0.68,1019.3,2.79,0.95,3.0,16.093,8.60594,Tauentzienstraße,5.789350178669175,4060.362482222718,pc2,Park,False,False,16.948425630609282,50,10,0.0
1624458205.5006137,2021-06-23T14:23:25.500613Z,52.50396666666666,13.340273333333334,4,2,S2,1624458205.5006137,18.877396,-66.735434,-38.95659,0.0017121139999999,44.0,133.02,8.9,0.167018046,12,50,2021-06-23 16:23:25,52.50396666666666,13.340273333333334,26.0,10.926800000000002,210.6,0.0621,0.03,18.3,18.3,12.23,0.68,1019.3,2.79,0.95,3.0,16.093,8.61776,Tauentzienstraße,4.309135046136001,4075.9171761448592,pc4,Park,2021-06-23 16:23:25,52.504106666666665,13.340251666666669,38.5,15.1864,213.3,0.0621,0.03,18.3,18.3,12.23,0.68,1019.3,2.79,0.95,3.0,16.093,8.60594,Tauentzienstraße,5.652290659736359,4064.894907721876,pc2,Park,False,False,15.624696669836348,50,10,0.0
1624458205.5030825,2021-06-23T14:23:25.503082Z,52.504106666666665,13.340251666666669,2,4,S2,1624458205.5030825,16.659811020408164,-70.24699591836735,-42.441730612244896,0.0026905607755102,41.0,133.59183673469389,5.63265306122449,0.0744180224489795,12,49,2021-06-23 16:23:25,52.504106666666665,13.340251666666669,38.5,15.1864,213.3,0.0621,0.03,18.3,18.3,12.23,0.68,1019.3,2.79,0.95,3.0,16.093,8.60594,Tauentzienstraße,5.652290659736359,4064.894907721876,pc2,Park,2021-06-23 16:23:25,52.50396666666666,13.340273333333334,26.0,10.926800000000002,210.6,0.0621,0.03,18.3,18.3,12.23,0.68,1019.3,2.79,0.95,3.0,16.093,8.61776,Tauentzienstraße,4.309135046136001,4075.9171761448592,pc4,Park,False,False,15.624696669836348,50,10,0.02
1624458206.4821217,2021-06-23T14:23:26.482121Z,52.50394333333333,13.340248333333331,4,2,S2,1624458206.4821217,20.364920833333333,-65.33157083333333,-37.55988333333333,0.0022857540208333,44.0,231.20833333333331,8.520833333333334,0.2071261395833333,12,48,2021-06-23 16:23:26,52.50394333333333,13.340248333333331,25.8,7.9636,211.4,0.0621,0.03,18.3,18.3,12.23,0.68,1019.3,2.79,0.95,3.0,16.093,8.61776,Tauentzienstraße,4.411953656267385,4079.501532241113,pc4,Park,2021-06-23 16:23:26,52.50407833333333,13.340221666666666,38.1,12.778800000000002,214.0,0.0621,0.03,18.3,18.3,12.23,0.68,1019.3,2.79,0.95,3.0,16.093,8.60594,Tauentzienstraße,5.559092439841394,4069.513961280833,pc2,Park,False,False,15.1083746583455,50,10,0.04
1624458206.496642,2021-06-23T14:23:26.496642Z,52.50407833333333,13.340221666666666,2,4,S2,1624458206.496642,16.178922916666668,-68.97068541666667,-41.18464166666667,0.0035828602708333,41.0,233.0,4.791666666666667,0.0934445975,12,48,2021-06-23 16:23:26,52.50407833333333,13.340221666666666,38.1,12.778800000000002,214.0,0.0621,0.03,18.3,18.3,12.23,0.68,1019.3,2.79,0.95,3.0,16.093,8.60594,Tauentzienstraße,5.559092439841394,4069.513961280833,pc2,Park,2021-06-23 16:23:26,52.50394333333333,13.340248333333331,25.8,7.9636,211.4,0.0621,0.03,18.3,18.3,12.23,0.68,1019.3,2.79,0.95,3.0,16.093,8.61776,Tauentzienstraße,4.411953656267385,4079.501532241113,pc4,Park,False,False,15.1083746583455,50,10,0.04
1624458207.497262,2021-06-23T14:23:27.497262Z,52.503933333333336,13.340226666666666,4,2,S2,1624458207.497262,17.512190196078432,-65.19197647058824,-37.464933333333335,0.005134164117647,44.0,333.27450980392155,3.0,0.1994222450980392,12,51,2021-06-23 16:23:27,52.503933333333336,13.340226666666666,25.6,3.704,211.6,0.0621,0.03,18.3,18.3,12.23,0.68,1019.3,2.79,0.95,3.0,16.093,8.61776,Tauentzienstraße,4.25283014829263,4083.279051286693,pc4,Park,2021-06-23 16:23:27,52.50405333333333,13.340195,37.8,9.630400000000002,213.7,0.0621,0.03,18.3,18.3,12.23,0.68,1019.3,2.79,0.95,3.0,16.093,8.60594,Tauentzienstraße,5.487825195468487,4072.54745541652,pc2,Park,False,False,13.50465145217936,50,10,-0.02
1624458207.5001447,2021-06-23T14:23:27.500144Z,52.50405333333333,13.340195,2,4,S2,1624458207.5001447,18.792274,-69.26520599999999,-41.491342,0.0009250322399999,41.0,333.6,2.6,0.08172002,12,50,2021-06-23 16:23:27,52.50405333333333,13.340195,37.8,9.630400000000002,213.7,0.0621,0.03,18.3,18.3,12.23,0.68,1019.3,2.79,0.95,3.0,16.093,8.60594,Tauentzienstraße,5.487825195468487,4072.54745541652,pc2,Park,2021-06-23 16:23:27,52.503933333333336,13.340226666666666,25.6,3.704,211.6,0.0621,0.03,18.3,18.3,12.23,0.68,1019.3,2.79,0.95,3.0,16.093,8.61776,Tauentzienstraße,4.25283014829263,4083.279051286693,pc4,Park,False,False,13.50465145217936,50,10,0.0
1624458208.5014226,2021-06-23T14:23:28.501422Z,52.503925,13.34022,4,2,S2,1624458208.5014226,19.840472,-67.339002,-39.545926,0.00114433114,44.0,433.2,7.92,0.158877612,12,50,2021-06-23 16:23:28,52.503925,13.34022,25.5,0.0,211.6,0.0621,0.03,18.3,18.3,12.23,0.68,1019.3,2.79,0.95,3.0,16.093,8.61776,Tauentzienstraße,4.652114112972184,4083.279051286693,pc4,Park,2021-06-23 16:23:28,52.50404,13.340175,37.5,6.1116,213.5,0.0621,0.03,18.3,18.3,12.23,0.68,1019.3,2.79,0.95,3.0,16.093,8.60594,Tauentzienstraße,5.77291036804391,4075.9171761448592,pc2,Park,False,False,13.135809265538132,50,10,0.0
1624458208.505613,2021-06-23T14:23:28.505613Z,52.50404,13.340175,2,4,S2,1624458208.505613,16.73920083333333,-71.29005,-43.4577,0.001340688625,41.0,433.8541666666667,5.541666666666667,0.0690231508333333,12,48,2021-06-23 16:23:28,52.50404,13.340175,37.5,6.1116,213.5,0.0621,0.03,18.3,18.3,12.23,0.68,1019.3,2.79,0.95,3.0,16.093,8.60594,Tauentzienstraße,5.77291036804391,4075.9171761448592,pc2,Park,2021-06-23 16:23:28,52.503925,13.34022,25.5,0.0,211.6,0.0621,0.03,18.3,18.3,12.23,0.68,1019.3,2.79,0.95,3.0,16.093,8.61776,Tauentzienstraße,4.652114112972184,4083.279051286693,pc4,Park,False,False,13.135809265538132,50,10,0.04
1624458209.5014784,2021-06-23T14:23:29.501478Z,52.50392166666666,13.340221666666666,4,2,S2,1624458209.5014784,18.67412448979592,-69.15931020408163,-41.389281632653066,0.0009247502857142,44.0,533.2857142857143,7.1020408163265305,0.0758969408163265,12,49,2021-06-23 16:23:29,52.50392166666666,13.340221666666666,25.8,0.0,211.6,0.0621,0.03,18.3,18.3,12.23,0.68,1019.3,2.79,0.95,3.0,16.093,8.61776,Tauentzienstraße,5.004969086747018,4083.279051286693,pc4,Park,2021-06-23 16:23:29,52.504035,13.34016,37.4,0.0,213.5,0.0621,0.03,18.3,18.3,12.23,0.68,1019.3,2.79,0.95,3.0,16.093,8.60594,Tauentzienstraße,6.299218067803111,4075.9171761448592,pc2,Park,False,False,13.266075513485369,50,10,0.02
1624458209.5329735,2021-06-23T14:23:29.532973Z,52.504035,13.34016,2,4,S2,1624458209.5329735,14.446873777777778,-72.58723777777777,-44.86258444444445,0.0020852683333333,41.0,537.0444444444445,1.0,0.0348460844444444,12,45,2021-06-23 16:23:29,52.504035,13.34016,37.4,0.0,213.5,0.0621,0.03,18.3,18.3,12.23,0.68,1019.3,2.79,0.95,3.0,16.093,8.60594,Tauentzienstraße,6.299218067803111,4075.9171761448592,pc2,Park,2021-06-23 16:23:29,52.50392166666666,13.340221666666666,25.8,0.0,211.6,0.0621,0.03,18.3,18.3,12.23,0.68,1019.3,2.79,0.95,3.0,16.093,8.61776,Tauentzienstraße,5.004969086747018,4083.279051286693,pc4,Park,False,False,13.266075513485369,50,10,0.1
1624458210.4925113,2021-06-23T14:23:30.492511Z,52.504035,13.340158333333331,2,4,S2,1624458210.4925113,17.591806,-72.444814,-44.838606,0.000529235,41.0,633.0,1.0,0.03422788,12,50,2021-06-23 16:23:30,52.504035,13.340158333333331,37.3,0.0,213.5,0.0621,0.03,18.3,18.3,12.23,0.68,1019.3,2.79,0.95,3.0,16.093,8.60594,Tauentzienstraße,6.392418199241443,4075.9171761448592,pc2,Park,2021-06-23 16:23:30,52.50392,13.340223333333334,25.7,0.0,211.6,0.0621,0.03,18.3,18.3,12.23,0.68,1019.3,2.79,0.95,3.0,16.093,8.61776,Tauentzienstraße,5.218539151784795,4083.279051286693,pc4,Park,False,False,13.51368871644001,50,10,0.0
1624458210.4975147,2021-06-23T14:23:30.497514Z,52.50392,13.340223333333334,4,2,S2,1624458210.4975147,18.740212,-68.994032,-41.288392,0.00095836532,44.0,633.0,6.0,0.075689716,12,50,2021-06-23 16:23:30,52.50392,13.340223333333334,25.7,0.0,211.6,0.0621,0.03,18.3,18.3,12.23,0.68,1019.3,2.79,0.95,3.0,16.093,8.61776,Tauentzienstraße,5.218539151784795,4083.279051286693,pc4,Park,2021-06-23 16:23:30,52.504035,13.340158333333331,37.3,0.0,213.5,0.0621,0.03,18.3,18.3,12.23,0.68,1019.3,2.79,0.95,3.0,16.093,8.60594,Tauentzienstraße,6.392418199241443,4075.9171761448592,pc2,Park,False,False,13.51368871644001,50,10,0.0
1624458211.4937117,2021-06-23T14:23:31.493711Z,52.50404,13.34016,2,4,S2,1624458211.4937117,16.867883673469386,-71.40223469387755,-43.77582653061224,0.0008449694285714,41.0,733.1020408163265,1.0,0.0440331571428571,12,49,2021-06-23 16:23:31,52.50404,13.34016,37.5,0.0,213.5,0.0621,0.03,18.3,18.3,12.23,0.68,1019.3,2.79,0.95,3.0,16.093,8.60594,Tauentzienstraße,6.611711395139754,4075.9171761448592,pc2,Park,2021-06-23 16:23:31,52.503915,13.340221666666666,25.6,0.0,211.6,0.0621,0.03,18.3,18.3,12.23,0.68,1019.3,2.79,0.95,3.0,16.093,8.61776,Tauentzienstraße,5.562108726328898,4083.279051286693,pc4,Park,False,False,14.502366785601298,50,10,0.02
1624458211.50449,2021-06-23T14:23:31.504489Z,52.503915,13.340221666666666,4,2,S2,1624458211.50449,19.5349387755102,-67.9875387755102,-40.27571632653061,0.001011201877551,44.0,733.5918367346939,7.061224489795919,0.0968816693877551,12,49,2021-06-23 16:23:31,52.503915,13.340221666666666,25.6,0.0,211.6,0.0621,0.03,18.3,18.3,12.23,0.68,1019.3,2.79,0.95,3.0,16.093,8.61776,Tauentzienstraße,5.562108726328898,4083.279051286693,pc4,Park,2021-06-23 16:23:31,52.50404,13.34016,37.5,0.0,213.5,0.0621,0.03,18.3,18.3,12.23,0.68,1019.3,2.79,0.95,3.0,16.093,8.60594,Tauentzienstraße,6.611711395139754,4075.9171761448592,pc2,Park,False,False,14.502366785601298,50,10,0.02
1624458212.5076172,2021-06-23T14:23:32.507617Z,52.50391666666667,13.340223333333334,4,2,S2,1624458212.5076172,19.740238,-67.632426,-39.908806,0.00104384002,44.0,834.0,6.08,0.1055179,12,50,2021-06-23 16:23:32,52.50391666666667,13.340223333333334,25.5,0.0,211.6,0.0621,0.03,18.3,18.3,12.23,0.68,1019.3,2.79,0.95,3.0,16.093,8.61776,Tauentzienstraße,5.49710897402207,4083.279051286693,pc4,Park,2021-06-23 16:23:32,52.504043333333335,13.340158333333331,37.4,0.0,213.5,0.0621,0.03,18.3,18.3,12.23,0.68,1019.3,2.79,0.95,3.0,16.093,8.60594,Tauentzienstraße,6.913240399242973,4075.9171761448592,pc2,Park,False,False,14.745503897894944,50,10,0.0
1624458212.543444,2021-06-23T14:23:32.543443Z,52.504043333333335,13.340158333333331,2,4,S2,1624458212.543444,17.89209162162162,-71.40624594594595,-43.698859459459456,0.0008693664054054,41.0,837.5405405405405,6.513513513513513,0.0452371378378378,12,37,2021-06-23 16:23:32,52.504043333333335,13.340158333333331,37.4,0.0,213.5,0.0621,0.03,18.3,18.3,12.23,0.68,1019.3,2.79,0.95,3.0,16.093,8.60594,Tauentzienstraße,6.913240399242973,4075.9171761448592,pc2,Park,2021-06-23 16:23:32,52.50391666666667,13.340223333333334,25.5,0.0,211.6,0.0621,0.03,18.3,18.3,12.23,0.68,1019.3,2.79,0.95,3.0,16.093,8.61776,Tauentzienstraße,5.49710897402207,4083.279051286693,pc4,Park,False,False,14.745503897894944,50,10,0.26
1624458213.5055022,2021-06-23T14:23:33.505502Z,52.50391666666667,13.340223333333334,4,2,S2,1624458213.5055022,19.372122,-68.209092,-40.415206,0.00098632948,44.0,934.0,4.0,0.097031758,12,50,2021-06-23 16:23:33,52.50391666666667,13.340223333333334,25.3,0.0,211.6,0.0621,0.03,18.3,18.3,12.23,0.68,1019.3,2.79,0.95,3.0,16.093,8.61776,Tauentzienstraße,5.49710897402207,4083.279051286693,pc4,Park,2021-06-23 16:23:33,52.50404666666667,13.340161666666669,37.4,0.0,213.5,0.0621,0.03,18.3,18.3,12.23,0.68,1019.3,2.79,0.95,3.0,16.093,8.60594,Tauentzienstraße,6.935169052197039,4075.9171761448592,pc2,Park,False,False,15.035300232230307,50,10,0.0
1624458213.5073636,2021-06-23T14:23:33.507363Z,52.50404666666667,13.340161666666669,2,4,S2,1624458213.5073636,15.370716326530614,-72.4499612244898,-44.64977346938776,0.0009838005510204,41.0,933.8775510204082,7.040816326530612,0.0372888571428571,12,49,2021-06-23 16:23:33,52.50404666666667,13.340161666666669,37.4,0.0,213.5,0.0621,0.03,18.3,18.3,12.23,0.68,1019.3,2.79,0.95,3.0,16.093,8.60594,Tauentzienstraße,6.935169052197039,4075.9171761448592,pc2,Park,2021-06-23 16:23:33,52.50391666666667,13.340223333333334,25.3,0.0,211.6,0.0621,0.03,18.3,18.3,12.23,0.68,1019.3,2.79,0.95,3.0,16.093,8.61776,Tauentzienstraße,5.49710897402207,4083.279051286693,pc4,Park,False,False,15.035300232230307,50,10,0.02
1624458214.503538,2021-06-23T14:23:34.503537Z,52.50391666666667,13.340223333333334,4,2,S2,1624458214.503538,19.26403137254902,-68.23356274509804,-40.47369803921569,0.0010112234509803,44.0,411.3725490196079,3.9607843137254894,0.0895271666666666,12,51,2021-06-23 16:23:34,52.50391666666667,13.340223333333334,25.3,0.0,211.6,0.0621,0.03,18.3,18.3,12.23,0.68,1019.3,2.79,0.95,3.0,16.093,8.61776,Tauentzienstraße,5.49710897402207,4083.279051286693,pc4,Park,2021-06-23 16:23:34,52.50404666666667,13.340161666666669,37.3,0.0,213.5,0.0621,0.03,18.3,18.3,12.23,0.68,1019.3,2.79,0.95,3.0,16.093,8.60594,Tauentzienstraße,6.935169052197039,4075.9171761448592,pc2,Park,False,False,15.035300232230307,50,10,-0.02
1624458214.5283186,2021-06-23T14:23:34.528318Z,52.50404666666667,13.340161666666669,2,4,S2,1624458214.5283186,14.73863829787234,-72.1777340425532,-44.42634042553191,0.001099634574468,41.0,382.3617021276596,7.0,0.0361393638297872,12,47,2021-06-23 16:23:34,52.50404666666667,13.340161666666669,37.3,0.0,213.5,0.0621,0.03,18.3,18.3,12.23,0.68,1019.3,2.79,0.95,3.0,16.093,8.60594,Tauentzienstraße,6.935169052197039,4075.9171761448592,pc2,Park,2021-06-23 16:23:34,52.50391666666667,13.340223333333334,25.3,0.0,211.6,0.0621,0.03,18.3,18.3,12.23,0.68,1019.3,2.79,0.95,3.0,16.093,8.61776,Tauentzienstraße,5.49710897402207,4083.279051286693,pc4,Park,False,False,15.035300232230307,50,10,0.06
1624458215.504482,2021-06-23T14:23:35.504482Z,52.50391666666667,13.340223333333334,4,2,S2,1624458215.504482,19.78831224489796,-67.65512653061225,-39.90829387755102,0.0010204459183673,44.0,109.89795918367346,4.0,0.1029436571428571,12,49,2021-06-23 16:23:35,52.50391666666667,13.340223333333334,25.3,0.0,211.6,0.0621,0.03,18.3,18.3,12.23,0.68,1019.3,2.79,0.95,3.0,16.093,8.61776,Tauentzienstraße,5.49710897402207,4083.279051286693,pc4,Park,2021-06-23 16:23:35,52.50404666666667,13.340161666666669,37.3,0.0,213.5,0.0621,0.03,18.3,18.3,12.23,0.68,1019.3,2.79,0.95,3.0,16.093,8.60594,Tauentzienstraße,6.935169052197039,4075.9171761448592,pc2,Park,False,False,15.035300232230307,50,10,0.02
1624458215.5169122,2021-06-23T14:23:35.516912Z,52.50404666666667,13.340161666666669,2,4,S2,1624458215.5169122,14.774328333333337,-71.51944791666666,-43.78655208333333,0.0014690919375,41.0,110.875,6.625,0.0421722520833333,12,48,2021-06-23 16:23:35,52.50404666666667,13.340161666666669,37.3,0.0,213.5,0.0621,0.03,18.3,18.3,12.23,0.68,1019.3,2.79,0.95,3.0,16.093,8.60594,Tauentzienstraße,6.935169052197039,4075.9171761448592,pc2,Park,2021-06-23 16:23:35,52.50391666666667,13.340223333333334,25.3,0.0,211.6,0.0621,0.03,18.3,18.3,12.23,0.68,1019.3,2.79,0.95,3.0,16.093,8.61776,Tauentzienstraße,5.49710897402207,4083.279051286693,pc4,Park,False,False,15.035300232230307,50,10,0.04
1624458216.4752526,2021-06-23T14:23:36.475252Z,52.50391666666667,13.340223333333334,4,2,S2,1624458216.4752526,20.46615,-66.6315125,-38.892195,0.001107235375,44.0,207.1,2.725,0.1303110049999999,12,40,2021-06-23 16:23:36,52.50391666666667,13.340223333333334,25.3,0.0,211.6,0.0621,0.03,18.3,18.3,12.23,0.68,1019.3,2.79,0.95,3.0,16.093,8.61776,Tauentzienstraße,5.49710897402207,4083.279051286693,pc4,Park,2021-06-23 16:23:36,52.50404666666667,13.340161666666669,37.3,0.0,213.5,0.0621,0.03,18.3,18.3,12.23,0.68,1019.3,2.79,0.95,3.0,16.093,8.60594,Tauentzienstraße,6.935169052197039,4075.9171761448592,pc2,Park,False,False,15.035300232230307,50,10,0.2
1624458216.5025346,2021-06-23T14:23:36.502534Z,52.50404666666667,13.340161666666669,2,4,S2,1624458216.5025346,17.25573469387755,-70.85788979591837,-43.12954489795918,0.0009778475714285,41.0,209.57142857142856,5.285714285714286,0.0505157,12,49,2021-06-23 16:23:36,52.50404666666667,13.340161666666669,37.3,0.0,213.5,0.0621,0.03,18.3,18.3,12.23,0.68,1019.3,2.79,0.95,3.0,16.093,8.60594,Tauentzienstraße,6.935169052197039,4075.9171761448592,pc2,Park,2021-06-23 16:23:36,52.50391666666667,13.340223333333334,25.3,0.0,211.6,0.0621,0.03,18.3,18.3,12.23,0.68,1019.3,2.79,0.95,3.0,16.093,8.61776,Tauentzienstraße,5.49710897402207,4083.279051286693,pc4,Park,False,False,15.035300232230307,50,10,0.02
1624458217.4398775,2021-06-23T14:23:37.439877Z,52.50404666666667,13.340161666666669,2,4,S2,1624458217.4398775,18.574963414634144,-70.9100219512195,-43.26448536585366,0.0006115549756097,41.0,303.4390243902439,3.951219512195122,0.0480607536585365,12,41,2021-06-23 16:23:37,52.50404666666667,13.340161666666669,37.3,0.0,213.5,0.0621,0.03,18.3,18.3,12.23,0.68,1019.3,2.79,0.95,3.0,16.093,8.60594,Tauentzienstraße,6.935169052197039,4075.9171761448592,pc2,Park,2021-06-23 16:23:37,52.50391666666667,13.340223333333334,25.3,0.0,211.6,0.0621,0.03,18.3,18.3,12.23,0.68,1019.3,2.79,0.95,3.0,16.093,8.61776,Tauentzienstraße,5.49710897402207,4083.279051286693,pc4,Park,False,False,15.035300232230307,50,10,0.18
1624458217.487642,2021-06-23T14:23:37.487642Z,52.50391666666667,13.340223333333334,4,2,S2,1624458217.487642,20.546079591836733,-66.76974285714286,-39.091,0.0010533832448979,44.0,308.42857142857144,1.8571428571428568,0.1247131632653061,12,49,2021-06-23 16:23:37,52.50391666666667,13.340223333333334,25.3,0.0,211.6,0.0621,0.03,18.3,18.3,12.23,0.68,1019.3,2.79,0.95,3.0,16.093,8.61776,Tauentzienstraße,5.49710897402207,4083.279051286693,pc4,Park,2021-06-23 16:23:37,52.50404666666667,13.340161666666669,37.3,0.0,213.5,0.0621,0.03,18.3,18.3,12.23,0.68,1019.3,2.79,0.95,3.0,16.093,8.60594,Tauentzienstraße,6.935169052197039,4075.9171761448592,pc2,Park,False,False,15.035300232230307,50,10,0.02
1624458218.5025046,2021-06-23T14:23:38.502504Z,52.50391666666667,13.340223333333334,4,2,S2,1624458218.5025046,19.904504,-67.38393,-39.712328,0.0010596393,44.0,410.0,1.0,0.108687336,12,50,2021-06-23 16:23:38,52.50391666666667,13.340223333333334,25.3,0.0,211.6,0.0621,0.03,18.3,18.3,12.23,0.68,1019.3,2.79,0.95,3.0,16.093,8.61776,Tauentzienstraße,5.49710897402207,4083.279051286693,pc4,Park,2021-06-23 16:23:38,52.504043333333335,13.340158333333331,37.4,0.0,213.5,0.0621,0.03,18.3,18.3,12.23,0.68,1019.3,2.79,0.95,3.0,16.093,8.60594,Tauentzienstraße,6.913240399242973,4075.9171761448592,pc2,Park,False,False,14.745503897894944,50,10,0.0
1624458219.5015042,2021-06-23T14:23:39.501504Z,52.50391666666667,13.340223333333334,4,2,S2,1624458219.5015042,20.490389795918368,-66.69078979591836,-39.00084489795918,0.0010984472857142,44.0,509.4081632653061,5.8979591836734695,0.1325010897959183,12,49,2021-06-23 16:23:39,52.50391666666667,13.340223333333334,25.3,0.0,211.6,0.0621,0.03,18.3,18.3,12.23,0.68,1019.3,2.79,0.95,3.0,16.093,8.61776,Tauentzienstraße,5.49710897402207,4083.279051286693,pc4,Park,2021-06-23 16:23:39,52.504043333333335,13.340158333333331,37.4,0.0,213.5,0.0621,0.03,18.3,18.3,12.23,0.68,1019.3,2.79,0.95,3.0,16.093,8.60594,Tauentzienstraße,6.913240399242973,4075.9171761448592,pc2,Park,False,False,14.745503897894944,50,10,0.02
1624458219.5960944,2021-06-23T14:23:39.596094Z,52.504043333333335,13.340158333333331,2,4,S2,1624458219.5960944,18.66310243902439,-70.97635609756098,-43.326324390243904,0.0005880694634146,41.0,519.0,4.560975609756097,0.0493327414634146,12,41,2021-06-23 16:23:39,52.504043333333335,13.340158333333331,37.4,0.0,213.5,0.0621,0.03,18.3,18.3,12.23,0.68,1019.3,2.79,0.95,3.0,16.093,8.60594,Tauentzienstraße,6.913240399242973,4075.9171761448592,pc2,Park,2021-06-23 16:23:39,52.50391666666667,13.340223333333334,25.3,0.0,211.6,0.0621,0.03,18.3,18.3,12.23,0.68,1019.3,2.79,0.95,3.0,16.093,8.61776,Tauentzienstraße,5.49710897402207,4083.279051286693,pc4,Park,False,False,14.745503897894944,50,10,0.18
1624458220.5073788,2021-06-23T14:23:40.507378Z,52.504043333333335,13.340158333333331,2,4,S2,1624458220.5073788,18.124922,-71.495514,-43.775304,0.00059067548,41.0,610.0,5.86,0.043307076,12,50,2021-06-23 16:23:40,52.504043333333335,13.340158333333331,37.4,0.0,213.5,0.0621,0.03,18.3,18.3,12.23,0.68,1019.3,2.79,0.95,3.0,16.093,8.60594,Tauentzienstraße,6.913240399242973,4075.9171761448592,pc2,Park,2021-06-23 16:23:40,52.50391666666667,13.340223333333334,25.3,0.0,211.6,0.0621,0.03,18.3,18.3,12.23,0.68,1019.3,2.79,0.95,3.0,16.093,8.61776,Tauentzienstraße,5.49710897402207,4083.279051286693,pc4,Park,False,False,14.745503897894944,50,10,0.0
1624458220.5599964,2021-06-23T14:23:40.559996Z,52.50391666666667,13.340223333333334,4,2,S2,1624458220.5599964,20.537197142857146,-66.82655142857142,-39.10150857142857,0.0010458142,44.0,615.1428571428571,7.0285714285714285,0.1251117171428571,12,35,2021-06-23 16:23:40,52.50391666666667,13.340223333333334,25.3,0.0,211.6,0.0621,0.03,18.3,18.3,12.23,0.68,1019.3,2.79,0.95,3.0,16.093,8.61776,Tauentzienstraße,5.49710897402207,4083.279051286693,pc4,Park,2021-06-23 16:23:40,52.504043333333335,13.340158333333331,37.4,0.0,213.5,0.0621,0.03,18.3,18.3,12.23,0.68,1019.3,2.79,0.95,3.0,16.093,8.60594,Tauentzienstraße,6.913240399242973,4075.9171761448592,pc2,Park,False,False,14.745503897894944,50,10,0.3
1624458221.5045035,2021-06-23T14:23:41.504503Z,52.504043333333335,13.340158333333331,2,4,S2,1624458221.5045035,19.180544897959184,-69.75685714285714,-42.006004081632646,0.0006980623877551,41.0,709.8979591836735,4.0,0.0650067734693877,12,49,2021-06-23 16:23:41,52.504043333333335,13.340158333333331,37.4,0.0,213.5,0.0621,0.03,18.3,18.3,12.23,0.68,1019.3,2.79,0.95,3.0,16.093,8.60594,Tauentzienstraße,6.913240399242973,4075.9171761448592,pc2,Park,2021-06-23 16:23:41,52.50391666666667,13.340223333333334,25.3,0.0,211.6,0.0621,0.03,18.3,18.3,12.23,0.68,1019.3,2.79,0.95,3.0,16.093,8.61776,Tauentzienstraße,5.49710897402207,4083.279051286693,pc4,Park,False,False,14.745503897894944,50,10,0.02
1624458221.5094943,2021-06-23T14:23:41.509494Z,52.50391666666667,13.340223333333334,4,2,S2,1624458221.5094943,21.238932,-65.262104,-37.560688,0.0013102761399999,44.0,710.0,8.0,0.185191324,12,50,2021-06-23 16:23:41,52.50391666666667,13.340223333333334,25.3,0.0,211.6,0.0621,0.03,18.3,18.3,12.23,0.68,1019.3,2.79,0.95,3.0,16.093,8.61776,Tauentzienstraße,5.49710897402207,4083.279051286693,pc4,Park,2021-06-23 16:23:41,52.504043333333335,13.340158333333331,37.4,0.0,213.5,0.0621,0.03,18.3,18.3,12.23,0.68,1019.3,2.79,0.95,3.0,16.093,8.60594,Tauentzienstraße,6.913240399242973,4075.9171761448592,pc2,Park,False,False,14.745503897894944,50,10,0.0
1624458222.5058124,2021-06-23T14:23:42.505812Z,52.504043333333335,13.340158333333331,2,4,S2,1624458222.5058124,18.7164634,-69.724176,-41.927624,0.00092013726,41.0,810.02,4.08,0.088512292,12,50,2021-06-23 16:23:42,52.504043333333335,13.340158333333331,37.4,0.0,213.5,0.0621,0.03,18.3,18.3,12.23,0.68,1019.3,2.79,0.95,3.0,16.093,8.60594,Tauentzienstraße,6.913240399242973,4075.9171761448592,pc2,Park,2021-06-23 16:23:42,52.50391666666667,13.340223333333334,25.3,0.0,211.6,0.0621,0.03,18.3,18.3,12.23,0.68,1019.3,2.79,0.95,3.0,16.093,8.61776,Tauentzienstraße,5.49710897402207,4083.279051286693,pc4,Park,False,False,14.745503897894944,50,10,0.0
1624458222.5190911,2021-06-23T14:23:42.519091Z,52.50391666666667,13.340223333333334,4,2,S2,1624458222.5190911,20.69010612244898,-65.67081428571429,-37.911426530612246,0.0013864242040816,44.0,810.9591836734694,8.0,0.2214681897959183,12,49,2021-06-23 16:23:42,52.50391666666667,13.340223333333334,25.3,0.0,211.6,0.0621,0.03,18.3,18.3,12.23,0.68,1019.3,2.79,0.95,3.0,16.093,8.61776,Tauentzienstraße,5.49710897402207,4083.279051286693,pc4,Park,2021-06-23 16:23:42,52.504043333333335,13.340158333333331,37.4,0.0,213.5,0.0621,0.03,18.3,18.3,12.23,0.68,1019.3,2.79,0.95,3.0,16.093,8.60594,Tauentzienstraße,6.913240399242973,4075.9171761448592,pc2,Park,False,False,14.745503897894944,50,10,0.02
1624458223.5024292,2021-06-23T14:23:43.502429Z,52.50391666666667,13.340223333333334,4,2,S2,1624458223.5024292,23.25137755102041,-62.13481836734694,-34.385479591836734,0.0017348069795918,44.0,909.9795918367348,1.1428571428571428,0.3741587755102041,12,49,2021-06-23 16:23:43,52.50391666666667,13.340223333333334,25.3,0.0,211.6,0.0621,0.03,18.3,18.3,12.23,0.68,1019.3,2.79,0.95,3.0,16.093,8.61776,Tauentzienstraße,5.49710897402207,4083.279051286693,pc4,Park,2021-06-23 16:23:43,52.504043333333335,13.340158333333331,37.4,0.0,213.5,0.0621,0.03,18.3,18.3,12.23,0.68,1019.3,2.79,0.95,3.0,16.093,8.60594,Tauentzienstraße,6.913240399242973,4075.9171761448592,pc2,Park,False,False,14.745503897894944,50,10,0.02
1624458223.5055125,2021-06-23T14:23:43.505512Z,52.504043333333335,13.340158333333331,2,4,S2,1624458223.5055125,18.668456000000003,-66.4125,-38.599714,0.00173359746,41.0,910.0,4.0,0.14033906,12,50,2021-06-23 16:23:43,52.504043333333335,13.340158333333331,37.4,0.0,213.5,0.0621,0.03,18.3,18.3,12.23,0.68,1019.3,2.79,0.95,3.0,16.093,8.60594,Tauentzienstraße,6.913240399242973,4075.9171761448592,pc2,Park,2021-06-23 16:23:43,52.50391666666667,13.340223333333334,25.3,0.0,211.6,0.0621,0.03,18.3,18.3,12.23,0.68,1019.3,2.79,0.95,3.0,16.093,8.61776,Tauentzienstraße,5.49710897402207,4083.279051286693,pc4,Park,False,False,14.745503897894944,50,10,0.0
1624458224.3082156,2021-06-23T14:23:44.308215Z,52.504043333333335,13.340158333333331,2,4,S2,1624458224.3082156,16.0077,-70.53326296296297,-42.706459259259255,0.0012605814074074,41.0,876.4444444444445,4.444444444444445,0.0533529555555555,12,27,2021-06-23 16:23:44,52.504043333333335,13.340158333333331,37.4,0.0,213.5,0.0621,0.03,18.3,18.3,12.23,0.68,1019.3,2.79,0.95,3.0,16.093,8.60594,Tauentzienstraße,6.913240399242973,4075.9171761448592,pc2,Park,2021-06-23 16:23:44,52.50391666666667,13.340223333333334,25.3,0.0,211.6,0.0621,0.03,18.3,18.3,12.23,0.68,1019.3,2.79,0.95,3.0,16.093,8.61776,Tauentzienstraße,5.49710897402207,4083.279051286693,pc4,Park,False,False,14.745503897894944,50,10,0.46
1624458224.4924994,2021-06-23T14:23:44.492499Z,52.50391666666667,13.340223333333334,4,2,S2,1624458224.4924994,20.273606,-66.86475999999999,-39.065914,0.00112526508,44.0,640.36,1.0,0.130108824,12,50,2021-06-23 16:23:44,52.50391666666667,13.340223333333334,25.3,0.0,211.6,0.0621,0.03,18.3,18.3,12.23,0.68,1019.3,2.79,0.95,3.0,16.093,8.61776,Tauentzienstraße,5.49710897402207,4083.279051286693,pc4,Park,2021-06-23 16:23:44,52.504043333333335,13.340158333333331,37.4,0.0,213.5,0.0621,0.03,18.3,18.3,12.23,0.68,1019.3,2.79,0.95,3.0,16.093,8.60594,Tauentzienstraße,6.913240399242973,4075.9171761448592,pc2,Park,False,False,14.745503897894944,50,10,0.0
1624458225.477751,2021-06-23T14:23:45.477751Z,52.50391666666667,13.340223333333334,4,2,S2,1624458225.477751,20.33886153846154,-66.97712820512821,-39.19705384615384,0.0010565415384615,44.0,83.25641025641026,3.692307692307693,0.1333560589743589,12,39,2021-06-23 16:23:45,52.50391666666667,13.340223333333334,25.3,0.0,211.6,0.0621,0.03,18.3,18.3,12.23,0.68,1019.3,2.79,0.95,3.0,16.093,8.61776,Tauentzienstraße,5.49710897402207,4083.279051286693,pc4,Park,2021-06-23 16:23:45,52.504043333333335,13.340158333333331,37.4,0.0,213.5,0.0621,0.03,18.3,18.3,12.23,0.68,1019.3,2.79,0.95,3.0,16.093,8.60594,Tauentzienstraße,6.913240399242973,4075.9171761448592,pc2,Park,False,False,14.745503897894944,50,10,0.22
1624458225.5977445,2021-06-23T14:23:45.597744Z,52.504043333333335,13.340158333333331,2,4,S2,1624458225.5977445,18.323667567567565,-70.91851891891892,-43.13522702702703,0.0006691384324324,41.0,95.29729729729728,3.2432432432432434,0.0571170081081081,12,37,2021-06-23 16:23:45,52.504043333333335,13.340158333333331,37.4,0.0,213.5,0.0621,0.03,18.3,18.3,12.23,0.68,1019.3,2.79,0.95,3.0,16.093,8.60594,Tauentzienstraße,6.913240399242973,4075.9171761448592,pc2,Park,2021-06-23 16:23:45,52.50391666666667,13.340223333333334,25.3,0.0,211.6,0.0621,0.03,18.3,18.3,12.23,0.68,1019.3,2.79,0.95,3.0,16.093,8.61776,Tauentzienstraße,5.49710897402207,4083.279051286693,pc4,Park,False,False,14.745503897894944,50,10,0.26
1624458226.5003977,2021-06-23T14:23:46.500397Z,52.504043333333335,13.340158333333331,2,4,S2,1624458226.5003977,18.19718693877551,-69.37149183673469,-41.52276734693878,0.0016094680204081,41.0,185.53061224489795,3.306122448979592,0.0821267734693877,12,49,2021-06-23 16:23:46,52.504043333333335,13.340158333333331,37.4,0.0,213.5,0.0621,0.03,18.3,18.3,12.23,0.68,1019.3,2.79,0.95,3.0,16.093,8.60594,Tauentzienstraße,6.913240399242973,4075.9171761448592,pc2,Park,2021-06-23 16:23:46,52.50391666666667,13.340223333333334,25.3,2.4076000000000004,212.1,0.0621,0.03,18.3,18.3,12.23,0.68,1019.3,2.79,0.95,3.0,16.093,8.61776,Tauentzienstraße,5.49710897402207,4083.279051286693,pc4,Park,False,False,14.745503897894944,50,10,0.02
1624458226.5063708,2021-06-23T14:23:46.506370Z,52.50391666666667,13.340223333333334,4,2,S2,1624458226.5063708,19.941519607843137,-65.81988235294118,-37.988749019607845,0.0016238102549019,44.0,185.92156862745097,5.647058823529412,0.1849847607843137,12,51,2021-06-23 16:23:46,52.50391666666667,13.340223333333334,25.3,2.4076000000000004,212.1,0.0621,0.03,18.3,18.3,12.23,0.68,1019.3,2.79,0.95,3.0,16.093,8.61776,Tauentzienstraße,5.49710897402207,4083.279051286693,pc4,Park,2021-06-23 16:23:46,52.504043333333335,13.340158333333331,37.4,0.0,213.5,0.0621,0.03,18.3,18.3,12.23,0.68,1019.3,2.79,0.95,3.0,16.093,8.60594,Tauentzienstraße,6.913240399242973,4075.9171761448592,pc2,Park,False,False,14.745503897894944,50,10,-0.02
1624458227.488701,2021-06-23T14:23:47.488701Z,52.50391166666667,13.340218333333333,4,2,S2,1624458227.488701,17.207944897959184,-70.39436734693878,-42.59511224489796,0.0009713749999999,44.0,284.0204081632653,6.979591836734694,0.0636435346938775,12,49,2021-06-23 16:23:47,52.50391166666667,13.340218333333333,25.3,5.926400000000001,214.6,0.0621,0.03,18.3,18.3,12.23,0.68,1019.3,2.79,0.95,3.0,16.093,8.61776,Tauentzienstraße,5.692108217990257,4083.279051286693,pc4,Park,2021-06-23 16:23:47,52.504043333333335,13.340158333333331,37.4,0.0,213.5,0.0621,0.03,18.3,18.3,12.23,0.68,1019.3,2.79,0.95,3.0,16.093,8.60594,Tauentzienstraße,6.913240399242973,4075.9171761448592,pc2,Park,False,False,15.182766819444392,50,10,0.02
1624458227.4905648,2021-06-23T14:23:47.490564Z,52.504043333333335,13.340158333333331,2,4,S2,1624458227.4905648,16.528586326530615,-73.14621428571428,-45.36956326530612,0.000855168632653,41.0,284.57142857142856,3.204081632653061,0.0331866995918367,12,49,2021-06-23 16:23:47,52.504043333333335,13.340158333333331,37.4,0.0,213.5,0.0621,0.03,18.3,18.3,12.23,0.68,1019.3,2.79,0.95,3.0,16.093,8.60594,Tauentzienstraße,6.913240399242973,4075.9171761448592,pc2,Park,2021-06-23 16:23:47,52.50391166666667,13.340218333333333,25.3,5.926400000000001,214.6,0.0621,0.03,18.3,18.3,12.23,0.68,1019.3,2.79,0.95,3.0,16.093,8.61776,Tauentzienstraße,5.692108217990257,4083.279051286693,pc4,Park,False,False,15.182766819444392,50,10,0.02
1624458228.4879704,2021-06-23T14:23:48.487970Z,52.50389333333333,13.340198333333332,4,2,S2,1624458228.4879704,16.418020833333333,-68.81118125,-41.03612916666667,0.0038695421041666,44.0,384.375,2.708333333333333,0.0964441166666666,12,48,2021-06-23 16:23:48,52.50389333333333,13.340198333333332,25.2,9.4452,214.1,0.0621,0.03,18.3,18.3,12.23,0.68,1019.3,2.79,0.95,3.0,16.093,3.05807,Kurfürstenstraße,2.971834601145029,4087.192542361151,pc4,Park,2021-06-23 16:23:48,52.504043333333335,13.340158333333331,37.4,3.3336,213.3,0.0621,0.03,18.3,18.3,12.23,0.68,1019.3,2.79,0.95,3.0,16.093,8.60594,Tauentzienstraße,6.913240399242973,4075.9171761448592,pc2,Park,False,False,16.88531097886361,50,10,0.04
1624458228.6182623,2021-06-23T14:23:48.618262Z,52.504043333333335,13.340158333333331,2,4,S2,1624458228.6182623,17.84578611111111,-71.89164166666666,-44.08867222222222,0.0005883188888888,41.0,396.8888888888889,7.861111111111111,0.0458455416666666,12,36,2021-06-23 16:23:48,52.504043333333335,13.340158333333331,37.4,3.3336,213.3,0.0621,0.03,18.3,18.3,12.23,0.68,1019.3,2.79,0.95,3.0,16.093,8.60594,Tauentzienstraße,6.913240399242973,4075.9171761448592,pc2,Park,2021-06-23 16:23:48,52.50389333333333,13.340198333333332,25.2,9.4452,214.1,0.0621,0.03,18.3,18.3,12.23,0.68,1019.3,2.79,0.95,3.0,16.093,3.05807,Kurfürstenstraße,2.971834601145029,4087.192542361151,pc4,Park,False,False,16.88531097886361,50,10,0.28
1624458229.100174,2021-06-23T14:23:49.100173Z,52.50403666666666,13.34015,2,4,S2,1624458229.100174,15.33244,-74.36037,-46.5764,0.0009101682999999,41.0,445.2,6.6,0.031466749,12,10,2021-06-23 16:23:49,52.50403666666666,13.34015,37.4,9.26,213.7,0.0621,0.03,18.3,18.3,12.23,0.68,1019.3,2.79,0.95,3.0,16.093,8.60594,Tauentzienstraße,6.962583313801088,4075.9171761448592,pc2,Park,2021-06-23 16:23:49,52.50386833333334,13.34017,25.2,12.4084,214.0,0.0621,0.03,18.3,18.3,12.23,0.68,1019.3,2.79,0.95,3.0,16.093,3.05807,Kurfürstenstraße,2.18826465222104,4091.063299225889,pc4,Park,False,False,18.752797386057967,50,10,0.8
1624458229.4854925,2021-06-23T14:23:49.485492Z,52.50386833333334,13.34017,4,2,S2,1624458229.4854925,18.039876,-69.479848,-41.686922,0.0010093625,44.0,483.8,6.0,0.079105214,12,50,2021-06-23 16:23:49,52.50386833333334,13.34017,25.2,12.4084,214.0,0.0621,0.03,18.3,18.3,12.23,0.68,1019.3,2.79,0.95,3.0,16.093,3.05807,Kurfürstenstraße,2.18826465222104,4091.063299225889,pc4,Park,2021-06-23 16:23:49,52.50403666666666,13.34015,37.4,9.26,213.7,0.0621,0.03,18.3,18.3,12.23,0.68,1019.3,2.79,0.95,3.0,16.093,8.60594,Tauentzienstraße,6.962583313801088,4075.9171761448592,pc2,Park,False,False,18.752797386057967,50,10,0.0
1624458230.498501,2021-06-23T14:23:50.498501Z,52.503835,13.34014,4,2,S2,1624458230.498501,18.203164,-69.03779,-41.237974,0.0010675494,44.0,585.0,7.0,0.087707832,12,50,2021-06-23 16:23:50,52.503835,13.34014,25.0,14.4456,210.7,0.0621,0.03,18.3,18.3,12.23,0.68,1019.3,2.79,0.95,3.0,16.093,3.05807,Kurfürstenstraße,1.9556432983051404,4094.590409738322,pc4,Park,2021-06-23 16:23:50,52.50401333333333,13.34012,37.4,13.3344,213.5,0.0621,0.03,18.3,18.3,12.23,0.68,1019.3,2.79,0.95,3.0,16.093,8.60594,Tauentzienstraße,7.18188477520567,4079.501532241113,pc2,Park,False,False,19.861174264268595,50,10,0.0
1624458230.6598625,2021-06-23T14:23:50.659862Z,52.50401333333333,13.34012,2,4,S2,1624458230.6598625,16.340393636363636,-72.97974242424243,-45.12949393939394,0.0011054535151515,41.0,601.5151515151515,3.1818181818181817,0.0388244518181818,12,33,2021-06-23 16:23:50,52.50401333333333,13.34012,37.4,13.3344,213.5,0.0621,0.03,18.3,18.3,12.23,0.68,1019.3,2.79,0.95,3.0,16.093,8.60594,Tauentzienstraße,7.18188477520567,4079.501532241113,pc2,Park,2021-06-23 16:23:50,52.503835,13.34014,25.0,14.4456,210.7,0.0621,0.03,18.3,18.3,12.23,0.68,1019.3,2.79,0.95,3.0,16.093,3.05807,Kurfürstenstraße,1.9556432983051404,4094.590409738322,pc4,Park,False,False,19.861174264268595,50,10,0.34
1624458231.481454,2021-06-23T14:23:51.481454Z,52.50380166666667,13.340106666666667,4,2,S2,1624458231.481454,19.600316666666668,-67.08901041666667,-39.256025,0.0012403507083333,44.0,683.2916666666666,7.041666666666667,0.141234775,12,48,2021-06-23 16:23:51,52.50380166666667,13.340106666666667,24.8,15.371600000000004,211.7,0.0621,0.03,18.3,18.3,12.23,0.68,1019.3,2.79,0.95,3.0,16.093,3.05807,Kurfürstenstraße,1.8154581558939595,4097.810240411152,pc4,Park,2021-06-23 16:23:51,52.50398333333333,13.340065,37.5,15.371600000000004,213.6,0.0621,0.03,18.3,18.3,12.23,0.68,1019.3,2.79,0.95,3.0,16.093,8.60594,Tauentzienstraße,7.131380407417463,4083.279051286693,pc2,Park,False,False,20.381473982392524,50,10,0.04
1624458231.4952428,2021-06-23T14:23:51.495242Z,52.50398333333333,13.340065,2,4,S2,1624458231.4952428,18.336004,-70.929096,-43.113702,0.0006669991,41.0,685.04,3.2,0.059468941,12,50,2021-06-23 16:23:51,52.50398333333333,13.340065,37.5,15.371600000000004,213.6,0.0621,0.03,18.3,18.3,12.23,0.68,1019.3,2.79,0.95,3.0,16.093,8.60594,Tauentzienstraße,7.131380407417463,4083.279051286693,pc2,Park,2021-06-23 16:23:51,52.50380166666667,13.340106666666667,24.8,15.371600000000004,211.7,0.0621,0.03,18.3,18.3,12.23,0.68,1019.3,2.79,0.95,3.0,16.093,3.05807,Kurfürstenstraße,1.8154581558939595,4097.810240411152,pc4,Park,False,False,20.381473982392524,50,10,0.0
1624458232.4882505,2021-06-23T14:23:52.488250Z,52.50394666666666,13.340016666666669,2,4,S2,1624458232.4882505,18.026401632653062,-69.89796734693877,-42.09154693877551,0.0013682980612244,41.0,784.3061224489796,3.63265306122449,0.0723338346938775,12,49,2021-06-23 16:23:52,52.50394666666666,13.340016666666669,37.5,16.668,213.6,0.0621,0.03,18.3,18.3,12.23,0.68,1019.3,2.79,0.95,3.0,16.093,8.61776,Tauentzienstraße,6.221389229012437,4091.063299225889,pc2,Park,2021-06-23 16:23:52,52.50376666666666,13.340068333333331,24.7,15.1864,212.2,0.0621,0.03,18.3,18.3,12.23,0.68,1019.3,2.79,0.95,3.0,16.093,3.42334,Kurfürstenstraße,1.4719952193535113,4103.291225912833,pc4,Park,False,False,20.303624459558044,50,10,0.02
1624458232.4904373,2021-06-23T14:23:52.490437Z,52.50376666666666,13.340068333333331,4,2,S2,1624458232.4904373,18.671054166666668,-65.85710208333333,-38.04911041666666,0.002148219375,44.0,784.2916666666666,6.0,0.1826592458333333,12,48,2021-06-23 16:23:52,52.50376666666666,13.340068333333331,24.7,15.1864,212.2,0.0621,0.03,18.3,18.3,12.23,0.68,1019.3,2.79,0.95,3.0,16.093,3.42334,Kurfürstenstraße,1.4719952193535113,4103.291225912833,pc4,Park,2021-06-23 16:23:52,52.50394666666666,13.340016666666669,37.5,16.668,213.6,0.0621,0.03,18.3,18.3,12.23,0.68,1019.3,2.79,0.95,3.0,16.093,8.61776,Tauentzienstraße,6.221389229012437,4091.063299225889,pc2,Park,False,False,20.303624459558044,50,10,0.04
1624458233.4946263,2021-06-23T14:23:53.494626Z,52.50391333333334,13.339968333333331,2,4,S2,1624458233.4946263,18.366662,-68.99234,-41.233234,0.0011681725399999,41.0,885.0,3.08,0.109278858,12,50,2021-06-23 16:23:53,52.50391333333334,13.339968333333331,37.5,16.1124,213.2,0.0621,0.03,18.3,18.3,12.23,0.68,1019.3,2.79,0.95,3.0,16.093,8.61776,Tauentzienstraße,5.92248356182431,4094.590409738322,pc2,Park,2021-06-23 16:23:53,52.50373333333334,13.340036666666666,24.5,13.5196,212.6,0.0621,0.03,18.3,18.3,12.23,0.68,1019.3,2.79,0.95,3.0,16.093,3.42334,Kurfürstenstraße,1.429936403738817,4105.753596054648,pc4,Park,False,False,20.527896435734625,50,10,0.0
1624458233.5077589,2021-06-23T14:23:53.507758Z,52.50373333333334,13.340036666666666,4,2,S2,1624458233.5077589,19.587342857142858,-65.71214489795919,-37.92937551020408,0.0018029189591836,44.0,886.265306122449,3.612244897959184,0.241337381632653,12,49,2021-06-23 16:23:53,52.50373333333334,13.340036666666666,24.5,13.5196,212.6,0.0621,0.03,18.3,18.3,12.23,0.68,1019.3,2.79,0.95,3.0,16.093,3.42334,Kurfürstenstraße,1.429936403738817,4105.753596054648,pc4,Park,2021-06-23 16:23:53,52.50391333333334,13.339968333333331,37.5,16.1124,213.2,0.0621,0.03,18.3,18.3,12.23,0.68,1019.3,2.79,0.95,3.0,16.093,8.61776,Tauentzienstraße,5.92248356182431,4094.590409738322,pc2,Park,False,False,20.527896435734625,50,10,0.02
1624458234.5017335,2021-06-23T14:23:54.501733Z,52.503885,13.339921666666667,2,4,S2,1624458234.5017335,16.069844897959186,-70.04677142857143,-42.27803877551021,0.0013621293469387,41.0,860.4489795918367,1.816326530612245,0.0760175571428571,12,49,2021-06-23 16:23:54,52.503885,13.339921666666667,37.8,14.0752,212.8,0.0621,0.03,18.3,18.3,12.23,0.68,1019.3,2.79,0.95,3.0,16.093,8.61776,Tauentzienstraße,6.389279770609978,4097.810240411152,pc2,Park,2021-06-23 16:23:54,52.503705,13.340006666666667,24.3,11.4824,212.0,0.0621,0.03,18.3,18.3,12.23,0.68,1019.3,2.79,0.95,3.0,16.093,3.42334,Kurfürstenstraße,1.2837306749786763,4110.740280451234,pc4,Park,False,False,20.810891453041,50,10,0.02
1624458234.5169113,2021-06-23T14:23:54.516911Z,52.503705,13.340006666666667,4,2,S2,1624458234.5169113,20.46967058823529,-66.13050588235294,-38.373719607843135,0.001363155745098,44.0,846.1960784313726,7.96078431372549,0.1946873470588235,12,51,2021-06-23 16:23:54,52.503705,13.340006666666667,24.3,11.4824,212.0,0.0621,0.03,18.3,18.3,12.23,0.68,1019.3,2.79,0.95,3.0,16.093,3.42334,Kurfürstenstraße,1.2837306749786763,4110.740280451234,pc4,Park,2021-06-23 16:23:54,52.503885,13.339921666666667,37.8,14.0752,212.8,0.0621,0.03,18.3,18.3,12.23,0.68,1019.3,2.79,0.95,3.0,16.093,8.61776,Tauentzienstraße,6.389279770609978,4097.810240411152,pc2,Park,False,False,20.810891453041,50,10,-0.02
1624458235.498067,2021-06-23T14:23:55.498066Z,52.50386,13.33988,2,4,S2,1624458235.498067,18.67231224489796,-68.0146,-40.248279591836734,0.0012737482040816,41.0,61.46938775510204,1.816326530612245,0.1331557846938775,12,49,2021-06-23 16:23:55,52.50386,13.33988,37.9,12.778800000000002,213.4,0.0621,0.03,18.3,18.3,12.23,0.68,1019.3,2.79,0.95,3.0,16.093,8.60594,Tauentzienstraße,6.826904160905611,4103.291225912833,pc2,Park,2021-06-23 16:23:55,52.50368,13.339978333333333,24.0,10.186,220.2,0.0621,0.03,18.3,18.3,12.23,0.68,1019.3,2.79,0.95,3.0,16.093,3.42334,Kurfürstenstraße,1.1831666337218962,4113.307294554353,pc4,Park,False,False,21.07799503153304,50,10,0.02
1624458235.509491,2021-06-23T14:23:55.509490Z,52.50368,13.339978333333333,4,2,S2,1624458235.509491,20.11817346938776,-64.53919795918368,-36.76209795918368,0.0022496097959183,44.0,62.42857142857143,3.7142857142857135,0.3226351632653061,12,49,2021-06-23 16:23:55,52.50368,13.339978333333333,24.0,10.186,220.2,0.0621,0.03,18.3,18.3,12.23,0.68,1019.3,2.79,0.95,3.0,16.093,3.42334,Kurfürstenstraße,1.1831666337218962,4113.307294554353,pc4,Park,2021-06-23 16:23:55,52.50386,13.33988,37.9,12.778800000000002,213.4,0.0621,0.03,18.3,18.3,12.23,0.68,1019.3,2.79,0.95,3.0,16.093,8.60594,Tauentzienstraße,6.826904160905611,4103.291225912833,pc2,Park,False,False,21.07799503153304,50,10,0.02
1624458236.4870038,2021-06-23T14:23:56.487003Z,52.50383833333333,13.339843333333333,2,4,S2,1624458236.4870038,18.843463265306124,-70.07385102040816,-42.31550204081633,0.0007375058367346,41.0,160.44897959183675,1.0,0.0741325979591836,12,49,2021-06-23 16:23:56,52.50383833333333,13.339843333333333,37.9,12.038,213.3,0.0621,0.03,18.3,18.3,12.23,0.68,1019.3,2.79,0.95,3.0,16.093,8.60594,Tauentzienstraße,7.235355716369173,4105.753596054648,pc2,Park,2021-06-23 16:23:56,52.50365833333333,13.339948333333334,23.6,10.186,220.3,0.0621,0.03,18.3,18.3,12.23,0.68,1019.3,2.79,0.95,3.0,16.093,3.42334,Kurfürstenstraße,0.7868102906021162,4115.876424992554,pc4,Park,False,False,21.22465748675957,50,10,0.02
1624458236.5001953,2021-06-23T14:23:56.500195Z,52.50365833333333,13.339948333333334,4,2,S2,1624458236.5001953,18.188375,-65.93671041666666,-38.16982708333334,0.0022721994375,44.0,161.66666666666666,2.0,0.1814834979166666,12,48,2021-06-23 16:23:56,52.50365833333333,13.339948333333334,23.6,10.186,220.3,0.0621,0.03,18.3,18.3,12.23,0.68,1019.3,2.79,0.95,3.0,16.093,3.42334,Kurfürstenstraße,0.7868102906021162,4115.876424992554,pc4,Park,2021-06-23 16:23:56,52.50383833333333,13.339843333333333,37.9,12.038,213.3,0.0621,0.03,18.3,18.3,12.23,0.68,1019.3,2.79,0.95,3.0,16.093,8.60594,Tauentzienstraße,7.235355716369173,4105.753596054648,pc2,Park,False,False,21.22465748675957,50,10,0.04
1624458237.4958334,2021-06-23T14:23:57.495833Z,52.50382,13.339805,2,4,S2,1624458237.4958334,18.4594362,-69.56537,-41.797728,0.0012449454399999,41.0,261.26,1.68,0.071976662,12,50,2021-06-23 16:23:57,52.50382,13.339805,38.0,11.6676,213.7,0.0621,0.03,18.3,18.3,12.23,0.68,1019.3,2.79,0.95,3.0,16.093,8.60594,Tauentzienstraße,7.964732257967092,4110.740280451234,pc2,Park,2021-06-23 16:23:57,52.503638333333335,13.339911666666668,23.4,12.4084,219.3,0.0621,0.03,18.3,18.3,12.23,0.68,1019.3,2.79,0.95,3.0,16.093,2.05809,Kurfürstenstraße,0.0887283434873478,4120.906129189088,pc4,Park,False,False,21.436948955497325,50,10,0.0
1624458237.4975443,2021-06-23T14:23:57.497544Z,52.503638333333335,13.339911666666668,4,2,S2,1624458237.4975443,17.905217,-65.99391800000001,-38.205624,0.00275749988,44.0,261.4,2.04,0.168107656,12,50,2021-06-23 16:23:57,52.503638333333335,13.339911666666668,23.4,12.4084,219.3,0.0621,0.03,18.3,18.3,12.23,0.68,1019.3,2.79,0.95,3.0,16.093,2.05809,Kurfürstenstraße,0.0887283434873478,4120.906129189088,pc4,Park,2021-06-23 16:23:57,52.50382,13.339805,38.0,11.6676,213.7,0.0621,0.03,18.3,18.3,12.23,0.68,1019.3,2.79,0.95,3.0,16.093,8.60594,Tauentzienstraße,7.964732257967092,4110.740280451234,pc2,Park,False,False,21.436948955497325,50,10,0.0
1624458238.5029032,2021-06-23T14:23:58.502903Z,52.50361333333333,13.339873333333331,4,2,S2,1624458238.5029032,20.290142857142857,-66.32968571428572,-38.47388775510204,0.0012970736938775,44.0,361.9387755102041,2.0,0.1787115612244897,12,49,2021-06-23 16:23:58,52.50361333333333,13.339873333333331,23.3,14.6308,218.2,0.0621,0.03,18.3,18.3,12.23,0.68,1019.3,2.79,0.95,3.0,16.093,2.05809,Kurfürstenstraße,0.7572162702003418,4125.8803759981465,pc4,Park,2021-06-23 16:23:58,52.503798333333336,13.339773333333332,37.9,11.2972,214.0,0.0621,0.03,18.3,18.3,12.23,0.68,1019.3,2.79,0.95,3.0,16.093,8.60594,Tauentzienstraße,8.2752627452663,4113.307294554353,pc2,Park,False,False,21.64085968544732,50,10,0.02
1624458238.5137806,2021-06-23T14:23:58.513780Z,52.503798333333336,13.339773333333332,2,4,S2,1624458238.5137806,14.310524166666667,-69.39045833333333,-41.576,0.0035646344375,41.0,362.6875,5.375,0.0897375979166666,12,48,2021-06-23 16:23:58,52.503798333333336,13.339773333333332,37.9,11.2972,214.0,0.0621,0.03,18.3,18.3,12.23,0.68,1019.3,2.79,0.95,3.0,16.093,8.60594,Tauentzienstraße,8.2752627452663,4113.307294554353,pc2,Park,2021-06-23 16:23:58,52.50361333333333,13.339873333333331,23.3,14.6308,218.2,0.0621,0.03,18.3,18.3,12.23,0.68,1019.3,2.79,0.95,3.0,16.093,2.05809,Kurfürstenstraße,0.7572162702003418,4125.8803759981465,pc4,Park,False,False,21.64085968544732,50,10,0.04
1624458239.4080906,2021-06-23T14:23:59.408090Z,52.50377833333334,13.339743333333333,2,4,S2,1624458239.4080906,15.774431578947368,-68.67565263157896,-40.84158157894737,0.0039481718421052,41.0,452.0,6.552631578947368,0.1112166368421052,12,38,2021-06-23 16:23:59,52.50377833333334,13.339743333333333,37.9,10.926800000000002,213.9,0.0621,0.03,18.3,18.3,12.23,0.68,1019.3,2.79,0.95,3.0,16.093,8.60594,Tauentzienstraße,8.671841036304054,4115.876424992554,pc2,Park,2021-06-23 16:23:59,52.503585,13.339838333333333,23.1,14.4456,217.3,0.0621,0.03,18.3,18.3,12.23,0.68,1019.3,2.79,0.95,3.0,16.093,2.05809,Kurfürstenstraße,1.0352635591509285,4128.2233444015865,pc4,Park,False,False,22.422966018105644,50,10,0.24
1624458239.5052707,2021-06-23T14:23:59.505270Z,52.503585,13.339838333333333,4,2,S2,1624458239.5052707,21.008452,-65.382314,-37.549236,0.00139420748,44.0,462.0,3.76,0.230996954,12,50,2021-06-23 16:23:59,52.503585,13.339838333333333,23.1,14.4456,217.3,0.0621,0.03,18.3,18.3,12.23,0.68,1019.3,2.79,0.95,3.0,16.093,2.05809,Kurfürstenstraße,1.0352635591509285,4128.2233444015865,pc4,Park,2021-06-23 16:23:59,52.50377833333334,13.339743333333333,37.9,10.926800000000002,213.9,0.0621,0.03,18.3,18.3,12.23,0.68,1019.3,2.79,0.95,3.0,16.093,8.60594,Tauentzienstraße,8.671841036304054,4115.876424992554,pc2,Park,False,False,22.422966018105644,50,10,0.0
1624458240.3461506,2021-06-23T14:24:00.346150Z,52.50376166666667,13.33971,2,4,S2,1624458240.3461506,11.712285416666669,-65.60463333333333,-37.82836666666667,0.01247286125,41.0,545.6666666666666,7.958333333333333,0.17891975,12,24,2021-06-23 16:24:00,52.50376166666667,13.33971,37.9,11.2972,213.4,0.0621,0.03,18.3,18.3,12.23,0.68,1019.3,2.79,0.95,3.0,16.093,8.60594,Tauentzienstraße,9.464999333986984,4118.401033475139,pc2,Park,2021-06-23 16:24:00,52.50355666666667,13.3398,22.9,14.4456,216.0,0.0621,0.03,18.3,18.3,12.23,0.68,1019.3,2.79,0.95,3.0,16.093,2.05809,Kurfürstenstraße,1.4926466961570064,4131.931715200477,pc4,Park,False,False,23.578193497934056,50,10,0.52
1624458240.507494,2021-06-23T14:24:00.507493Z,52.50355666666667,13.3398,4,2,S2,1624458240.507494,21.597232,-64.507956,-36.69419,0.00145585194,44.0,562.0,6.0,0.276742774,12,50,2021-06-23 16:24:00,52.50355666666667,13.3398,22.9,14.4456,216.0,0.0621,0.03,18.3,18.3,12.23,0.68,1019.3,2.79,0.95,3.0,16.093,2.05809,Kurfürstenstraße,1.4926466961570064,4131.931715200477,pc4,Park,2021-06-23 16:24:00,52.50376166666667,13.33971,37.9,11.2972,213.4,0.0621,0.03,18.3,18.3,12.23,0.68,1019.3,2.79,0.95,3.0,16.093,8.60594,Tauentzienstraße,9.464999333986984,4118.401033475139,pc2,Park,False,False,23.578193497934056,50,10,0.0
1624458241.4979565,2021-06-23T14:24:01.497956Z,52.50352333333333,13.339776666666667,4,2,S2,1624458241.4979565,20.97231632653061,-65.1912,-37.37532040816326,0.0015209489795918,44.0,661.0612244897959,5.857142857142857,0.2659942714285714,12,49,2021-06-23 16:24:01,52.50352333333333,13.339776666666667,22.7,14.0752,198.9,0.0621,0.03,18.3,18.3,12.23,0.68,1019.3,2.79,0.95,3.0,16.093,2.05809,Kurfürstenstraße,0.7785407291129286,4133.324373183041,pc4,Park,2021-06-23 16:24:01,52.50374,13.339676666666668,37.9,12.5936,213.3,0.0621,0.03,18.3,18.3,12.23,0.68,1019.3,2.79,0.95,3.0,16.093,8.61776,Tauentzienstraße,9.940897105892276,4120.906129189088,pc2,Park,False,False,25.007307154539696,50,10,0.02
1624458241.5168571,2021-06-23T14:24:01.516857Z,52.50374,13.339676666666668,2,4,S2,1624458241.5168571,14.671865666666664,-66.88296333333334,-39.09768333333333,0.0064774777666666,41.0,662.8,7.333333333333333,0.1571951899999999,12,30,2021-06-23 16:24:01,52.50374,13.339676666666668,37.9,12.5936,213.3,0.0621,0.03,18.3,18.3,12.23,0.68,1019.3,2.79,0.95,3.0,16.093,8.61776,Tauentzienstraße,9.940897105892276,4120.906129189088,pc2,Park,2021-06-23 16:24:01,52.50352333333333,13.339776666666667,22.7,14.0752,198.9,0.0621,0.03,18.3,18.3,12.23,0.68,1019.3,2.79,0.95,3.0,16.093,2.05809,Kurfürstenstraße,0.7785407291129286,4133.324373183041,pc4,Park,False,False,25.007307154539696,50,10,0.4
1624458245.5063725,2021-06-23T14:24:05.506372Z,52.50344666666667,13.339603333333333,4,2,S2,1624458245.5063725,19.94700204081633,-64.33236530612244,-36.58438979591837,0.0023331745306122,44.0,163.6530612244898,2.224489795918368,0.2911727163265306,12,49,2021-06-23 16:24:05,52.50344666666667,13.339603333333333,22.3,10.7416,203.1,0.0621,0.03,18.3,18.3,12.23,0.68,1019.3,2.79,0.95,3.0,16.093,2.05809,Kurfürstenstraße,5.901148450337223,4154.698420112702,pc4,Park,2021-06-23 16:24:05,52.503663333333336,13.339528333333334,37.8,11.4824,231.1,0.0621,0.03,18.3,18.3,12.23,0.68,1019.3,2.79,0.95,3.0,16.093,8.61776,Tauentzienstraße,13.487311387817838,4138.355484374692,pc2,Park,False,False,24.60358776228643,50,10,0.02
1624458245.5118518,2021-06-23T14:24:05.511851Z,52.503663333333336,13.339528333333334,2,4,S2,1624458245.5118518,17.6513214,-67.855512,-40.097578,0.0021179751199999,41.0,140.98,4.5,0.126328264,12,50,2021-06-23 16:24:05,52.503663333333336,13.339528333333334,37.8,11.4824,231.1,0.0621,0.03,18.3,18.3,12.23,0.68,1019.3,2.79,0.95,3.0,16.093,8.61776,Tauentzienstraße,13.487311387817838,4138.355484374692,pc2,Park,2021-06-23 16:24:05,52.50344666666667,13.339603333333333,22.3,10.7416,203.1,0.0621,0.03,18.3,18.3,12.23,0.68,1019.3,2.79,0.95,3.0,16.093,2.05809,Kurfürstenstraße,5.901148450337223,4154.698420112702,pc4,Park,False,False,24.60358776228643,50,10,0.0
1624458246.4983814,2021-06-23T14:24:06.498381Z,52.50345,13.339543333333332,4,2,S2,1624458246.4983814,19.733896,-64.920714,-37.147026,0.00210588608,44.0,137.54,1.46,0.234651558,12,50,2021-06-23 16:24:06,52.50345,13.339543333333332,22.4,7.2228,213.6,0.0621,0.03,18.3,18.3,12.23,0.68,1019.3,2.79,0.95,3.0,16.093,2.05809,Kurfürstenstraße,9.496415124732026,4154.698420112702,pc4,Park,2021-06-23 16:24:06,52.50364666666667,13.339491666666667,37.8,11.112,230.5,0.0621,0.03,18.3,18.3,12.23,0.68,1019.3,2.79,0.95,3.0,16.093,8.61776,Tauentzienstraße,14.579590733329107,4139.650284820415,pc2,Park,False,False,22.130115092102045,50,10,0.0
1624458246.5075338,2021-06-23T14:24:06.507533Z,52.50364666666667,13.339491666666667,2,4,S2,1624458246.5075338,19.525018,-68.988852,-41.194084,0.0008048719599999,41.0,138.0,6.0,0.089361622,12,50,2021-06-23 16:24:06,52.50364666666667,13.339491666666667,37.8,11.112,230.5,0.0621,0.03,18.3,18.3,12.23,0.68,1019.3,2.79,0.95,3.0,16.093,8.61776,Tauentzienstraße,14.579590733329107,4139.650284820415,pc2,Park,2021-06-23 16:24:06,52.50345,13.339543333333332,22.4,7.2228,213.6,0.0621,0.03,18.3,18.3,12.23,0.68,1019.3,2.79,0.95,3.0,16.093,2.05809,Kurfürstenstraße,9.496415124732026,4154.698420112702,pc4,Park,False,False,22.130115092102045,50,10,0.0
1624458247.4955685,2021-06-23T14:24:07.495568Z,52.503445,13.339513333333333,4,2,S2,1624458247.4955685,18.42741244897959,-64.42397959183674,-36.62075102040816,0.0067473823877551,44.0,237.0,4.040816326530612,0.300894587755102,12,49,2021-06-23 16:24:07,52.503445,13.339513333333333,22.5,5.3708,213.6,0.0621,0.03,18.3,18.3,12.23,0.68,1019.3,2.79,0.95,3.0,16.093,2.05809,Kurfürstenstraße,10.88741266424676,4154.698420112702,pc4,Park,2021-06-23 16:24:07,52.50362833333333,13.339466666666668,37.6,8.5192,227.9,0.0621,0.03,18.3,18.3,12.23,0.68,1019.3,2.79,0.95,3.0,16.093,8.61776,Tauentzienstraße,14.90727333555484,4141.92171297946,pc2,Park,False,False,20.614001622663512,50,10,0.02
1624458247.5075226,2021-06-23T14:24:07.507522Z,52.50362833333333,13.339466666666668,2,4,S2,1624458247.5075226,18.370678,-67.938406,-40.131260000000005,0.00143300016,41.0,238.0,6.0,0.1269219879999999,12,50,2021-06-23 16:24:07,52.50362833333333,13.339466666666668,37.6,8.5192,227.9,0.0621,0.03,18.3,18.3,12.23,0.68,1019.3,2.79,0.95,3.0,16.093,8.61776,Tauentzienstraße,14.90727333555484,4141.92171297946,pc2,Park,2021-06-23 16:24:07,52.503445,13.339513333333333,22.5,5.3708,213.6,0.0621,0.03,18.3,18.3,12.23,0.68,1019.3,2.79,0.95,3.0,16.093,2.05809,Kurfürstenstraße,10.88741266424676,4154.698420112702,pc4,Park,False,False,20.614001622663512,50,10,0.0
1624458248.498354,2021-06-23T14:24:08.498353Z,52.50344,13.339491666666667,4,2,S2,1624458248.498354,19.114689803921568,-62.32955098039216,-34.58690392156863,0.0189857293921568,44.0,337.27450980392155,4.098039215686274,0.4511120039215686,12,51,2021-06-23 16:24:08,52.50344,13.339491666666667,22.6,3.8892,213.6,0.0621,0.03,18.3,18.3,12.23,0.68,1019.3,2.79,0.95,3.0,16.093,3.14159,Joachimstaler Straße,26.27813412374957,4164.582540981132,pc4,Park,2021-06-23 16:24:08,52.50361333333333,13.339448333333332,37.6,8.148800000000001,225.5,0.0621,0.03,18.3,18.3,12.23,0.68,1019.3,2.79,0.95,3.0,16.093,8.61776,Tauentzienstraße,15.054493026045376,4144.85816556853,pc2,Park,False,False,19.48150316508836,50,10,-0.02
1624458248.5143158,2021-06-23T14:24:08.514315Z,52.50361333333333,13.339448333333332,2,4,S2,1624458248.5143158,19.893044,-66.640278,-38.866942,0.00138064718,41.0,338.68,6.0,0.176280574,12,50,2021-06-23 16:24:08,52.50361333333333,13.339448333333332,37.6,8.148800000000001,225.5,0.0621,0.03,18.3,18.3,12.23,0.68,1019.3,2.79,0.95,3.0,16.093,8.61776,Tauentzienstraße,15.054493026045376,4144.85816556853,pc2,Park,2021-06-23 16:24:08,52.50344,13.339491666666667,22.6,3.8892,213.6,0.0621,0.03,18.3,18.3,12.23,0.68,1019.3,2.79,0.95,3.0,16.093,3.14159,Joachimstaler Straße,26.27813412374957,4164.582540981132,pc4,Park,False,False,19.48150316508836,50,10,0.0
1624458249.501702,2021-06-23T14:24:09.501702Z,52.503436666666666,13.33948,4,2,S2,1624458249.501702,17.95575693877551,-62.13206326530612,-34.3345,0.007664423755102,44.0,437.9795918367347,0.3673469387755102,0.5800207204081633,12,49,2021-06-23 16:24:09,52.503436666666666,13.33948,22.6,0.0,213.6,0.0621,0.03,18.3,18.3,12.23,0.68,1019.3,2.79,0.95,3.0,16.093,3.14159,Joachimstaler Straße,25.5412001723468,4164.582540981132,pc4,Park,2021-06-23 16:24:09,52.50360166666667,13.33943,37.9,5.3708,225.5,0.0621,0.03,18.3,18.3,12.23,0.68,1019.3,2.79,0.95,3.0,16.093,8.61776,Tauentzienstraße,15.401174204508012,4146.387476022018,pc2,Park,False,False,18.643214003205333,50,10,0.02
1624458249.5055995,2021-06-23T14:24:09.505599Z,52.50360166666667,13.33943,2,4,S2,1624458249.5055995,20.260236,-66.24671000000001,-38.472444,0.00156824458,41.0,438.0,4.08,0.248046748,12,50,2021-06-23 16:24:09,52.50360166666667,13.33943,37.9,5.3708,225.5,0.0621,0.03,18.3,18.3,12.23,0.68,1019.3,2.79,0.95,3.0,16.093,8.61776,Tauentzienstraße,15.401174204508012,4146.387476022018,pc2,Park,2021-06-23 16:24:09,52.503436666666666,13.33948,22.6,0.0,213.6,0.0621,0.03,18.3,18.3,12.23,0.68,1019.3,2.79,0.95,3.0,16.093,3.14159,Joachimstaler Straße,25.5412001723468,4164.582540981132,pc4,Park,False,False,18.643214003205333,50,10,0.0
1624458250.4916008,2021-06-23T14:24:10.491600Z,52.503438333333335,13.339475,4,2,S2,1624458250.4916008,18.291052,-58.75397,-30.968124000000003,0.015863745,44.0,537.0,0.06,1.006681258,12,50,2021-06-23 16:24:10,52.503438333333335,13.339475,22.9,0.0,213.6,0.0621,0.03,18.3,18.3,12.23,0.68,1019.3,2.79,0.95,3.0,16.093,3.14159,Joachimstaler Straße,25.51518948132904,4164.582540981132,pc4,Park,2021-06-23 16:24:10,52.503593333333335,13.339418333333333,37.9,3.3336,225.5,0.0621,0.03,18.3,18.3,12.23,0.68,1019.3,2.79,0.95,3.0,16.093,8.61776,Tauentzienstraße,15.567391456038717,4147.919516661284,pc2,Park,False,False,17.644198465342637,50,10,0.0
1624458250.5055325,2021-06-23T14:24:10.505532Z,52.503593333333335,13.339418333333333,2,4,S2,1624458250.5055325,22.052148000000003,-62.301382,-34.536008,0.0024031585,41.0,538.0,4.0,0.445632496,12,50,2021-06-23 16:24:10,52.503593333333335,13.339418333333333,37.9,3.3336,225.5,0.0621,0.03,18.3,18.3,12.23,0.68,1019.3,2.79,0.95,3.0,16.093,8.61776,Tauentzienstraße,15.567391456038717,4147.919516661284,pc2,Park,2021-06-23 16:24:10,52.503438333333335,13.339475,22.9,0.0,213.6,0.0621,0.03,18.3,18.3,12.23,0.68,1019.3,2.79,0.95,3.0,16.093,3.14159,Joachimstaler Straße,25.51518948132904,4164.582540981132,pc4,Park,False,False,17.644198465342637,50,10,0.0
1624458251.4735422,2021-06-23T14:24:11.473542Z,52.503445,13.339468333333333,4,2,S2,1624458251.4735422,16.81972659574468,-59.86220638297873,-32.06961914893617,0.0264233634042553,44.0,635.1276595744681,0.7446808510638298,0.6905831489361702,12,47,2021-06-23 16:24:11,52.503445,13.339468333333333,22.9,0.0,213.6,0.0621,0.03,18.3,18.3,12.23,0.68,1019.3,2.79,0.95,3.0,16.093,3.14159,Joachimstaler Straße,25.896657702657105,4164.582540981132,pc4,Park,2021-06-23 16:24:11,52.50358833333333,13.339405,38.0,4.815200000000001,224.5,0.0621,0.03,18.3,18.3,12.23,0.68,1019.3,2.79,0.95,3.0,16.093,8.61776,Tauentzienstraße,16.028050983588464,4147.919516661284,pc2,Park,False,False,16.49267588995676,50,10,0.06
1624458251.5055196,2021-06-23T14:24:11.505519Z,52.50358833333333,13.339405,2,4,S2,1624458251.5055196,18.7289634,-64.062112,-36.260096,0.00461673538,41.0,638.0,4.0,0.25635146,12,50,2021-06-23 16:24:11,52.50358833333333,13.339405,38.0,4.815200000000001,224.5,0.0621,0.03,18.3,18.3,12.23,0.68,1019.3,2.79,0.95,3.0,16.093,8.61776,Tauentzienstraße,16.028050983588464,4147.919516661284,pc2,Park,2021-06-23 16:24:11,52.503445,13.339468333333333,22.9,0.0,213.6,0.0621,0.03,18.3,18.3,12.23,0.68,1019.3,2.79,0.95,3.0,16.093,3.14159,Joachimstaler Straße,25.896657702657105,4164.582540981132,pc4,Park,False,False,16.49267588995676,50,10,0.0
1624458252.5016992,2021-06-23T14:24:12.501699Z,52.50344833333333,13.33946,4,2,S2,1624458252.5016992,21.70307,-64.793628,-37.005952,0.0012937466,44.0,737.6,4.2,0.2043253599999999,12,50,2021-06-23 16:24:12,52.50344833333333,13.33946,22.9,0.0,213.6,0.0621,0.03,18.3,18.3,12.23,0.68,1019.3,2.79,0.95,3.0,16.093,3.14159,Joachimstaler Straße,25.905325268968976,4164.582540981132,pc4,Park,2021-06-23 16:24:12,52.503585,13.339398333333332,38.1,0.0,224.5,0.0621,0.03,18.3,18.3,12.23,0.68,1019.3,2.79,0.95,3.0,16.093,8.61776,Tauentzienstraße,16.20851568021598,4149.433162979136,pc2,Park,False,False,15.748279718551782,50,10,0.0
1624458252.5055337,2021-06-23T14:24:12.505533Z,52.503585,13.339398333333332,2,4,S2,1624458252.5055337,18.230406,-68.569656,-40.737346,0.00121185002,41.0,738.0,4.0,0.085694344,12,50,2021-06-23 16:24:12,52.503585,13.339398333333332,38.1,0.0,224.5,0.0621,0.03,18.3,18.3,12.23,0.68,1019.3,2.79,0.95,3.0,16.093,8.61776,Tauentzienstraße,16.20851568021598,4149.433162979136,pc2,Park,2021-06-23 16:24:12,52.50344833333333,13.33946,22.9,0.0,213.6,0.0621,0.03,18.3,18.3,12.23,0.68,1019.3,2.79,0.95,3.0,16.093,3.14159,Joachimstaler Straße,25.905325268968976,4164.582540981132,pc4,Park,False,False,15.748279718551782,50,10,0.0
1624458253.497358,2021-06-23T14:24:13.497358Z,52.50345,13.33946,4,2,S2,1624458253.497358,21.865979591836734,-64.39531224489797,-36.60479387755102,0.0013719125714285,44.0,836.9795918367347,6.061224489795919,0.2161395510204081,12,49,2021-06-23 16:24:13,52.50345,13.33946,22.8,0.0,213.6,0.0621,0.03,18.3,18.3,12.23,0.68,1019.3,2.79,0.95,3.0,16.093,3.14159,Joachimstaler Straße,26.06138119231917,4162.50472907219,pc4,Park,2021-06-23 16:24:13,52.50358333333333,13.339398333333332,37.8,0.0,224.5,0.0621,0.03,18.3,18.3,12.23,0.68,1019.3,2.79,0.95,3.0,16.093,8.61776,Tauentzienstraße,16.10878535806534,4149.433162979136,pc2,Park,False,False,15.39144751089617,50,10,0.02
1624458253.514312,2021-06-23T14:24:13.514312Z,52.50358333333333,13.339398333333332,2,4,S2,1624458253.514312,20.278408163265304,-67.66730612244898,-39.828040816326535,0.0008870404285714,41.0,838.8775510204082,4.0,0.1022074897959183,12,49,2021-06-23 16:24:13,52.50358333333333,13.339398333333332,37.8,0.0,224.5,0.0621,0.03,18.3,18.3,12.23,0.68,1019.3,2.79,0.95,3.0,16.093,8.61776,Tauentzienstraße,16.10878535806534,4149.433162979136,pc2,Park,2021-06-23 16:24:13,52.50345,13.33946,22.8,0.0,213.6,0.0621,0.03,18.3,18.3,12.23,0.68,1019.3,2.79,0.95,3.0,16.093,3.14159,Joachimstaler Straße,26.06138119231917,4162.50472907219,pc4,Park,False,False,15.39144751089617,50,10,0.02
1624458254.4944887,2021-06-23T14:24:14.494488Z,52.50345166666666,13.339458333333331,4,2,S2,1624458254.4944887,21.285732,-64.946264,-37.136104,0.0014321572399999,44.0,937.0,3.0,0.198638634,12,50,2021-06-23 16:24:14,52.50345166666666,13.339458333333331,22.7,0.0,213.6,0.0621,0.03,18.3,18.3,12.23,0.68,1019.3,2.79,0.95,3.0,16.093,3.14159,Joachimstaler Straße,26.15674826548813,4162.50472907219,pc4,Park,2021-06-23 16:24:14,52.50358333333333,13.339396666666667,37.6,0.0,224.5,0.0621,0.03,18.3,18.3,12.23,0.68,1019.3,2.79,0.95,3.0,16.093,8.61776,Tauentzienstraße,16.203766705809507,4149.433162979136,pc2,Park,False,False,15.213273963049655,50,10,0.0
1624458254.5055475,2021-06-23T14:24:14.505547Z,52.50358333333333,13.339396666666667,2,4,S2,1624458254.5055475,19.84845,-68.388258,-40.549264,0.00083929616,41.0,938.0,4.0,0.0910793,12,50,2021-06-23 16:24:14,52.50358333333333,13.339396666666667,37.6,0.0,224.5,0.0621,0.03,18.3,18.3,12.23,0.68,1019.3,2.79,0.95,3.0,16.093,8.61776,Tauentzienstraße,16.203766705809507,4149.433162979136,pc2,Park,2021-06-23 16:24:14,52.50345166666666,13.339458333333331,22.7,0.0,213.6,0.0621,0.03,18.3,18.3,12.23,0.68,1019.3,2.79,0.95,3.0,16.093,3.14159,Joachimstaler Straße,26.15674826548813,4162.50472907219,pc4,Park,False,False,15.213273963049655,50,10,0.0
1624458255.4944892,2021-06-23T14:24:15.494489Z,52.50345166666666,13.339458333333331,4,2,S2,1624458255.4944892,21.432618,-64.932202,-37.118814,0.00137356654,44.0,381.64,3.0,0.208337146,12,50,2021-06-23 16:24:15,52.50345166666666,13.339458333333331,22.7,0.0,213.6,0.0621,0.03,18.3,18.3,12.23,0.68,1019.3,2.79,0.95,3.0,16.093,3.14159,Joachimstaler Straße,26.15674826548813,4162.50472907219,pc4,Park,2021-06-23 16:24:15,52.50358333333333,13.339395,37.4,0.0,224.5,0.0621,0.03,18.3,18.3,12.23,0.68,1019.3,2.79,0.95,3.0,16.093,8.61776,Tauentzienstraße,16.298748055644314,4149.433162979136,pc2,Park,False,False,15.244583309016624,50,10,0.0
1624458255.5055532,2021-06-23T14:24:15.505553Z,52.50358333333333,13.339395,2,4,S2,1624458255.5055532,19.777292,-68.17607600000001,-40.339516,0.0008976745,41.0,382.64,4.0,0.098048734,12,50,2021-06-23 16:24:15,52.50358333333333,13.339395,37.4,0.0,224.5,0.0621,0.03,18.3,18.3,12.23,0.68,1019.3,2.79,0.95,3.0,16.093,8.61776,Tauentzienstraße,16.298748055644314,4149.433162979136,pc2,Park,2021-06-23 16:24:15,52.50345166666666,13.339458333333331,22.7,0.0,213.6,0.0621,0.03,18.3,18.3,12.23,0.68,1019.3,2.79,0.95,3.0,16.093,3.14159,Joachimstaler Straße,26.15674826548813,4162.50472907219,pc4,Park,False,False,15.244583309016624,50,10,0.0
1624458256.4945774,2021-06-23T14:24:16.494577Z,52.50345166666666,13.339458333333331,4,2,S2,1624458256.4945774,22.261868,-62.199506,-34.361002,0.00280891856,44.0,113.0,3.06,0.38954374,12,50,2021-06-23 16:24:16,52.50345166666666,13.339458333333331,22.7,0.0,213.6,0.0621,0.03,18.3,18.3,12.23,0.68,1019.3,2.79,0.95,3.0,16.093,3.14159,Joachimstaler Straße,26.15674826548813,4162.50472907219,pc4,Park,2021-06-23 16:24:16,52.503585,13.339391666666666,37.5,0.0,224.5,0.0621,0.03,18.3,18.3,12.23,0.68,1019.3,2.79,0.95,3.0,16.093,8.61776,Tauentzienstraße,16.588441073104747,4149.433162979136,pc2,Park,False,False,15.486567165501835,50,10,0.0
1624458256.4962888,2021-06-23T14:24:16.496288Z,52.503585,13.339391666666666,2,4,S2,1624458256.4962888,21.05687142857143,-65.85287551020409,-38.0115,0.0011713294489795,41.0,113.10204081632654,3.693877551020408,0.1672011612244898,12,49,2021-06-23 16:24:16,52.503585,13.339391666666666,37.5,0.0,224.5,0.0621,0.03,18.3,18.3,12.23,0.68,1019.3,2.79,0.95,3.0,16.093,8.61776,Tauentzienstraße,16.588441073104747,4149.433162979136,pc2,Park,2021-06-23 16:24:16,52.50345166666666,13.339458333333331,22.7,0.0,213.6,0.0621,0.03,18.3,18.3,12.23,0.68,1019.3,2.79,0.95,3.0,16.093,3.14159,Joachimstaler Straße,26.15674826548813,4162.50472907219,pc4,Park,False,False,15.486567165501835,50,10,0.02
1624458257.4926157,2021-06-23T14:24:17.492615Z,52.50358833333333,13.339386666666666,2,4,S2,1624458257.4926157,20.491194,-67.292702,-39.465272,0.00093371196,41.0,213.0,1.0,0.117519542,12,50,2021-06-23 16:24:17,52.50358833333333,13.339386666666666,37.5,0.0,224.5,0.0621,0.03,18.3,18.3,12.23,0.68,1019.3,2.79,0.95,3.0,16.093,8.61776,Tauentzienstraße,17.072845746691787,4149.433162979136,pc2,Park,2021-06-23 16:24:17,52.50345166666666,13.339458333333331,22.7,0.0,213.6,0.0621,0.03,18.3,18.3,12.23,0.68,1019.3,2.79,0.95,3.0,16.093,3.14159,Joachimstaler Straße,26.15674826548813,4162.50472907219,pc4,Park,False,False,15.940870184512764,50,10,0.0
1624458257.494563,2021-06-23T14:24:17.494563Z,52.50345166666666,13.339458333333331,4,2,S2,1624458257.494563,12.3831994,-63.227142,-35.4223,0.0158891766,44.0,213.0,3.06,0.2939765,12,50,2021-06-23 16:24:17,52.50345166666666,13.339458333333331,22.7,0.0,213.6,0.0621,0.03,18.3,18.3,12.23,0.68,1019.3,2.79,0.95,3.0,16.093,3.14159,Joachimstaler Straße,26.15674826548813,4162.50472907219,pc4,Park,2021-06-23 16:24:17,52.50358833333333,13.339386666666666,37.5,0.0,224.5,0.0621,0.03,18.3,18.3,12.23,0.68,1019.3,2.79,0.95,3.0,16.093,8.61776,Tauentzienstraße,17.072845746691787,4149.433162979136,pc2,Park,False,False,15.940870184512764,50,10,0.0
1624458258.492531,2021-06-23T14:24:18.492531Z,52.50358833333333,13.339386666666666,2,4,S2,1624458258.492531,20.042112,-67.88578,-39.967632,0.0009275723,41.0,313.0,1.0,0.112041242,12,50,2021-06-23 16:24:18,52.50358833333333,13.339386666666666,37.5,0.0,224.5,0.0621,0.03,18.3,18.3,12.23,0.68,1019.3,2.79,0.95,3.0,16.093,8.61776,Tauentzienstraße,17.072845746691787,4149.433162979136,pc2,Park,2021-06-23 16:24:18,52.50345166666666,13.339458333333331,22.7,0.0,213.6,0.0621,0.03,18.3,18.3,12.23,0.68,1019.3,2.79,0.95,3.0,16.093,3.14159,Joachimstaler Straße,26.15674826548813,4162.50472907219,pc4,Park,False,False,15.940870184512764,50,10,0.0
1624458258.4952688,2021-06-23T14:24:18.495268Z,52.50345166666666,13.339458333333331,4,2,S2,1624458258.4952688,15.237228,-64.007124,-36.115512,0.0094080726599999,44.0,313.0,3.78,0.266924668,12,50,2021-06-23 16:24:18,52.50345166666666,13.339458333333331,22.7,0.0,213.6,0.0621,0.03,18.3,18.3,12.23,0.68,1019.3,2.79,0.95,3.0,16.093,3.14159,Joachimstaler Straße,26.15674826548813,4162.50472907219,pc4,Park,2021-06-23 16:24:18,52.50358833333333,13.339386666666666,37.5,0.0,224.5,0.0621,0.03,18.3,18.3,12.23,0.68,1019.3,2.79,0.95,3.0,16.093,8.61776,Tauentzienstraße,17.072845746691787,4149.433162979136,pc2,Park,False,False,15.940870184512764,50,10,0.0
1624458259.4923246,2021-06-23T14:24:19.492324Z,52.50358833333333,13.339386666666666,2,4,S2,1624458259.4923246,20.501938775510204,-67.56588367346939,-39.7694,0.0008624478163265,41.0,412.9795918367347,1.0,0.1066213999999999,12,49,2021-06-23 16:24:19,52.50358833333333,13.339386666666666,37.5,0.0,224.5,0.0621,0.03,18.3,18.3,12.23,0.68,1019.3,2.79,0.95,3.0,16.093,8.61776,Tauentzienstraße,17.072845746691787,4149.433162979136,pc2,Park,2021-06-23 16:24:19,52.50345166666666,13.339458333333331,22.7,0.0,213.6,0.0621,0.03,18.3,18.3,12.23,0.68,1019.3,2.79,0.95,3.0,16.093,3.14159,Joachimstaler Straße,26.15674826548813,4162.50472907219,pc4,Park,False,False,15.940870184512764,50,10,0.02
1624458259.494557,2021-06-23T14:24:19.494556Z,52.50345166666666,13.339458333333331,4,2,S2,1624458259.494557,13.215323,-63.008156,-35.204626,0.0143566295999999,44.0,413.0,3.06,0.30645868,12,50,2021-06-23 16:24:19,52.50345166666666,13.339458333333331,22.7,0.0,213.6,0.0621,0.03,18.3,18.3,12.23,0.68,1019.3,2.79,0.95,3.0,16.093,3.14159,Joachimstaler Straße,26.15674826548813,4162.50472907219,pc4,Park,2021-06-23 16:24:19,52.50358833333333,13.339386666666666,37.5,0.0,224.5,0.0621,0.03,18.3,18.3,12.23,0.68,1019.3,2.79,0.95,3.0,16.093,8.61776,Tauentzienstraße,17.072845746691787,4149.433162979136,pc2,Park,False,False,15.940870184512764,50,10,0.0
1624458260.4977212,2021-06-23T14:24:20.497721Z,52.50358833333333,13.339386666666666,2,4,S2,1624458260.4977212,17.9942296,-66.127758,-38.35438,0.00392692678,41.0,513.4,2.2,0.14504516,12,50,2021-06-23 16:24:20,52.50358833333333,13.339386666666666,37.5,0.0,224.5,0.0621,0.03,18.3,18.3,12.23,0.68,1019.3,2.79,0.95,3.0,16.093,8.61776,Tauentzienstraße,17.072845746691787,4149.433162979136,pc2,Park,2021-06-23 16:24:20,52.50345166666666,13.339458333333331,22.7,0.0,213.6,0.0621,0.03,18.3,18.3,12.23,0.68,1019.3,2.79,0.95,3.0,16.093,3.14159,Joachimstaler Straße,26.15674826548813,4162.50472907219,pc4,Park,False,False,15.940870184512764,50,10,0.0
1624458260.4994154,2021-06-23T14:24:20.499415Z,52.50345166666666,13.339458333333331,4,2,S2,1624458260.4994154,19.980392,-61.971928,-34.185978,0.0070325334,44.0,513.58,2.14,0.38061712,12,50,2021-06-23 16:24:20,52.50345166666666,13.339458333333331,22.7,0.0,213.6,0.0621,0.03,18.3,18.3,12.23,0.68,1019.3,2.79,0.95,3.0,16.093,3.14159,Joachimstaler Straße,26.15674826548813,4162.50472907219,pc4,Park,2021-06-23 16:24:20,52.50358833333333,13.339386666666666,37.5,0.0,224.5,0.0621,0.03,18.3,18.3,12.23,0.68,1019.3,2.79,0.95,3.0,16.093,8.61776,Tauentzienstraße,17.072845746691787,4149.433162979136,pc2,Park,False,False,15.940870184512764,50,10,0.0
1624458261.478801,2021-06-23T14:24:21.478801Z,52.50345166666666,13.339458333333331,4,2,S2,1624458261.478801,21.76400625,-64.45332291666666,-36.7634125,0.0014070286041666,44.0,611.125,6.041666666666667,0.23774790625,12,48,2021-06-23 16:24:21,52.50345166666666,13.339458333333331,22.7,0.0,213.6,0.0621,0.03,18.3,18.3,12.23,0.68,1019.3,2.79,0.95,3.0,16.093,3.14159,Joachimstaler Straße,26.15674826548813,4162.50472907219,pc4,Park,2021-06-23 16:24:21,52.50358833333333,13.339386666666666,37.5,0.0,224.5,0.0621,0.03,18.3,18.3,12.23,0.68,1019.3,2.79,0.95,3.0,16.093,8.61776,Tauentzienstraße,17.072845746691787,4149.433162979136,pc2,Park,False,False,15.940870184512764,50,10,0.04
1624458261.4880557,2021-06-23T14:24:21.488055Z,52.50358833333333,13.339386666666666,2,4,S2,1624458261.4880557,20.04529375,-68.15299583333334,-40.45033333333333,0.0008618757499999,41.0,612.25,4.0,0.10410486875,12,48,2021-06-23 16:24:21,52.50358833333333,13.339386666666666,37.5,0.0,224.5,0.0621,0.03,18.3,18.3,12.23,0.68,1019.3,2.79,0.95,3.0,16.093,8.61776,Tauentzienstraße,17.072845746691787,4149.433162979136,pc2,Park,2021-06-23 16:24:21,52.50345166666666,13.339458333333331,22.7,0.0,213.6,0.0621,0.03,18.3,18.3,12.23,0.68,1019.3,2.79,0.95,3.0,16.093,3.14159,Joachimstaler Straße,26.15674826548813,4162.50472907219,pc4,Park,False,False,15.940870184512764,50,10,0.04
1624458262.450331,2021-06-23T14:24:22.450330Z,52.50345166666666,13.339458333333331,4,2,S2,1624458262.450331,22.111911627906977,-63.73888837209302,-36.04151162790698,0.0015558508604651,44.0,708.6279069767442,2.581395348837209,0.2686787558139535,12,43,2021-06-23 16:24:22,52.50345166666666,13.339458333333331,22.7,0.0,213.6,0.0621,0.03,18.3,18.3,12.23,0.68,1019.3,2.79,0.95,3.0,16.093,3.14159,Joachimstaler Straße,26.15674826548813,4162.50472907219,pc4,Park,2021-06-23 16:24:22,52.50358833333333,13.339386666666666,37.5,0.0,224.5,0.0621,0.03,18.3,18.3,12.23,0.68,1019.3,2.79,0.95,3.0,16.093,8.61776,Tauentzienstraße,17.072845746691787,4149.433162979136,pc2,Park,False,False,15.940870184512764,50,10,0.14
1624458262.499413,2021-06-23T14:24:22.499413Z,52.50358833333333,13.339386666666666,2,4,S2,1624458262.499413,15.186571836734696,-67.17837551020409,-39.45690204081633,0.0052120008571428,41.0,713.3265306122449,4.408163265306122,0.1226059836734694,12,49,2021-06-23 16:24:22,52.50358833333333,13.339386666666666,37.5,0.0,224.5,0.0621,0.03,18.3,18.3,12.23,0.68,1019.3,2.79,0.95,3.0,16.093,8.61776,Tauentzienstraße,17.072845746691787,4149.433162979136,pc2,Park,2021-06-23 16:24:22,52.50345166666666,13.339458333333331,22.7,0.0,213.6,0.0621,0.03,18.3,18.3,12.23,0.68,1019.3,2.79,0.95,3.0,16.093,3.14159,Joachimstaler Straße,26.15674826548813,4162.50472907219,pc4,Park,False,False,15.940870184512764,50,10,0.02
1624458263.4945278,2021-06-23T14:24:23.494527Z,52.50358833333333,13.339386666666666,2,4,S2,1624458263.4945278,21.678672,-63.984524,-36.106234,0.0015717309399999,41.0,813.0,3.0,0.254009718,12,50,2021-06-23 16:24:23,52.50358833333333,13.339386666666666,37.5,0.0,224.5,0.0621,0.03,18.3,18.3,12.23,0.68,1019.3,2.79,0.95,3.0,16.093,8.61776,Tauentzienstraße,17.072845746691787,4149.433162979136,pc2,Park,2021-06-23 16:24:23,52.50345166666666,13.339458333333331,22.7,0.0,213.6,0.0621,0.03,18.3,18.3,12.23,0.68,1019.3,2.79,0.95,3.0,16.093,3.14159,Joachimstaler Straße,26.15674826548813,4162.50472907219,pc4,Park,False,False,15.940870184512764,50,10,0.0
1624458263.5058143,2021-06-23T14:24:23.505814Z,52.50345166666666,13.339458333333331,4,2,S2,1624458263.5058143,23.240902040816326,-60.20215714285714,-32.33721224489796,0.0028561910612244,44.0,813.734693877551,7.0,0.615476693877551,12,49,2021-06-23 16:24:23,52.50345166666666,13.339458333333331,22.7,0.0,213.6,0.0621,0.03,18.3,18.3,12.23,0.68,1019.3,2.79,0.95,3.0,16.093,3.14159,Joachimstaler Straße,26.15674826548813,4162.50472907219,pc4,Park,2021-06-23 16:24:23,52.50358833333333,13.339386666666666,37.5,0.0,224.5,0.0621,0.03,18.3,18.3,12.23,0.68,1019.3,2.79,0.95,3.0,16.093,8.61776,Tauentzienstraße,17.072845746691787,4149.433162979136,pc2,Park,False,False,15.940870184512764,50,10,0.02
1624458264.494519,2021-06-23T14:24:24.494518Z,52.50358833333333,13.339386666666666,2,4,S2,1624458264.494519,22.02506,-64.017556,-36.115654,0.00138713582,41.0,913.0,3.0,0.2359887399999999,12,50,2021-06-23 16:24:24,52.50358833333333,13.339386666666666,37.5,0.0,224.5,0.0621,0.03,18.3,18.3,12.23,0.68,1019.3,2.79,0.95,3.0,16.093,8.61776,Tauentzienstraße,17.072845746691787,4149.433162979136,pc2,Park,2021-06-23 16:24:24,52.50345166666666,13.339458333333331,22.7,0.0,213.6,0.0621,0.03,18.3,18.3,12.23,0.68,1019.3,2.79,0.95,3.0,16.093,3.14159,Joachimstaler Straße,26.15674826548813,4162.50472907219,pc4,Park,False,False,15.940870184512764,50,10,0.0
1624458264.5082328,2021-06-23T14:24:24.508232Z,52.50345166666666,13.339458333333331,4,2,S2,1624458264.5082328,23.6628856,-60.162132,-32.280317999999994,0.0048423264,44.0,913.98,6.94,0.57422374,12,50,2021-06-23 16:24:24,52.50345166666666,13.339458333333331,22.7,0.0,213.6,0.0621,0.03,18.3,18.3,12.23,0.68,1019.3,2.79,0.95,3.0,16.093,3.14159,Joachimstaler Straße,26.15674826548813,4162.50472907219,pc4,Park,2021-06-23 16:24:24,52.50358833333333,13.339386666666666,37.5,0.0,224.5,0.0621,0.03,18.3,18.3,12.23,0.68,1019.3,2.79,0.95,3.0,16.093,8.61776,Tauentzienstraße,17.072845746691787,4149.433162979136,pc2,Park,False,False,15.940870184512764,50,10,0.0
1624458265.4945152,2021-06-23T14:24:25.494515Z,52.50358833333333,13.339386666666666,2,4,S2,1624458265.4945152,22.030676,-64.245698,-36.365156,0.00138021808,41.0,603.4,3.0,0.2363836,12,50,2021-06-23 16:24:25,52.50358833333333,13.339386666666666,37.5,0.0,224.5,0.0621,0.03,18.3,18.3,12.23,0.68,1019.3,2.79,0.95,3.0,16.093,8.61776,Tauentzienstraße,17.072845746691787,4149.433162979136,pc2,Park,2021-06-23 16:24:25,52.50345166666666,13.339458333333331,22.7,0.0,213.6,0.0621,0.03,18.3,18.3,12.23,0.68,1019.3,2.79,0.95,3.0,16.093,3.14159,Joachimstaler Straße,26.15674826548813,4162.50472907219,pc4,Park,False,False,15.940870184512764,50,10,0.0
1624458265.5156374,2021-06-23T14:24:25.515637Z,52.50345166666666,13.339458333333331,4,2,S2,1624458265.5156374,22.809131020408163,-60.45697142857143,-32.594608163265306,0.0093343763265306,44.0,596.7755102040817,6.816326530612245,0.5609829795918367,12,49,2021-06-23 16:24:25,52.50345166666666,13.339458333333331,22.7,0.0,213.6,0.0621,0.03,18.3,18.3,12.23,0.68,1019.3,2.79,0.95,3.0,16.093,3.14159,Joachimstaler Straße,26.15674826548813,4162.50472907219,pc4,Park,2021-06-23 16:24:25,52.50358833333333,13.339386666666666,37.5,0.0,224.5,0.0621,0.03,18.3,18.3,12.23,0.68,1019.3,2.79,0.95,3.0,16.093,8.61776,Tauentzienstraße,17.072845746691787,4149.433162979136,pc2,Park,False,False,15.940870184512764,50,10,0.02
1624458266.494548,2021-06-23T14:24:26.494548Z,52.50358833333333,13.339386666666666,2,4,S2,1624458266.494548,21.175402,-65.282718,-37.477396,0.00160058318,41.0,89.0,3.0,0.265554826,12,50,2021-06-23 16:24:26,52.50358833333333,13.339386666666666,37.5,0.0,224.5,0.0621,0.03,18.3,18.3,12.23,0.68,1019.3,2.79,0.95,3.0,16.093,8.61776,Tauentzienstraße,17.072845746691787,4149.433162979136,pc2,Park,2021-06-23 16:24:26,52.50345166666666,13.339458333333331,22.7,0.0,213.6,0.0621,0.03,18.3,18.3,12.23,0.68,1019.3,2.79,0.95,3.0,16.093,3.14159,Joachimstaler Straße,26.15674826548813,4162.50472907219,pc4,Park,False,False,15.940870184512764,50,10,0.0
1624458266.507536,2021-06-23T14:24:26.507535Z,52.50345166666666,13.339458333333331,4,2,S2,1624458266.507536,19.57809,-61.34922244897959,-33.54587346938776,0.045592633877551,44.0,89.9795918367347,6.224489795918367,0.6899833918367346,12,49,2021-06-23 16:24:26,52.50345166666666,13.339458333333331,22.7,0.0,213.6,0.0621,0.03,18.3,18.3,12.23,0.68,1019.3,2.79,0.95,3.0,16.093,3.14159,Joachimstaler Straße,26.15674826548813,4162.50472907219,pc4,Park,2021-06-23 16:24:26,52.50358833333333,13.339386666666666,37.5,0.0,224.5,0.0621,0.03,18.3,18.3,12.23,0.68,1019.3,2.79,0.95,3.0,16.093,8.61776,Tauentzienstraße,17.072845746691787,4149.433162979136,pc2,Park,False,False,15.940870184512764,50,10,0.02
1624458267.494532,2021-06-23T14:24:27.494532Z,52.50358833333333,13.339386666666666,2,4,S2,1624458267.494532,22.243982000000003,-59.31302,-31.547824,0.0045208992,41.0,189.0,3.0,0.78115038,12,50,2021-06-23 16:24:27,52.50358833333333,13.339386666666666,37.5,2.0372000000000003,224.2,0.0621,0.03,18.3,18.3,12.23,0.68,1019.3,2.79,0.95,3.0,16.093,8.61776,Tauentzienstraße,17.072845746691787,4149.433162979136,pc2,Park,2021-06-23 16:24:27,52.50345166666666,13.339458333333331,22.7,0.0,213.6,0.0621,0.03,18.3,18.3,12.23,0.68,1019.3,2.79,0.95,3.0,16.093,3.14159,Joachimstaler Straße,26.15674826548813,4162.50472907219,pc4,Park,False,False,15.940870184512764,50,10,0.0
1624458267.5044794,2021-06-23T14:24:27.504479Z,52.50345166666666,13.339458333333331,4,2,S2,1624458267.5044794,19.245736,-55.770458,-27.98759,0.0194357743999999,44.0,190.0,3.0,1.80558112,12,50,2021-06-23 16:24:27,52.50345166666666,13.339458333333331,22.7,0.0,213.6,0.0621,0.03,18.3,18.3,12.23,0.68,1019.3,2.79,0.95,3.0,16.093,3.14159,Joachimstaler Straße,26.15674826548813,4162.50472907219,pc4,Park,2021-06-23 16:24:27,52.50358833333333,13.339386666666666,37.5,2.0372000000000003,224.2,0.0621,0.03,18.3,18.3,12.23,0.68,1019.3,2.79,0.95,3.0,16.093,8.61776,Tauentzienstraße,17.072845746691787,4149.433162979136,pc2,Park,False,False,15.940870184512764,50,10,0.0
1624458268.4906075,2021-06-23T14:24:28.490607Z,52.50358333333333,13.339383333333334,2,4,S2,1624458268.4906075,19.28259591836735,-63.25749591836735,-35.350626530612246,0.0045227057346938,41.0,288.53061224489795,3.7755102040816326,0.3387018530612244,12,49,2021-06-23 16:24:28,52.50358333333333,13.339383333333334,37.5,0.0,224.2,0.0621,0.03,18.3,18.3,12.23,0.68,1019.3,2.79,0.95,3.0,16.093,8.61776,Tauentzienstraße,16.963617559684888,4149.433162979136,pc2,Park,2021-06-23 16:24:28,52.50345166666666,13.339458333333331,22.7,0.0,213.6,0.0621,0.03,18.3,18.3,12.23,0.68,1019.3,2.79,0.95,3.0,16.093,3.14159,Joachimstaler Straße,26.15674826548813,4162.50472907219,pc4,Park,False,False,15.484967173067377,50,10,0.02
1624458268.49974,2021-06-23T14:24:28.499739Z,52.50345166666666,13.339458333333331,4,2,S2,1624458268.49974,20.24174530612245,-60.26460816326531,-32.2558,0.0087724757142857,44.0,289.6326530612245,1.9183673469387756,0.6985089387755101,12,49,2021-06-23 16:24:28,52.50345166666666,13.339458333333331,22.7,0.0,213.6,0.0621,0.03,18.3,18.3,12.23,0.68,1019.3,2.79,0.95,3.0,16.093,3.14159,Joachimstaler Straße,26.15674826548813,4162.50472907219,pc4,Park,2021-06-23 16:24:28,52.50358333333333,13.339383333333334,37.5,0.0,224.2,0.0621,0.03,18.3,18.3,12.23,0.68,1019.3,2.79,0.95,3.0,16.093,8.61776,Tauentzienstraße,16.963617559684888,4149.433162979136,pc2,Park,False,False,15.484967173067377,50,10,0.02
1624458269.4927702,2021-06-23T14:24:29.492770Z,52.50345166666666,13.339458333333331,4,2,S2,1624458269.4927702,22.194312,-57.870036,-29.994686,0.0086346422,44.0,389.0,1.06,1.06464108,12,50,2021-06-23 16:24:29,52.50345166666666,13.339458333333331,22.7,0.0,213.6,0.0621,0.03,18.3,18.3,12.23,0.68,1019.3,2.79,0.95,3.0,16.093,3.14159,Joachimstaler Straße,26.15674826548813,4162.50472907219,pc4,Park,2021-06-23 16:24:29,52.50358333333333,13.339383333333334,37.5,0.0,224.2,0.0621,0.03,18.3,18.3,12.23,0.68,1019.3,2.79,0.95,3.0,16.093,8.61776,Tauentzienstraße,16.963617559684888,4149.433162979136,pc2,Park,False,False,15.484967173067377,50,10,0.0
1624458269.5035958,2021-06-23T14:24:29.503595Z,52.50358333333333,13.339383333333334,2,4,S2,1624458269.5035958,20.907754,-61.439278,-33.61193,0.00446211048,41.0,389.66,5.46,0.46844108,12,50,2021-06-23 16:24:29,52.50358333333333,13.339383333333334,37.5,0.0,224.2,0.0621,0.03,18.3,18.3,12.23,0.68,1019.3,2.79,0.95,3.0,16.093,8.61776,Tauentzienstraße,16.963617559684888,4149.433162979136,pc2,Park,2021-06-23 16:24:29,52.50345166666666,13.339458333333331,22.7,0.0,213.6,0.0621,0.03,18.3,18.3,12.23,0.68,1019.3,2.79,0.95,3.0,16.093,3.14159,Joachimstaler Straße,26.15674826548813,4162.50472907219,pc4,Park,False,False,15.484967173067377,50,10,0.0
1624458270.4925034,2021-06-23T14:24:30.492503Z,52.50345166666666,13.339458333333331,4,2,S2,1624458270.4925034,22.804124,-61.611164,-33.830079999999995,0.0023935287,44.0,489.0,1.0,0.513464708,12,50,2021-06-23 16:24:30,52.50345166666666,13.339458333333331,22.7,0.0,213.6,0.0621,0.03,18.3,18.3,12.23,0.68,1019.3,2.79,0.95,3.0,16.093,3.14159,Joachimstaler Straße,26.15674826548813,4162.50472907219,pc4,Park,2021-06-23 16:24:30,52.50358333333333,13.339383333333334,37.5,0.0,224.2,0.0621,0.03,18.3,18.3,12.23,0.68,1019.3,2.79,0.95,3.0,16.093,8.61776,Tauentzienstraße,16.963617559684888,4149.433162979136,pc2,Park,False,False,15.484967173067377,50,10,0.0
1624458270.512365,2021-06-23T14:24:30.512365Z,52.50358333333333,13.339383333333334,2,4,S2,1624458270.512365,21.188908163265307,-65.47571020408164,-37.72108979591837,0.0013161471632653,41.0,490.59183673469386,4.8979591836734695,0.2071801428571428,12,49,2021-06-23 16:24:30,52.50358333333333,13.339383333333334,37.5,0.0,224.2,0.0621,0.03,18.3,18.3,12.23,0.68,1019.3,2.79,0.95,3.0,16.093,8.61776,Tauentzienstraße,16.963617559684888,4149.433162979136,pc2,Park,2021-06-23 16:24:30,52.50345166666666,13.339458333333331,22.7,0.0,213.6,0.0621,0.03,18.3,18.3,12.23,0.68,1019.3,2.79,0.95,3.0,16.093,3.14159,Joachimstaler Straße,26.15674826548813,4162.50472907219,pc4,Park,False,False,15.484967173067377,50,10,0.02
1624458271.492501,2021-06-23T14:24:31.492501Z,52.50345166666666,13.339458333333331,4,2,S2,1624458271.492501,22.310386,-60.537732,-32.732242,0.0032614159999999,44.0,589.0,1.0,0.633984648,12,50,2021-06-23 16:24:31,52.50345166666666,13.339458333333331,22.7,0.0,213.6,0.0621,0.03,18.3,18.3,12.23,0.68,1019.3,2.79,0.95,3.0,16.093,3.14159,Joachimstaler Straße,26.15674826548813,4162.50472907219,pc4,Park,2021-06-23 16:24:31,52.50358333333333,13.339383333333334,37.5,0.0,224.2,0.0621,0.03,18.3,18.3,12.23,0.68,1019.3,2.79,0.95,3.0,16.093,8.61776,Tauentzienstraße,16.963617559684888,4149.433162979136,pc2,Park,False,False,15.484967173067377,50,10,0.0
1624458271.49954,2021-06-23T14:24:31.499539Z,52.50358333333333,13.339383333333334,2,4,S2,1624458271.49954,21.273973469387755,-64.27554285714285,-36.50019183673469,0.0016936659387755,41.0,589.0,8.0,0.2642819204081632,12,49,2021-06-23 16:24:31,52.50358333333333,13.339383333333334,37.5,0.0,224.2,0.0621,0.03,18.3,18.3,12.23,0.68,1019.3,2.79,0.95,3.0,16.093,8.61776,Tauentzienstraße,16.963617559684888,4149.433162979136,pc2,Park,2021-06-23 16:24:31,52.50345166666666,13.339458333333331,22.7,0.0,213.6,0.0621,0.03,18.3,18.3,12.23,0.68,1019.3,2.79,0.95,3.0,16.093,3.14159,Joachimstaler Straße,26.15674826548813,4162.50472907219,pc4,Park,False,False,15.484967173067377,50,10,0.02
1624458272.492486,2021-06-23T14:24:32.492486Z,52.50345166666666,13.339458333333331,4,2,S2,1624458272.492486,23.485492,-60.887858,-33.068856000000004,0.00230139238,44.0,689.0,1.0,0.638433558,12,50,2021-06-23 16:24:32,52.50345166666666,13.339458333333331,22.7,4.4448,213.6,0.0621,0.03,18.3,18.3,12.23,0.68,1019.3,2.79,0.95,3.0,16.093,3.14159,Joachimstaler Straße,26.15674826548813,4162.50472907219,pc4,Park,2021-06-23 16:24:32,52.50358333333333,13.339383333333334,37.5,0.0,224.2,0.0621,0.03,18.3,18.3,12.23,0.68,1019.3,2.79,0.95,3.0,16.093,8.61776,Tauentzienstraße,16.963617559684888,4149.433162979136,pc2,Park,False,False,15.484967173067377,50,10,0.0
1624458272.5072098,2021-06-23T14:24:32.507209Z,52.50358333333333,13.339383333333334,2,4,S2,1624458272.5072098,21.047708000000004,-65.218068,-37.40088,0.00148705572,41.0,689.96,6.04,0.242735428,12,50,2021-06-23 16:24:32,52.50358333333333,13.339383333333334,37.5,0.0,224.2,0.0621,0.03,18.3,18.3,12.23,0.68,1019.3,2.79,0.95,3.0,16.093,8.61776,Tauentzienstraße,16.963617559684888,4149.433162979136,pc2,Park,2021-06-23 16:24:32,52.50345166666666,13.339458333333331,22.7,4.4448,213.6,0.0621,0.03,18.3,18.3,12.23,0.68,1019.3,2.79,0.95,3.0,16.093,3.14159,Joachimstaler Straße,26.15674826548813,4162.50472907219,pc4,Park,False,False,15.484967173067377,50,10,0.0
1624458273.5024395,2021-06-23T14:24:33.502439Z,52.50358333333333,13.339383333333334,2,4,S2,1624458273.5024395,16.073651428571427,-65.76711836734694,-37.90998367346938,0.0060291393673469,41.0,789.4081632653061,6.816326530612245,0.201525993877551,12,49,2021-06-23 16:24:33,52.50358333333333,13.339383333333334,37.5,0.0,224.2,0.0621,0.03,18.3,18.3,12.23,0.68,1019.3,2.79,0.95,3.0,16.093,8.61776,Tauentzienstraße,16.963617559684888,4149.433162979136,pc2,Park,2021-06-23 16:24:33,52.503438333333335,13.33944,22.8,8.148800000000001,213.5,0.0621,0.03,18.3,18.3,12.23,0.68,1019.3,2.79,0.95,3.0,16.093,3.14159,Joachimstaler Straße,24.24072355697943,4164.582540981132,pc4,Park,False,False,16.561375241441006,50,10,0.02
1624458273.5024912,2021-06-23T14:24:33.502491Z,52.503438333333335,13.33944,4,2,S2,1624458273.5024912,21.137062,-61.97715,-34.114954,0.0029981236,44.0,790.0,1.0,0.47452653,12,50,2021-06-23 16:24:33,52.503438333333335,13.33944,22.8,8.148800000000001,213.5,0.0621,0.03,18.3,18.3,12.23,0.68,1019.3,2.79,0.95,3.0,16.093,3.14159,Joachimstaler Straße,24.24072355697943,4164.582540981132,pc4,Park,2021-06-23 16:24:33,52.50358333333333,13.339383333333334,37.5,0.0,224.2,0.0621,0.03,18.3,18.3,12.23,0.68,1019.3,2.79,0.95,3.0,16.093,8.61776,Tauentzienstraße,16.963617559684888,4149.433162979136,pc2,Park,False,False,16.561375241441006,50,10,0.0
1624458274.4961712,2021-06-23T14:24:34.496171Z,52.50358333333333,13.339383333333334,2,4,S2,1624458274.4961712,16.2839882,-69.791682,-42.022104,0.00319397318,41.0,888.72,7.44,0.088625622,12,50,2021-06-23 16:24:34,52.50358333333333,13.339383333333334,37.5,0.0,224.2,0.0621,0.03,18.3,18.3,12.23,0.68,1019.3,2.79,0.95,3.0,16.093,8.61776,Tauentzienstraße,16.963617559684888,4149.433162979136,pc2,Park,2021-06-23 16:24:34,52.50342,13.339415,23.1,10.5564,213.4,0.0621,0.03,18.3,18.3,12.23,0.68,1019.3,2.79,0.95,3.0,16.093,3.14159,Joachimstaler Straße,21.61377574479324,4166.772348138472,pc4,Park,False,False,18.274464742755672,50,10,0.0
1624458274.5025492,2021-06-23T14:24:34.502549Z,52.50342,13.339415,4,2,S2,1624458274.5025492,17.56477,-67.14471,-39.353038,0.00199869914,44.0,890.0,1.06,0.156302118,12,50,2021-06-23 16:24:34,52.50342,13.339415,23.1,10.5564,213.4,0.0621,0.03,18.3,18.3,12.23,0.68,1019.3,2.79,0.95,3.0,16.093,3.14159,Joachimstaler Straße,21.61377574479324,4166.772348138472,pc4,Park,2021-06-23 16:24:34,52.50358333333333,13.339383333333334,37.5,0.0,224.2,0.0621,0.03,18.3,18.3,12.23,0.68,1019.3,2.79,0.95,3.0,16.093,8.61776,Tauentzienstraße,16.963617559684888,4149.433162979136,pc2,Park,False,False,18.274464742755672,50,10,0.0
1624458275.4934149,2021-06-23T14:24:35.493414Z,52.503573333333335,13.33937,2,4,S2,1624458275.4934149,17.66350980392157,-72.12406666666666,-44.34764509803921,0.0005739793333333,41.0,827.8627450980392,6.980392156862745,0.0419719972549019,12,51,2021-06-23 16:24:35,52.503573333333335,13.33937,37.5,6.6672,220.6,0.0621,0.03,18.3,18.3,12.23,0.68,1019.3,2.79,0.95,3.0,16.093,8.61776,Tauentzienstraße,17.125086870036093,4150.874005565472,pc2,Park,2021-06-23 16:24:35,52.50338833333333,13.339405,23.4,11.4824,213.5,0.0621,0.03,18.3,18.3,12.23,0.68,1019.3,2.79,0.95,3.0,16.093,3.14159,Joachimstaler Straße,18.284579840313235,4171.410051832796,pc4,Park,False,False,20.691824230206155,50,10,-0.02
1624458275.5067194,2021-06-23T14:24:35.506719Z,52.50338833333333,13.339405,4,2,S2,1624458275.5067194,18.61662708333333,-68.3503625,-40.55622291666666,0.0011838385,44.0,840.4583333333334,7.3125,0.0964156708333333,12,48,2021-06-23 16:24:35,52.50338833333333,13.339405,23.4,11.4824,213.5,0.0621,0.03,18.3,18.3,12.23,0.68,1019.3,2.79,0.95,3.0,16.093,3.14159,Joachimstaler Straße,18.284579840313235,4171.410051832796,pc4,Park,2021-06-23 16:24:35,52.503573333333335,13.33937,37.5,6.6672,220.6,0.0621,0.03,18.3,18.3,12.23,0.68,1019.3,2.79,0.95,3.0,16.093,8.61776,Tauentzienstraße,17.125086870036093,4150.874005565472,pc2,Park,False,False,20.691824230206155,50,10,0.04
1624458276.4945474,2021-06-23T14:24:36.494547Z,52.503546666666665,13.339366666666669,2,4,S2,1624458276.4945474,18.65587551020408,-70.55506938775511,-42.77717346938775,0.0006788460612244,41.0,64.61224489795919,6.8979591836734695,0.0629224408163265,12,49,2021-06-23 16:24:36,52.503546666666665,13.339366666666669,37.4,8.704400000000001,215.7,0.0621,0.03,18.3,18.3,12.23,0.68,1019.3,2.79,0.95,3.0,16.093,8.61776,Tauentzienstraße,15.719365291310533,4156.190521364195,pc2,Park,2021-06-23 16:24:36,52.50335333333334,13.339378333333332,23.5,10.7416,213.1,0.0621,0.03,18.3,18.3,12.23,0.68,1019.3,2.79,0.95,3.0,16.093,3.14159,Joachimstaler Straße,14.036383596116313,4175.777562575447,pc4,Park,False,False,21.49609230099884,50,10,0.02
1624458276.5031872,2021-06-23T14:24:36.503187Z,52.50335333333334,13.339378333333332,4,2,S2,1624458276.5031872,19.9000612244898,-66.78160204081632,-38.97211020408163,0.0013205181428571,44.0,65.44897959183673,7.204081632653061,0.1608842285714285,12,49,2021-06-23 16:24:36,52.50335333333334,13.339378333333332,23.5,10.7416,213.1,0.0621,0.03,18.3,18.3,12.23,0.68,1019.3,2.79,0.95,3.0,16.093,3.14159,Joachimstaler Straße,14.036383596116313,4175.777562575447,pc4,Park,2021-06-23 16:24:36,52.503546666666665,13.339366666666669,37.4,8.704400000000001,215.7,0.0621,0.03,18.3,18.3,12.23,0.68,1019.3,2.79,0.95,3.0,16.093,8.61776,Tauentzienstraße,15.719365291310533,4156.190521364195,pc2,Park,False,False,21.49609230099884,50,10,0.02
1624458277.4953644,2021-06-23T14:24:37.495364Z,52.50333,13.339361666666669,4,2,S2,1624458277.4953644,18.318616326530613,-68.97351632653061,-41.20055918367347,0.0010881311020408,44.0,165.28571428571428,1.0,0.0914056285714285,12,49,2021-06-23 16:24:37,52.50333,13.339361666666669,23.5,9.074800000000002,214.0,0.0621,0.03,18.3,18.3,12.23,0.68,1019.3,2.79,0.95,3.0,16.093,3.14159,Joachimstaler Straße,11.244711913391134,4177.734918423498,pc4,Park,2021-06-23 16:24:37,52.50351833333333,13.339353333333332,37.5,9.8156,213.9,0.0621,0.03,18.3,18.3,12.23,0.68,1019.3,2.79,0.95,3.0,16.093,8.61776,Tauentzienstraße,14.783802581575218,4159.026774123243,pc2,Park,False,False,20.93359744691734,50,10,0.02
1624458277.49853,2021-06-23T14:24:37.498529Z,52.50351833333333,13.339353333333332,2,4,S2,1624458277.49853,17.562048,-72.303318,-44.545354,0.00056596456,41.0,165.0,7.0,0.0415546418,12,50,2021-06-23 16:24:37,52.50351833333333,13.339353333333332,37.5,9.8156,213.9,0.0621,0.03,18.3,18.3,12.23,0.68,1019.3,2.79,0.95,3.0,16.093,8.61776,Tauentzienstraße,14.783802581575218,4159.026774123243,pc2,Park,2021-06-23 16:24:37,52.50333,13.339361666666669,23.5,9.074800000000002,214.0,0.0621,0.03,18.3,18.3,12.23,0.68,1019.3,2.79,0.95,3.0,16.093,3.14159,Joachimstaler Straße,11.244711913391134,4177.734918423498,pc4,Park,False,False,20.93359744691734,50,10,0.0
1624458278.4988415,2021-06-23T14:24:38.498841Z,52.50349333333333,13.339333333333334,2,4,S2,1624458278.4988415,18.297276,-71.06918999999999,-43.26315,0.0006560154599999,41.0,265.04,6.9,0.056553924,12,50,2021-06-23 16:24:38,52.50349333333333,13.339333333333334,37.5,8.8896,211.7,0.0621,0.03,18.3,18.3,12.23,0.68,1019.3,2.79,0.95,3.0,16.093,3.14159,Joachimstaler Straße,25.506487521251348,4162.50472907219,pc2,Park,2021-06-23 16:24:38,52.50331,13.339346666666668,23.8,6.8524,213.1,0.0621,0.03,18.3,18.3,12.23,0.68,1019.3,2.79,0.95,3.0,16.093,3.14159,Joachimstaler Straße,8.825840929471557,4179.456621323217,pc4,Park,False,False,20.390466545288632,50,10,0.0
1624458278.5024912,2021-06-23T14:24:38.502491Z,52.50331,13.339346666666668,4,2,S2,1624458278.5024912,19.52295,-67.263584,-39.495568,0.00122109098,44.0,266.0,1.0,0.1336354659999999,12,50,2021-06-23 16:24:38,52.50331,13.339346666666668,23.8,6.8524,213.1,0.0621,0.03,18.3,18.3,12.23,0.68,1019.3,2.79,0.95,3.0,16.093,3.14159,Joachimstaler Straße,8.825840929471557,4179.456621323217,pc4,Park,2021-06-23 16:24:38,52.50349333333333,13.339333333333334,37.5,8.8896,211.7,0.0621,0.03,18.3,18.3,12.23,0.68,1019.3,2.79,0.95,3.0,16.093,3.14159,Joachimstaler Straße,25.506487521251348,4162.50472907219,pc2,Park,False,False,20.390466545288632,50,10,0.0
1624458279.4991293,2021-06-23T14:24:39.499129Z,52.50347,13.339316666666669,2,4,S2,1624458279.4991293,16.389038,-73.589304,-45.809026,0.000544572,41.0,365.08,6.8,0.0332167092,12,50,2021-06-23 16:24:39,52.50347,13.339316666666669,37.5,7.9636,211.7,0.0621,0.03,18.3,18.3,12.23,0.68,1019.3,2.79,0.95,3.0,16.093,3.14159,Joachimstaler Straße,22.714816490393577,4164.582540981132,pc2,Park,2021-06-23 16:24:39,52.503295,13.339331666666666,24.0,6.1116,212.6,0.0621,0.03,18.3,18.3,12.23,0.68,1019.3,2.79,0.95,3.0,16.093,3.14159,Joachimstaler Straße,6.8751378278200646,4179.456621323217,pc4,Park,False,False,19.47105888394936,50,10,0.0
1624458279.5049045,2021-06-23T14:24:39.504904Z,52.503295,13.339331666666666,4,2,S2,1624458279.5049045,17.691404,-70.12434,-42.328514,0.0009393514,44.0,366.0,3.4,0.070711174,12,50,2021-06-23 16:24:39,52.503295,13.339331666666666,24.0,6.1116,212.6,0.0621,0.03,18.3,18.3,12.23,0.68,1019.3,2.79,0.95,3.0,16.093,3.14159,Joachimstaler Straße,6.8751378278200646,4179.456621323217,pc4,Park,2021-06-23 16:24:39,52.50347,13.339316666666669,37.5,7.9636,211.7,0.0621,0.03,18.3,18.3,12.23,0.68,1019.3,2.79,0.95,3.0,16.093,3.14159,Joachimstaler Straße,22.714816490393577,4164.582540981132,pc2,Park,False,False,19.47105888394936,50,10,0.0
1624458280.4997516,2021-06-23T14:24:40.499751Z,52.50345333333333,13.339303333333334,2,4,S2,1624458280.4997516,15.397921836734692,-74.71390408163265,-46.9031306122449,0.000574300877551,41.0,465.2040816326531,6.183673469387755,0.0252412469387755,12,49,2021-06-23 16:24:40,52.50345333333333,13.339303333333334,37.4,6.8524,211.5,0.0621,0.03,18.3,18.3,12.23,0.68,1019.3,2.79,0.95,3.0,16.093,3.14159,Joachimstaler Straße,20.668746805489874,4166.772348138472,pc2,Park,2021-06-23 16:24:40,52.503285,13.339318333333331,24.3,4.4448,212.6,0.0621,0.03,18.3,18.3,12.23,0.68,1019.3,2.79,0.95,3.0,16.093,3.14159,Joachimstaler Straße,5.4532914700397495,4180.989994308707,pc4,Park,False,False,18.731364643993142,50,10,0.02
1624458280.507019,2021-06-23T14:24:40.507019Z,52.503285,13.339318333333331,4,2,S2,1624458280.507019,15.8892722,-70.48332599999999,-42.656906,0.0015544224,44.0,466.1,4.5,0.066683986,12,50,2021-06-23 16:24:40,52.503285,13.339318333333331,24.3,4.4448,212.6,0.0621,0.03,18.3,18.3,12.23,0.68,1019.3,2.79,0.95,3.0,16.093,3.14159,Joachimstaler Straße,5.4532914700397495,4180.989994308707,pc4,Park,2021-06-23 16:24:40,52.50345333333333,13.339303333333334,37.4,6.8524,211.5,0.0621,0.03,18.3,18.3,12.23,0.68,1019.3,2.79,0.95,3.0,16.093,3.14159,Joachimstaler Straße,20.668746805489874,4166.772348138472,pc2,Park,False,False,18.731364643993142,50,10,0.0
1624458281.4981198,2021-06-23T14:24:41.498119Z,52.503435,13.339296666666666,2,4,S2,1624458281.4981198,16.8917376,-72.73198599999999,-44.960564,0.00074547006,41.0,565.06,5.98,0.0387727938,12,50,2021-06-23 16:24:41,52.503435,13.339296666666666,37.2,6.2968,213.4,0.0621,0.03,18.3,18.3,12.23,0.68,1019.3,2.79,0.95,3.0,16.093,3.14159,Joachimstaler Straße,18.70937602322992,4169.059449989985,pc2,Park,2021-06-23 16:24:41,52.503281666666666,13.339315,24.8,3.5188,212.5,0.0621,0.03,18.3,18.3,12.23,0.68,1019.3,2.79,0.95,3.0,16.093,3.14159,Joachimstaler Straße,5.019801892929568,4180.989994308707,pc4,Park,False,False,17.08230941131391,50,10,0.0
1624458281.5076227,2021-06-23T14:24:41.507622Z,52.503281666666666,13.339315,4,2,S2,1624458281.5076227,16.069932,-69.030706,-41.271586,0.00178505208,44.0,566.14,4.7,0.0909736479999999,12,50,2021-06-23 16:24:41,52.503281666666666,13.339315,24.8,3.5188,212.5,0.0621,0.03,18.3,18.3,12.23,0.68,1019.3,2.79,0.95,3.0,16.093,3.14159,Joachimstaler Straße,5.019801892929568,4180.989994308707,pc4,Park,2021-06-23 16:24:41,52.503435,13.339296666666666,37.2,6.2968,213.4,0.0621,0.03,18.3,18.3,12.23,0.68,1019.3,2.79,0.95,3.0,16.093,3.14159,Joachimstaler Straße,18.70937602322992,4169.059449989985,pc2,Park,False,False,17.08230941131391,50,10,0.0
1624458282.506108,2021-06-23T14:24:42.506108Z,52.50327833333333,13.339306666666667,4,2,S2,1624458282.506108,18.678234,-68.732642,-40.993604,0.00108125396,44.0,666.04,4.2,0.123093296,12,50,2021-06-23 16:24:42,52.50327833333333,13.339306666666667,25.1,2.778,216.5,0.0621,0.03,18.3,18.3,12.23,0.68,1019.3,2.79,0.95,3.0,16.093,3.14159,Joachimstaler Straße,4.404245902275377,4180.989994308707,pc4,Park,2021-06-23 16:24:42,52.50339,13.339341666666666,36.6,5.926400000000001,212.8,0.0621,0.03,18.3,18.3,12.23,0.68,1019.3,2.79,0.95,3.0,16.093,3.14159,Joachimstaler Straße,16.134461055073444,4173.668933187569,pc2,Park,False,False,12.630775236707631,50,10,0.0
1624458282.551711,2021-06-23T14:24:42.551711Z,52.50339,13.339341666666666,2,4,S2,1624458282.551711,13.477230930232558,-71.71079534883721,-43.92654651162791,0.0037088570465116,41.0,670.3023255813954,7.162790697674419,0.0639231802325581,12,43,2021-06-23 16:24:42,52.50339,13.339341666666666,36.6,5.926400000000001,212.8,0.0621,0.03,18.3,18.3,12.23,0.68,1019.3,2.79,0.95,3.0,16.093,3.14159,Joachimstaler Straße,16.134461055073444,4173.668933187569,pc2,Park,2021-06-23 16:24:42,52.50327833333333,13.339306666666667,25.1,2.778,216.5,0.0621,0.03,18.3,18.3,12.23,0.68,1019.3,2.79,0.95,3.0,16.093,3.14159,Joachimstaler Straße,4.404245902275377,4180.989994308707,pc4,Park,False,False,12.630775236707631,50,10,0.14
1624458283.476088,2021-06-23T14:24:43.476088Z,52.50327333333333,13.339295,4,2,S2,1624458283.476088,20.34832619047619,-66.7426,-38.95498333333334,0.0011472696904761,44.0,762.8333333333334,6.261904761904762,0.1470629904761904,12,42,2021-06-23 16:24:43,52.50327333333333,13.339295,25.3,5.1856,224.5,0.0621,0.03,18.3,18.3,12.23,0.68,1019.3,2.79,0.95,3.0,16.093,3.14159,Joachimstaler Straße,3.5112563480837142,4180.989994308707,pc4,Park,2021-06-23 16:24:43,52.50336833333333,13.33934,36.3,5.926400000000001,211.3,0.0621,0.03,18.3,18.3,12.23,0.68,1019.3,2.79,0.95,3.0,16.093,3.14159,Joachimstaler Straße,14.045044646704904,4175.777562575447,pc2,Park,False,False,10.985042439755883,50,10,0.16
1624458283.502263,2021-06-23T14:24:43.502263Z,52.50336833333333,13.33934,2,4,S2,1624458283.502263,15.873149183673467,-70.58102040816325,-42.77224081632654,0.0031870402653061,41.0,765.530612244898,5.387755102040816,0.0640903451020408,12,49,2021-06-23 16:24:43,52.50336833333333,13.33934,36.3,5.926400000000001,211.3,0.0621,0.03,18.3,18.3,12.23,0.68,1019.3,2.79,0.95,3.0,16.093,3.14159,Joachimstaler Straße,14.045044646704904,4175.777562575447,pc2,Park,2021-06-23 16:24:43,52.50327333333333,13.339295,25.3,5.1856,224.5,0.0621,0.03,18.3,18.3,12.23,0.68,1019.3,2.79,0.95,3.0,16.093,3.14159,Joachimstaler Straße,3.5112563480837142,4180.989994308707,pc4,Park,False,False,10.985042439755883,50,10,0.02
1624458284.4911385,2021-06-23T14:24:44.491138Z,52.503265,13.339268333333331,4,2,S2,1624458284.4911385,20.607113541666667,-64.10276875,-36.32153958333333,0.0158655756041666,44.0,864.6458333333334,3.1875,0.4133811520833333,12,48,2021-06-23 16:24:44,52.503265,13.339268333333331,25.5,7.7784,246.9,0.0621,0.03,18.3,18.3,12.23,0.68,1019.3,2.79,0.95,3.0,16.093,3.14159,Joachimstaler Straße,1.7599557814038131,4182.50195583775,pc4,Park,2021-06-23 16:24:44,52.50335,13.339338333333334,35.9,6.8524,210.8,0.0621,0.03,18.3,18.3,12.23,0.68,1019.3,2.79,0.95,3.0,16.093,3.14159,Joachimstaler Straße,12.267740165674295,4175.777562575447,pc2,Park,False,False,10.563904524092935,50,10,0.04
1624458284.4959054,2021-06-23T14:24:44.495905Z,52.50335,13.339338333333334,2,4,S2,1624458284.4959054,18.58058,-67.863268,-40.056224,0.00140636632,41.0,865.04,3.96,0.156290728,12,50,2021-06-23 16:24:44,52.50335,13.339338333333334,35.9,6.8524,210.8,0.0621,0.03,18.3,18.3,12.23,0.68,1019.3,2.79,0.95,3.0,16.093,3.14159,Joachimstaler Straße,12.267740165674295,4175.777562575447,pc2,Park,2021-06-23 16:24:44,52.503265,13.339268333333331,25.5,7.7784,246.9,0.0621,0.03,18.3,18.3,12.23,0.68,1019.3,2.79,0.95,3.0,16.093,3.14159,Joachimstaler Straße,1.7599557814038131,4182.50195583775,pc4,Park,False,False,10.563904524092935,50,10,0.0
1624458285.4957218,2021-06-23T14:24:45.495721Z,52.503328333333336,13.339333333333334,2,4,S2,1624458285.4957218,20.549598,-63.499846,-35.696014,0.00236296314,41.0,965.02,3.98,0.342341518,12,50,2021-06-23 16:24:45,52.503328333333336,13.339333333333334,36.2,7.7784,211.9,0.0621,0.03,18.3,18.3,12.23,0.68,1019.3,2.79,0.95,3.0,16.093,3.14159,Joachimstaler Straße,10.056946118857985,4177.734918423498,pc2,Park,2021-06-23 16:24:45,52.503265,13.339228333333333,25.6,9.8156,273.7,0.0621,0.03,18.3,18.3,12.23,0.68,1019.3,2.79,0.95,3.0,16.093,3.14159,Joachimstaler Straße,0.3034254597460669,4184.195753188674,pc4,Park,False,False,9.99677088636842,50,10,0.0
1624458285.4973035,2021-06-23T14:24:45.497303Z,52.503265,13.339228333333333,4,2,S2,1624458285.4973035,23.22418,-60.21761000000001,-32.445028,0.00299148638,44.0,965.48,1.0,0.744402926,12,50,2021-06-23 16:24:45,52.503265,13.339228333333333,25.6,9.8156,273.7,0.0621,0.03,18.3,18.3,12.23,0.68,1019.3,2.79,0.95,3.0,16.093,3.14159,Joachimstaler Straße,0.3034254597460669,4184.195753188674,pc4,Park,2021-06-23 16:24:45,52.503328333333336,13.339333333333334,36.2,7.7784,211.9,0.0621,0.03,18.3,18.3,12.23,0.68,1019.3,2.79,0.95,3.0,16.093,3.14159,Joachimstaler Straße,10.056946118857985,4177.734918423498,pc2,Park,False,False,9.99677088636842,50,10,0.0
1624458286.493687,2021-06-23T14:24:46.493686Z,52.503275,13.33918,4,2,S2,1624458286.493687,22.502197959183675,-62.50579591836735,-34.73841224489796,0.0019707216530612,44.0,124.6734693877551,1.3673469387755102,0.4579653714285714,12,49,2021-06-23 16:24:46,52.503275,13.33918,25.8,12.038,290.4,0.0621,0.03,18.3,18.3,12.23,0.68,1019.3,2.79,0.95,3.0,16.093,3.14159,Joachimstaler Straße,0.5202114911397452,4186.185214984652,pc4,Park,2021-06-23 16:24:46,52.50330666666667,13.339318333333331,36.6,9.4452,211.7,0.0621,0.03,18.3,18.3,12.23,0.68,1019.3,2.79,0.95,3.0,16.093,3.14159,Joachimstaler Straße,7.482019207226277,4179.456621323217,pc2,Park,False,False,9.995303094474403,50,10,0.02
1624458286.4957583,2021-06-23T14:24:46.495758Z,52.50330666666667,13.339318333333331,2,4,S2,1624458286.4957583,20.940790000000003,-65.686338,-37.893856,0.0013058562,41.0,122.94,3.98,0.1981864268,12,50,2021-06-23 16:24:46,52.50330666666667,13.339318333333331,36.6,9.4452,211.7,0.0621,0.03,18.3,18.3,12.23,0.68,1019.3,2.79,0.95,3.0,16.093,3.14159,Joachimstaler Straße,7.482019207226277,4179.456621323217,pc2,Park,2021-06-23 16:24:46,52.503275,13.33918,25.8,12.038,290.4,0.0621,0.03,18.3,18.3,12.23,0.68,1019.3,2.79,0.95,3.0,16.093,3.14159,Joachimstaler Straße,0.5202114911397452,4186.185214984652,pc4,Park,False,False,9.995303094474403,50,10,0.0
1624458287.48833,2021-06-23T14:24:47.488329Z,52.50329166666667,13.339128333333331,4,2,S2,1624458287.48833,20.09097125,-61.99478958333333,-34.271089583333335,0.0248322463541666,44.0,139.85416666666666,8.291666666666666,0.5020563895833333,12,48,2021-06-23 16:24:47,52.50329166666667,13.339128333333331,25.9,14.4456,297.2,0.0621,0.03,18.3,18.3,12.23,0.68,1019.3,2.79,0.95,3.0,16.093,3.14159,Joachimstaler Straße,0.8410002485681569,4188.534591395243,pc4,Park,2021-06-23 16:24:47,52.50328666666667,13.339295,36.9,9.8156,212.7,0.0621,0.03,18.3,18.3,12.23,0.68,1019.3,2.79,0.95,3.0,16.093,3.14159,Joachimstaler Straße,4.759704261099855,4180.989994308707,pc2,Park,False,False,11.286287207314134,50,10,0.04
1624458287.4956172,2021-06-23T14:24:47.495617Z,52.50328666666667,13.339295,2,4,S2,1624458287.4956172,20.851968000000003,-66.310828,-38.529126,0.0011999145,41.0,141.0,4.0,0.2022563,12,50,2021-06-23 16:24:47,52.50328666666667,13.339295,36.9,9.8156,212.7,0.0621,0.03,18.3,18.3,12.23,0.68,1019.3,2.79,0.95,3.0,16.093,3.14159,Joachimstaler Straße,4.759704261099855,4180.989994308707,pc2,Park,2021-06-23 16:24:47,52.50329166666667,13.339128333333331,25.9,14.4456,297.2,0.0621,0.03,18.3,18.3,12.23,0.68,1019.3,2.79,0.95,3.0,16.093,3.14159,Joachimstaler Straße,0.8410002485681569,4188.534591395243,pc4,Park,False,False,11.286287207314134,50,10,0.0
1624458288.455089,2021-06-23T14:24:48.455089Z,52.50331166666667,13.33907,4,2,S2,1624458288.455089,20.41509090909091,-66.55111590909091,-38.77532727272728,0.0011679387045454,44.0,236.5,8.590909090909092,0.1584812636363636,12,44,2021-06-23 16:24:48,52.50331166666667,13.33907,26.2,16.1124,298.5,0.0621,0.03,18.3,18.3,12.23,0.68,1019.3,2.79,0.95,3.0,16.093,3.14159,Joachimstaler Straße,1.0924296634426596,4191.239972686571,pc4,Park,2021-06-23 16:24:48,52.50327166666667,13.339263333333331,36.4,10.3712,215.1,0.0621,0.03,18.3,18.3,12.23,0.68,1019.3,2.79,0.95,3.0,16.093,3.14159,Joachimstaler Straße,2.202113458698684,4182.50195583775,pc2,Park,False,False,13.811536230724952,50,10,0.12
1624458288.488671,2021-06-23T14:24:48.488671Z,52.50327166666667,13.339263333333331,2,4,S2,1624458288.488671,18.53320408163265,-70.63472244897959,-42.81174897959184,0.0006809539387755,41.0,240.28571428571428,4.285714285714286,0.0660221908163265,12,49,2021-06-23 16:24:48,52.50327166666667,13.339263333333331,36.4,10.3712,215.1,0.0621,0.03,18.3,18.3,12.23,0.68,1019.3,2.79,0.95,3.0,16.093,3.14159,Joachimstaler Straße,2.202113458698684,4182.50195583775,pc2,Park,2021-06-23 16:24:48,52.50331166666667,13.33907,26.2,16.1124,298.5,0.0621,0.03,18.3,18.3,12.23,0.68,1019.3,2.79,0.95,3.0,16.093,3.14159,Joachimstaler Straße,1.0924296634426596,4191.239972686571,pc4,Park,False,False,13.811536230724952,50,10,0.02
1624458289.5139418,2021-06-23T14:24:49.513941Z,52.50333166666667,13.339008333333334,4,2,S2,1624458289.5139418,15.2734875,-73.08607500000001,-45.33279166666667,0.0008022683541666,44.0,342.8541666666667,3.8958333333333335,0.0337550997916666,12,48,2021-06-23 16:24:49,52.50333166666667,13.339008333333334,26.3,17.408800000000003,300.5,0.0621,0.03,18.3,18.3,12.23,0.68,1019.3,2.79,0.95,3.0,16.093,3.14159,Joachimstaler Straße,1.465234071168348,4197.627320162873,pc4,Park,2021-06-23 16:24:49,52.503265,13.339223333333331,37.4,11.6676,218.4,0.0621,0.03,18.3,18.3,12.23,0.68,1019.3,2.79,0.95,3.0,16.093,3.14159,Joachimstaler Straße,0.1213592210185523,4184.195753188674,pc2,Park,False,False,16.320671671623554,50,10,0.04
1624458289.5180607,2021-06-23T14:24:49.518060Z,52.503265,13.339223333333331,2,4,S2,1624458289.5180607,13.685224583333332,-76.81080625,-49.02627916666666,0.0004663751874999,41.0,342.8333333333333,8.1875,0.0139879160416666,12,48,2021-06-23 16:24:49,52.503265,13.339223333333331,37.4,11.6676,218.4,0.0621,0.03,18.3,18.3,12.23,0.68,1019.3,2.79,0.95,3.0,16.093,3.14159,Joachimstaler Straße,0.1213592210185523,4184.195753188674,pc2,Park,2021-06-23 16:24:49,52.50333166666667,13.339008333333334,26.3,17.408800000000003,300.5,0.0621,0.03,18.3,18.3,12.23,0.68,1019.3,2.79,0.95,3.0,16.093,3.14159,Joachimstaler Straße,1.465234071168348,4197.627320162873,pc4,Park,False,False,16.320671671623554,50,10,0.04
1624458290.5035388,2021-06-23T14:24:50.503538Z,52.50327,13.33917,2,4,S2,1624458290.5035388,15.389011599999998,-74.690628,-46.941678,0.00053188306,41.0,441.36,8.42,0.0264186467999999,12,50,2021-06-23 16:24:50,52.50327,13.33917,37.5,15.0012,222.6,0.0621,0.03,18.3,18.3,12.23,0.68,1019.3,2.79,0.95,3.0,16.093,3.14159,Joachimstaler Straße,1.3525118295982574,4186.185214984652,pc2,Park,2021-06-23 16:24:50,52.503355,13.338948333333333,26.3,17.0384,302.6,0.0621,0.03,18.3,18.3,12.23,0.68,1019.3,2.79,0.95,3.0,16.093,3.14159,Joachimstaler Straße,1.465235392035749,4201.2554676845375,pc4,Park,False,False,17.720631222385283,50,10,0.0
1624458290.5062528,2021-06-23T14:24:50.506252Z,52.503355,13.338948333333333,4,2,S2,1624458290.5062528,15.69678,-70.432742,-42.700812,0.00144102618,44.0,442.08,3.92,0.06376923,12,50,2021-06-23 16:24:50,52.503355,13.338948333333333,26.3,17.0384,302.6,0.0621,0.03,18.3,18.3,12.23,0.68,1019.3,2.79,0.95,3.0,16.093,3.14159,Joachimstaler Straße,1.465235392035749,4201.2554676845375,pc4,Park,2021-06-23 16:24:50,52.50327,13.33917,37.5,15.0012,222.6,0.0621,0.03,18.3,18.3,12.23,0.68,1019.3,2.79,0.95,3.0,16.093,3.14159,Joachimstaler Straße,1.3525118295982574,4186.185214984652,pc2,Park,False,False,17.720631222385283,50,10,0.0
1624458291.4629724,2021-06-23T14:24:51.462972Z,52.50337833333333,13.338888333333331,4,2,S2,1624458291.4629724,14.011569545454543,-71.33772727272728,-43.55167045454545,0.0021734814772727,44.0,537.5681818181819,5.75,0.0509105727272727,12,44,2021-06-23 16:24:51,52.50337833333333,13.338888333333331,26.3,16.668,301.7,0.0621,0.03,18.3,18.3,12.23,0.68,1019.3,2.79,0.95,3.0,16.093,3.14159,Joachimstaler Straße,1.4652343934928933,4205.183926889814,pc4,Park,2021-06-23 16:24:51,52.503285,13.339103333333334,37.4,18.3348,228.4,0.0621,0.03,18.3,18.3,12.23,0.68,1019.3,2.79,0.95,3.0,16.093,3.14159,Joachimstaler Straße,2.3755542875775264,4191.239972686571,pc2,Park,False,False,17.86207639856653,50,10,0.12
1624458291.49332,2021-06-23T14:24:51.493319Z,52.503285,13.339103333333334,2,4,S2,1624458291.49332,15.269068085106383,-75.32477021276596,-47.53961276595745,0.0004634174042553,41.0,540.531914893617,6.468085106382978,0.0196702734042553,12,47,2021-06-23 16:24:51,52.503285,13.339103333333334,37.4,18.3348,228.4,0.0621,0.03,18.3,18.3,12.23,0.68,1019.3,2.79,0.95,3.0,16.093,3.14159,Joachimstaler Straße,2.3755542875775264,4191.239972686571,pc2,Park,2021-06-23 16:24:51,52.50337833333333,13.338888333333331,26.3,16.668,301.7,0.0621,0.03,18.3,18.3,12.23,0.68,1019.3,2.79,0.95,3.0,16.093,3.14159,Joachimstaler Straße,1.4652343934928933,4205.183926889814,pc4,Park,False,False,17.86207639856653,50,10,0.06
1624458292.5003111,2021-06-23T14:24:52.500311Z,52.50330666666667,13.339035,2,4,S2,1624458292.5003111,16.008244897959184,-74.03635102040816,-46.275134693877554,0.0005388275510204,41.0,641.3673469387755,5.1020408163265305,0.0274476695918367,12,49,2021-06-23 16:24:52,52.50330666666667,13.339035,37.5,18.52,234.5,0.0621,0.03,18.3,18.3,12.23,0.68,1019.3,2.79,0.95,3.0,16.093,3.14159,Joachimstaler Straße,2.835058446382928,4194.29417118697,pc2,Park,2021-06-23 16:24:52,52.5034,13.33883,26.3,16.297600000000003,302.0,0.0621,0.03,18.3,18.3,12.23,0.68,1019.3,2.79,0.95,3.0,16.093,3.14159,Joachimstaler Straße,1.5605988613325112,4209.369097841272,pc4,Park,False,False,17.315830427248873,50,10,0.02
1624458292.5197496,2021-06-23T14:24:52.519749Z,52.5034,13.33883,4,2,S2,1624458292.5197496,11.80816725,-68.9356125,-41.21237,0.006564315675,44.0,643.075,7.475,0.0843832249999999,12,40,2021-06-23 16:24:52,52.5034,13.33883,26.3,16.297600000000003,302.0,0.0621,0.03,18.3,18.3,12.23,0.68,1019.3,2.79,0.95,3.0,16.093,3.14159,Joachimstaler Straße,1.5605988613325112,4209.369097841272,pc4,Park,2021-06-23 16:24:52,52.50330666666667,13.339035,37.5,18.52,234.5,0.0621,0.03,18.3,18.3,12.23,0.68,1019.3,2.79,0.95,3.0,16.093,3.14159,Joachimstaler Straße,2.835058446382928,4194.29417118697,pc2,Park,False,False,17.315830427248873,50,10,0.2
1624458293.330654,2021-06-23T14:24:53.330653Z,52.50342166666667,13.338775,4,2,S2,1624458293.330654,15.99091857142857,-71.86905357142857,-44.09831428571429,0.0009177549642857,44.0,724.1428571428571,7.714285714285714,0.0490782557142857,12,28,2021-06-23 16:24:53,52.50342166666667,13.338775,26.4,15.9272,302.2,0.0621,0.03,18.3,18.3,12.23,0.68,1019.3,2.79,0.95,3.0,16.093,3.14159,Joachimstaler Straße,1.534584488397707,4217.988730688475,pc4,Park,2021-06-23 16:24:53,52.50333,13.338971666666666,37.6,17.0384,240.6,0.0621,0.03,18.3,18.3,12.23,0.68,1019.3,2.79,0.95,3.0,16.093,3.14159,Joachimstaler Straße,2.956438064158994,4201.2554676845375,pc2,Park,False,False,16.75458881697642,50,10,0.44
1624458293.494325,2021-06-23T14:24:53.494324Z,52.50333,13.338971666666666,2,4,S2,1624458293.494325,14.966060612244895,-75.34839591836734,-47.60062244897959,0.0004961161836734,41.0,741.1632653061224,1.163265306122449,0.0226928365306122,12,49,2021-06-23 16:24:53,52.50333,13.338971666666666,37.6,17.0384,240.6,0.0621,0.03,18.3,18.3,12.23,0.68,1019.3,2.79,0.95,3.0,16.093,3.14159,Joachimstaler Straße,2.956438064158994,4201.2554676845375,pc2,Park,2021-06-23 16:24:53,52.50342166666667,13.338775,26.4,15.9272,302.2,0.0621,0.03,18.3,18.3,12.23,0.68,1019.3,2.79,0.95,3.0,16.093,3.14159,Joachimstaler Straße,1.534584488397707,4217.988730688475,pc4,Park,False,False,16.75458881697642,50,10,0.02
1624458294.503479,2021-06-23T14:24:54.503479Z,52.50335,13.338911666666666,2,4,S2,1624458294.503479,15.671358,-74.617484,-46.825036,0.0005109696,41.0,841.68,5.14,0.027622755,12,50,2021-06-23 16:24:54,52.50335,13.338911666666666,37.6,15.742,246.5,0.0621,0.03,18.3,18.3,12.23,0.68,1019.3,2.79,0.95,3.0,16.093,3.14159,Nürnberger Straße,14.13414930789909,4205.183926889814,pc2,Park,2021-06-23 16:24:54,52.50344333333334,13.33872,26.5,15.371600000000004,303.0,0.0621,0.03,18.3,18.3,12.23,0.68,1019.3,2.79,0.95,3.0,16.093,3.14159,Joachimstaler Straße,1.5085681592385407,4222.29334472234,pc4,Park,False,False,16.602408497916617,50,10,0.0
1624458294.5776162,2021-06-23T14:24:54.577616Z,52.50344333333334,13.33872,4,2,S2,1624458294.5776162,16.20556324324324,-70.68013783783785,-42.91792162162162,0.0012124131351351,44.0,849.081081081081,5.297297297297297,0.0644907108108108,12,37,2021-06-23 16:24:54,52.50344333333334,13.33872,26.5,15.371600000000004,303.0,0.0621,0.03,18.3,18.3,12.23,0.68,1019.3,2.79,0.95,3.0,16.093,3.14159,Joachimstaler Straße,1.5085681592385407,4222.29334472234,pc4,Park,2021-06-23 16:24:54,52.50335,13.338911666666666,37.6,15.742,246.5,0.0621,0.03,18.3,18.3,12.23,0.68,1019.3,2.79,0.95,3.0,16.093,3.14159,Nürnberger Straße,14.13414930789909,4205.183926889814,pc2,Park,False,False,16.602408497916617,50,10,0.26
1624458295.4970815,2021-06-23T14:24:55.497081Z,52.503371666666666,13.338856666666668,2,4,S2,1624458295.4970815,16.66463375,-72.84464166666667,-45.0412375,0.0006292191875,41.0,940.9791666666666,5.770833333333333,0.0400460366666666,12,48,2021-06-23 16:24:55,52.503371666666666,13.338856666666668,37.6,15.5568,252.0,0.0621,0.03,18.3,18.3,12.23,0.68,1019.3,2.79,0.95,3.0,16.093,3.14159,Nürnberger Straße,14.075831641621898,4209.369097841272,pc2,Park,2021-06-23 16:24:55,52.50346666666667,13.338671666666666,26.6,14.4456,310.6,0.0621,0.03,18.3,18.3,12.23,0.68,1019.3,2.79,0.95,3.0,16.093,3.14159,Joachimstaler Straße,1.083740671352106,4222.29334472234,pc4,Park,False,False,16.37152832525104,50,10,0.04
1624458295.5388482,2021-06-23T14:24:55.538848Z,52.50346666666667,13.338671666666666,4,2,S2,1624458295.5388482,17.901457894736843,-68.12471842105263,-40.35683157894737,0.0014817128421052,44.0,945.3684210526316,3.631578947368421,0.1106221105263157,12,38,2021-06-23 16:24:55,52.50346666666667,13.338671666666666,26.6,14.4456,310.6,0.0621,0.03,18.3,18.3,12.23,0.68,1019.3,2.79,0.95,3.0,16.093,3.14159,Joachimstaler Straße,1.083740671352106,4222.29334472234,pc4,Park,2021-06-23 16:24:55,52.503371666666666,13.338856666666668,37.6,15.5568,252.0,0.0621,0.03,18.3,18.3,12.23,0.68,1019.3,2.79,0.95,3.0,16.093,3.14159,Nürnberger Straße,14.075831641621898,4209.369097841272,pc2,Park,False,False,16.37152832525104,50,10,0.24
1624458296.499625,2021-06-23T14:24:56.499624Z,52.503391666666666,13.338801666666669,2,4,S2,1624458296.499625,15.458138571428572,-74.54928367346939,-46.7670081632653,0.0006154811836734,41.0,351.734693877551,4.428571428571429,0.0243133722448979,12,49,2021-06-23 16:24:56,52.503391666666666,13.338801666666669,37.7,14.816,257.4,0.0621,0.03,18.3,18.3,12.23,0.68,1019.3,2.79,0.95,3.0,16.093,3.14159,Joachimstaler Straße,3.372582246822469,4213.674739129741,pc2,Park,2021-06-23 16:24:56,52.50349,13.338631666666666,26.5,13.1492,319.0,0.0621,0.03,18.3,18.3,12.23,0.68,1019.3,2.79,0.95,3.0,16.093,3.14159,Joachimstaler Straße,0.3554705733057823,4226.607785650358,pc4,Park,False,False,15.862579358780652,50,10,0.02
1624458296.5271142,2021-06-23T14:24:56.527114Z,52.50349,13.338631666666666,4,2,S2,1624458296.5271142,16.11781086956522,-71.36481521739131,-43.57728478260869,0.0010060778695652,44.0,309.30434782608694,6.456521739130435,0.0540184326086956,12,46,2021-06-23 16:24:56,52.50349,13.338631666666666,26.5,13.1492,319.0,0.0621,0.03,18.3,18.3,12.23,0.68,1019.3,2.79,0.95,3.0,16.093,3.14159,Joachimstaler Straße,0.3554705733057823,4226.607785650358,pc4,Park,2021-06-23 16:24:56,52.503391666666666,13.338801666666669,37.7,14.816,257.4,0.0621,0.03,18.3,18.3,12.23,0.68,1019.3,2.79,0.95,3.0,16.093,3.14159,Joachimstaler Straße,3.372582246822469,4213.674739129741,pc2,Park,False,False,15.862579358780652,50,10,0.08
1624458297.4997027,2021-06-23T14:24:57.499702Z,52.503411666666665,13.338751666666669,2,4,S2,1624458297.4997027,15.3766318,-71.967384,-44.186474,0.0010413828,41.0,117.0,8.14,0.0519650344,12,50,2021-06-23 16:24:57,52.503411666666665,13.338751666666669,37.8,13.89,262.3,0.0621,0.03,18.3,18.3,12.23,0.68,1019.3,2.79,0.95,3.0,16.093,3.14159,Joachimstaler Straße,3.320558360136455,4217.988730688475,pc2,Park,2021-06-23 16:24:57,52.503515,13.338598333333334,26.4,11.6676,321.9,0.0621,0.03,18.3,18.3,12.23,0.68,1019.3,2.79,0.95,3.0,16.093,3.14159,Joachimstaler Straße,0.7716096364851988,4230.864673319851,pc4,Park,False,False,15.47307795489703,50,10,0.0
1624458297.507082,2021-06-23T14:24:57.507081Z,52.503515,13.338598333333334,4,2,S2,1624458297.507082,19.41764693877551,-67.20607346938776,-39.47686326530612,0.0012489555306122,44.0,118.06122448979592,4.938775510204081,0.1398237836734693,12,49,2021-06-23 16:24:57,52.503515,13.338598333333334,26.4,11.6676,321.9,0.0621,0.03,18.3,18.3,12.23,0.68,1019.3,2.79,0.95,3.0,16.093,3.14159,Joachimstaler Straße,0.7716096364851988,4230.864673319851,pc4,Park,2021-06-23 16:24:57,52.503411666666665,13.338751666666669,37.8,13.89,262.3,0.0621,0.03,18.3,18.3,12.23,0.68,1019.3,2.79,0.95,3.0,16.093,3.14159,Joachimstaler Straße,3.320558360136455,4217.988730688475,pc2,Park,False,False,15.47307795489703,50,10,0.02
1624458298.4358754,2021-06-23T14:24:58.435875Z,52.50353666666667,13.338566666666669,4,2,S2,1624458298.4358754,18.2897,-68.092155,-40.2601725,0.001497247125,44.0,211.3,1.375,0.1358503,12,40,2021-06-23 16:24:58,52.50353666666667,13.338566666666669,26.2,11.4824,321.3,0.0621,0.03,18.3,18.3,12.23,0.68,1019.3,2.79,0.95,3.0,16.093,3.14159,Joachimstaler Straße,1.680070370602302,4235.05379529531,pc4,Park,2021-06-23 16:24:58,52.50343,13.338706666666669,37.9,12.4084,266.9,0.0621,0.03,18.3,18.3,12.23,0.68,1019.3,2.79,0.95,3.0,16.093,3.14159,Joachimstaler Straße,3.2425242283214937,4222.29334472234,pc2,Park,False,False,15.17116663776475,50,10,0.2
1624458298.4995458,2021-06-23T14:24:58.499545Z,52.50343,13.338706666666669,2,4,S2,1624458298.4995458,17.38443,-72.09135,-44.235058,0.0006439132799999,41.0,217.0,8.02,0.0474245604,12,50,2021-06-23 16:24:58,52.50343,13.338706666666669,37.9,12.4084,266.9,0.0621,0.03,18.3,18.3,12.23,0.68,1019.3,2.79,0.95,3.0,16.093,3.14159,Joachimstaler Straße,3.2425242283214937,4222.29334472234,pc2,Park,2021-06-23 16:24:58,52.50353666666667,13.338566666666669,26.2,11.4824,321.3,0.0621,0.03,18.3,18.3,12.23,0.68,1019.3,2.79,0.95,3.0,16.093,3.14159,Joachimstaler Straße,1.680070370602302,4235.05379529531,pc4,Park,False,False,15.17116663776475,50,10,0.0
1624458299.2821083,2021-06-23T14:24:59.282108Z,52.503555,13.338533333333334,4,2,S2,1624458299.2821083,17.76345,-65.91685,-38.16337857142857,0.0024360392857142,44.0,295.85714285714283,2.0,0.1660407214285714,12,14,2021-06-23 16:24:59,52.503555,13.338533333333334,26.1,10.5564,320.4,0.0621,0.03,18.3,18.3,12.23,0.68,1019.3,2.79,0.95,3.0,16.093,3.14159,Joachimstaler Straße,2.2166076035116364,4239.176237408433,pc4,Park,2021-06-23 16:24:59,52.50344666666667,13.338668333333333,38.0,10.7416,271.0,0.0621,0.03,18.3,18.3,12.23,0.68,1019.3,2.79,0.95,3.0,16.093,3.14159,Joachimstaler Straße,3.0777920331420074,4222.29334472234,pc2,Park,False,False,15.10951029340658,50,10,0.72
1624458299.4995706,2021-06-23T14:24:59.499570Z,52.50344666666667,13.338668333333333,2,4,S2,1624458299.4995706,16.608235999999998,-73.463612,-45.68085,0.00054464084,41.0,317.0,8.02,0.0362859616,12,50,2021-06-23 16:24:59,52.50344666666667,13.338668333333333,38.0,10.7416,271.0,0.0621,0.03,18.3,18.3,12.23,0.68,1019.3,2.79,0.95,3.0,16.093,3.14159,Joachimstaler Straße,3.0777920331420074,4222.29334472234,pc2,Park,2021-06-23 16:24:59,52.503555,13.338533333333334,26.1,10.5564,320.4,0.0621,0.03,18.3,18.3,12.23,0.68,1019.3,2.79,0.95,3.0,16.093,3.14159,Joachimstaler Straße,2.2166076035116364,4239.176237408433,pc4,Park,False,False,15.10951029340658,50,10,0.0
1624458300.5169003,2021-06-23T14:25:00.516900Z,52.50346,13.338635,2,4,S2,1624458300.5169003,15.020350434782609,-73.7692,-45.992208695652174,0.0014120994565217,41.0,418.8695652173913,6.630434782608695,0.0365724189130434,12,46,2021-06-23 16:25:00,52.50346,13.338635,38.1,9.074800000000002,274.9,0.0621,0.03,18.3,18.3,12.23,0.68,1019.3,2.79,0.95,3.0,16.093,3.14159,Joachimstaler Straße,3.043106722454429,4226.607785650358,pc2,Park,2021-06-23 16:25:00,52.503571666666666,13.338506666666667,25.7,8.5192,318.7,0.0621,0.03,18.3,18.3,12.23,0.68,1019.3,2.79,0.95,3.0,16.093,3.14159,Joachimstaler Straße,2.834439637037856,4239.176237408433,pc4,Park,False,False,15.143287960446036,50,10,0.08
1624458300.5416107,2021-06-23T14:25:00.541610Z,52.503571666666666,13.338506666666667,4,2,S2,1624458300.5416107,17.616415217391303,-69.8293804347826,-42.08231956521739,0.0010214439130434,44.0,422.0,0.0869565217391304,0.0873345217391304,12,46,2021-06-23 16:25:00,52.503571666666666,13.338506666666667,25.7,8.5192,318.7,0.0621,0.03,18.3,18.3,12.23,0.68,1019.3,2.79,0.95,3.0,16.093,3.14159,Joachimstaler Straße,2.834439637037856,4239.176237408433,pc4,Park,2021-06-23 16:25:00,52.50346,13.338635,38.1,9.074800000000002,274.9,0.0621,0.03,18.3,18.3,12.23,0.68,1019.3,2.79,0.95,3.0,16.093,3.14159,Joachimstaler Straße,3.043106722454429,4226.607785650358,pc2,Park,False,False,15.143287960446036,50,10,0.08
1624458301.3778396,2021-06-23T14:25:01.377839Z,52.503475,13.338606666666667,2,4,S2,1624458301.3778396,17.56338823529412,-72.51563529411764,-44.73900588235294,0.0005376708823529,41.0,504.88235294117646,7.470588235294118,0.0380535094117647,12,17,2021-06-23 16:25:01,52.503475,13.338606666666667,38.2,8.704400000000001,318.4,0.0621,0.03,18.3,18.3,12.23,0.68,1019.3,2.79,0.95,3.0,16.093,3.14159,Joachimstaler Straße,2.6702998580160173,4226.607785650358,pc2,Park,2021-06-23 16:25:01,52.50358666666666,13.338483333333333,25.2,7.408,318.7,0.0621,0.03,18.3,18.3,12.23,0.68,1019.3,2.79,0.95,3.0,16.093,3.14159,Joachimstaler Straße,3.4143351125312003,4243.183280913329,pc4,Park,False,False,14.951970490836256,50,10,0.66
1624458301.4871752,2021-06-23T14:25:01.487175Z,52.50358666666666,13.338483333333333,4,2,S2,1624458301.4871752,14.657270217391304,-69.94960434782608,-42.15418695652174,0.0034742752608695,44.0,516.4782608695652,0.8695652173913043,0.0720594891304347,12,46,2021-06-23 16:25:01,52.50358666666666,13.338483333333333,25.2,7.408,318.7,0.0621,0.03,18.3,18.3,12.23,0.68,1019.3,2.79,0.95,3.0,16.093,3.14159,Joachimstaler Straße,3.4143351125312003,4243.183280913329,pc4,Park,2021-06-23 16:25:01,52.503475,13.338606666666667,38.2,8.704400000000001,318.4,0.0621,0.03,18.3,18.3,12.23,0.68,1019.3,2.79,0.95,3.0,16.093,3.14159,Joachimstaler Straße,2.6702998580160173,4226.607785650358,pc2,Park,False,False,14.951970490836256,50,10,0.08
1624458302.511715,2021-06-23T14:25:02.511714Z,52.503598333333336,13.338455,4,2,S2,1624458302.511715,17.1385,-70.83572127659573,-43.04216595744681,0.0008848994468085,44.0,618.5957446808511,4.25531914893617,0.0555899978723404,12,47,2021-06-23 16:25:02,52.503598333333336,13.338455,25.3,7.0376,313.1,0.0621,0.03,18.3,18.3,12.23,0.68,1019.3,2.79,0.95,3.0,16.093,3.14159,Joachimstaler Straße,3.5010483558485808,4243.183280913329,pc4,Park,2021-06-23 16:25:02,52.50349333333333,13.338583333333334,38.2,9.26,324.9,0.0621,0.03,18.3,18.3,12.23,0.68,1019.3,2.79,0.95,3.0,16.093,3.14159,Joachimstaler Straße,1.8033153821225685,4230.864673319851,pc2,Park,False,False,14.542492823610138,50,10,0.06
1624458302.5266116,2021-06-23T14:25:02.526611Z,52.50349333333333,13.338583333333334,2,4,S2,1624458302.5266116,16.204791304347825,-73.98346956521739,-46.1893,0.000516304847826,41.0,620.195652173913,3.108695652173913,0.0270062239130434,12,46,2021-06-23 16:25:02,52.50349333333333,13.338583333333334,38.2,9.26,324.9,0.0621,0.03,18.3,18.3,12.23,0.68,1019.3,2.79,0.95,3.0,16.093,3.14159,Joachimstaler Straße,1.8033153821225685,4230.864673319851,pc2,Park,2021-06-23 16:25:02,52.503598333333336,13.338455,25.3,7.0376,313.1,0.0621,0.03,18.3,18.3,12.23,0.68,1019.3,2.79,0.95,3.0,16.093,3.14159,Joachimstaler Straße,3.5010483558485808,4243.183280913329,pc4,Park,False,False,14.542492823610138,50,10,0.08
1624458303.4970696,2021-06-23T14:25:03.497069Z,52.50360833333333,13.33843,4,2,S2,1624458303.4970696,16.827099999999998,-71.266925,-43.48523541666666,0.0008687243541666,44.0,717.1458333333334,4.083333333333333,0.05076070625,12,48,2021-06-23 16:25:03,52.50360833333333,13.33843,25.2,6.6672,309.1,0.0621,0.03,18.3,18.3,12.23,0.68,1019.3,2.79,0.95,3.0,16.093,3.14159,Joachimstaler Straße,3.5498249137321616,4247.026459042768,pc4,Park,2021-06-23 16:25:03,52.50351,13.338561666666669,38.1,8.704400000000001,321.5,0.0621,0.03,18.3,18.3,12.23,0.68,1019.3,2.79,0.95,3.0,16.093,3.14159,Joachimstaler Straße,1.0134652629103458,4235.05379529531,pc2,Park,False,False,14.09652171780704,50,10,0.04
1624458303.500348,2021-06-23T14:25:03.500347Z,52.50351,13.338561666666669,2,4,S2,1624458303.500348,15.59966,-74.7264918367347,-46.925702040816326,0.0004954268571428,41.0,717.5510204081633,3.306122448979592,0.0238178506122449,12,49,2021-06-23 16:25:03,52.50351,13.338561666666669,38.1,8.704400000000001,321.5,0.0621,0.03,18.3,18.3,12.23,0.68,1019.3,2.79,0.95,3.0,16.093,3.14159,Joachimstaler Straße,1.0134652629103458,4235.05379529531,pc2,Park,2021-06-23 16:25:03,52.50360833333333,13.33843,25.2,6.6672,309.1,0.0621,0.03,18.3,18.3,12.23,0.68,1019.3,2.79,0.95,3.0,16.093,3.14159,Joachimstaler Straße,3.5498249137321616,4247.026459042768,pc4,Park,False,False,14.09652171780704,50,10,0.02
1624458304.3105652,2021-06-23T14:25:04.310565Z,52.50362,13.33841,4,2,S2,1624458304.3105652,18.918783333333334,-68.96775000000001,-41.14151666666667,0.0009229683333333,44.0,798.3333333333334,5.666666666666667,0.0877700333333333,12,6,2021-06-23 16:25:04,52.50362,13.33841,24.9,6.1116,310.0,0.0621,0.03,18.3,18.3,12.23,0.68,1019.3,2.79,0.95,3.0,16.093,3.14159,Joachimstaler Straße,3.9346162895276415,4247.026459042768,pc4,Park,2021-06-23 16:25:04,52.50352,13.338546666666666,38.1,0.0,321.5,0.0621,0.03,18.3,18.3,12.23,0.68,1019.3,2.79,0.95,3.0,16.093,3.14159,Joachimstaler Straße,0.6069971879442128,4235.05379529531,pc2,Park,False,False,14.454479651901355,50,10,0.88
1624458304.4980333,2021-06-23T14:25:04.498033Z,52.50352,13.338546666666666,2,4,S2,1624458304.4980333,15.638526530612245,-74.28608367346938,-46.50816326530612,0.0005394553265306,41.0,817.3265306122449,3.204081632653061,0.0284892075510204,12,49,2021-06-23 16:25:04,52.50352,13.338546666666666,38.1,0.0,321.5,0.0621,0.03,18.3,18.3,12.23,0.68,1019.3,2.79,0.95,3.0,16.093,3.14159,Joachimstaler Straße,0.6069971879442128,4235.05379529531,pc2,Park,2021-06-23 16:25:04,52.50362,13.33841,24.9,6.1116,310.0,0.0621,0.03,18.3,18.3,12.23,0.68,1019.3,2.79,0.95,3.0,16.093,3.14159,Joachimstaler Straße,3.9346162895276415,4247.026459042768,pc4,Park,False,False,14.454479651901355,50,10,0.02
1624458305.486164,2021-06-23T14:25:05.486164Z,52.50352,13.338545,2,4,S2,1624458305.486164,14.557778723404256,-75.67747021276595,-47.88199787234043,0.0004964903191489,41.0,916.0851063829788,3.74468085106383,0.017346884893617,12,47,2021-06-23 16:25:05,52.50352,13.338545,38.0,0.0,321.5,0.0621,0.03,18.3,18.3,12.23,0.68,1019.3,2.79,0.95,3.0,16.093,3.14159,Joachimstaler Straße,0.6666127655974122,4235.05379529531,pc2,Park,2021-06-23 16:25:05,52.50363,13.338393333333332,24.8,5.000400000000001,310.0,0.0621,0.03,18.3,18.3,12.23,0.68,1019.3,2.79,0.95,3.0,16.093,3.14159,Joachimstaler Straße,4.281470673197434,4250.66730994463,pc4,Park,False,False,15.957756515961282,50,10,0.06
1624458305.6804335,2021-06-23T14:25:05.680433Z,52.50363,13.338393333333332,4,2,S2,1624458305.6804335,20.00145,-68.43225000000001,-40.69775,0.000805835,44.0,935.0,9.0,0.08471565,12,2,2021-06-23 16:25:05,52.50363,13.338393333333332,24.8,5.000400000000001,310.0,0.0621,0.03,18.3,18.3,12.23,0.68,1019.3,2.79,0.95,3.0,16.093,3.14159,Joachimstaler Straße,4.281470673197434,4250.66730994463,pc4,Park,2021-06-23 16:25:05,52.50352,13.338545,38.0,0.0,321.5,0.0621,0.03,18.3,18.3,12.23,0.68,1019.3,2.79,0.95,3.0,16.093,3.14159,Joachimstaler Straße,0.6666127655974122,4235.05379529531,pc2,Park,False,False,15.957756515961282,50,10,0.96
1624458306.4912386,2021-06-23T14:25:06.491238Z,52.50352166666666,13.338546666666666,2,4,S2,1624458306.4912386,14.742529545454545,-75.56951363636364,-47.72746818181818,0.0004914119090909,41.0,551.2045454545455,3.113636363636364,0.0206323168181818,12,44,2021-06-23 16:25:06,52.50352166666666,13.338546666666666,38.0,0.0,321.5,0.0621,0.03,18.3,18.3,12.23,0.68,1019.3,2.79,0.95,3.0,16.093,3.14159,Joachimstaler Straße,0.4498291277547856,4235.05379529531,pc2,Park,2021-06-23 16:25:06,52.503636666666665,13.338381666666669,24.8,2.9632000000000005,310.0,0.0621,0.03,18.3,18.3,12.23,0.68,1019.3,2.79,0.95,3.0,16.093,3.14159,Joachimstaler Straße,4.492835235352265,4250.66730994463,pc4,Park,False,False,16.966407476473204,50,10,0.12
1624458306.519323,2021-06-23T14:25:06.519323Z,52.503636666666665,13.338381666666669,4,2,S2,1624458306.519323,15.108153061224488,-71.86631224489797,-44.010455102040815,0.0011239639183673,44.0,538.5714285714286,5.571428571428571,0.0479409979591836,12,49,2021-06-23 16:25:06,52.503636666666665,13.338381666666669,24.8,2.9632000000000005,310.0,0.0621,0.03,18.3,18.3,12.23,0.68,1019.3,2.79,0.95,3.0,16.093,3.14159,Joachimstaler Straße,4.492835235352265,4250.66730994463,pc4,Park,2021-06-23 16:25:06,52.50352166666666,13.338546666666666,38.0,0.0,321.5,0.0621,0.03,18.3,18.3,12.23,0.68,1019.3,2.79,0.95,3.0,16.093,3.14159,Joachimstaler Straße,0.4498291277547856,4235.05379529531,pc2,Park,False,False,16.966407476473204,50,10,0.02
1624458307.442775,2021-06-23T14:25:07.442775Z,52.50365,13.338385,4,2,S2,1624458307.442775,17.576968292682928,-69.22416829268293,-41.37838536585366,0.00118527,44.0,87.5609756097561,5.634146341463414,0.0854035219512195,12,41,2021-06-23 16:25:07,52.50365,13.338385,24.7,0.0,310.0,0.0621,0.03,18.3,18.3,12.23,0.68,1019.3,2.79,0.95,3.0,16.093,3.14159,Joachimstaler Straße,5.869411036812194,4250.66730994463,pc4,Park,2021-06-23 16:25:07,52.503525,13.338541666666666,38.0,0.0,321.5,0.0621,0.03,18.3,18.3,12.23,0.68,1019.3,2.79,0.95,3.0,16.093,3.14159,Joachimstaler Straße,0.3143397296639973,4235.05379529531,pc2,Park,False,False,17.470776603771597,50,10,0.18
1624458307.5081804,2021-06-23T14:25:07.508180Z,52.503525,13.338541666666666,2,4,S2,1624458307.5081804,16.93345306122449,-72.91231224489796,-45.07266734693877,0.0005603753265306,41.0,94.3061224489796,3.571428571428572,0.0370562846938775,12,49,2021-06-23 16:25:07,52.503525,13.338541666666666,38.0,0.0,321.5,0.0621,0.03,18.3,18.3,12.23,0.68,1019.3,2.79,0.95,3.0,16.093,3.14159,Joachimstaler Straße,0.3143397296639973,4235.05379529531,pc2,Park,2021-06-23 16:25:07,52.50365,13.338385,24.7,0.0,310.0,0.0621,0.03,18.3,18.3,12.23,0.68,1019.3,2.79,0.95,3.0,16.093,3.14159,Joachimstaler Straße,5.869411036812194,4250.66730994463,pc4,Park,False,False,17.470776603771597,50,10,0.02
1624458308.4778843,2021-06-23T14:25:08.477884Z,52.503528333333335,13.338531666666666,2,4,S2,1624458308.4778843,15.136615555555554,-75.26910444444444,-47.430073333333326,0.0004830845111111,41.0,191.22222222222223,4.111111111111111,0.0208037028888888,12,45,2021-06-23 16:25:08,52.503528333333335,13.338531666666666,38.0,0.0,321.5,0.0621,0.03,18.3,18.3,12.23,0.68,1019.3,2.79,0.95,3.0,16.093,3.14159,Joachimstaler Straße,0.3576970111442939,4235.05379529531,pc2,Park,2021-06-23 16:25:08,52.50365833333333,13.338383333333333,25.5,0.0,310.0,0.0621,0.03,18.3,18.3,12.23,0.68,1019.3,2.79,0.95,3.0,16.093,3.14159,Joachimstaler Straße,6.595636240938154,4250.66730994463,pc4,Park,False,False,17.588099269866742,50,10,0.1
1624458308.679762,2021-06-23T14:25:08.679762Z,52.50365833333333,13.338383333333333,4,2,S2,1624458308.679762,15.374362068965516,-72.68808620689654,-44.8239,0.0008651291034482,44.0,211.24137931034485,5.793103448275862,0.0385593344827586,12,29,2021-06-23 16:25:08,52.50365833333333,13.338383333333333,25.5,0.0,310.0,0.0621,0.03,18.3,18.3,12.23,0.68,1019.3,2.79,0.95,3.0,16.093,3.14159,Joachimstaler Straße,6.595636240938154,4250.66730994463,pc4,Park,2021-06-23 16:25:08,52.503528333333335,13.338531666666666,38.0,0.0,321.5,0.0621,0.03,18.3,18.3,12.23,0.68,1019.3,2.79,0.95,3.0,16.093,3.14159,Joachimstaler Straße,0.3576970111442939,4235.05379529531,pc2,Park,False,False,17.588099269866742,50,10,0.42
1624458309.1944158,2021-06-23T14:25:09.194415Z,52.50353666666667,13.33852,2,4,S2,1624458309.1944158,15.620974210526317,-73.71194736842105,-45.94424736842105,0.001084236368421,41.0,263.0,2.8947368421052637,0.027726847368421,12,19,2021-06-23 16:25:09,52.50353666666667,13.33852,38.1,0.0,321.5,0.0621,0.03,18.3,18.3,12.23,0.68,1019.3,2.79,0.95,3.0,16.093,3.14159,Joachimstaler Straße,0.0108344245634641,4239.176237408433,pc2,Park,2021-06-23 16:25:09,52.503665,13.338386666666668,25.8,0.0,310.0,0.0621,0.03,18.3,18.3,12.23,0.68,1019.3,2.79,0.95,3.0,16.093,3.14159,Joachimstaler Straße,7.343539537847487,4254.154304524996,pc4,Park,False,False,16.872852534180836,50,10,0.62
1624458309.496858,2021-06-23T14:25:09.496857Z,52.503665,13.338386666666668,4,2,S2,1624458309.496858,18.04935306122449,-69.38751224489796,-41.57373673469388,0.0010661916938775,44.0,292.7142857142857,8.204081632653061,0.0983322673469387,12,49,2021-06-23 16:25:09,52.503665,13.338386666666668,25.8,0.0,310.0,0.0621,0.03,18.3,18.3,12.23,0.68,1019.3,2.79,0.95,3.0,16.093,3.14159,Joachimstaler Straße,7.343539537847487,4254.154304524996,pc4,Park,2021-06-23 16:25:09,52.50353666666667,13.33852,38.1,0.0,321.5,0.0621,0.03,18.3,18.3,12.23,0.68,1019.3,2.79,0.95,3.0,16.093,3.14159,Joachimstaler Straße,0.0108344245634641,4239.176237408433,pc2,Park,False,False,16.872852534180836,50,10,0.02
1624458310.4922266,2021-06-23T14:25:10.492226Z,52.503665,13.338386666666668,4,2,S2,1624458310.4922266,20.042446,-65.714336,-37.917544,0.00227655052,44.0,392.28,7.92,0.211747682,12,50,2021-06-23 16:25:10,52.503665,13.338386666666668,25.8,0.0,310.0,0.0621,0.03,18.3,18.3,12.23,0.68,1019.3,2.79,0.95,3.0,16.093,3.14159,Joachimstaler Straße,7.343539537847487,4254.154304524996,pc4,Park,2021-06-23 16:25:10,52.503545,13.338506666666667,38.1,0.0,321.5,0.0621,0.03,18.3,18.3,12.23,0.68,1019.3,2.79,0.95,3.0,16.093,3.14159,Joachimstaler Straße,0.3197504252176082,4239.176237408433,pc2,Park,False,False,15.610448810078648,50,10,0.0
1624458310.548279,2021-06-23T14:25:10.548279Z,52.503545,13.338506666666667,2,4,S2,1624458310.548279,15.78123411764706,-68.18453235294118,-40.39920588235295,0.0049726386764705,41.0,398.38235294117646,2.911764705882353,0.1058312794117647,12,34,2021-06-23 16:25:10,52.503545,13.338506666666667,38.1,0.0,321.5,0.0621,0.03,18.3,18.3,12.23,0.68,1019.3,2.79,0.95,3.0,16.093,3.14159,Joachimstaler Straße,0.3197504252176082,4239.176237408433,pc2,Park,2021-06-23 16:25:10,52.503665,13.338386666666668,25.8,0.0,310.0,0.0621,0.03,18.3,18.3,12.23,0.68,1019.3,2.79,0.95,3.0,16.093,3.14159,Joachimstaler Straße,7.343539537847487,4254.154304524996,pc4,Park,False,False,15.610448810078648,50,10,0.32
1624458311.4954882,2021-06-23T14:25:11.495488Z,52.503665,13.338386666666668,4,2,S2,1624458311.4954882,20.44448,-65.666232,-37.877886,0.00165255946,44.0,493.0,4.0,0.244532022,12,50,2021-06-23 16:25:11,52.503665,13.338386666666668,25.8,0.0,310.0,0.0621,0.03,18.3,18.3,12.23,0.68,1019.3,2.79,0.95,3.0,16.093,3.14159,Joachimstaler Straße,7.343539537847487,4254.154304524996,pc4,Park,2021-06-23 16:25:11,52.503553333333336,13.338491666666666,38.3,0.0,321.5,0.0621,0.03,18.3,18.3,12.23,0.68,1019.3,2.79,0.95,3.0,16.093,3.14159,Joachimstaler Straße,0.5690510299433394,4239.176237408433,pc2,Park,False,False,14.2970820880685,50,10,0.0
1624458311.5060184,2021-06-23T14:25:11.506018Z,52.503553333333336,13.338491666666666,2,4,S2,1624458311.5060184,13.331040408163268,-68.41845102040817,-40.6401306122449,0.0055444261020408,41.0,494.0612244897959,3.857142857142857,0.1196035387755102,12,49,2021-06-23 16:25:11,52.503553333333336,13.338491666666666,38.3,0.0,321.5,0.0621,0.03,18.3,18.3,12.23,0.68,1019.3,2.79,0.95,3.0,16.093,3.14159,Joachimstaler Straße,0.5690510299433394,4239.176237408433,pc2,Park,2021-06-23 16:25:11,52.503665,13.338386666666668,25.8,0.0,310.0,0.0621,0.03,18.3,18.3,12.23,0.68,1019.3,2.79,0.95,3.0,16.093,3.14159,Joachimstaler Straße,7.343539537847487,4254.154304524996,pc4,Park,False,False,14.2970820880685,50,10,0.02
1624458312.4987695,2021-06-23T14:25:12.498769Z,52.50355833333333,13.33848,2,4,S2,1624458312.4987695,11.5949364,-68.54350000000001,-40.745966,0.0071288538199999,41.0,593.24,4.8,0.1089039522,12,50,2021-06-23 16:25:12,52.50355833333333,13.33848,38.4,0.0,321.5,0.0621,0.03,18.3,18.3,12.23,0.68,1019.3,2.79,0.95,3.0,16.093,3.14159,Joachimstaler Straße,0.6232466430961475,4239.176237408433,pc2,Park,2021-06-23 16:25:12,52.503665,13.338386666666668,25.8,0.0,310.0,0.0621,0.03,18.3,18.3,12.23,0.68,1019.3,2.79,0.95,3.0,16.093,3.14159,Joachimstaler Straße,7.343539537847487,4254.154304524996,pc4,Park,False,False,13.429070994011786,50,10,0.0
1624458312.5051017,2021-06-23T14:25:12.505101Z,52.503665,13.338386666666668,4,2,S2,1624458312.5051017,21.219395918367344,-65.11388979591837,-37.303908163265305,0.0014348534693877,44.0,593.9591836734694,4.0,0.2347917306122448,12,49,2021-06-23 16:25:12,52.503665,13.338386666666668,25.8,0.0,310.0,0.0621,0.03,18.3,18.3,12.23,0.68,1019.3,2.79,0.95,3.0,16.093,3.14159,Joachimstaler Straße,7.343539537847487,4254.154304524996,pc4,Park,2021-06-23 16:25:12,52.50355833333333,13.33848,38.4,0.0,321.5,0.0621,0.03,18.3,18.3,12.23,0.68,1019.3,2.79,0.95,3.0,16.093,3.14159,Joachimstaler Straße,0.6232466430961475,4239.176237408433,pc2,Park,False,False,13.429070994011786,50,10,0.02
1624458313.4979155,2021-06-23T14:25:13.497915Z,52.503665,13.338386666666668,4,2,S2,1624458313.4979155,21.895344,-64.399492,-36.644536,0.00141592158,44.0,693.0,6.4,0.22367272,12,50,2021-06-23 16:25:13,52.503665,13.338386666666668,25.8,0.0,310.0,0.0621,0.03,18.3,18.3,12.23,0.68,1019.3,2.79,0.95,3.0,16.093,3.14159,Joachimstaler Straße,7.343539537847487,4254.154304524996,pc4,Park,2021-06-23 16:25:13,52.50355833333333,13.338475,38.7,0.0,321.5,0.0621,0.03,18.3,18.3,12.23,0.68,1019.3,2.79,0.95,3.0,16.093,3.14159,Joachimstaler Straße,0.444400105611394,4239.176237408433,pc2,Park,False,False,13.273412196599164,50,10,0.0
1624458313.5014892,2021-06-23T14:25:13.501489Z,52.50355833333333,13.338475,2,4,S2,1624458313.5014892,16.023549591836733,-67.98818979591837,-40.21819591836735,0.005259867,41.0,693.6734693877551,3.224489795918368,0.1000106346938775,12,49,2021-06-23 16:25:13,52.50355833333333,13.338475,38.7,0.0,321.5,0.0621,0.03,18.3,18.3,12.23,0.68,1019.3,2.79,0.95,3.0,16.093,3.14159,Joachimstaler Straße,0.444400105611394,4239.176237408433,pc2,Park,2021-06-23 16:25:13,52.503665,13.338386666666668,25.8,0.0,310.0,0.0621,0.03,18.3,18.3,12.23,0.68,1019.3,2.79,0.95,3.0,16.093,3.14159,Joachimstaler Straße,7.343539537847487,4254.154304524996,pc4,Park,False,False,13.273412196599164,50,10,0.02
1624458314.499896,2021-06-23T14:25:14.499896Z,52.503665,13.338386666666668,4,2,S2,1624458314.499896,22.143510204081636,-63.72329795918368,-35.851546938775506,0.0015666622857142,44.0,792.9591836734694,8.795918367346939,0.2653132653061224,12,49,2021-06-23 16:25:14,52.503665,13.338386666666668,25.8,0.0,310.0,0.0621,0.03,18.3,18.3,12.23,0.68,1019.3,2.79,0.95,3.0,16.093,3.14159,Joachimstaler Straße,7.343539537847487,4254.154304524996,pc4,Park,2021-06-23 16:25:14,52.50356,13.33848,38.8,0.0,321.5,0.0621,0.03,18.3,18.3,12.23,0.68,1019.3,2.79,0.95,3.0,16.093,3.14159,Joachimstaler Straße,0.7804147292430103,4239.176237408433,pc2,Park,False,False,13.265906519137085,50,10,0.02
1624458314.501542,2021-06-23T14:25:14.501541Z,52.50356,13.33848,2,4,S2,1624458314.501542,19.9083178,-67.62420200000001,-39.722642,0.0013928289,41.0,794.0,0.0,0.109633486,12,50,2021-06-23 16:25:14,52.50356,13.33848,38.8,0.0,321.5,0.0621,0.03,18.3,18.3,12.23,0.68,1019.3,2.79,0.95,3.0,16.093,3.14159,Joachimstaler Straße,0.7804147292430103,4239.176237408433,pc2,Park,2021-06-23 16:25:14,52.503665,13.338386666666668,25.8,0.0,310.0,0.0621,0.03,18.3,18.3,12.23,0.68,1019.3,2.79,0.95,3.0,16.093,3.14159,Joachimstaler Straße,7.343539537847487,4254.154304524996,pc4,Park,False,False,13.265906519137085,50,10,0.0
1624458315.4932926,2021-06-23T14:25:15.493292Z,52.50356,13.338485,2,4,S2,1624458315.4932926,11.827787446808513,-70.36280212765958,-42.56205319148936,0.0052503702340425,41.0,893.1276595744681,0.4680851063829787,0.0684878763829787,12,47,2021-06-23 16:25:15,52.50356,13.338485,39.1,0.0,321.5,0.0621,0.03,18.3,18.3,12.23,0.68,1019.3,2.79,0.95,3.0,16.093,3.14159,Joachimstaler Straße,0.9592612759471284,4239.176237408433,pc2,Park,2021-06-23 16:25:15,52.503665,13.338386666666668,25.8,0.0,310.0,0.0621,0.03,18.3,18.3,12.23,0.68,1019.3,2.79,0.95,3.0,16.093,3.14159,Joachimstaler Straße,7.343539537847487,4254.154304524996,pc4,Park,False,False,13.430169496262216,50,10,0.06
1624458315.5098543,2021-06-23T14:25:15.509854Z,52.503665,13.338386666666668,4,2,S2,1624458315.5098543,13.910205102040816,-66.28431836734694,-38.51027551020408,0.0125351909591836,44.0,894.2857142857143,5.469387755102041,0.1817521224489796,12,49,2021-06-23 16:25:15,52.503665,13.338386666666668,25.8,0.0,310.0,0.0621,0.03,18.3,18.3,12.23,0.68,1019.3,2.79,0.95,3.0,16.093,3.14159,Joachimstaler Straße,7.343539537847487,4254.154304524996,pc4,Park,2021-06-23 16:25:15,52.50356,13.338485,39.1,0.0,321.5,0.0621,0.03,18.3,18.3,12.23,0.68,1019.3,2.79,0.95,3.0,16.093,3.14159,Joachimstaler Straße,0.9592612759471284,4239.176237408433,pc2,Park,False,False,13.430169496262216,50,10,0.02
1624458316.511005,2021-06-23T14:25:16.511004Z,52.50356,13.338488333333334,2,4,S2,1624458316.511005,14.42042705882353,-68.27460784313726,-40.48646078431372,0.0047468825882352,41.0,773.7254901960785,3.5686274509803924,0.089623162745098,12,51,2021-06-23 16:25:16,52.50356,13.338488333333334,39.3,0.0,321.5,0.0621,0.03,18.3,18.3,12.23,0.68,1019.3,2.79,0.95,3.0,16.093,3.14159,Joachimstaler Straße,1.0784923132798965,4239.176237408433,pc2,Park,2021-06-23 16:25:16,52.503665,13.338386666666668,25.8,0.0,310.0,0.0621,0.03,18.3,18.3,12.23,0.68,1019.3,2.79,0.95,3.0,16.093,3.14159,Joachimstaler Straße,7.343539537847487,4254.154304524996,pc4,Park,False,False,13.543262966764502,50,10,-0.02
1624458316.51109,2021-06-23T14:25:16.511090Z,52.503665,13.338386666666668,4,2,S2,1624458316.51109,16.99891549019608,-64.53550784313725,-36.76371568627451,0.0096356908823529,44.0,773.7647058823529,3.294117647058824,0.211631156862745,12,51,2021-06-23 16:25:16,52.503665,13.338386666666668,25.8,0.0,310.0,0.0621,0.03,18.3,18.3,12.23,0.68,1019.3,2.79,0.95,3.0,16.093,3.14159,Joachimstaler Straße,7.343539537847487,4254.154304524996,pc4,Park,2021-06-23 16:25:16,52.50356,13.338488333333334,39.3,0.0,321.5,0.0621,0.03,18.3,18.3,12.23,0.68,1019.3,2.79,0.95,3.0,16.093,3.14159,Joachimstaler Straße,1.0784923132798965,4239.176237408433,pc2,Park,False,False,13.543262966764502,50,10,-0.02
1624458317.4736412,2021-06-23T14:25:17.473641Z,52.50356,13.338488333333334,2,4,S2,1624458317.4736412,17.03069456521739,-69.84313913043478,-42.000417391304346,0.0021117820217391,41.0,66.54347826086956,6.652173913043479,0.0648540717391304,12,46,2021-06-23 16:25:17,52.50356,13.338488333333334,39.3,0.0,321.5,0.0621,0.03,18.3,18.3,12.23,0.68,1019.3,2.79,0.95,3.0,16.093,3.14159,Joachimstaler Straße,1.0784923132798965,4239.176237408433,pc2,Park,2021-06-23 16:25:17,52.503665,13.338386666666668,25.8,0.0,310.0,0.0621,0.03,18.3,18.3,12.23,0.68,1019.3,2.79,0.95,3.0,16.093,3.14159,Joachimstaler Straße,7.343539537847487,4254.154304524996,pc4,Park,False,False,13.543262966764502,50,10,0.08
1624458317.500904,2021-06-23T14:25:17.500904Z,52.503665,13.338386666666668,4,2,S2,1624458317.500904,13.261208733333335,-65.20000666666667,-37.36380666666667,0.0205857223777777,44.0,69.57777777777778,3.6222222222222222,0.1889619777777778,12,45,2021-06-23 16:25:17,52.503665,13.338386666666668,25.8,0.0,310.0,0.0621,0.03,18.3,18.3,12.23,0.68,1019.3,2.79,0.95,3.0,16.093,3.14159,Joachimstaler Straße,7.343539537847487,4254.154304524996,pc4,Park,2021-06-23 16:25:17,52.50356,13.338488333333334,39.3,0.0,321.5,0.0621,0.03,18.3,18.3,12.23,0.68,1019.3,2.79,0.95,3.0,16.093,3.14159,Joachimstaler Straße,1.0784923132798965,4239.176237408433,pc2,Park,False,False,13.543262966764502,50,10,0.1
1624458318.4935882,2021-06-23T14:25:18.493588Z,52.503665,13.338386666666668,4,2,S2,1624458318.4935882,19.241920408163267,-66.9291918367347,-39.18795510204082,0.0014681710612244,44.0,168.89795918367346,3.1020408163265305,0.1402196755102041,12,49,2021-06-23 16:25:18,52.503665,13.338386666666668,25.8,0.0,310.0,0.0621,0.03,18.3,18.3,12.23,0.68,1019.3,2.79,0.95,3.0,16.093,3.14159,Joachimstaler Straße,7.343539537847487,4254.154304524996,pc4,Park,2021-06-23 16:25:18,52.50356,13.338488333333334,39.3,0.0,321.5,0.0621,0.03,18.3,18.3,12.23,0.68,1019.3,2.79,0.95,3.0,16.093,3.14159,Joachimstaler Straße,1.0784923132798965,4239.176237408433,pc2,Park,False,False,13.543262966764502,50,10,0.02
1624458318.511137,2021-06-23T14:25:18.511137Z,52.50356,13.338488333333334,2,4,S2,1624458318.511137,13.6278544,-69.95929199999999,-42.21983600000001,0.00526523532,41.0,170.36,6.0,0.075610524,12,25,2021-06-23 16:25:18,52.50356,13.338488333333334,39.3,0.0,321.5,0.0621,0.03,18.3,18.3,12.23,0.68,1019.3,2.79,0.95,3.0,16.093,3.14159,Joachimstaler Straße,1.0784923132798965,4239.176237408433,pc2,Park,2021-06-23 16:25:18,52.503665,13.338386666666668,25.8,0.0,310.0,0.0621,0.03,18.3,18.3,12.23,0.68,1019.3,2.79,0.95,3.0,16.093,3.14159,Joachimstaler Straße,7.343539537847487,4254.154304524996,pc4,Park,False,False,13.543262966764502,50,10,0.5
1624458319.4950085,2021-06-23T14:25:19.495008Z,52.503665,13.338386666666668,4,2,S2,1624458319.4950085,17.363300408163266,-65.88995306122449,-38.07728163265306,0.0027149526938775,44.0,269.3469387755102,0.0,0.1656362857142857,12,49,2021-06-23 16:25:19,52.503665,13.338386666666668,25.8,0.0,310.0,0.0621,0.03,18.3,18.3,12.23,0.68,1019.3,2.79,0.95,3.0,16.093,3.14159,Joachimstaler Straße,7.343539537847487,4254.154304524996,pc4,Park,2021-06-23 16:25:19,52.50356,13.338488333333334,39.3,0.0,321.5,0.0621,0.03,18.3,18.3,12.23,0.68,1019.3,2.79,0.95,3.0,16.093,3.14159,Joachimstaler Straße,1.0784923132798965,4239.176237408433,pc2,Park,False,False,13.543262966764502,50,10,0.02
1624458319.498364,2021-06-23T14:25:19.498363Z,52.50356,13.338488333333334,2,4,S2,1624458319.498364,19.411942857142854,-69.52847346938775,-41.69527551020408,0.0007142302857142,41.0,269.0816326530612,6.0,0.071630787755102,12,49,2021-06-23 16:25:19,52.50356,13.338488333333334,39.3,0.0,321.5,0.0621,0.03,18.3,18.3,12.23,0.68,1019.3,2.79,0.95,3.0,16.093,3.14159,Joachimstaler Straße,1.0784923132798965,4239.176237408433,pc2,Park,2021-06-23 16:25:19,52.503665,13.338386666666668,25.8,0.0,310.0,0.0621,0.03,18.3,18.3,12.23,0.68,1019.3,2.79,0.95,3.0,16.093,3.14159,Joachimstaler Straße,7.343539537847487,4254.154304524996,pc4,Park,False,False,13.543262966764502,50,10,0.02
1624458320.4999163,2021-06-23T14:25:20.499916Z,52.503665,13.338386666666668,4,2,S2,1624458320.4999163,20.035,-65.638718,-37.813954,0.00159890886,44.0,369.82,0.16,0.187141622,12,50,2021-06-23 16:25:20,52.503665,13.338386666666668,25.8,0.0,310.0,0.0621,0.03,18.3,18.3,12.23,0.68,1019.3,2.79,0.95,3.0,16.093,3.14159,Joachimstaler Straße,7.343539537847487,4254.154304524996,pc4,Park,2021-06-23 16:25:20,52.50356,13.338488333333334,39.3,0.0,321.5,0.0621,0.03,18.3,18.3,12.23,0.68,1019.3,2.79,0.95,3.0,16.093,3.14159,Joachimstaler Straße,1.0784923132798965,4239.176237408433,pc2,Park,False,False,13.543262966764502,50,10,0.0
1624458320.507528,2021-06-23T14:25:20.507528Z,52.50356,13.338488333333334,2,4,S2,1624458320.507528,19.176426,-69.593316,-41.724098000000005,0.00075302444,41.0,370.0,6.0,0.075319888,12,50,2021-06-23 16:25:20,52.50356,13.338488333333334,39.3,0.0,321.5,0.0621,0.03,18.3,18.3,12.23,0.68,1019.3,2.79,0.95,3.0,16.093,3.14159,Joachimstaler Straße,1.0784923132798965,4239.176237408433,pc2,Park,2021-06-23 16:25:20,52.503665,13.338386666666668,25.8,0.0,310.0,0.0621,0.03,18.3,18.3,12.23,0.68,1019.3,2.79,0.95,3.0,16.093,3.14159,Joachimstaler Straße,7.343539537847487,4254.154304524996,pc4,Park,False,False,13.543262966764502,50,10,0.0
1624458321.5012746,2021-06-23T14:25:21.501274Z,52.50356,13.33849,2,4,S2,1624458321.5012746,16.697636734693877,-70.69634081632653,-42.84446734693878,0.0010337763061224,41.0,469.6122448979592,3.63265306122449,0.0518542306122448,12,49,2021-06-23 16:25:21,52.50356,13.33849,39.3,0.0,321.5,0.0621,0.03,18.3,18.3,12.23,0.68,1019.3,2.79,0.95,3.0,16.093,3.14159,Joachimstaler Straße,1.1381078337671633,4239.176237408433,pc2,Park,2021-06-23 16:25:21,52.503665,13.338386666666668,25.8,0.0,310.0,0.0621,0.03,18.3,18.3,12.23,0.68,1019.3,2.79,0.95,3.0,16.093,3.14159,Joachimstaler Straße,7.343539537847487,4254.154304524996,pc4,Park,False,False,13.600858490259144,50,10,0.02
1624458321.5015287,2021-06-23T14:25:21.501528Z,52.503665,13.338386666666668,4,2,S2,1624458321.5015287,20.161024,-66.534648,-38.6984,0.00123760308,44.0,470.0,0.0,0.135984666,12,50,2021-06-23 16:25:21,52.503665,13.338386666666668,25.8,0.0,310.0,0.0621,0.03,18.3,18.3,12.23,0.68,1019.3,2.79,0.95,3.0,16.093,3.14159,Joachimstaler Straße,7.343539537847487,4254.154304524996,pc4,Park,2021-06-23 16:25:21,52.50356,13.33849,39.3,0.0,321.5,0.0621,0.03,18.3,18.3,12.23,0.68,1019.3,2.79,0.95,3.0,16.093,3.14159,Joachimstaler Straße,1.1381078337671633,4239.176237408433,pc2,Park,False,False,13.600858490259144,50,10,0.0
1624458322.4935186,2021-06-23T14:25:22.493518Z,52.50356,13.33849,2,4,S2,1624458322.4935186,18.054334,-71.20544799999999,-43.320876,0.0006567587799999,41.0,569.0,2.0,0.046173874,12,50,2021-06-23 16:25:22,52.50356,13.33849,39.3,0.0,321.5,0.0621,0.03,18.3,18.3,12.23,0.68,1019.3,2.79,0.95,3.0,16.093,3.14159,Joachimstaler Straße,1.1381078337671633,4239.176237408433,pc2,Park,2021-06-23 16:25:22,52.503665,13.338386666666668,25.8,0.0,310.0,0.0621,0.03,18.3,18.3,12.23,0.68,1019.3,2.79,0.95,3.0,16.093,3.14159,Joachimstaler Straße,7.343539537847487,4254.154304524996,pc4,Park,False,False,13.600858490259144,50,10,0.0
1624458322.520872,2021-06-23T14:25:22.520872Z,52.503665,13.338386666666668,4,2,S2,1624458322.520872,19.543087234042552,-67.2647085106383,-39.3876914893617,0.0012006698297872,44.0,571.468085106383,4.680851063829787,0.1142201638297872,12,47,2021-06-23 16:25:22,52.503665,13.338386666666668,25.8,0.0,310.0,0.0621,0.03,18.3,18.3,12.23,0.68,1019.3,2.79,0.95,3.0,16.093,3.14159,Joachimstaler Straße,7.343539537847487,4254.154304524996,pc4,Park,2021-06-23 16:25:22,52.50356,13.33849,39.3,0.0,321.5,0.0621,0.03,18.3,18.3,12.23,0.68,1019.3,2.79,0.95,3.0,16.093,3.14159,Joachimstaler Straße,1.1381078337671633,4239.176237408433,pc2,Park,False,False,13.600858490259144,50,10,0.06
1624458323.4926598,2021-06-23T14:25:23.492659Z,52.503665,13.338386666666668,4,2,S2,1624458323.4926598,20.084722916666667,-66.52432708333333,-38.617775,0.0012911298958333,44.0,668.7916666666666,3.2291666666666665,0.1401727875,12,48,2021-06-23 16:25:23,52.503665,13.338386666666668,25.8,0.0,310.0,0.0621,0.03,18.3,18.3,12.23,0.68,1019.3,2.79,0.95,3.0,16.093,3.14159,Joachimstaler Straße,7.343539537847487,4254.154304524996,pc4,Park,2021-06-23 16:25:23,52.50356,13.33849,39.3,0.0,321.5,0.0621,0.03,18.3,18.3,12.23,0.68,1019.3,2.79,0.95,3.0,16.093,3.14159,Joachimstaler Straße,1.1381078337671633,4239.176237408433,pc2,Park,False,False,13.600858490259144,50,10,0.04
1624458323.493502,2021-06-23T14:25:23.493501Z,52.50356,13.33849,2,4,S2,1624458323.493502,19.094102,-70.313776,-42.41035,0.00062721,41.0,669.0,2.0,0.0584931059999999,12,50,2021-06-23 16:25:23,52.50356,13.33849,39.3,0.0,321.5,0.0621,0.03,18.3,18.3,12.23,0.68,1019.3,2.79,0.95,3.0,16.093,3.14159,Joachimstaler Straße,1.1381078337671633,4239.176237408433,pc2,Park,2021-06-23 16:25:23,52.503665,13.338386666666668,25.8,0.0,310.0,0.0621,0.03,18.3,18.3,12.23,0.68,1019.3,2.79,0.95,3.0,16.093,3.14159,Joachimstaler Straße,7.343539537847487,4254.154304524996,pc4,Park,False,False,13.600858490259144,50,10,0.0
1624458324.423506,2021-06-23T14:25:24.423506Z,52.503665,13.338386666666668,4,2,S2,1624458324.423506,16.96676325,-65.43323000000001,-37.65526,0.0060029038,44.0,762.15,0.4,0.1967330125,12,40,2021-06-23 16:25:24,52.503665,13.338386666666668,25.8,0.0,310.0,0.0621,0.03,18.3,18.3,12.23,0.68,1019.3,2.79,0.95,3.0,16.093,3.14159,Joachimstaler Straße,7.343539537847487,4254.154304524996,pc4,Park,2021-06-23 16:25:24,52.50356,13.33849,39.2,0.0,321.5,0.0621,0.03,18.3,18.3,12.23,0.68,1019.3,2.79,0.95,3.0,16.093,3.14159,Joachimstaler Straße,1.1381078337671633,4239.176237408433,pc2,Park,False,False,13.600858490259144,50,10,0.2
1624458324.5352404,2021-06-23T14:25:24.535240Z,52.50356,13.33849,2,4,S2,1624458324.5352404,18.77452634146341,-70.05860975609755,-42.3022243902439,0.0007321440975609,41.0,772.5853658536586,7.853658536585366,0.0702009726829268,12,41,2021-06-23 16:25:24,52.50356,13.33849,39.2,0.0,321.5,0.0621,0.03,18.3,18.3,12.23,0.68,1019.3,2.79,0.95,3.0,16.093,3.14159,Joachimstaler Straße,1.1381078337671633,4239.176237408433,pc2,Park,2021-06-23 16:25:24,52.503665,13.338386666666668,25.8,0.0,310.0,0.0621,0.03,18.3,18.3,12.23,0.68,1019.3,2.79,0.95,3.0,16.093,3.14159,Joachimstaler Straße,7.343539537847487,4254.154304524996,pc4,Park,False,False,13.600858490259144,50,10,0.18
1624458325.5048318,2021-06-23T14:25:25.504831Z,52.50356,13.33849,2,4,S2,1624458325.5048318,14.8653834,-70.341684,-42.548158,0.00424946966,41.0,869.54,7.9,0.063863294,12,50,2021-06-23 16:25:25,52.50356,13.33849,39.2,0.0,321.5,0.0621,0.03,18.3,18.3,12.23,0.68,1019.3,2.79,0.95,3.0,16.093,3.14159,Joachimstaler Straße,1.1381078337671633,4239.176237408433,pc2,Park,2021-06-23 16:25:25,52.503665,13.338386666666668,25.8,0.0,310.0,0.0621,0.03,18.3,18.3,12.23,0.68,1019.3,2.79,0.95,3.0,16.093,3.14159,Joachimstaler Straße,7.343539537847487,4254.154304524996,pc4,Park,False,False,13.600858490259144,50,10,0.0
1624458325.5334644,2021-06-23T14:25:25.533464Z,52.503665,13.338386666666668,4,2,S2,1624458325.5334644,20.006958695652173,-66.43235,-38.6332847826087,0.0016463530434782,44.0,872.6304347826087,5.673913043478261,0.1479490217391304,12,46,2021-06-23 16:25:25,52.503665,13.338386666666668,25.8,0.0,310.0,0.0621,0.03,18.3,18.3,12.23,0.68,1019.3,2.79,0.95,3.0,16.093,3.14159,Joachimstaler Straße,7.343539537847487,4254.154304524996,pc4,Park,2021-06-23 16:25:25,52.50356,13.33849,39.2,0.0,321.5,0.0621,0.03,18.3,18.3,12.23,0.68,1019.3,2.79,0.95,3.0,16.093,3.14159,Joachimstaler Straße,1.1381078337671633,4239.176237408433,pc2,Park,False,False,13.600858490259144,50,10,0.08
1624458326.4940422,2021-06-23T14:25:26.494042Z,52.503665,13.338386666666668,4,2,S2,1624458326.4940422,20.104886,-67.15698400000001,-39.335464,0.0010902166,44.0,969.0,2.56,0.118184748,12,50,2021-06-23 16:25:26,52.503665,13.338386666666668,25.8,0.0,310.0,0.0621,0.03,18.3,18.3,12.23,0.68,1019.3,2.79,0.95,3.0,16.093,3.14159,Joachimstaler Straße,7.343539537847487,4254.154304524996,pc4,Park,2021-06-23 16:25:26,52.50356,13.33849,39.2,0.0,321.5,0.0621,0.03,18.3,18.3,12.23,0.68,1019.3,2.79,0.95,3.0,16.093,3.14159,Joachimstaler Straße,1.1381078337671633,4239.176237408433,pc2,Park,False,False,13.600858490259144,50,10,0.0
1624458326.5138998,2021-06-23T14:25:26.513899Z,52.50356,13.33849,2,4,S2,1624458326.5138998,18.608114285714286,-70.92557346938776,-43.13344285714286,0.0006200634693877,41.0,970.795918367347,4.408163265306122,0.0498187571428571,12,49,2021-06-23 16:25:26,52.50356,13.33849,39.2,0.0,321.5,0.0621,0.03,18.3,18.3,12.23,0.68,1019.3,2.79,0.95,3.0,16.093,3.14159,Joachimstaler Straße,1.1381078337671633,4239.176237408433,pc2,Park,2021-06-23 16:25:26,52.503665,13.338386666666668,25.8,0.0,310.0,0.0621,0.03,18.3,18.3,12.23,0.68,1019.3,2.79,0.95,3.0,16.093,3.14159,Joachimstaler Straße,7.343539537847487,4254.154304524996,pc4,Park,False,False,13.600858490259144,50,10,0.02
1624458327.4987435,2021-06-23T14:25:27.498743Z,52.50356,13.33849,2,4,S2,1624458327.4987435,15.88653775510204,-67.0817693877551,-39.239908163265305,0.0056262837959183,41.0,87.24489795918367,2.693877551020408,0.119390993877551,12,49,2021-06-23 16:25:27,52.50356,13.33849,39.2,0.0,321.5,0.0621,0.03,18.3,18.3,12.23,0.68,1019.3,2.79,0.95,3.0,16.093,3.14159,Joachimstaler Straße,1.1381078337671633,4239.176237408433,pc2,Park,2021-06-23 16:25:27,52.503665,13.338386666666668,25.8,0.0,310.0,0.0621,0.03,18.3,18.3,12.23,0.68,1019.3,2.79,0.95,3.0,16.093,3.14159,Joachimstaler Straße,7.343539537847487,4254.154304524996,pc4,Park,False,False,13.600858490259144,50,10,0.02
1624458327.506588,2021-06-23T14:25:27.506587Z,52.503665,13.338386666666668,4,2,S2,1624458327.506588,17.21544081632653,-63.2963387755102,-35.43043673469388,0.0076040524285714,44.0,87.73469387755102,5.73469387755102,0.2860918979591837,12,49,2021-06-23 16:25:27,52.503665,13.338386666666668,25.8,0.0,310.0,0.0621,0.03,18.3,18.3,12.23,0.68,1019.3,2.79,0.95,3.0,16.093,3.14159,Joachimstaler Straße,7.343539537847487,4254.154304524996,pc4,Park,2021-06-23 16:25:27,52.50356,13.33849,39.2,0.0,321.5,0.0621,0.03,18.3,18.3,12.23,0.68,1019.3,2.79,0.95,3.0,16.093,3.14159,Joachimstaler Straße,1.1381078337671633,4239.176237408433,pc2,Park,False,False,13.600858490259144,50,10,0.02
1624458328.500199,2021-06-23T14:25:28.500199Z,52.50356,13.33849,2,4,S2,1624458328.500199,16.476768431372548,-66.14500784313725,-38.325249019607845,0.0056011841372549,41.0,145.66666666666666,2.0,0.1458592549019607,12,51,2021-06-23 16:25:28,52.50356,13.33849,39.3,0.0,321.5,0.0621,0.03,18.3,18.3,12.23,0.68,1019.3,2.79,0.95,3.0,16.093,3.14159,Joachimstaler Straße,1.1381078337671633,4239.176237408433,pc2,Park,2021-06-23 16:25:28,52.503665,13.338386666666668,25.8,0.0,310.0,0.0621,0.03,18.3,18.3,12.23,0.68,1019.3,2.79,0.95,3.0,16.093,3.14159,Joachimstaler Straße,7.343539537847487,4254.154304524996,pc4,Park,False,False,13.600858490259144,50,10,-0.02
1624458328.5028565,2021-06-23T14:25:28.502856Z,52.503665,13.338386666666668,4,2,S2,1624458328.5028565,18.6186076,-62.437762,-34.614402,0.008072244,44.0,145.56,5.74,0.34444636,12,50,2021-06-23 16:25:28,52.503665,13.338386666666668,25.8,0.0,310.0,0.0621,0.03,18.3,18.3,12.23,0.68,1019.3,2.79,0.95,3.0,16.093,3.14159,Joachimstaler Straße,7.343539537847487,4254.154304524996,pc4,Park,2021-06-23 16:25:28,52.50356,13.33849,39.3,0.0,321.5,0.0621,0.03,18.3,18.3,12.23,0.68,1019.3,2.79,0.95,3.0,16.093,3.14159,Joachimstaler Straße,1.1381078337671633,4239.176237408433,pc2,Park,False,False,13.600858490259144,50,10,0.0
1624458329.4900274,2021-06-23T14:25:29.490027Z,52.503665,13.338386666666668,4,2,S2,1624458329.4900274,14.053950625,-61.74290625,-33.91069791666667,0.020698836875,44.0,244.3125,5.395833333333333,0.4003916666666666,12,48,2021-06-23 16:25:29,52.503665,13.338386666666668,25.8,0.0,310.0,0.0621,0.03,18.3,18.3,12.23,0.68,1019.3,2.79,0.95,3.0,16.093,3.14159,Joachimstaler Straße,7.343539537847487,4254.154304524996,pc4,Park,2021-06-23 16:25:29,52.50356,13.33849,39.3,0.0,321.5,0.0621,0.03,18.3,18.3,12.23,0.68,1019.3,2.79,0.95,3.0,16.093,3.14159,Joachimstaler Straße,1.1381078337671633,4239.176237408433,pc2,Park,False,False,13.600858490259144,50,10,0.04
1624458329.4966378,2021-06-23T14:25:29.496637Z,52.50356,13.33849,2,4,S2,1624458329.4966378,20.601517551020407,-65.86842448979591,-38.04264081632653,0.0017080111020408,41.0,245.12244897959184,3.877551020408163,0.1552305551020408,12,49,2021-06-23 16:25:29,52.50356,13.33849,39.3,0.0,321.5,0.0621,0.03,18.3,18.3,12.23,0.68,1019.3,2.79,0.95,3.0,16.093,3.14159,Joachimstaler Straße,1.1381078337671633,4239.176237408433,pc2,Park,2021-06-23 16:25:29,52.503665,13.338386666666668,25.8,0.0,310.0,0.0621,0.03,18.3,18.3,12.23,0.68,1019.3,2.79,0.95,3.0,16.093,3.14159,Joachimstaler Straße,7.343539537847487,4254.154304524996,pc4,Park,False,False,13.600858490259144,50,10,0.02
1624458330.428851,2021-06-23T14:25:30.428850Z,52.50356,13.33849,2,4,S2,1624458330.428851,10.48295261904762,-66.71433809523809,-38.883088095238094,0.0107223821428571,41.0,338.42857142857144,3.0,0.1300995285714286,12,42,2021-06-23 16:25:30,52.50356,13.33849,39.3,0.0,321.5,0.0621,0.03,18.3,18.3,12.23,0.68,1019.3,2.79,0.95,3.0,16.093,3.14159,Joachimstaler Straße,1.1381078337671633,4239.176237408433,pc2,Park,2021-06-23 16:25:30,52.503665,13.338386666666668,25.8,0.0,310.0,0.0621,0.03,18.3,18.3,12.23,0.68,1019.3,2.79,0.95,3.0,16.093,3.14159,Joachimstaler Straße,7.343539537847487,4254.154304524996,pc4,Park,False,False,13.600858490259144,50,10,0.16
1624458330.491876,2021-06-23T14:25:30.491875Z,52.503665,13.338386666666668,4,2,S2,1624458330.491876,21.7425,-64.47008775510204,-36.578391836734696,0.0014315872040816,44.0,344.9387755102041,1.0,0.2327962714285714,12,49,2021-06-23 16:25:30,52.503665,13.338386666666668,25.8,0.0,310.0,0.0621,0.03,18.3,18.3,12.23,0.68,1019.3,2.79,0.95,3.0,16.093,3.14159,Joachimstaler Straße,7.343539537847487,4254.154304524996,pc4,Park,2021-06-23 16:25:30,52.50356,13.33849,39.3,0.0,321.5,0.0621,0.03,18.3,18.3,12.23,0.68,1019.3,2.79,0.95,3.0,16.093,3.14159,Joachimstaler Straße,1.1381078337671633,4239.176237408433,pc2,Park,False,False,13.600858490259144,50,10,0.02
1624458331.5019956,2021-06-23T14:25:31.501995Z,52.503665,13.338386666666668,4,2,S2,1624458331.5019956,21.54904,-64.577302,-36.721062,0.00153415168,44.0,445.84,2.1,0.218599052,12,50,2021-06-23 16:25:31,52.503665,13.338386666666668,25.8,0.0,310.0,0.0621,0.03,18.3,18.3,12.23,0.68,1019.3,2.79,0.95,3.0,16.093,3.14159,Joachimstaler Straße,7.343539537847487,4254.154304524996,pc4,Park,2021-06-23 16:25:31,52.50356,13.33849,39.3,0.0,321.5,0.0621,0.03,18.3,18.3,12.23,0.68,1019.3,2.79,0.95,3.0,16.093,3.14159,Joachimstaler Straße,1.1381078337671633,4239.176237408433,pc2,Park,False,False,13.600858490259144,50,10,0.0
1624458331.559424,2021-06-23T14:25:31.559423Z,52.50356,13.33849,2,4,S2,1624458331.559424,12.305237692307692,-67.35503076923077,-39.53145128205128,0.0086330092307692,41.0,451.5384615384616,2.4871794871794872,0.1132777743589743,12,39,2021-06-23 16:25:31,52.50356,13.33849,39.3,0.0,321.5,0.0621,0.03,18.3,18.3,12.23,0.68,1019.3,2.79,0.95,3.0,16.093,3.14159,Joachimstaler Straße,1.1381078337671633,4239.176237408433,pc2,Park,2021-06-23 16:25:31,52.503665,13.338386666666668,25.8,0.0,310.0,0.0621,0.03,18.3,18.3,12.23,0.68,1019.3,2.79,0.95,3.0,16.093,3.14159,Joachimstaler Straße,7.343539537847487,4254.154304524996,pc4,Park,False,False,13.600858490259144,50,10,0.22
1624458332.4977963,2021-06-23T14:25:32.497796Z,52.503665,13.338386666666668,4,2,S2,1624458332.4977963,21.070824,-65.381572,-37.48665,0.00136437626,44.0,545.04,5.9,0.1903407299999999,12,50,2021-06-23 16:25:32,52.503665,13.338386666666668,25.8,0.0,310.0,0.0621,0.03,18.3,18.3,12.23,0.68,1019.3,2.79,0.95,3.0,16.093,3.14159,Joachimstaler Straße,7.343539537847487,4254.154304524996,pc4,Park,2021-06-23 16:25:32,52.50356,13.33849,39.3,0.0,321.5,0.0621,0.03,18.3,18.3,12.23,0.68,1019.3,2.79,0.95,3.0,16.093,3.14159,Joachimstaler Straße,1.1381078337671633,4239.176237408433,pc2,Park,False,False,13.600858490259144,50,10,0.0
1624458332.5025556,2021-06-23T14:25:32.502555Z,52.50356,13.33849,2,4,S2,1624458332.5025556,19.465632,-69.269116,-41.353318,0.00075368328,41.0,546.0,1.0,0.0778874,12,50,2021-06-23 16:25:32,52.50356,13.33849,39.3,0.0,321.5,0.0621,0.03,18.3,18.3,12.23,0.68,1019.3,2.79,0.95,3.0,16.093,3.14159,Joachimstaler Straße,1.1381078337671633,4239.176237408433,pc2,Park,2021-06-23 16:25:32,52.503665,13.338386666666668,25.8,0.0,310.0,0.0621,0.03,18.3,18.3,12.23,0.68,1019.3,2.79,0.95,3.0,16.093,3.14159,Joachimstaler Straße,7.343539537847487,4254.154304524996,pc4,Park,False,False,13.600858490259144,50,10,0.0
1624458333.4788697,2021-06-23T14:25:33.478869Z,52.503665,13.338386666666668,4,2,S2,1624458333.4788697,20.407105416666667,-66.27891458333333,-38.45830208333333,0.001594633,44.0,643.125,6.125,0.15045028125,12,48,2021-06-23 16:25:33,52.503665,13.338386666666668,25.8,0.0,310.0,0.0621,0.03,18.3,18.3,12.23,0.68,1019.3,2.79,0.95,3.0,16.093,3.14159,Joachimstaler Straße,7.343539537847487,4254.154304524996,pc4,Park,2021-06-23 16:25:33,52.50356,13.33849,39.4,0.0,321.5,0.0621,0.03,18.3,18.3,12.23,0.68,1019.3,2.79,0.95,3.0,16.093,3.14159,Joachimstaler Straße,1.1381078337671633,4239.176237408433,pc2,Park,False,False,13.600858490259144,50,10,0.04
1624458333.5072236,2021-06-23T14:25:33.507223Z,52.50356,13.33849,2,4,S2,1624458333.5072236,18.707275510204084,-70.39445102040817,-42.55977959183674,0.000674705877551,41.0,646.469387755102,1.0,0.0587714387755102,12,49,2021-06-23 16:25:33,52.50356,13.33849,39.4,0.0,321.5,0.0621,0.03,18.3,18.3,12.23,0.68,1019.3,2.79,0.95,3.0,16.093,3.14159,Joachimstaler Straße,1.1381078337671633,4239.176237408433,pc2,Park,2021-06-23 16:25:33,52.503665,13.338386666666668,25.8,0.0,310.0,0.0621,0.03,18.3,18.3,12.23,0.68,1019.3,2.79,0.95,3.0,16.093,3.14159,Joachimstaler Straße,7.343539537847487,4254.154304524996,pc4,Park,False,False,13.600858490259144,50,10,0.02
1624458334.462453,2021-06-23T14:25:34.462452Z,52.503665,13.338386666666668,4,2,S2,1624458334.462453,11.847565238095235,-66.03709285714285,-38.28380714285714,0.0140642252380952,44.0,741.2380952380952,8.547619047619047,0.1578444214285714,12,42,2021-06-23 16:25:34,52.503665,13.338386666666668,25.8,0.0,310.0,0.0621,0.03,18.3,18.3,12.23,0.68,1019.3,2.79,0.95,3.0,16.093,3.14159,Joachimstaler Straße,7.343539537847487,4254.154304524996,pc4,Park,2021-06-23 16:25:34,52.50356,13.33849,39.4,0.0,321.5,0.0621,0.03,18.3,18.3,12.23,0.68,1019.3,2.79,0.95,3.0,16.093,3.14159,Joachimstaler Straße,1.1381078337671633,4239.176237408433,pc2,Park,False,False,13.600858490259144,50,10,0.16
1624458334.505137,2021-06-23T14:25:34.505136Z,52.50356,13.33849,2,4,S2,1624458334.505137,18.867252,-70.350756,-42.576282,0.0006543597399999,41.0,746.0,3.6,0.0570942439999999,12,50,2021-06-23 16:25:34,52.50356,13.33849,39.4,0.0,321.5,0.0621,0.03,18.3,18.3,12.23,0.68,1019.3,2.79,0.95,3.0,16.093,3.14159,Joachimstaler Straße,1.1381078337671633,4239.176237408433,pc2,Park,2021-06-23 16:25:34,52.503665,13.338386666666668,25.8,0.0,310.0,0.0621,0.03,18.3,18.3,12.23,0.68,1019.3,2.79,0.95,3.0,16.093,3.14159,Joachimstaler Straße,7.343539537847487,4254.154304524996,pc4,Park,False,False,13.600858490259144,50,10,0.0
1624458335.4971397,2021-06-23T14:25:35.497139Z,52.503665,13.338385,4,2,S2,1624458335.4971397,10.920655212765958,-63.50685531914894,-35.76655744680851,0.0381511317021276,44.0,844.8297872340426,7.319148936170213,0.2736141702127659,12,47,2021-06-23 16:25:35,52.503665,13.338385,25.8,0.0,310.0,0.0621,0.03,18.3,18.3,12.23,0.68,1019.3,2.79,0.95,3.0,16.093,3.14159,Joachimstaler Straße,7.283924133764032,4254.154304524996,pc4,Park,2021-06-23 16:25:35,52.50356,13.33849,39.4,0.0,321.5,0.0621,0.03,18.3,18.3,12.23,0.68,1019.3,2.79,0.95,3.0,16.093,3.14159,Joachimstaler Straße,1.1381078337671633,4239.176237408433,pc2,Park,False,False,13.659141308768968,50,10,0.06
1624458335.5075245,2021-06-23T14:25:35.507524Z,52.50356,13.33849,2,4,S2,1624458335.5075245,20.02501,-68.097492,-40.324076,0.00084118786,41.0,846.0,6.0,0.091775784,12,50,2021-06-23 16:25:35,52.50356,13.33849,39.4,0.0,321.5,0.0621,0.03,18.3,18.3,12.23,0.68,1019.3,2.79,0.95,3.0,16.093,3.14159,Joachimstaler Straße,1.1381078337671633,4239.176237408433,pc2,Park,2021-06-23 16:25:35,52.503665,13.338385,25.8,0.0,310.0,0.0621,0.03,18.3,18.3,12.23,0.68,1019.3,2.79,0.95,3.0,16.093,3.14159,Joachimstaler Straße,7.283924133764032,4254.154304524996,pc4,Park,False,False,13.659141308768968,50,10,0.0
1624458336.5086758,2021-06-23T14:25:36.508675Z,52.503665,13.338385,4,2,S2,1624458336.5086758,21.43034,-63.51514791666667,-35.723416666666665,0.0029572269583333,44.0,946.2916666666666,4.25,0.2722013333333333,12,48,2021-06-23 16:25:36,52.503665,13.338385,25.8,0.0,310.0,0.0621,0.03,18.3,18.3,12.23,0.68,1019.3,2.79,0.95,3.0,16.093,3.14159,Joachimstaler Straße,7.283924133764032,4254.154304524996,pc4,Park,2021-06-23 16:25:36,52.50356,13.33849,39.4,0.0,321.5,0.0621,0.03,18.3,18.3,12.23,0.68,1019.3,2.79,0.95,3.0,16.093,3.14159,Joachimstaler Straße,1.1381078337671633,4239.176237408433,pc2,Park,False,False,13.659141308768968,50,10,0.04
1624458336.6602678,2021-06-23T14:25:36.660267Z,52.50356,13.33849,2,4,S2,1624458336.6602678,20.83028181818182,-66.70510909090909,-38.94143636363636,0.000964106,41.0,961.2727272727273,6.0,0.1271316909090909,12,22,2021-06-23 16:25:36,52.50356,13.33849,39.4,0.0,321.5,0.0621,0.03,18.3,18.3,12.23,0.68,1019.3,2.79,0.95,3.0,16.093,3.14159,Joachimstaler Straße,1.1381078337671633,4239.176237408433,pc2,Park,2021-06-23 16:25:36,52.503665,13.338385,25.8,0.0,310.0,0.0621,0.03,18.3,18.3,12.23,0.68,1019.3,2.79,0.95,3.0,16.093,3.14159,Joachimstaler Straße,7.283924133764032,4254.154304524996,pc4,Park,False,False,13.659141308768968,50,10,0.56
1624458337.4935622,2021-06-23T14:25:37.493562Z,52.503665,13.338385,4,2,S2,1624458337.4935622,15.2444078,-62.854008,-35.07497,0.0109387082,44.0,307.72,2.06,0.32679218,12,50,2021-06-23 16:25:37,52.503665,13.338385,25.8,0.0,310.0,0.0621,0.03,18.3,18.3,12.23,0.68,1019.3,2.79,0.95,3.0,16.093,3.14159,Joachimstaler Straße,7.283924133764032,4254.154304524996,pc4,Park,2021-06-23 16:25:37,52.50356,13.33849,39.4,0.0,321.5,0.0621,0.03,18.3,18.3,12.23,0.68,1019.3,2.79,0.95,3.0,16.093,3.14159,Joachimstaler Straße,1.1381078337671633,4239.176237408433,pc2,Park,False,False,13.659141308768968,50,10,0.0
1624458337.5014343,2021-06-23T14:25:37.501434Z,52.50356,13.33849,2,4,S2,1624458337.5014343,19.96821568627451,-66.8556431372549,-39.0592274509804,0.0011698075098039,41.0,302.6666666666667,4.235294117647059,0.1299074901960784,12,51,2021-06-23 16:25:37,52.50356,13.33849,39.4,0.0,321.5,0.0621,0.03,18.3,18.3,12.23,0.68,1019.3,2.79,0.95,3.0,16.093,3.14159,Joachimstaler Straße,1.1381078337671633,4239.176237408433,pc2,Park,2021-06-23 16:25:37,52.503665,13.338385,25.8,0.0,310.0,0.0621,0.03,18.3,18.3,12.23,0.68,1019.3,2.79,0.95,3.0,16.093,3.14159,Joachimstaler Straße,7.283924133764032,4254.154304524996,pc4,Park,False,False,13.659141308768968,50,10,-0.02
1624458338.4940906,2021-06-23T14:25:38.494090Z,52.503665,13.338385,4,2,S2,1624458338.4940906,12.8140756,-64.257338,-36.457066,0.0131458776,44.0,121.04,2.18,0.22653878,12,50,2021-06-23 16:25:38,52.503665,13.338385,25.8,0.0,310.0,0.0621,0.03,18.3,18.3,12.23,0.68,1019.3,2.79,0.95,3.0,16.093,3.14159,Joachimstaler Straße,7.283924133764032,4254.154304524996,pc4,Park,2021-06-23 16:25:38,52.50356,13.33849,39.4,0.0,321.5,0.0621,0.03,18.3,18.3,12.23,0.68,1019.3,2.79,0.95,3.0,16.093,3.14159,Joachimstaler Straße,1.1381078337671633,4239.176237408433,pc2,Park,False,False,13.659141308768968,50,10,0.0
1624458338.4955268,2021-06-23T14:25:38.495526Z,52.50356,13.33849,2,4,S2,1624458338.4955268,19.605914285714285,-68.49672244897958,-40.6725,0.0009481445510204,41.0,121.0,4.0,0.0850457061224489,12,49,2021-06-23 16:25:38,52.50356,13.33849,39.4,0.0,321.5,0.0621,0.03,18.3,18.3,12.23,0.68,1019.3,2.79,0.95,3.0,16.093,3.14159,Joachimstaler Straße,1.1381078337671633,4239.176237408433,pc2,Park,2021-06-23 16:25:38,52.503665,13.338385,25.8,0.0,310.0,0.0621,0.03,18.3,18.3,12.23,0.68,1019.3,2.79,0.95,3.0,16.093,3.14159,Joachimstaler Straße,7.283924133764032,4254.154304524996,pc4,Park,False,False,13.659141308768968,50,10,0.02
1624458339.5044842,2021-06-23T14:25:39.504484Z,52.503665,13.338385,4,2,S2,1624458339.5044842,21.492336,-64.826244,-36.93876,0.0013543433799999,44.0,222.0,3.0,0.197492,12,50,2021-06-23 16:25:39,52.503665,13.338385,25.8,0.0,310.0,0.0621,0.03,18.3,18.3,12.23,0.68,1019.3,2.79,0.95,3.0,16.093,3.14159,Joachimstaler Straße,7.283924133764032,4254.154304524996,pc4,Park,2021-06-23 16:25:39,52.50356,13.33849,39.4,0.0,321.5,0.0621,0.03,18.3,18.3,12.23,0.68,1019.3,2.79,0.95,3.0,16.093,3.14159,Joachimstaler Straße,1.1381078337671633,4239.176237408433,pc2,Park,False,False,13.659141308768968,50,10,0.0
1624458339.7232375,2021-06-23T14:25:39.723237Z,52.50356,13.33849,2,4,S2,1624458339.7232375,13.921885,-68.81663333333333,-40.85628333333333,0.0111260219444444,41.0,243.83333333333331,3.333333333333333,0.0835925944444444,12,18,2021-06-23 16:25:39,52.50356,13.33849,39.4,0.0,321.5,0.0621,0.03,18.3,18.3,12.23,0.68,1019.3,2.79,0.95,3.0,16.093,3.14159,Joachimstaler Straße,1.1381078337671633,4239.176237408433,pc2,Park,2021-06-23 16:25:39,52.503665,13.338385,25.8,0.0,310.0,0.0621,0.03,18.3,18.3,12.23,0.68,1019.3,2.79,0.95,3.0,16.093,3.14159,Joachimstaler Straße,7.283924133764032,4254.154304524996,pc4,Park,False,False,13.659141308768968,50,10,0.64
1624458340.5055268,2021-06-23T14:25:40.505526Z,52.50356,13.33849,2,4,S2,1624458340.5055268,18.133796,-71.712238,-43.760226,0.00056208468,41.0,322.0,4.0,0.040619068,12,50,2021-06-23 16:25:40,52.50356,13.33849,39.4,0.0,321.5,0.0621,0.03,18.3,18.3,12.23,0.68,1019.3,2.79,0.95,3.0,16.093,3.14159,Joachimstaler Straße,1.1381078337671633,4239.176237408433,pc2,Park,2021-06-23 16:25:40,52.503665,13.338385,25.8,0.0,310.0,0.0621,0.03,18.3,18.3,12.23,0.68,1019.3,2.79,0.95,3.0,16.093,3.14159,Joachimstaler Straße,7.283924133764032,4254.154304524996,pc4,Park,False,False,13.659141308768968,50,10,0.0
1624458340.508505,2021-06-23T14:25:40.508505Z,52.503665,13.338385,4,2,S2,1624458340.508505,17.184776,-67.69462800000001,-39.814974,0.0018562498,44.0,322.0,7.0,0.10195887,12,50,2021-06-23 16:25:40,52.503665,13.338385,25.8,0.0,310.0,0.0621,0.03,18.3,18.3,12.23,0.68,1019.3,2.79,0.95,3.0,16.093,3.14159,Joachimstaler Straße,7.283924133764032,4254.154304524996,pc4,Park,2021-06-23 16:25:40,52.50356,13.33849,39.4,0.0,321.5,0.0621,0.03,18.3,18.3,12.23,0.68,1019.3,2.79,0.95,3.0,16.093,3.14159,Joachimstaler Straße,1.1381078337671633,4239.176237408433,pc2,Park,False,False,13.659141308768968,50,10,0.0
1624458341.5056531,2021-06-23T14:25:41.505653Z,52.50356,13.33849,2,4,S2,1624458341.5056531,19.40868,-69.407522,-41.515502,0.00073193576,41.0,422.02,3.92,0.072541422,12,50,2021-06-23 16:25:41,52.50356,13.33849,39.4,0.0,321.5,0.0621,0.03,18.3,18.3,12.23,0.68,1019.3,2.79,0.95,3.0,16.093,3.14159,Joachimstaler Straße,1.1381078337671633,4239.176237408433,pc2,Park,2021-06-23 16:25:41,52.503665,13.338385,25.8,0.0,310.0,0.0621,0.03,18.3,18.3,12.23,0.68,1019.3,2.79,0.95,3.0,16.093,3.14159,Joachimstaler Straße,7.283924133764032,4254.154304524996,pc4,Park,False,False,13.659141308768968,50,10,0.0
1624458341.5085003,2021-06-23T14:25:41.508500Z,52.503665,13.338385,4,2,S2,1624458341.5085003,19.532644,-65.31917,-37.48718,0.0018806944,44.0,422.0,7.0,0.184495068,12,50,2021-06-23 16:25:41,52.503665,13.338385,25.8,0.0,310.0,0.0621,0.03,18.3,18.3,12.23,0.68,1019.3,2.79,0.95,3.0,16.093,3.14159,Joachimstaler Straße,7.283924133764032,4254.154304524996,pc4,Park,2021-06-23 16:25:41,52.50356,13.33849,39.4,0.0,321.5,0.0621,0.03,18.3,18.3,12.23,0.68,1019.3,2.79,0.95,3.0,16.093,3.14159,Joachimstaler Straße,1.1381078337671633,4239.176237408433,pc2,Park,False,False,13.659141308768968,50,10,0.0
1624458342.5055368,2021-06-23T14:25:42.505536Z,52.50356,13.33849,2,4,S2,1624458342.5055368,18.366498,-70.953492,-42.965028,0.00064868844,41.0,522.0,4.0,0.0523485119999999,12,50,2021-06-23 16:25:42,52.50356,13.33849,39.4,0.0,321.5,0.0621,0.03,18.3,18.3,12.23,0.68,1019.3,2.79,0.95,3.0,16.093,3.14159,Joachimstaler Straße,1.1381078337671633,4239.176237408433,pc2,Park,2021-06-23 16:25:42,52.503665,13.338385,25.8,0.0,310.0,0.0621,0.03,18.3,18.3,12.23,0.68,1019.3,2.79,0.95,3.0,16.093,3.14159,Joachimstaler Straße,7.283924133764032,4254.154304524996,pc4,Park,False,False,13.659141308768968,50,10,0.0
1624458342.5085003,2021-06-23T14:25:42.508500Z,52.503665,13.338385,4,2,S2,1624458342.5085003,18.090796,-67.055926,-39.13568,0.0017557702,44.0,522.0,7.0,0.125559302,12,50,2021-06-23 16:25:42,52.503665,13.338385,25.8,0.0,310.0,0.0621,0.03,18.3,18.3,12.23,0.68,1019.3,2.79,0.95,3.0,16.093,3.14159,Joachimstaler Straße,7.283924133764032,4254.154304524996,pc4,Park,2021-06-23 16:25:42,52.50356,13.33849,39.4,0.0,321.5,0.0621,0.03,18.3,18.3,12.23,0.68,1019.3,2.79,0.95,3.0,16.093,3.14159,Joachimstaler Straße,1.1381078337671633,4239.176237408433,pc2,Park,False,False,13.659141308768968,50,10,0.0
1624458343.5055215,2021-06-23T14:25:43.505521Z,52.50356,13.33849,2,4,S2,1624458343.5055215,18.928064,-70.082728,-42.145472,0.000700858,41.0,622.0,4.0,0.063668032,12,50,2021-06-23 16:25:43,52.50356,13.33849,39.4,0.0,321.5,0.0621,0.03,18.3,18.3,12.23,0.68,1019.3,2.79,0.95,3.0,16.093,3.14159,Joachimstaler Straße,1.1381078337671633,4239.176237408433,pc2,Park,2021-06-23 16:25:43,52.503665,13.338385,25.8,0.0,310.0,0.0621,0.03,18.3,18.3,12.23,0.68,1019.3,2.79,0.95,3.0,16.093,3.14159,Joachimstaler Straße,7.283924133764032,4254.154304524996,pc4,Park,False,False,13.659141308768968,50,10,0.0
1624458343.5085027,2021-06-23T14:25:43.508502Z,52.503665,13.338385,4,2,S2,1624458343.5085027,18.511518,-66.211706,-38.340328,0.0019557978,44.0,622.0,7.0,0.158150366,12,50,2021-06-23 16:25:43,52.503665,13.338385,25.8,0.0,310.0,0.0621,0.03,18.3,18.3,12.23,0.68,1019.3,2.79,0.95,3.0,16.093,3.14159,Joachimstaler Straße,7.283924133764032,4254.154304524996,pc4,Park,2021-06-23 16:25:43,52.50356,13.33849,39.4,0.0,321.5,0.0621,0.03,18.3,18.3,12.23,0.68,1019.3,2.79,0.95,3.0,16.093,3.14159,Joachimstaler Straße,1.1381078337671633,4239.176237408433,pc2,Park,False,False,13.659141308768968,50,10,0.0
1624458344.50388,2021-06-23T14:25:44.503880Z,52.503665,13.338385,4,2,S2,1624458344.50388,19.4003612244898,-64.36021224489797,-36.484989795918366,0.002484273877551,44.0,721.8979591836735,3.4081632653061225,0.2363560714285714,12,49,2021-06-23 16:25:44,52.503665,13.338385,25.8,0.0,310.0,0.0621,0.03,18.3,18.3,12.23,0.68,1019.3,2.79,0.95,3.0,16.093,3.14159,Joachimstaler Straße,7.283924133764032,4254.154304524996,pc4,Park,2021-06-23 16:25:44,52.50356,13.33849,39.4,0.0,321.5,0.0621,0.03,18.3,18.3,12.23,0.68,1019.3,2.79,0.95,3.0,16.093,3.14159,Joachimstaler Straße,1.1381078337671633,4239.176237408433,pc2,Park,False,False,13.659141308768968,50,10,0.02
1624458344.5055263,2021-06-23T14:25:44.505526Z,52.50356,13.33849,2,4,S2,1624458344.5055263,20.074066,-68.26395,-40.3567,0.0008218088799999,41.0,722.0,4.0,0.09543365,12,50,2021-06-23 16:25:44,52.50356,13.33849,39.4,0.0,321.5,0.0621,0.03,18.3,18.3,12.23,0.68,1019.3,2.79,0.95,3.0,16.093,3.14159,Joachimstaler Straße,1.1381078337671633,4239.176237408433,pc2,Park,2021-06-23 16:25:44,52.503665,13.338385,25.8,0.0,310.0,0.0621,0.03,18.3,18.3,12.23,0.68,1019.3,2.79,0.95,3.0,16.093,3.14159,Joachimstaler Straße,7.283924133764032,4254.154304524996,pc4,Park,False,False,13.659141308768968,50,10,0.0
1624458345.495931,2021-06-23T14:25:45.495930Z,52.503665,13.338385,4,2,S2,1624458345.495931,20.27263,-62.262392,-34.447972,0.00360464858,44.0,821.0,4.44,0.3593645,12,50,2021-06-23 16:25:45,52.503665,13.338385,25.8,0.0,310.0,0.0621,0.03,18.3,18.3,12.23,0.68,1019.3,2.79,0.95,3.0,16.093,3.14159,Joachimstaler Straße,7.283924133764032,4254.154304524996,pc4,Park,2021-06-23 16:25:45,52.50356,13.33849,39.4,0.0,321.5,0.0621,0.03,18.3,18.3,12.23,0.68,1019.3,2.79,0.95,3.0,16.093,3.14159,Joachimstaler Straße,1.1381078337671633,4239.176237408433,pc2,Park,False,False,13.659141308768968,50,10,0.0
1624458345.5055006,2021-06-23T14:25:45.505500Z,52.50356,13.33849,2,4,S2,1624458345.5055006,20.829106000000003,-66.12573400000001,-38.283194,0.00110909016,41.0,822.0,4.0,0.149125432,12,50,2021-06-23 16:25:45,52.50356,13.33849,39.4,0.0,321.5,0.0621,0.03,18.3,18.3,12.23,0.68,1019.3,2.79,0.95,3.0,16.093,3.14159,Joachimstaler Straße,1.1381078337671633,4239.176237408433,pc2,Park,2021-06-23 16:25:45,52.503665,13.338385,25.8,0.0,310.0,0.0621,0.03,18.3,18.3,12.23,0.68,1019.3,2.79,0.95,3.0,16.093,3.14159,Joachimstaler Straße,7.283924133764032,4254.154304524996,pc4,Park,False,False,13.659141308768968,50,10,0.0
1624458346.4997275,2021-06-23T14:25:46.499727Z,52.503665,13.338385,4,2,S2,1624458346.4997275,16.850463469387755,-61.49436326530613,-33.725108163265304,0.0110450902040816,44.0,921.1836734693876,6.387755102040816,0.4336182653061224,12,49,2021-06-23 16:25:46,52.503665,13.338385,25.8,0.0,310.0,0.0621,0.03,18.3,18.3,12.23,0.68,1019.3,2.79,0.95,3.0,16.093,3.14159,Joachimstaler Straße,7.283924133764032,4254.154304524996,pc4,Park,2021-06-23 16:25:46,52.50356,13.33849,39.4,0.0,321.5,0.0621,0.03,18.3,18.3,12.23,0.68,1019.3,2.79,0.95,3.0,16.093,3.14159,Joachimstaler Straße,1.1381078337671633,4239.176237408433,pc2,Park,False,False,13.659141308768968,50,10,0.02
1624458346.5055227,2021-06-23T14:25:46.505522Z,52.50356,13.33849,2,4,S2,1624458346.5055227,20.68707,-65.656658,-37.855278,0.00131701282,41.0,922.0,4.0,0.16938297,12,50,2021-06-23 16:25:46,52.50356,13.33849,39.4,0.0,321.5,0.0621,0.03,18.3,18.3,12.23,0.68,1019.3,2.79,0.95,3.0,16.093,3.14159,Joachimstaler Straße,1.1381078337671633,4239.176237408433,pc2,Park,2021-06-23 16:25:46,52.503665,13.338385,25.8,0.0,310.0,0.0621,0.03,18.3,18.3,12.23,0.68,1019.3,2.79,0.95,3.0,16.093,3.14159,Joachimstaler Straße,7.283924133764032,4254.154304524996,pc4,Park,False,False,13.659141308768968,50,10,0.0
1624458347.5036802,2021-06-23T14:25:47.503680Z,52.50356,13.33849,2,4,S2,1624458347.5036802,18.85965510204082,-67.72005918367347,-39.938065306122446,0.0012641556530612,41.0,541.204081632653,3.571428571428572,0.1105001857142857,12,49,2021-06-23 16:25:47,52.50356,13.33849,39.4,0.0,321.5,0.0621,0.03,18.3,18.3,12.23,0.68,1019.3,2.79,0.95,3.0,16.093,3.14159,Joachimstaler Straße,1.1381078337671633,4239.176237408433,pc2,Park,2021-06-23 16:25:47,52.503665,13.338385,25.8,0.0,310.0,0.0621,0.03,18.3,18.3,12.23,0.68,1019.3,2.79,0.95,3.0,16.093,3.14159,Joachimstaler Straße,7.283924133764032,4254.154304524996,pc4,Park,False,False,13.659141308768968,50,10,0.02
1624458347.52549,2021-06-23T14:25:47.525490Z,52.503665,13.338385,4,2,S2,1624458347.52549,16.21316468085106,-63.436082978723405,-35.70034255319149,0.0077820525531914,44.0,501.4255319148936,0.7659574468085106,0.2854317234042553,12,47,2021-06-23 16:25:47,52.503665,13.338385,25.8,0.0,310.0,0.0621,0.03,18.3,18.3,12.23,0.68,1019.3,2.79,0.95,3.0,16.093,3.14159,Joachimstaler Straße,7.283924133764032,4254.154304524996,pc4,Park,2021-06-23 16:25:47,52.50356,13.33849,39.4,0.0,321.5,0.0621,0.03,18.3,18.3,12.23,0.68,1019.3,2.79,0.95,3.0,16.093,3.14159,Joachimstaler Straße,1.1381078337671633,4239.176237408433,pc2,Park,False,False,13.659141308768968,50,10,0.06
1624458348.488855,2021-06-23T14:25:48.488854Z,52.503665,13.338385,4,2,S2,1624458348.488855,15.486185744680853,-64.7076744680851,-36.95704468085106,0.0111113619574468,44.0,96.55319148936172,1.8085106382978724,0.2254404340425532,12,47,2021-06-23 16:25:48,52.503665,13.338385,25.8,0.0,310.0,0.0621,0.03,18.3,18.3,12.23,0.68,1019.3,2.79,0.95,3.0,16.093,3.14159,Joachimstaler Straße,7.283924133764032,4254.154304524996,pc4,Park,2021-06-23 16:25:48,52.50356,13.33849,39.4,0.0,321.5,0.0621,0.03,18.3,18.3,12.23,0.68,1019.3,2.79,0.95,3.0,16.093,3.14159,Joachimstaler Straße,1.1381078337671633,4239.176237408433,pc2,Park,False,False,13.659141308768968,50,10,0.06
1624458348.504524,2021-06-23T14:25:48.504523Z,52.50356,13.33849,2,4,S2,1624458348.504524,18.318466,-68.56281,-40.79122,0.00120761504,41.0,98.0,3.0,0.094085816,12,50,2021-06-23 16:25:48,52.50356,13.33849,39.4,0.0,321.5,0.0621,0.03,18.3,18.3,12.23,0.68,1019.3,2.79,0.95,3.0,16.093,3.14159,Joachimstaler Straße,1.1381078337671633,4239.176237408433,pc2,Park,2021-06-23 16:25:48,52.503665,13.338385,25.8,0.0,310.0,0.0621,0.03,18.3,18.3,12.23,0.68,1019.3,2.79,0.95,3.0,16.093,3.14159,Joachimstaler Straße,7.283924133764032,4254.154304524996,pc4,Park,False,False,13.659141308768968,50,10,0.0
1624458349.498434,2021-06-23T14:25:49.498434Z,52.50356,13.33849,2,4,S2,1624458349.498434,17.4360693877551,-72.09275510204081,-44.35458367346939,0.0006193445714285,41.0,197.46938775510205,2.204081632653061,0.0477567495918367,12,49,2021-06-23 16:25:49,52.50356,13.33849,39.4,0.0,321.5,0.0621,0.03,18.3,18.3,12.23,0.68,1019.3,2.79,0.95,3.0,16.093,3.14159,Joachimstaler Straße,1.1381078337671633,4239.176237408433,pc2,Park,2021-06-23 16:25:49,52.503665,13.338385,25.8,0.0,310.0,0.0621,0.03,18.3,18.3,12.23,0.68,1019.3,2.79,0.95,3.0,16.093,3.14159,Joachimstaler Straße,7.283924133764032,4254.154304524996,pc4,Park,False,False,13.659141308768968,50,10,0.02
1624458349.5124197,2021-06-23T14:25:49.512419Z,52.503665,13.338385,4,2,S2,1624458349.5124197,17.816702380952382,-67.8606380952381,-40.120892857142856,0.0017168662142857,44.0,198.6904761904762,4.0,0.1175001857142857,12,42,2021-06-23 16:25:49,52.503665,13.338385,25.8,0.0,310.0,0.0621,0.03,18.3,18.3,12.23,0.68,1019.3,2.79,0.95,3.0,16.093,3.14159,Joachimstaler Straße,7.283924133764032,4254.154304524996,pc4,Park,2021-06-23 16:25:49,52.50356,13.33849,39.4,0.0,321.5,0.0621,0.03,18.3,18.3,12.23,0.68,1019.3,2.79,0.95,3.0,16.093,3.14159,Joachimstaler Straße,1.1381078337671633,4239.176237408433,pc2,Park,False,False,13.659141308768968,50,10,0.16
1624458350.4892864,2021-06-23T14:25:50.489286Z,52.50356,13.33849,2,4,S2,1624458350.4892864,18.296214791666667,-70.5062375,-42.728325000000005,0.0008059949166666,41.0,296.6666666666667,1.1041666666666667,0.07129486875,12,48,2021-06-23 16:25:50,52.50356,13.33849,39.4,1.852,321.5,0.0621,0.03,18.3,18.3,12.23,0.68,1019.3,2.79,0.95,3.0,16.093,3.14159,Joachimstaler Straße,1.1381078337671633,4239.176237408433,pc2,Park,2021-06-23 16:25:50,52.503665,13.338385,25.8,0.0,310.0,0.0621,0.03,18.3,18.3,12.23,0.68,1019.3,2.79,0.95,3.0,16.093,3.14159,Joachimstaler Straße,7.283924133764032,4254.154304524996,pc4,Park,False,False,13.659141308768968,50,10,0.04
1624458350.5044706,2021-06-23T14:25:50.504470Z,52.503665,13.338385,4,2,S2,1624458350.5044706,20.473385714285715,-66.68579795918367,-38.92197551020408,0.001133299510204,44.0,297.8979591836735,4.0,0.1686673244897959,12,49,2021-06-23 16:25:50,52.503665,13.338385,25.8,0.0,310.0,0.0621,0.03,18.3,18.3,12.23,0.68,1019.3,2.79,0.95,3.0,16.093,3.14159,Joachimstaler Straße,7.283924133764032,4254.154304524996,pc4,Park,2021-06-23 16:25:50,52.50356,13.33849,39.4,1.852,321.5,0.0621,0.03,18.3,18.3,12.23,0.68,1019.3,2.79,0.95,3.0,16.093,3.14159,Joachimstaler Straße,1.1381078337671633,4239.176237408433,pc2,Park,False,False,13.659141308768968,50,10,0.02
1624458351.4915285,2021-06-23T14:25:51.491528Z,52.503665,13.338385,4,2,S2,1624458351.4915285,18.5491375,-67.67319166666667,-39.90032083333333,0.0024248727291666,44.0,396.4583333333333,5.479166666666667,0.1414357895833333,12,48,2021-06-23 16:25:51,52.503665,13.338385,25.8,5.3708,310.0,0.0621,0.03,18.3,18.3,12.23,0.68,1019.3,2.79,0.95,3.0,16.093,3.14159,Joachimstaler Straße,7.283924133764032,4254.154304524996,pc4,Park,2021-06-23 16:25:51,52.50356333333333,13.33848,39.4,3.3336,292.6,0.0621,0.03,18.3,18.3,12.23,0.68,1019.3,2.79,0.95,3.0,16.093,3.14159,Joachimstaler Straße,1.0947509008666887,4239.176237408433,pc2,Park,False,False,12.99672986118938,50,10,0.04
1624458351.4934287,2021-06-23T14:25:51.493428Z,52.50356333333333,13.33848,2,4,S2,1624458351.4934287,16.52048354,-71.20191799999999,-43.42552800000001,0.00140250272,41.0,397.0,1.9,0.0557921676,12,50,2021-06-23 16:25:51,52.50356333333333,13.33848,39.4,3.3336,292.6,0.0621,0.03,18.3,18.3,12.23,0.68,1019.3,2.79,0.95,3.0,16.093,3.14159,Joachimstaler Straße,1.0947509008666887,4239.176237408433,pc2,Park,2021-06-23 16:25:51,52.503665,13.338385,25.8,5.3708,310.0,0.0621,0.03,18.3,18.3,12.23,0.68,1019.3,2.79,0.95,3.0,16.093,3.14159,Joachimstaler Straße,7.283924133764032,4254.154304524996,pc4,Park,False,False,12.99672986118938,50,10,0.0
1624458352.49622,2021-06-23T14:25:52.496219Z,52.50356833333333,13.33846,2,4,S2,1624458352.49622,17.634318163265306,-71.11201632653061,-43.30572653061224,0.0008992167755102,41.0,497.3061224489796,1.6122448979591837,0.0592997644897959,12,49,2021-06-23 16:25:52,52.50356833333333,13.33846,39.4,6.2968,284.4,0.0621,0.03,18.3,18.3,12.23,0.68,1019.3,2.79,0.95,3.0,16.093,3.14159,Joachimstaler Straße,0.8508691208474377,4243.183280913329,pc2,Park,2021-06-23 16:25:52,52.50367333333333,13.338355,25.8,10.000800000000002,299.6,0.0621,0.03,18.3,18.3,12.23,0.68,1019.3,2.79,0.95,3.0,16.093,3.14159,Joachimstaler Straße,6.9961734234550885,4254.154304524996,pc4,Park,False,False,13.659138088232952,50,10,0.02
1624458352.496541,2021-06-23T14:25:52.496541Z,52.50367333333333,13.338355,4,2,S2,1624458352.496541,14.6345894,-67.050442,-39.27534,0.00718886302,44.0,497.1,4.04,0.1482799179999999,12,50,2021-06-23 16:25:52,52.50367333333333,13.338355,25.8,10.000800000000002,299.6,0.0621,0.03,18.3,18.3,12.23,0.68,1019.3,2.79,0.95,3.0,16.093,3.14159,Joachimstaler Straße,6.9961734234550885,4254.154304524996,pc4,Park,2021-06-23 16:25:52,52.50356833333333,13.33846,39.4,6.2968,284.4,0.0621,0.03,18.3,18.3,12.23,0.68,1019.3,2.79,0.95,3.0,16.093,3.14159,Joachimstaler Straße,0.8508691208474377,4243.183280913329,pc2,Park,False,False,13.659138088232952,50,10,0.0
1624458353.5003288,2021-06-23T14:25:53.500328Z,52.503688333333336,13.338313333333334,4,2,S2,1624458353.5003288,16.7488622,-67.13197,-39.355022,0.00434261722,44.0,597.64,2.44,0.133354848,12,50,2021-06-23 16:25:53,52.503688333333336,13.338313333333334,25.9,12.778800000000002,295.2,0.0621,0.03,18.3,18.3,12.23,0.68,1019.3,2.79,0.95,3.0,16.093,3.14159,Joachimstaler Straße,6.8683601655291735,4257.458484523443,pc4,Park,2021-06-23 16:25:53,52.50357666666667,13.338425,39.1,11.112,286.9,0.0621,0.03,18.3,18.3,12.23,0.68,1019.3,2.79,0.95,3.0,16.093,3.14159,Joachimstaler Straße,0.3847845164937012,4243.183280913329,pc2,Park,False,False,14.526380484053886,50,10,0.0
1624458353.5132816,2021-06-23T14:25:53.513281Z,52.50357666666667,13.338425,2,4,S2,1624458353.5132816,17.986248936170213,-70.94834468085106,-43.16450212765957,0.0009018028723404,41.0,598.8085106382979,3.6595744680851054,0.0565503340425531,12,47,2021-06-23 16:25:53,52.50357666666667,13.338425,39.1,11.112,286.9,0.0621,0.03,18.3,18.3,12.23,0.68,1019.3,2.79,0.95,3.0,16.093,3.14159,Joachimstaler Straße,0.3847845164937012,4243.183280913329,pc2,Park,2021-06-23 16:25:53,52.503688333333336,13.338313333333334,25.9,12.778800000000002,295.2,0.0621,0.03,18.3,18.3,12.23,0.68,1019.3,2.79,0.95,3.0,16.093,3.14159,Joachimstaler Straße,6.8683601655291735,4257.458484523443,pc4,Park,False,False,14.526380484053886,50,10,0.06
1624458354.490361,2021-06-23T14:25:54.490360Z,52.503595,13.338365,2,4,S2,1624458354.490361,16.019855,-70.32293958333334,-42.52053958333333,0.0021260341041666,41.0,696.5833333333334,3.0,0.0708434270833333,12,48,2021-06-23 16:25:54,52.503595,13.338365,38.9,15.371600000000004,287.6,0.0621,0.03,18.3,18.3,12.23,0.68,1019.3,2.79,0.95,3.0,16.093,3.14159,Joachimstaler Straße,0.0325220580630014,4250.66730994463,pc2,Park,2021-06-23 16:25:54,52.5037,13.338263333333334,26.0,12.5936,295.0,0.0621,0.03,18.3,18.3,12.23,0.68,1019.3,2.79,0.95,3.0,16.093,3.14159,Joachimstaler Straße,6.123728858906064,4260.561004047627,pc4,Park,False,False,13.54325006832052,50,10,0.04
1624458354.5059872,2021-06-23T14:25:54.505987Z,52.5037,13.338263333333334,4,2,S2,1624458354.5059872,19.602006,-67.161974,-39.361566,0.0013029846,44.0,698.0,4.5,0.147231516,12,50,2021-06-23 16:25:54,52.5037,13.338263333333334,26.0,12.5936,295.0,0.0621,0.03,18.3,18.3,12.23,0.68,1019.3,2.79,0.95,3.0,16.093,3.14159,Joachimstaler Straße,6.123728858906064,4260.561004047627,pc4,Park,2021-06-23 16:25:54,52.503595,13.338365,38.9,15.371600000000004,287.6,0.0621,0.03,18.3,18.3,12.23,0.68,1019.3,2.79,0.95,3.0,16.093,3.14159,Joachimstaler Straße,0.0325220580630014,4250.66730994463,pc2,Park,False,False,13.54325006832052,50,10,0.0
1624458355.4337733,2021-06-23T14:25:55.433773Z,52.50361333333333,13.338305,2,4,S2,1624458355.4337733,17.763724999999997,-71.01945454545454,-43.16514318181818,0.0008084891136363,41.0,791.0909090909091,1.3409090909090908,0.0550591431818181,12,44,2021-06-23 16:25:55,52.50361333333333,13.338305,38.9,15.5568,288.7,0.0621,0.03,18.3,18.3,12.23,0.68,1019.3,2.79,0.95,3.0,16.093,3.14159,Joachimstaler Straße,0.4498265305083972,4254.154304524996,pc2,Park,2021-06-23 16:25:55,52.503715,13.338213333333334,26.1,14.0752,295.2,0.0621,0.03,18.3,18.3,12.23,0.68,1019.3,2.79,0.95,3.0,16.093,3.14159,Joachimstaler Straße,5.690286858215219,4266.160786715616,pc4,Park,False,False,12.886713499817374,50,10,0.12
1624458355.5017333,2021-06-23T14:25:55.501733Z,52.503715,13.338213333333334,4,2,S2,1624458355.5017333,19.845795918367347,-67.35852040816327,-39.5659693877551,0.001124473510204,44.0,797.3265306122449,7.0,0.1237085408163265,12,49,2021-06-23 16:25:55,52.503715,13.338213333333334,26.1,14.0752,295.2,0.0621,0.03,18.3,18.3,12.23,0.68,1019.3,2.79,0.95,3.0,16.093,3.14159,Joachimstaler Straße,5.690286858215219,4266.160786715616,pc4,Park,2021-06-23 16:25:55,52.50361333333333,13.338305,38.9,15.5568,288.7,0.0621,0.03,18.3,18.3,12.23,0.68,1019.3,2.79,0.95,3.0,16.093,3.14159,Joachimstaler Straße,0.4498265305083972,4254.154304524996,pc2,Park,False,False,12.886713499817374,50,10,0.02
1624458356.4892886,2021-06-23T14:25:56.489288Z,52.50373166666667,13.338158333333332,4,2,S2,1624458356.4892886,18.766441666666665,-68.76300833333333,-41.0112375,0.0010331336875,44.0,896.0833333333334,6.979166666666667,0.0996983895833333,12,48,2021-06-23 16:25:56,52.50373166666667,13.338158333333332,26.2,15.742,295.9,0.0621,0.03,18.3,18.3,12.23,0.68,1019.3,2.79,0.95,3.0,16.093,3.14159,Joachimstaler Straße,5.229061814389708,4268.794233752264,pc4,Park,2021-06-23 16:25:56,52.50363333333333,13.33825,39.0,14.2604,289.9,0.0621,0.03,18.3,18.3,12.23,0.68,1019.3,2.79,0.95,3.0,16.093,3.14159,Joachimstaler Straße,0.589037881439578,4257.458484523443,pc2,Park,False,False,12.563281526008044,50,10,0.04
1624458356.6029792,2021-06-23T14:25:56.602979Z,52.50363333333333,13.33825,2,4,S2,1624458356.6029792,11.485322857142858,-69.3912,-41.646385714285714,0.0068203187142857,41.0,907.2857142857144,8.571428571428571,0.0736900285714285,12,7,2021-06-23 16:25:56,52.50363333333333,13.33825,39.0,14.2604,289.9,0.0621,0.03,18.3,18.3,12.23,0.68,1019.3,2.79,0.95,3.0,16.093,3.14159,Joachimstaler Straße,0.589037881439578,4257.458484523443,pc2,Park,2021-06-23 16:25:56,52.50373166666667,13.338158333333332,26.2,15.742,295.9,0.0621,0.03,18.3,18.3,12.23,0.68,1019.3,2.79,0.95,3.0,16.093,3.14159,Joachimstaler Straße,5.229061814389708,4268.794233752264,pc4,Park,False,False,12.563281526008044,50,10,0.86
1624458357.364256,2021-06-23T14:25:57.364256Z,52.50365166666667,13.3382,2,4,S2,1624458357.364256,12.813075,-73.7648375,-45.98382083333333,0.0013724043333333,41.0,898.0833333333334,8.5,0.03061652875,12,24,2021-06-23 16:25:57,52.50365166666667,13.3382,38.9,12.964,291.0,0.0621,0.03,18.3,18.3,12.23,0.68,1019.3,2.79,0.95,3.0,16.093,3.14159,Joachimstaler Straße,0.7112924679869719,4263.451769869529,pc2,Park,2021-06-23 16:25:57,52.50374833333333,13.338098333333331,26.3,16.668,296.8,0.0621,0.03,18.3,18.3,12.23,0.68,1019.3,2.79,0.95,3.0,16.093,3.14159,Joachimstaler Straße,4.5844602594111645,4274.364182711151,pc4,Park,False,False,12.754194113890938,50,10,0.52
1624458357.5116668,2021-06-23T14:25:57.511666Z,52.50374833333333,13.338098333333331,4,2,S2,1624458357.5116668,16.11745695652174,-70.80743695652174,-42.994210869565215,0.0013662749565217,44.0,731.3913043478261,4.956521739130435,0.0595894195652173,12,46,2021-06-23 16:25:57,52.50374833333333,13.338098333333331,26.3,16.668,296.8,0.0621,0.03,18.3,18.3,12.23,0.68,1019.3,2.79,0.95,3.0,16.093,3.14159,Joachimstaler Straße,4.5844602594111645,4274.364182711151,pc4,Park,2021-06-23 16:25:57,52.50365166666667,13.3382,38.9,12.964,291.0,0.0621,0.03,18.3,18.3,12.23,0.68,1019.3,2.79,0.95,3.0,16.093,3.14159,Joachimstaler Straße,0.7112924679869719,4263.451769869529,pc2,Park,False,False,12.754194113890938,50,10,0.08
1624458358.4926608,2021-06-23T14:25:58.492660Z,52.50376833333333,13.338038333333332,4,2,S2,1624458358.4926608,17.305320408163265,-70.67758163265306,-42.93694285714285,0.0008899232448979,44.0,72.91836734693878,2.0,0.0582427734693877,12,49,2021-06-23 16:25:58,52.50376833333333,13.338038333333332,26.4,16.1124,298.2,0.0621,0.03,18.3,18.3,12.23,0.68,1019.3,2.79,0.95,3.0,16.093,3.14159,Joachimstaler Straße,4.196487107921419,4277.512188630351,pc4,Park,2021-06-23 16:25:58,52.50366666666667,13.338155,38.8,12.778800000000002,292.0,0.0621,0.03,18.3,18.3,12.23,0.68,1019.3,2.79,0.95,3.0,16.093,3.14159,Joachimstaler Straße,0.9613547824166296,4266.160786715616,pc2,Park,False,False,13.780360717392778,50,10,0.02
1624458358.6789577,2021-06-23T14:25:58.678957Z,52.50366666666667,13.338155,2,4,S2,1624458358.6789577,15.57191,-73.93391,-46.16263,0.0006770115666666,41.0,91.4,3.4,0.0269599203333333,12,30,2021-06-23 16:25:58,52.50366666666667,13.338155,38.8,12.778800000000002,292.0,0.0621,0.03,18.3,18.3,12.23,0.68,1019.3,2.79,0.95,3.0,16.093,3.14159,Joachimstaler Straße,0.9613547824166296,4266.160786715616,pc2,Park,2021-06-23 16:25:58,52.50376833333333,13.338038333333332,26.4,16.1124,298.2,0.0621,0.03,18.3,18.3,12.23,0.68,1019.3,2.79,0.95,3.0,16.093,3.14159,Joachimstaler Straße,4.196487107921419,4277.512188630351,pc4,Park,False,False,13.780360717392778,50,10,0.4
1624458359.494665,2021-06-23T14:25:59.494664Z,52.503683333333335,13.338111666666666,2,4,S2,1624458359.494665,17.326054,-72.304838,-44.534966,0.00059096724,41.0,173.02,2.92,0.0421102386,12,50,2021-06-23 16:25:59,52.503683333333335,13.338111666666666,38.8,12.4084,293.1,0.0621,0.03,18.3,18.3,12.23,0.68,1019.3,2.79,0.95,3.0,16.093,3.14159,Joachimstaler Straße,0.9946956999911044,4268.794233752264,pc2,Park,2021-06-23 16:25:59,52.50378666666667,13.33798,26.4,15.1864,299.5,0.0621,0.03,18.3,18.3,12.23,0.68,1019.3,2.79,0.95,3.0,16.093,3.14159,Joachimstaler Straße,3.590803812540206,4281.181004256973,pc4,Park,False,False,14.531353791322474,50,10,0.0
1624458359.50348,2021-06-23T14:25:59.503479Z,52.50378666666667,13.33798,4,2,S2,1624458359.50348,18.667582,-68.645588,-40.922254,0.00106840202,44.0,174.0,2.0,0.0990194059999999,12,50,2021-06-23 16:25:59,52.50378666666667,13.33798,26.4,15.1864,299.5,0.0621,0.03,18.3,18.3,12.23,0.68,1019.3,2.79,0.95,3.0,16.093,3.14159,Joachimstaler Straße,3.590803812540206,4281.181004256973,pc4,Park,2021-06-23 16:25:59,52.503683333333335,13.338111666666666,38.8,12.4084,293.1,0.0621,0.03,18.3,18.3,12.23,0.68,1019.3,2.79,0.95,3.0,16.093,3.14159,Joachimstaler Straße,0.9946956999911044,4268.794233752264,pc2,Park,False,False,14.531353791322474,50,10,0.0
1624458360.4941392,2021-06-23T14:26:00.494139Z,52.5037,13.338068333333334,2,4,S2,1624458360.4941392,15.60346,-74.769806,-46.956616,0.00048574368,41.0,273.04,2.2,0.0216198537999999,12,50,2021-06-23 16:26:00,52.5037,13.338068333333334,38.7,12.038,294.2,0.0621,0.03,18.3,18.3,12.23,0.68,1019.3,2.79,0.95,3.0,16.093,3.14159,Joachimstaler Straße,1.0280353941404727,4271.505688992288,pc2,Park,2021-06-23 16:26:00,52.503805,13.337928333333334,26.5,13.5196,300.2,0.0621,0.03,18.3,18.3,12.23,0.68,1019.3,2.79,0.95,3.0,16.093,3.14159,Joachimstaler Straße,3.2446995211042013,4285.416721892509,pc4,Park,False,False,15.026821568753212,50,10,0.0
1624458360.50377,2021-06-23T14:26:00.503769Z,52.503805,13.337928333333334,4,2,S2,1624458360.50377,16.659166,-71.449244,-43.67476,0.0008664689,44.0,274.02,2.08,0.048280448,12,50,2021-06-23 16:26:00,52.503805,13.337928333333334,26.5,13.5196,300.2,0.0621,0.03,18.3,18.3,12.23,0.68,1019.3,2.79,0.95,3.0,16.093,3.14159,Joachimstaler Straße,3.2446995211042013,4285.416721892509,pc4,Park,2021-06-23 16:26:00,52.5037,13.338068333333334,38.7,12.038,294.2,0.0621,0.03,18.3,18.3,12.23,0.68,1019.3,2.79,0.95,3.0,16.093,3.14159,Joachimstaler Straße,1.0280353941404727,4271.505688992288,pc2,Park,False,False,15.026821568753212,50,10,0.0
1624458361.500652,2021-06-23T14:26:01.500652Z,52.503816666666665,13.337878333333334,4,2,S2,1624458361.500652,17.256708163265305,-70.04765714285715,-42.276138775510205,0.0011025597959183,44.0,373.3061224489796,6.081632653061225,0.0663874632653061,12,49,2021-06-23 16:26:01,52.503816666666665,13.337878333333334,26.6,10.926800000000002,301.2,0.0621,0.03,18.3,18.3,12.23,0.68,1019.3,2.79,0.95,3.0,16.093,3.14159,Joachimstaler Straße,2.3578126891286724,4290.275503339675,pc4,Park,2021-06-23 16:26:01,52.503715,13.338028333333334,38.7,11.4824,295.1,0.0621,0.03,18.3,18.3,12.23,0.68,1019.3,2.79,0.95,3.0,16.093,3.14159,Joachimstaler Straße,1.0947157202504108,4277.512188630351,pc2,Park,False,False,15.184449164793977,50,10,0.02
1624458361.5679553,2021-06-23T14:26:01.567955Z,52.503715,13.338028333333334,2,4,S2,1624458361.5679553,16.1955375,-72.58297916666668,-44.826525,0.0007223704166666,41.0,380.5,1.375,0.0355580458333333,12,24,2021-06-23 16:26:01,52.503715,13.338028333333334,38.7,11.4824,295.1,0.0621,0.03,18.3,18.3,12.23,0.68,1019.3,2.79,0.95,3.0,16.093,3.14159,Joachimstaler Straße,1.0947157202504108,4277.512188630351,pc2,Park,2021-06-23 16:26:01,52.503816666666665,13.337878333333334,26.6,10.926800000000002,301.2,0.0621,0.03,18.3,18.3,12.23,0.68,1019.3,2.79,0.95,3.0,16.093,3.14159,Joachimstaler Straße,2.3578126891286724,4290.275503339675,pc4,Park,False,False,15.184449164793977,50,10,0.52
1624458362.4356904,2021-06-23T14:26:02.435690Z,52.50373,13.337988333333334,2,4,S2,1624458362.4356904,16.92522057142857,-71.07872285714285,-43.34555142857143,0.0011712067142857,41.0,467.0,4.057142857142857,0.0567345857142857,12,35,2021-06-23 16:26:02,52.50373,13.337988333333334,38.6,11.112,296.0,0.0621,0.03,18.3,18.3,12.23,0.68,1019.3,2.79,0.95,3.0,16.093,3.14159,Joachimstaler Straße,1.2329910544838345,4277.512188630351,pc2,Park,2021-06-23 16:26:02,52.50382833333333,13.337843333333334,26.7,8.334,302.3,0.0621,0.03,18.3,18.3,12.23,0.68,1019.3,2.79,0.95,3.0,16.093,3.14159,Joachimstaler Straße,2.0549741481553734,4295.739399530396,pc4,Park,False,False,14.68288853981793,50,10,0.3
1624458362.4858491,2021-06-23T14:26:02.485849Z,52.50382833333333,13.337843333333334,4,2,S2,1624458362.4858491,18.409463265306123,-67.84384081632653,-40.13126326530613,0.0014177067142857,44.0,472.1428571428572,2.938775510204082,0.1181944979591836,12,49,2021-06-23 16:26:02,52.50382833333333,13.337843333333334,26.7,8.334,302.3,0.0621,0.03,18.3,18.3,12.23,0.68,1019.3,2.79,0.95,3.0,16.093,3.14159,Joachimstaler Straße,2.0549741481553734,4295.739399530396,pc4,Park,2021-06-23 16:26:02,52.50373,13.337988333333334,38.6,11.112,296.0,0.0621,0.03,18.3,18.3,12.23,0.68,1019.3,2.79,0.95,3.0,16.093,3.14159,Joachimstaler Straße,1.2329910544838345,4277.512188630351,pc2,Park,False,False,14.68288853981793,50,10,0.02
1624458363.4738677,2021-06-23T14:26:03.473867Z,52.503835,13.337816666666669,4,2,S2,1624458363.4738677,19.69812978723404,-66.57867446808511,-38.8566170212766,0.0014657612553191,44.0,570.9574468085107,2.8085106382978724,0.1828722340425532,12,47,2021-06-23 16:26:03,52.503835,13.337816666666669,26.7,5.926400000000001,301.7,0.0621,0.03,18.3,18.3,12.23,0.68,1019.3,2.79,0.95,3.0,16.093,3.14159,Joachimstaler Straße,1.6223477051985482,4295.739399530396,pc4,Park,2021-06-23 16:26:03,52.50374333333333,13.337951666666669,38.5,10.7416,296.7,0.0621,0.03,18.3,18.3,12.23,0.68,1019.3,2.79,0.95,3.0,16.093,3.14159,Joachimstaler Straße,1.4493074278238154,4281.181004256973,pc2,Park,False,False,13.6797787314111,50,10,0.06
1624458363.510648,2021-06-23T14:26:03.510648Z,52.50374333333333,13.337951666666669,2,4,S2,1624458363.510648,19.53446216216216,-68.99964324324324,-41.23302972972973,0.0007955955675675,41.0,574.3513513513514,5.567567567567568,0.0971779537837837,12,37,2021-06-23 16:26:03,52.50374333333333,13.337951666666669,38.5,10.7416,296.7,0.0621,0.03,18.3,18.3,12.23,0.68,1019.3,2.79,0.95,3.0,16.093,3.14159,Joachimstaler Straße,1.4493074278238154,4281.181004256973,pc2,Park,2021-06-23 16:26:03,52.503835,13.337816666666669,26.7,5.926400000000001,301.7,0.0621,0.03,18.3,18.3,12.23,0.68,1019.3,2.79,0.95,3.0,16.093,3.14159,Joachimstaler Straße,1.6223477051985482,4295.739399530396,pc4,Park,False,False,13.6797787314111,50,10,0.26
1624458364.4935338,2021-06-23T14:26:04.493533Z,52.50374833333333,13.337906666666669,2,4,S2,1624458364.4935338,18.30872,-68.800322,-41.055434000000005,0.0011621698,41.0,673.0,2.0,0.092895496,12,50,2021-06-23 16:26:04,52.50374833333333,13.337906666666669,38.4,8.8896,297.5,0.0621,0.03,18.3,18.3,12.23,0.68,1019.3,2.79,0.95,3.0,16.093,3.14159,Joachimstaler Straße,2.747191838866509,4285.416721892509,pc2,Park,2021-06-23 16:26:04,52.503841666666666,13.337801666666667,26.7,0.0,301.7,0.0621,0.03,18.3,18.3,12.23,0.68,1019.3,2.79,0.95,3.0,16.093,3.14159,Joachimstaler Straße,1.64397997295342,4295.739399530396,pc4,Park,False,False,12.569841890340362,50,10,0.0
1624458364.519588,2021-06-23T14:26:04.519587Z,52.503841666666666,13.337801666666667,4,2,S2,1624458364.519588,17.17203574468085,-64.70867234042554,-36.990210638297874,0.004965353680851,44.0,675.2127659574468,5.97872340425532,0.2303111617021276,12,47,2021-06-23 16:26:04,52.503841666666666,13.337801666666667,26.7,0.0,301.7,0.0621,0.03,18.3,18.3,12.23,0.68,1019.3,2.79,0.95,3.0,16.093,3.14159,Joachimstaler Straße,1.64397997295342,4295.739399530396,pc4,Park,2021-06-23 16:26:04,52.50374833333333,13.337906666666669,38.4,8.8896,297.5,0.0621,0.03,18.3,18.3,12.23,0.68,1019.3,2.79,0.95,3.0,16.093,3.14159,Joachimstaler Straße,2.747191838866509,4285.416721892509,pc2,Park,False,False,12.569841890340362,50,10,0.06
1624458365.494768,2021-06-23T14:26:05.494768Z,52.503751666666666,13.337876666666666,2,4,S2,1624458365.494768,18.730612,-69.263606,-41.56686800000001,0.0009424410199999,41.0,773.12,2.04,0.081248346,12,50,2021-06-23 16:26:05,52.503751666666666,13.337876666666666,38.5,5.556,299.5,0.0621,0.03,18.3,18.3,12.23,0.68,1019.3,2.79,0.95,3.0,16.093,3.14159,Joachimstaler Straße,3.6124474686966326,4285.416721892509,pc2,Park,2021-06-23 16:26:05,52.503843333333336,13.337796666666666,26.7,0.0,301.7,0.0621,0.03,18.3,18.3,12.23,0.68,1019.3,2.79,0.95,3.0,16.093,3.14159,Joachimstaler Straße,1.6007175404960663,4295.739399530396,pc4,Park,False,False,11.533938766955108,50,10,0.0
1624458365.5097446,2021-06-23T14:26:05.509744Z,52.503843333333336,13.337796666666666,4,2,S2,1624458365.5097446,15.9696526,-65.11029,-37.41317,0.0076058985199999,44.0,774.14,6.86,0.201878052,12,50,2021-06-23 16:26:05,52.503843333333336,13.337796666666666,26.7,0.0,301.7,0.0621,0.03,18.3,18.3,12.23,0.68,1019.3,2.79,0.95,3.0,16.093,3.14159,Joachimstaler Straße,1.6007175404960663,4295.739399530396,pc4,Park,2021-06-23 16:26:05,52.503751666666666,13.337876666666666,38.5,5.556,299.5,0.0621,0.03,18.3,18.3,12.23,0.68,1019.3,2.79,0.95,3.0,16.093,3.14159,Joachimstaler Straße,3.6124474686966326,4285.416721892509,pc2,Park,False,False,11.533938766955108,50,10,0.0
1624458366.402383,2021-06-23T14:26:06.402383Z,52.503843333333336,13.337795,4,2,S2,1624458366.402383,18.31444074074074,-67.15552222222222,-39.41144444444444,0.0033918657777777,44.0,863.5925925925926,4.962962962962963,0.1408881518518518,12,27,2021-06-23 16:26:06,52.503843333333336,13.337795,26.9,0.0,301.7,0.0621,0.03,18.3,18.3,12.23,0.68,1019.3,2.79,0.95,3.0,16.093,3.14159,Joachimstaler Straße,1.5358235061948484,4295.739399530396,pc4,Park,2021-06-23 16:26:06,52.503753333333336,13.33786,38.5,0.0,299.5,0.0621,0.03,18.3,18.3,12.23,0.68,1019.3,2.79,0.95,3.0,16.093,3.14159,Joachimstaler Straße,4.109969223317029,4285.416721892509,pc2,Park,False,False,10.924322884800349,50,10,0.46
1624458366.5035715,2021-06-23T14:26:06.503571Z,52.503753333333336,13.33786,2,4,S2,1624458366.5035715,17.522896,-72.216452,-44.525916,0.0005851162599999,41.0,874.0,2.04,0.043445603,12,50,2021-06-23 16:26:06,52.503753333333336,13.33786,38.5,0.0,299.5,0.0621,0.03,18.3,18.3,12.23,0.68,1019.3,2.79,0.95,3.0,16.093,3.14159,Joachimstaler Straße,4.109969223317029,4285.416721892509,pc2,Park,2021-06-23 16:26:06,52.503843333333336,13.337795,26.9,0.0,301.7,0.0621,0.03,18.3,18.3,12.23,0.68,1019.3,2.79,0.95,3.0,16.093,3.14159,Joachimstaler Straße,1.5358235061948484,4295.739399530396,pc4,Park,False,False,10.924322884800349,50,10,0.0
1624458367.5036323,2021-06-23T14:26:07.503632Z,52.503755,13.337853333333332,2,4,S2,1624458367.5036323,17.355944400000002,-70.259958,-42.527286,0.00096061272,41.0,974.0,2.0,0.06497041,12,50,2021-06-23 16:26:07,52.503755,13.337853333333332,38.5,0.0,299.5,0.0621,0.03,18.3,18.3,12.23,0.68,1019.3,2.79,0.95,3.0,16.093,3.14159,Joachimstaler Straße,4.218126089463386,4290.275503339675,pc2,Park,2021-06-23 16:26:07,52.503845,13.337786666666666,27.0,0.0,301.7,0.0621,0.03,18.3,18.3,12.23,0.68,1019.3,2.79,0.95,3.0,16.093,3.14159,Joachimstaler Straße,1.3627730414382138,4295.739399530396,pc4,Park,False,False,10.970187285707247,50,10,0.0
1624458367.6257336,2021-06-23T14:26:07.625733Z,52.503845,13.337786666666666,4,2,S2,1624458367.6257336,17.614150645161292,-67.03993225806452,-39.27462580645162,0.0045501866451612,44.0,986.0,4.225806451612903,0.1420463870967741,12,31,2021-06-23 16:26:07,52.503845,13.337786666666666,27.0,0.0,301.7,0.0621,0.03,18.3,18.3,12.23,0.68,1019.3,2.79,0.95,3.0,16.093,3.14159,Joachimstaler Straße,1.3627730414382138,4295.739399530396,pc4,Park,2021-06-23 16:26:07,52.503755,13.337853333333332,38.5,0.0,299.5,0.0621,0.03,18.3,18.3,12.23,0.68,1019.3,2.79,0.95,3.0,16.093,3.14159,Joachimstaler Straße,4.218126089463386,4290.275503339675,pc2,Park,False,False,10.970187285707247,50,10,0.38
1624458368.4434006,2021-06-23T14:26:08.443400Z,52.503855,13.337758333333332,4,2,S2,1624458368.4434006,15.297443846153849,-69.13814615384617,-41.39870512820513,0.0048030847179487,44.0,44.05128205128205,1.4102564102564104,0.102083582051282,12,39,2021-06-23 16:26:08,52.503855,13.337758333333332,27.0,10.926800000000002,302.1,0.0621,0.03,18.3,18.3,12.23,0.68,1019.3,2.79,0.95,3.0,16.093,3.14159,Joachimstaler Straße,1.1680930075265017,4301.761661557341,pc4,Park,2021-06-23 16:26:08,52.50375666666667,13.337851666666667,38.5,0.0,299.5,0.0621,0.03,18.3,18.3,12.23,0.68,1019.3,2.79,0.95,3.0,16.093,3.14159,Joachimstaler Straße,4.1316005603409165,4290.275503339675,pc2,Park,False,False,12.619267511589506,50,10,0.22
1624458368.4970737,2021-06-23T14:26:08.497073Z,52.50375666666667,13.337851666666667,2,4,S2,1624458368.4970737,14.92097673469388,-72.69677346938775,-44.92819795918367,0.0012521710612244,41.0,49.08163265306123,4.73469387755102,0.0409885685714285,12,49,2021-06-23 16:26:08,52.50375666666667,13.337851666666667,38.5,0.0,299.5,0.0621,0.03,18.3,18.3,12.23,0.68,1019.3,2.79,0.95,3.0,16.093,3.14159,Joachimstaler Straße,4.1316005603409165,4290.275503339675,pc2,Park,2021-06-23 16:26:08,52.503855,13.337758333333332,27.0,10.926800000000002,302.1,0.0621,0.03,18.3,18.3,12.23,0.68,1019.3,2.79,0.95,3.0,16.093,3.14159,Joachimstaler Straße,1.1680930075265017,4301.761661557341,pc4,Park,False,False,12.619267511589506,50,10,0.02
1624458369.472876,2021-06-23T14:26:09.472876Z,52.50376333333333,13.337841666666666,2,4,S2,1624458369.472876,15.047495454545452,-72.47949772727273,-44.70895454545455,0.0019926657272727,41.0,146.4090909090909,7.227272727272727,0.0379765409090909,12,44,2021-06-23 16:26:09,52.50376333333333,13.337841666666666,38.5,0.0,299.5,0.0621,0.03,18.3,18.3,12.23,0.68,1019.3,2.79,0.95,3.0,16.093,3.14159,Joachimstaler Straße,3.9152866421947055,4290.275503339675,pc2,Park,2021-06-23 16:26:09,52.50387166666667,13.337713333333332,27.1,15.1864,302.6,0.0621,0.03,18.3,18.3,12.23,0.68,1019.3,2.79,0.95,3.0,16.093,3.14159,Joachimstaler Straße,1.1107297480038731,4301.761661557341,pc4,Park,False,False,14.84120122117788,50,10,0.12
1624458369.5176678,2021-06-23T14:26:09.517667Z,52.50387166666667,13.337713333333332,4,2,S2,1624458369.5176678,15.2217975,-69.05955625,-41.28180833333334,0.0039087355208333,44.0,151.0,6.145833333333333,0.0818248145833333,12,48,2021-06-23 16:26:09,52.50387166666667,13.337713333333332,27.1,15.1864,302.6,0.0621,0.03,18.3,18.3,12.23,0.68,1019.3,2.79,0.95,3.0,16.093,3.14159,Joachimstaler Straße,1.1107297480038731,4301.761661557341,pc4,Park,2021-06-23 16:26:09,52.50376333333333,13.337841666666666,38.5,0.0,299.5,0.0621,0.03,18.3,18.3,12.23,0.68,1019.3,2.79,0.95,3.0,16.093,3.14159,Joachimstaler Straße,3.9152866421947055,4290.275503339675,pc2,Park,False,False,14.84120122117788,50,10,0.04
1624458370.465106,2021-06-23T14:26:10.465106Z,52.50389333333333,13.337653333333334,4,2,S2,1624458370.465106,14.601477441860464,-67.76970697674419,-40.05201860465116,0.0035691918604651,44.0,246.13953488372093,2.186046511627907,0.1058502465116279,12,43,2021-06-23 16:26:10,52.50389333333333,13.337653333333334,27.1,17.9644,303.0,0.0621,0.03,18.3,18.3,12.23,0.68,1019.3,2.79,0.95,3.0,16.093,3.14159,Joachimstaler Straße,1.043809619714816,4308.3227363633205,pc4,Park,2021-06-23 16:26:10,52.50377833333334,13.337808333333331,38.6,13.5196,301.6,0.0621,0.03,18.3,18.3,12.23,0.68,1019.3,2.79,0.95,3.0,16.093,3.14159,Joachimstaler Straße,3.850391524909467,4290.275503339675,pc2,Park,False,False,16.529181197607105,50,10,0.14
1624458370.4988143,2021-06-23T14:26:10.498814Z,52.50377833333334,13.337808333333331,2,4,S2,1624458370.4988143,12.979837916666668,-71.34808541666666,-43.57095208333333,0.0034443567291666,41.0,249.29166666666663,4.354166666666667,0.0459987916666666,12,48,2021-06-23 16:26:10,52.50377833333334,13.337808333333331,38.6,13.5196,301.6,0.0621,0.03,18.3,18.3,12.23,0.68,1019.3,2.79,0.95,3.0,16.093,3.14159,Joachimstaler Straße,3.850391524909467,4290.275503339675,pc2,Park,2021-06-23 16:26:10,52.50389333333333,13.337653333333334,27.1,17.9644,303.0,0.0621,0.03,18.3,18.3,12.23,0.68,1019.3,2.79,0.95,3.0,16.093,3.14159,Joachimstaler Straße,1.043809619714816,4308.3227363633205,pc4,Park,False,False,16.529181197607105,50,10,0.04
1624458371.4653685,2021-06-23T14:26:11.465368Z,52.50392,13.337586666666668,4,2,S2,1624458371.4653685,19.013167391304343,-68.21783695652174,-40.4819,0.0010862990217391,44.0,345.5217391304348,8.673913043478262,0.0963088369565217,12,46,2021-06-23 16:26:11,52.50392,13.337586666666668,27.2,20.7424,303.2,0.0621,0.03,18.3,18.3,12.23,0.68,1019.3,2.79,0.95,3.0,16.093,3.14159,Joachimstaler Straße,1.2150967952788017,4315.297251834181,pc4,Park,2021-06-23 16:26:11,52.5038,13.337753333333334,38.6,17.9644,302.5,0.0621,0.03,18.3,18.3,12.23,0.68,1019.3,2.79,0.95,3.0,16.093,3.14159,Joachimstaler Straße,4.023439157253127,4295.739399530396,pc2,Park,False,False,17.461141776085906,50,10,0.08
1624458371.492615,2021-06-23T14:26:11.492614Z,52.5038,13.337753333333334,2,4,S2,1624458371.492615,17.94192083333333,-71.66089166666667,-43.92879166666666,0.0005949115208333,41.0,348.9791666666667,1.3125,0.045564569375,12,48,2021-06-23 16:26:11,52.5038,13.337753333333334,38.6,17.9644,302.5,0.0621,0.03,18.3,18.3,12.23,0.68,1019.3,2.79,0.95,3.0,16.093,3.14159,Joachimstaler Straße,4.023439157253127,4295.739399530396,pc2,Park,2021-06-23 16:26:11,52.50392,13.337586666666668,27.2,20.7424,303.2,0.0621,0.03,18.3,18.3,12.23,0.68,1019.3,2.79,0.95,3.0,16.093,3.14159,Joachimstaler Straße,1.2150967952788017,4315.297251834181,pc4,Park,False,False,17.461141776085906,50,10,0.04
1624458372.492799,2021-06-23T14:26:12.492799Z,52.50382666666667,13.337686666666666,2,4,S2,1624458372.492799,17.563478,-71.88225,-44.179862,0.00063959774,41.0,449.0,1.0,0.0485644342,12,50,2021-06-23 16:26:12,52.50382666666667,13.337686666666666,38.6,20.1868,303.2,0.0621,0.03,18.3,18.3,12.23,0.68,1019.3,2.79,0.95,3.0,16.093,3.14159,Joachimstaler Straße,4.095004979931482,4301.761661557341,pc2,Park,2021-06-23 16:26:12,52.50394833333333,13.337508333333334,27.2,22.0388,303.4,0.0621,0.03,18.3,18.3,12.23,0.68,1019.3,2.79,0.95,3.0,16.093,3.14159,Joachimstaler Straße,1.132121653549219,4322.606136730578,pc4,Park,False,False,18.118484010136005,50,10,0.0
1624458372.5339217,2021-06-23T14:26:12.533921Z,52.50394833333333,13.337508333333334,4,2,S2,1624458372.5339217,18.999852173913045,-68.44174130434783,-40.73021086956522,0.0010606676956521,44.0,452.4565217391304,7.8478260869565215,0.1068726456521739,12,46,2021-06-23 16:26:12,52.50394833333333,13.337508333333334,27.2,22.0388,303.4,0.0621,0.03,18.3,18.3,12.23,0.68,1019.3,2.79,0.95,3.0,16.093,3.14159,Joachimstaler Straße,1.132121653549219,4322.606136730578,pc4,Park,2021-06-23 16:26:12,52.50382666666667,13.337686666666666,38.6,20.1868,303.2,0.0621,0.03,18.3,18.3,12.23,0.68,1019.3,2.79,0.95,3.0,16.093,3.14159,Joachimstaler Straße,4.095004979931482,4301.761661557341,pc2,Park,False,False,18.118484010136005,50,10,0.08
1624458373.497803,2021-06-23T14:26:13.497802Z,52.503978333333336,13.337431666666667,4,2,S2,1624458373.497803,14.75781936170213,-71.73924680851064,-44.00676808510638,0.0012681622765957,44.0,548.7659574468086,8.617021276595745,0.0456633425531914,12,47,2021-06-23 16:26:13,52.503978333333336,13.337431666666667,27.3,22.0388,303.4,0.0621,0.03,18.3,18.3,12.23,0.68,1019.3,2.79,0.95,3.0,16.093,3.14159,Joachimstaler Straße,1.2659441967420355,4322.606136730578,pc4,Park,2021-06-23 16:26:13,52.50385666666666,13.337615,38.6,21.4832,303.4,0.0621,0.03,18.3,18.3,12.23,0.68,1019.3,2.79,0.95,3.0,16.093,3.14159,Joachimstaler Straße,3.784544134226076,4308.3227363633205,pc2,Park,False,False,18.34536316156902,50,10,0.06
1624458373.4996798,2021-06-23T14:26:13.499679Z,52.50385666666666,13.337615,2,4,S2,1624458373.4996798,15.83436530612245,-74.49883469387755,-46.78200204081632,0.0004951557346938,41.0,549.3877551020408,4.26530612244898,0.024445653877551,12,49,2021-06-23 16:26:13,52.50385666666666,13.337615,38.6,21.4832,303.4,0.0621,0.03,18.3,18.3,12.23,0.68,1019.3,2.79,0.95,3.0,16.093,3.14159,Joachimstaler Straße,3.784544134226076,4308.3227363633205,pc2,Park,2021-06-23 16:26:13,52.503978333333336,13.337431666666667,27.3,22.0388,303.4,0.0621,0.03,18.3,18.3,12.23,0.68,1019.3,2.79,0.95,3.0,16.093,3.14159,Joachimstaler Straße,1.2659441967420355,4322.606136730578,pc4,Park,False,False,18.34536316156902,50,10,0.02
1624458374.1926093,2021-06-23T14:26:14.192609Z,52.50400833333333,13.337353333333333,4,2,S2,1624458374.1926093,14.894946153846153,-72.44491538461538,-44.66857692307693,0.0010406193076923,44.0,618.3076923076923,8.0,0.0394938161538461,12,13,2021-06-23 16:26:14,52.50400833333333,13.337353333333333,27.3,22.9648,303.4,0.0621,0.03,18.3,18.3,12.23,0.68,1019.3,2.79,0.95,3.0,16.093,3.14159,Joachimstaler Straße,1.3408880591843262,4330.165218338753,pc4,Park,2021-06-23 16:26:14,52.503886666666666,13.337535,38.6,23.15,303.3,0.0621,0.03,18.3,18.3,12.23,0.68,1019.3,2.79,0.95,3.0,16.093,3.14159,Joachimstaler Straße,3.76849225310068,4315.297251834181,pc2,Park,False,False,18.269333849632435,50,10,0.74
1624458374.5252063,2021-06-23T14:26:14.525206Z,52.503886666666666,13.337535,2,4,S2,1624458374.5252063,14.107325531914894,-76.43033191489361,-48.63138510638298,0.0004572780851063,41.0,652.2127659574468,1.5319148936170213,0.0145277531914893,12,47,2021-06-23 16:26:14,52.503886666666666,13.337535,38.6,23.15,303.3,0.0621,0.03,18.3,18.3,12.23,0.68,1019.3,2.79,0.95,3.0,16.093,3.14159,Joachimstaler Straße,3.76849225310068,4315.297251834181,pc2,Park,2021-06-23 16:26:14,52.50400833333333,13.337353333333333,27.3,22.9648,303.4,0.0621,0.03,18.3,18.3,12.23,0.68,1019.3,2.79,0.95,3.0,16.093,3.14159,Joachimstaler Straße,1.3408880591843262,4330.165218338753,pc4,Park,False,False,18.269333849632435,50,10,0.06
1624458375.4811275,2021-06-23T14:26:15.481127Z,52.504041666666666,13.337271666666666,4,2,S2,1624458375.4811275,14.05618,-71.79372,-43.9775,0.001494298,44.0,747.6,3.6,0.04467432,12,5,2021-06-23 16:26:15,52.504041666666666,13.337271666666666,27.3,23.8908,303.2,0.0621,0.03,18.3,18.3,12.23,0.68,1019.3,2.79,0.95,3.0,16.093,3.14159,Joachimstaler Straße,1.6138948208731376,4337.810858445336,pc4,Park,2021-06-23 16:26:15,52.50391833333333,13.337451666666666,38.6,24.2612,303.2,0.0621,0.03,18.3,18.3,12.23,0.68,1019.3,2.79,0.95,3.0,16.093,3.14159,Joachimstaler Straße,3.712289530730272,4322.606136730578,pc2,Park,False,False,18.33172133434836,50,10,0.9
1624458375.4972134,2021-06-23T14:26:15.497213Z,52.50391833333333,13.337451666666666,2,4,S2,1624458375.4972134,14.438279795918366,-75.94118571428572,-48.1374,0.0004774948367346,41.0,749.469387755102,1.0,0.0188321004081632,12,49,2021-06-23 16:26:15,52.50391833333333,13.337451666666666,38.6,24.2612,303.2,0.0621,0.03,18.3,18.3,12.23,0.68,1019.3,2.79,0.95,3.0,16.093,3.14159,Joachimstaler Straße,3.712289530730272,4322.606136730578,pc2,Park,2021-06-23 16:26:15,52.504041666666666,13.337271666666666,27.3,23.8908,303.2,0.0621,0.03,18.3,18.3,12.23,0.68,1019.3,2.79,0.95,3.0,16.093,3.14159,Joachimstaler Straße,1.6138948208731376,4337.810858445336,pc4,Park,False,False,18.33172133434836,50,10,0.02
1624458376.5133424,2021-06-23T14:26:16.513342Z,52.503953333333335,13.337368333333334,2,4,S2,1624458376.5133424,13.618309795918368,-76.17073673469388,-48.34905918367347,0.0005699965306122,41.0,851.0816326530612,1.0,0.016925187755102,12,49,2021-06-23 16:26:16,52.503953333333335,13.337368333333334,38.6,24.076,303.1,0.0621,0.03,18.3,18.3,12.23,0.68,1019.3,2.79,0.95,3.0,16.093,3.14159,Joachimstaler Straße,3.3402591391084178,4330.165218338753,pc2,Park,2021-06-23 16:26:16,52.504075,13.337186666666666,27.3,24.8168,303.2,0.0621,0.03,18.3,18.3,12.23,0.68,1019.3,2.79,0.95,3.0,16.093,3.14159,Joachimstaler Straße,1.769141471855333,4345.340939411104,pc4,Park,False,False,18.269300330255007,50,10,0.02
1624458376.743441,2021-06-23T14:26:16.743441Z,52.504075,13.337186666666666,4,2,S2,1624458376.743441,15.9042625,-72.30036249999999,-44.53552083333333,0.0008381079583333,44.0,873.4166666666666,7.75,0.0388389375,12,24,2021-06-23 16:26:16,52.504075,13.337186666666666,27.3,24.8168,303.2,0.0621,0.03,18.3,18.3,12.23,0.68,1019.3,2.79,0.95,3.0,16.093,3.14159,Joachimstaler Straße,1.769141471855333,4345.340939411104,pc4,Park,2021-06-23 16:26:16,52.503953333333335,13.337368333333334,38.6,24.076,303.1,0.0621,0.03,18.3,18.3,12.23,0.68,1019.3,2.79,0.95,3.0,16.093,3.14159,Joachimstaler Straße,3.3402591391084178,4330.165218338753,pc2,Park,False,False,18.269300330255007,50,10,0.52
1624458377.4836483,2021-06-23T14:26:17.483648Z,52.50398666666667,13.337283333333334,2,4,S2,1624458377.4836483,13.44877431818182,-75.79989545454545,-48.0077,0.0007754217272727,41.0,947.5909090909092,5.818181818181818,0.0175387009090909,12,44,2021-06-23 16:26:17,52.50398666666667,13.337283333333334,38.6,25.1872,302.9,0.0621,0.03,18.3,18.3,12.23,0.68,1019.3,2.79,0.95,3.0,16.093,3.14159,Joachimstaler Straße,3.185018422350389,4337.810858445336,pc2,Park,2021-06-23 16:26:17,52.50411,13.337098333333332,27.3,25.742800000000003,303.2,0.0621,0.03,18.3,18.3,12.23,0.68,1019.3,2.79,0.95,3.0,16.093,3.14159,Joachimstaler Straße,1.771608143918048,4352.649535263009,pc4,Park,False,False,18.558026399554475,50,10,0.12
1624458377.496341,2021-06-23T14:26:17.496340Z,52.50411,13.337098333333332,4,2,S2,1624458377.496341,13.7235022,-72.300516,-44.489054,0.00154424722,44.0,949.14,3.42,0.038772824,12,50,2021-06-23 16:26:17,52.50411,13.337098333333332,27.3,25.742800000000003,303.2,0.0621,0.03,18.3,18.3,12.23,0.68,1019.3,2.79,0.95,3.0,16.093,3.14159,Joachimstaler Straße,1.771608143918048,4352.649535263009,pc4,Park,2021-06-23 16:26:17,52.50398666666667,13.337283333333334,38.6,25.1872,302.9,0.0621,0.03,18.3,18.3,12.23,0.68,1019.3,2.79,0.95,3.0,16.093,3.14159,Joachimstaler Straße,3.185018422350389,4337.810858445336,pc2,Park,False,False,18.558026399554475,50,10,0.0
1624458378.4962392,2021-06-23T14:26:18.496239Z,52.50402166666667,13.337195,2,4,S2,1624458378.4962392,15.804920204081633,-74.15958367346938,-46.37958163265306,0.0006507474693877,41.0,275.6326530612245,6.122448979591836,0.0260609587755102,12,49,2021-06-23 16:26:18,52.50402166666667,13.337195,38.6,25.742800000000003,302.8,0.0621,0.03,18.3,18.3,12.23,0.68,1019.3,2.79,0.95,3.0,16.093,3.14159,Joachimstaler Straße,2.9896257724679898,4345.340939411104,pc2,Park,2021-06-23 16:26:18,52.504145,13.337006666666667,27.2,26.2984,303.5,0.0621,0.03,18.3,18.3,12.23,0.68,1019.3,2.79,0.95,3.0,16.093,3.14159,Joachimstaler Straße,1.5846438178868654,4359.6981745347775,pc4,Park,False,False,18.71077514893824,50,10,0.02
1624458378.4980073,2021-06-23T14:26:18.498007Z,52.504145,13.337006666666667,4,2,S2,1624458378.4980073,16.295010588235293,-71.20186470588234,-43.44147254901961,0.001088125745098,44.0,266.27450980392155,3.176470588235294,0.0503479764705882,12,51,2021-06-23 16:26:18,52.504145,13.337006666666667,27.2,26.2984,303.5,0.0621,0.03,18.3,18.3,12.23,0.68,1019.3,2.79,0.95,3.0,16.093,3.14159,Joachimstaler Straße,1.5846438178868654,4359.6981745347775,pc4,Park,2021-06-23 16:26:18,52.50402166666667,13.337195,38.6,25.742800000000003,302.8,0.0621,0.03,18.3,18.3,12.23,0.68,1019.3,2.79,0.95,3.0,16.093,3.14159,Joachimstaler Straße,2.9896257724679898,4345.340939411104,pc2,Park,False,False,18.71077514893824,50,10,-0.02
1624458379.4811122,2021-06-23T14:26:19.481112Z,52.50418166666667,13.336913333333332,4,2,S2,1624458379.4811122,16.927119565217392,-70.98579782608695,-43.2015152173913,0.0009281784347826,44.0,123.43478260869566,5.0,0.0627792673913043,12,46,2021-06-23 16:26:19,52.50418166666667,13.336913333333332,27.3,27.0392,303.4,0.0621,0.03,18.3,18.3,12.23,0.68,1019.3,2.79,0.95,3.0,16.093,3.14159,Joachimstaler Straße,1.4896786791185237,4366.477149531792,pc4,Park,2021-06-23 16:26:19,52.50405666666666,13.337105,38.6,25.557600000000004,302.8,0.0621,0.03,18.3,18.3,12.23,0.68,1019.3,2.79,0.95,3.0,16.093,3.14159,Joachimstaler Straße,2.917091000773768,4352.649535263009,pc2,Park,False,False,18.99994538505087,50,10,0.08
1624458379.5003717,2021-06-23T14:26:19.500371Z,52.50405666666666,13.337105,2,4,S2,1624458379.5003717,15.0307652,-74.96978,-47.225372,0.00053747312,41.0,125.44,4.44,0.023287143,12,50,2021-06-23 16:26:19,52.50405666666666,13.337105,38.6,25.557600000000004,302.8,0.0621,0.03,18.3,18.3,12.23,0.68,1019.3,2.79,0.95,3.0,16.093,3.14159,Joachimstaler Straße,2.917091000773768,4352.649535263009,pc2,Park,2021-06-23 16:26:19,52.50418166666667,13.336913333333332,27.3,27.0392,303.4,0.0621,0.03,18.3,18.3,12.23,0.68,1019.3,2.79,0.95,3.0,16.093,3.14159,Joachimstaler Straße,1.4896786791185237,4366.477149531792,pc4,Park,False,False,18.99994538505087,50,10,0.0
1624458380.4669173,2021-06-23T14:26:20.466917Z,52.50422,13.33682,4,2,S2,1624458380.4669173,14.973163720930232,-72.65597906976744,-44.8577,0.0014345246976744,44.0,222.2093023255814,3.3255813953488373,0.0361227209302325,12,43,2021-06-23 16:26:20,52.50422,13.33682,27.3,26.854000000000003,303.2,0.0621,0.03,18.3,18.3,12.23,0.68,1019.3,2.79,0.95,3.0,16.093,3.14159,Joachimstaler Straße,1.5490312466906138,4373.025299002831,pc4,Park,2021-06-23 16:26:20,52.504086666666666,13.337006666666667,38.5,25.557600000000004,302.7,0.0621,0.03,18.3,18.3,12.23,0.68,1019.3,2.79,0.95,3.0,16.093,3.14159,Joachimstaler Straße,3.816265361727528,4359.6981745347775,pc2,Park,False,False,19.465961007332822,50,10,0.14
1624458380.494897,2021-06-23T14:26:20.494896Z,52.504086666666666,13.337006666666667,2,4,S2,1624458380.494897,14.599891836734692,-75.47829795918368,-47.67588775510204,0.0005224170408163,41.0,225.0408163265306,2.959183673469388,0.0190342389795918,12,49,2021-06-23 16:26:20,52.504086666666666,13.337006666666667,38.5,25.557600000000004,302.7,0.0621,0.03,18.3,18.3,12.23,0.68,1019.3,2.79,0.95,3.0,16.093,3.14159,Joachimstaler Straße,3.816265361727528,4359.6981745347775,pc2,Park,2021-06-23 16:26:20,52.50422,13.33682,27.3,26.854000000000003,303.2,0.0621,0.03,18.3,18.3,12.23,0.68,1019.3,2.79,0.95,3.0,16.093,3.14159,Joachimstaler Straße,1.5490312466906138,4373.025299002831,pc4,Park,False,False,19.465961007332822,50,10,0.02
1624458381.4145286,2021-06-23T14:26:21.414528Z,52.504255,13.336726666666667,4,2,S2,1624458381.4145286,5.931446764705883,-70.1945117647059,-42.51511764705882,0.0117590429411764,44.0,317.1764705882353,1.2352941176470589,0.0602727411764705,12,17,2021-06-23 16:26:21,52.504255,13.336726666666667,27.4,26.2984,303.0,0.0621,0.03,18.3,18.3,12.23,0.68,1019.3,2.79,0.95,3.0,16.093,3.14159,Joachimstaler Straße,1.2997662066594038,4385.191869217439,pc4,Park,2021-06-23 16:26:21,52.50412166666667,13.336918333333331,38.3,25.002,302.9,0.0621,0.03,18.3,18.3,12.23,0.68,1019.3,2.79,0.95,3.0,16.093,3.14159,Joachimstaler Straße,3.878588906116858,4366.477149531792,pc2,Park,False,False,19.686987205660326,50,10,0.66
1624458381.4961228,2021-06-23T14:26:21.496122Z,52.50412166666667,13.336918333333331,2,4,S2,1624458381.4961228,12.949961,-76.371844,-48.61565,0.00064411134,41.0,324.56,9.0,0.0154740809999999,12,50,2021-06-23 16:26:21,52.50412166666667,13.336918333333331,38.3,25.002,302.9,0.0621,0.03,18.3,18.3,12.23,0.68,1019.3,2.79,0.95,3.0,16.093,3.14159,Joachimstaler Straße,3.878588906116858,4366.477149531792,pc2,Park,2021-06-23 16:26:21,52.504255,13.336726666666667,27.4,26.2984,303.0,0.0621,0.03,18.3,18.3,12.23,0.68,1019.3,2.79,0.95,3.0,16.093,3.14159,Joachimstaler Straße,1.2997662066594038,4385.191869217439,pc4,Park,False,False,19.686987205660326,50,10,0.0
1624458382.479056,2021-06-23T14:26:22.479055Z,52.50415666666667,13.33683,2,4,S2,1624458382.479056,14.954261764705883,-73.7953794117647,-46.00046764705883,0.0007596756764705,41.0,422.8529411764706,9.0,0.0352174,12,34,2021-06-23 16:26:22,52.50415666666667,13.33683,38.3,24.6316,303.0,0.0621,0.03,18.3,18.3,12.23,0.68,1019.3,2.79,0.95,3.0,16.093,3.14159,Joachimstaler Straße,3.940907121278977,4373.025299002831,pc2,Park,2021-06-23 16:26:22,52.50429,13.336633333333332,27.4,26.1132,302.5,0.0621,0.03,18.3,18.3,12.23,0.68,1019.3,2.79,0.95,3.0,16.093,3.14159,Joachimstaler Straße,1.0743016889684824,4390.518138484497,pc4,Park,False,False,19.91130219050041,50,10,0.32
1624458382.5733066,2021-06-23T14:26:22.573306Z,52.50429,13.336633333333332,4,2,S2,1624458382.5733066,15.52300268292683,-69.80074634146342,-42.069153658536585,0.0033203068536585,44.0,432.5609756097561,6.170731707317073,0.0800694146341463,12,41,2021-06-23 16:26:22,52.50429,13.336633333333332,27.4,26.1132,302.5,0.0621,0.03,18.3,18.3,12.23,0.68,1019.3,2.79,0.95,3.0,16.093,3.14159,Joachimstaler Straße,1.0743016889684824,4390.518138484497,pc4,Park,2021-06-23 16:26:22,52.50415666666667,13.33683,38.3,24.6316,303.0,0.0621,0.03,18.3,18.3,12.23,0.68,1019.3,2.79,0.95,3.0,16.093,3.14159,Joachimstaler Straße,3.940907121278977,4373.025299002831,pc2,Park,False,False,19.91130219050041,50,10,0.18
1624458383.459108,2021-06-23T14:26:23.459108Z,52.50419166666666,13.336741666666668,2,4,S2,1624458383.459108,12.865007857142857,-72.12580357142858,-44.36035357142857,0.0016475371428571,41.0,520.8571428571429,9.0,0.0387255428571428,12,28,2021-06-23 16:26:23,52.50419166666666,13.336741666666668,38.2,25.557600000000004,303.3,0.0621,0.03,18.3,18.3,12.23,0.68,1019.3,2.79,0.95,3.0,16.093,3.14159,Joachimstaler Straße,4.003220006697831,4379.295250939916,pc2,Park,2021-06-23 16:26:23,52.50431666666667,13.336511666666668,27.3,25.742800000000003,300.9,0.0621,0.03,18.3,18.3,12.23,0.68,1019.3,2.79,0.95,3.0,16.093,3.14159,Joachimstaler Straße,0.4900340634207097,4399.258029885326,pc4,Park,False,False,20.85530769316173,50,10,0.44
1624458383.5077548,2021-06-23T14:26:23.507754Z,52.50431666666667,13.336511666666668,4,2,S2,1624458383.5077548,16.917588000000002,-71.17806,-43.424048,0.00087866402,44.0,526.02,6.04,0.06103184,12,50,2021-06-23 16:26:23,52.50431666666667,13.336511666666668,27.3,25.742800000000003,300.9,0.0621,0.03,18.3,18.3,12.23,0.68,1019.3,2.79,0.95,3.0,16.093,3.14159,Joachimstaler Straße,0.4900340634207097,4399.258029885326,pc4,Park,2021-06-23 16:26:23,52.50419166666666,13.336741666666668,38.2,25.557600000000004,303.3,0.0621,0.03,18.3,18.3,12.23,0.68,1019.3,2.79,0.95,3.0,16.093,3.14159,Joachimstaler Straße,4.003220006697831,4379.295250939916,pc2,Park,False,False,20.85530769316173,50,10,0.0
1624458384.5031104,2021-06-23T14:26:24.503110Z,52.50422833333333,13.336651666666668,2,4,S2,1624458384.5031104,14.142248717948718,-71.28225897435898,-43.54789743589743,0.0015679761538461,41.0,625.2564102564103,9.0,0.0502302748717948,12,39,2021-06-23 16:26:24,52.50422833333333,13.336651666666668,38.1,25.557600000000004,303.2,0.0621,0.03,18.3,18.3,12.23,0.68,1019.3,2.79,0.95,3.0,16.093,3.14159,Joachimstaler Straße,3.973533709400268,4385.191869217439,pc2,Park,2021-06-23 16:26:24,52.50434166666667,13.336401666666667,27.3,25.742800000000003,300.2,0.0621,0.03,18.3,18.3,12.23,0.68,1019.3,2.79,0.95,3.0,16.093,3.14159,Joachimstaler Straße,1.444160251036245,4405.489118107432,pc4,Park,False,False,21.08381908907229,50,10,0.22
1624458384.507758,2021-06-23T14:26:24.507758Z,52.50434166666667,13.336401666666667,4,2,S2,1624458384.507758,19.569234,-67.823288,-40.072992,0.0010659858999999,44.0,626.02,6.04,0.111443062,12,50,2021-06-23 16:26:24,52.50434166666667,13.336401666666667,27.3,25.742800000000003,300.2,0.0621,0.03,18.3,18.3,12.23,0.68,1019.3,2.79,0.95,3.0,16.093,3.14159,Joachimstaler Straße,1.444160251036245,4405.489118107432,pc4,Park,2021-06-23 16:26:24,52.50422833333333,13.336651666666668,38.1,25.557600000000004,303.2,0.0621,0.03,18.3,18.3,12.23,0.68,1019.3,2.79,0.95,3.0,16.093,3.14159,Joachimstaler Straße,3.973533709400268,4385.191869217439,pc2,Park,False,False,21.08381908907229,50,10,0.0
1624458385.5075476,2021-06-23T14:26:25.507547Z,52.50436333333333,13.336306666666667,4,2,S2,1624458385.5075476,18.3649188,-68.680194,-40.8997,0.00148537368,44.0,726.12,4.86,0.108498198,12,50,2021-06-23 16:26:25,52.50436333333333,13.336306666666667,27.3,23.705600000000004,299.2,0.0621,0.03,18.3,18.3,12.23,0.68,1019.3,2.79,0.95,3.0,16.093,3.14159,Joachimstaler Straße,1.5939991270489289,4412.783543914969,pc4,Residential,2021-06-23 16:26:25,52.504266666666666,13.336546666666669,37.9,25.1872,302.7,0.0621,0.03,18.3,18.3,12.23,0.68,1019.3,2.79,0.95,3.0,16.093,3.14159,Joachimstaler Straße,4.108734861531331,4395.21047869724,pc2,Park,False,False,19.465140133783787,50,10,0.0
1624458385.521603,2021-06-23T14:26:25.521603Z,52.504266666666666,13.336546666666669,2,4,S2,1624458385.521603,17.127059347826087,-71.31166956521739,-43.5589152173913,0.0008166093260869,41.0,727.1086956521739,9.0,0.0558667236956521,12,46,2021-06-23 16:26:25,52.504266666666666,13.336546666666669,37.9,25.1872,302.7,0.0621,0.03,18.3,18.3,12.23,0.68,1019.3,2.79,0.95,3.0,16.093,3.14159,Joachimstaler Straße,4.108734861531331,4395.21047869724,pc2,Park,2021-06-23 16:26:25,52.50436333333333,13.336306666666667,27.3,23.705600000000004,299.2,0.0621,0.03,18.3,18.3,12.23,0.68,1019.3,2.79,0.95,3.0,16.093,3.14159,Joachimstaler Straße,1.5939991270489289,4412.783543914969,pc4,Residential,False,False,19.465140133783787,50,10,0.08
1624458386.4907317,2021-06-23T14:26:26.490731Z,52.504295,13.336435,2,4,S2,1624458386.4907317,16.88286,-72.96342,-45.128276,0.0005594933,41.0,824.02,9.0,0.035171106,12,50,2021-06-23 16:26:26,52.504295,13.336435,37.7,25.002,301.1,0.0621,0.03,18.3,18.3,12.23,0.68,1019.3,2.79,0.95,3.0,16.093,3.14159,Joachimstaler Straße,5.173610754164804,4402.68074290754,pc2,Park,2021-06-23 16:26:26,52.50438,13.336216666666669,27.4,21.1128,298.1,0.0621,0.03,18.3,18.3,12.23,0.68,1019.3,2.79,0.95,3.0,16.093,3.14159,Joachimstaler Straße,1.6737001748756246,4419.091108921495,pc4,Residential,False,False,17.529689837196994,50,10,0.0
1624458386.5058005,2021-06-23T14:26:26.505800Z,52.50438,13.336216666666669,4,2,S2,1624458386.5058005,17.8570264,-69.027416,-41.211188,0.00187397514,44.0,826.04,3.88,0.0934613542,12,50,2021-06-23 16:26:26,52.50438,13.336216666666669,27.4,21.1128,298.1,0.0621,0.03,18.3,18.3,12.23,0.68,1019.3,2.79,0.95,3.0,16.093,3.14159,Joachimstaler Straße,1.6737001748756246,4419.091108921495,pc4,Residential,2021-06-23 16:26:26,52.504295,13.336435,37.7,25.002,301.1,0.0621,0.03,18.3,18.3,12.23,0.68,1019.3,2.79,0.95,3.0,16.093,3.14159,Joachimstaler Straße,5.173610754164804,4402.68074290754,pc2,Park,False,False,17.529689837196994,50,10,0.0
1624458387.4905486,2021-06-23T14:26:27.490548Z,52.50432333333333,13.336336666666666,2,4,S2,1624458387.4905486,16.312396,-73.87539,-46.110134,0.00052154112,41.0,924.0,9.0,0.0320313558,12,50,2021-06-23 16:26:27,52.50432333333333,13.336336666666666,37.6,24.2612,300.3,0.0621,0.03,18.3,18.3,12.23,0.68,1019.3,2.79,0.95,3.0,16.093,3.14159,Joachimstaler Straße,5.100649335730185,4409.437891649777,pc2,Residential,2021-06-23 16:26:27,52.50439333333333,13.336145,27.4,17.594,297.1,0.0621,0.03,18.3,18.3,12.23,0.68,1019.3,2.79,0.95,3.0,16.093,3.14159,Joachimstaler Straße,1.7306285466108635,4424.850999858186,pc4,Residential,False,False,15.118299119722655,50,10,0.0
1624458387.5059211,2021-06-23T14:26:27.505921Z,52.50439333333333,13.336145,4,2,S2,1624458387.5059211,16.590870199999998,-70.426204,-42.636862,0.00194412772,44.0,926.06,3.82,0.0664366409999999,12,50,2021-06-23 16:26:27,52.50439333333333,13.336145,27.4,17.594,297.1,0.0621,0.03,18.3,18.3,12.23,0.68,1019.3,2.79,0.95,3.0,16.093,3.14159,Joachimstaler Straße,1.7306285466108635,4424.850999858186,pc4,Residential,2021-06-23 16:26:27,52.50432333333333,13.336336666666666,37.6,24.2612,300.3,0.0621,0.03,18.3,18.3,12.23,0.68,1019.3,2.79,0.95,3.0,16.093,3.14159,Joachimstaler Straße,5.100649335730185,4409.437891649777,pc2,Residential,False,False,15.118299119722655,50,10,0.0
1624458388.4778771,2021-06-23T14:26:28.477877Z,52.50434666666666,13.336255,2,4,S2,1624458388.4778771,16.740418367346937,-73.40684897959183,-45.61094693877551,0.0005229296938775,41.0,521.1836734693877,9.0,0.032681293877551,12,49,2021-06-23 16:26:28,52.50434666666666,13.336255,37.6,20.7424,299.2,0.0621,0.03,18.3,18.3,12.23,0.68,1019.3,2.79,0.95,3.0,16.093,3.14159,Joachimstaler Straße,4.417653768314518,4415.488305887036,pc2,Residential,2021-06-23 16:26:28,52.504403333333336,13.336088333333333,27.4,12.964,296.1,0.0621,0.03,18.3,18.3,12.23,0.68,1019.3,2.79,0.95,3.0,16.093,3.14159,Joachimstaler Straße,1.8330990992278493,4428.58634132268,pc4,Residential,False,False,12.912245027158225,50,10,0.02
1624458388.5016575,2021-06-23T14:26:28.501657Z,52.504403333333336,13.336088333333333,4,2,S2,1624458388.5016575,17.238136734693878,-69.9058,-42.1245693877551,0.0015178585918367,44.0,503.0816326530612,4.857142857142857,0.0760933346938775,12,49,2021-06-23 16:26:28,52.504403333333336,13.336088333333333,27.4,12.964,296.1,0.0621,0.03,18.3,18.3,12.23,0.68,1019.3,2.79,0.95,3.0,16.093,3.14159,Joachimstaler Straße,1.8330990992278493,4428.58634132268,pc4,Residential,2021-06-23 16:26:28,52.50434666666666,13.336255,37.6,20.7424,299.2,0.0621,0.03,18.3,18.3,12.23,0.68,1019.3,2.79,0.95,3.0,16.093,3.14159,Joachimstaler Straße,4.417653768314518,4415.488305887036,pc2,Residential,False,False,12.912245027158225,50,10,0.02
1624458389.4940732,2021-06-23T14:26:29.494073Z,52.50436333333333,13.336193333333334,2,4,S2,1624458389.4940732,16.993479999999998,-72.931048,-45.15508,0.00057509948,41.0,100.84,4.14,0.040529758,12,50,2021-06-23 16:26:29,52.50436333333333,13.336193333333334,37.6,15.1864,298.2,0.0621,0.03,18.3,18.3,12.23,0.68,1019.3,2.79,0.95,3.0,16.093,3.14159,Joachimstaler Straße,3.916683353615588,4420.16551998847,pc2,Residential,2021-06-23 16:26:29,52.50441166666667,13.336046666666666,27.5,9.8156,294.8,0.0621,0.03,18.3,18.3,12.23,0.68,1019.3,2.79,0.95,3.0,16.093,3.14159,Joachimstaler Straße,1.804633916776188,4430.873611091964,pc4,Residential,False,False,11.280653439104984,50,10,0.0
1624458389.4977424,2021-06-23T14:26:29.497742Z,52.50441166666667,13.336046666666666,4,2,S2,1624458389.4977424,16.357588,-69.92701,-42.14133,0.00142796518,44.0,101.0,6.24,0.076163132,12,50,2021-06-23 16:26:29,52.50441166666667,13.336046666666666,27.5,9.8156,294.8,0.0621,0.03,18.3,18.3,12.23,0.68,1019.3,2.79,0.95,3.0,16.093,3.14159,Joachimstaler Straße,1.804633916776188,4430.873611091964,pc4,Residential,2021-06-23 16:26:29,52.50436333333333,13.336193333333334,37.6,15.1864,298.2,0.0621,0.03,18.3,18.3,12.23,0.68,1019.3,2.79,0.95,3.0,16.093,3.14159,Joachimstaler Straße,3.916683353615588,4420.16551998847,pc2,Residential,False,False,11.280653439104984,50,10,0.0
1624458390.442873,2021-06-23T14:26:30.442873Z,52.504415,13.33602,4,2,S2,1624458390.442873,16.740189512195123,-68.59443658536586,-40.85807804878048,0.0040600629756097,44.0,195.7317073170732,4.024390243902439,0.11914381,12,41,2021-06-23 16:26:30,52.504415,13.33602,27.5,6.6672,293.6,0.0621,0.03,18.3,18.3,12.23,0.68,1019.3,2.79,0.95,3.0,16.093,3.14159,Joachimstaler Straße,1.893068572206197,4433.315118465924,pc4,Residential,2021-06-23 16:26:30,52.50437333333333,13.336151666666666,37.6,10.3712,297.1,0.0621,0.03,18.3,18.3,12.23,0.68,1019.3,2.79,0.95,3.0,16.093,3.14159,Joachimstaler Straße,3.711740626434125,4423.486778865648,pc2,Residential,False,False,10.03717024456034,50,10,0.18
1624458390.5005264,2021-06-23T14:26:30.500526Z,52.50437333333333,13.336151666666666,2,4,S2,1624458390.5005264,15.7212854,-72.327406,-44.55248400000001,0.00210328186,41.0,201.46,4.38,0.0486544676,12,50,2021-06-23 16:26:30,52.50437333333333,13.336151666666666,37.6,10.3712,297.1,0.0621,0.03,18.3,18.3,12.23,0.68,1019.3,2.79,0.95,3.0,16.093,3.14159,Joachimstaler Straße,3.711740626434125,4423.486778865648,pc2,Residential,2021-06-23 16:26:30,52.504415,13.33602,27.5,6.6672,293.6,0.0621,0.03,18.3,18.3,12.23,0.68,1019.3,2.79,0.95,3.0,16.093,3.14159,Joachimstaler Straße,1.893068572206197,4433.315118465924,pc4,Residential,False,False,10.03717024456034,50,10,0.0
1624458391.5193017,2021-06-23T14:26:31.519301Z,52.50438,13.336121666666669,2,4,S2,1624458391.5193017,17.60820638297872,-72.46371489361702,-44.68191489361703,0.0005359330851063,41.0,303.0851063829787,6.9361702127659575,0.0390533472340425,12,47,2021-06-23 16:26:31,52.50438,13.336121666666669,37.6,8.148800000000001,296.2,0.0621,0.03,18.3,18.3,12.23,0.68,1019.3,2.79,0.95,3.0,16.093,3.14159,Joachimstaler Straße,3.620654744248585,4424.850999858186,pc2,Residential,2021-06-23 16:26:31,52.50441666666666,13.336005,27.5,0.0,293.6,0.0621,0.03,18.3,18.3,12.23,0.68,1019.3,2.79,0.95,3.0,16.093,3.14159,Joachimstaler Straße,1.903763936742282,4433.315118465924,pc4,Residential,False,False,8.880750376395076,50,10,0.06
1624458391.5275202,2021-06-23T14:26:31.527520Z,52.50441666666666,13.336005,4,2,S2,1624458391.5275202,18.572935416666667,-68.98653333333333,-41.23132916666667,0.00100973225,44.0,303.9375,6.625,0.0868623291666666,12,48,2021-06-23 16:26:31,52.50441666666666,13.336005,27.5,0.0,293.6,0.0621,0.03,18.3,18.3,12.23,0.68,1019.3,2.79,0.95,3.0,16.093,3.14159,Joachimstaler Straße,1.903763936742282,4433.315118465924,pc4,Residential,2021-06-23 16:26:31,52.50438,13.336121666666669,37.6,8.148800000000001,296.2,0.0621,0.03,18.3,18.3,12.23,0.68,1019.3,2.79,0.95,3.0,16.093,3.14159,Joachimstaler Straße,3.620654744248585,4424.850999858186,pc2,Residential,False,False,8.880750376395076,50,10,0.04
1624458392.4985132,2021-06-23T14:26:32.498513Z,52.50438333333334,13.336106666666666,2,4,S2,1624458392.4985132,19.951278,-67.885756,-40.10251,0.00094533534,41.0,401.0,7.0,0.1146656207999999,12,50,2021-06-23 16:26:32,52.50438333333334,13.336106666666666,37.7,0.0,296.2,0.0621,0.03,18.3,18.3,12.23,0.68,1019.3,2.79,0.95,3.0,16.093,3.14159,Joachimstaler Straße,3.575111740700902,4426.555744861244,pc2,Residential,2021-06-23 16:26:32,52.50441666666666,13.336003333333334,27.5,0.0,293.6,0.0621,0.03,18.3,18.3,12.23,0.68,1019.3,2.79,0.95,3.0,16.093,3.14159,Joachimstaler Straße,1.925154546876792,4433.315118465924,pc4,Residential,False,False,7.909961827069665,50,10,0.0
1624458392.5085075,2021-06-23T14:26:32.508507Z,52.50441666666666,13.336003333333334,4,2,S2,1624458392.5085075,21.94165,-64.04881999999999,-36.26758,0.00154373132,44.0,402.0,7.0,0.269229942,12,50,2021-06-23 16:26:32,52.50441666666666,13.336003333333334,27.5,0.0,293.6,0.0621,0.03,18.3,18.3,12.23,0.68,1019.3,2.79,0.95,3.0,16.093,3.14159,Joachimstaler Straße,1.925154546876792,4433.315118465924,pc4,Residential,2021-06-23 16:26:32,52.50438333333334,13.336106666666666,37.7,0.0,296.2,0.0621,0.03,18.3,18.3,12.23,0.68,1019.3,2.79,0.95,3.0,16.093,3.14159,Joachimstaler Straße,3.575111740700902,4426.555744861244,pc2,Residential,False,False,7.909961827069665,50,10,0.0
1624458393.4985092,2021-06-23T14:26:33.498509Z,52.504385,13.336106666666666,2,4,S2,1624458393.4985092,20.188346,-67.202444,-39.317286,0.00101553122,41.0,501.0,7.0,0.121486938,12,50,2021-06-23 16:26:33,52.504385,13.336106666666666,37.7,0.0,296.2,0.0621,0.03,18.3,18.3,12.23,0.68,1019.3,2.79,0.95,3.0,16.093,3.14159,Joachimstaler Straße,3.3986333675899427,4426.555744861244,pc2,Residential,2021-06-23 16:26:33,52.50441666666666,13.336008333333334,27.5,0.0,293.6,0.0621,0.03,18.3,18.3,12.23,0.68,1019.3,2.79,0.95,3.0,16.093,3.14159,Joachimstaler Straße,1.8609827158985857,4433.315118465924,pc4,Residential,False,False,7.524425777748617,50,10,0.0
1624458393.5084786,2021-06-23T14:26:33.508478Z,52.50441666666666,13.336008333333334,4,2,S2,1624458393.5084786,21.992178,-63.813582,-35.923546,0.00158691956,44.0,502.0,7.0,0.270684278,12,50,2021-06-23 16:26:33,52.50441666666666,13.336008333333334,27.5,0.0,293.6,0.0621,0.03,18.3,18.3,12.23,0.68,1019.3,2.79,0.95,3.0,16.093,3.14159,Joachimstaler Straße,1.8609827158985857,4433.315118465924,pc4,Residential,2021-06-23 16:26:33,52.504385,13.336106666666666,37.7,0.0,296.2,0.0621,0.03,18.3,18.3,12.23,0.68,1019.3,2.79,0.95,3.0,16.093,3.14159,Joachimstaler Straße,3.3986333675899427,4426.555744861244,pc2,Residential,False,False,7.524425777748617,50,10,0.0
1624458394.4984877,2021-06-23T14:26:34.498487Z,52.50441666666666,13.336013333333334,4,2,S2,1624458394.4984877,21.066789795918368,-65.93847755102041,-38.04852448979592,0.0011513214693877,44.0,601.0,7.0,0.1552809081632652,12,49,2021-06-23 16:26:34,52.50441666666666,13.336013333333334,27.5,0.0,293.6,0.0621,0.03,18.3,18.3,12.23,0.68,1019.3,2.79,0.95,3.0,16.093,3.14159,Joachimstaler Straße,1.7968108832647451,4433.315118465924,pc4,Residential,2021-06-23 16:26:34,52.50438333333334,13.336115,37.8,0.0,296.2,0.0621,0.03,18.3,18.3,12.23,0.68,1019.3,2.79,0.95,3.0,16.093,3.14159,Joachimstaler Straße,3.4043263330182607,4426.555744861244,pc2,Residential,False,False,7.810538631088216,50,10,0.02
1624458394.4985144,2021-06-23T14:26:34.498514Z,52.50438333333334,13.336115,2,4,S2,1624458394.4985144,19.287068,-69.226516,-41.345538,0.00076670696,41.0,601.0,7.0,0.073589304,12,50,2021-06-23 16:26:34,52.50438333333334,13.336115,37.8,0.0,296.2,0.0621,0.03,18.3,18.3,12.23,0.68,1019.3,2.79,0.95,3.0,16.093,3.14159,Joachimstaler Straße,3.4043263330182607,4426.555744861244,pc2,Residential,2021-06-23 16:26:34,52.50441666666666,13.336013333333334,27.5,0.0,293.6,0.0621,0.03,18.3,18.3,12.23,0.68,1019.3,2.79,0.95,3.0,16.093,3.14159,Joachimstaler Straße,1.7968108832647451,4433.315118465924,pc4,Residential,False,False,7.810538631088216,50,10,0.0
1624458395.4139583,2021-06-23T14:26:35.413958Z,52.50438333333334,13.336121666666669,2,4,S2,1624458395.4139583,17.91654,-71.40332,-43.396910000000005,0.0006221258,41.0,692.7,5.4,0.04299935,12,10,2021-06-23 16:26:35,52.50438333333334,13.336121666666669,37.7,0.0,296.2,0.0621,0.03,18.3,18.3,12.23,0.68,1019.3,2.79,0.95,3.0,16.093,3.14159,Joachimstaler Straße,3.2676979986624,4424.850999858186,pc2,Residential,2021-06-23 16:26:35,52.50441666666666,13.336013333333334,27.5,0.0,293.6,0.0621,0.03,18.3,18.3,12.23,0.68,1019.3,2.79,0.95,3.0,16.093,3.14159,Joachimstaler Straße,1.7968108832647451,4433.315118465924,pc4,Residential,False,False,8.210295222125232,50,10,0.8
1624458395.506322,2021-06-23T14:26:35.506321Z,52.50441666666666,13.336013333333334,4,2,S2,1624458395.506322,18.90104510204081,-68.29850816326531,-40.26636326530612,0.001273766755102,44.0,701.8979591836735,5.836734693877551,0.0884608673469387,12,49,2021-06-23 16:26:35,52.50441666666666,13.336013333333334,27.5,0.0,293.6,0.0621,0.03,18.3,18.3,12.23,0.68,1019.3,2.79,0.95,3.0,16.093,3.14159,Joachimstaler Straße,1.7968108832647451,4433.315118465924,pc4,Residential,2021-06-23 16:26:35,52.50438333333334,13.336121666666669,37.7,0.0,296.2,0.0621,0.03,18.3,18.3,12.23,0.68,1019.3,2.79,0.95,3.0,16.093,3.14159,Joachimstaler Straße,3.2676979986624,4424.850999858186,pc2,Residential,False,False,8.210295222125232,50,10,0.02
1624458396.5003452,2021-06-23T14:26:36.500345Z,52.50438333333334,13.336121666666669,2,4,S2,1624458396.5003452,19.27347755102041,-68.9645918367347,-41.04464897959184,0.0008501383265306,41.0,801.0816326530612,8.0,0.0886856265306122,12,49,2021-06-23 16:26:36,52.50438333333334,13.336121666666669,37.7,0.0,296.2,0.0621,0.03,18.3,18.3,12.23,0.68,1019.3,2.79,0.95,3.0,16.093,3.14159,Joachimstaler Straße,3.2676979986624,4424.850999858186,pc2,Residential,2021-06-23 16:26:36,52.50441666666666,13.336013333333334,27.5,0.0,293.6,0.0621,0.03,18.3,18.3,12.23,0.68,1019.3,2.79,0.95,3.0,16.093,3.14159,Joachimstaler Straße,1.7968108832647451,4433.315118465924,pc4,Residential,False,False,8.210295222125232,50,10,0.02
1624458396.5026278,2021-06-23T14:26:36.502627Z,52.50441666666666,13.336013333333334,4,2,S2,1624458396.5026278,21.27162,-65.715974,-37.812418,0.00118238888,44.0,801.84,2.74,0.19011118,12,50,2021-06-23 16:26:36,52.50441666666666,13.336013333333334,27.5,0.0,293.6,0.0621,0.03,18.3,18.3,12.23,0.68,1019.3,2.79,0.95,3.0,16.093,3.14159,Joachimstaler Straße,1.7968108832647451,4433.315118465924,pc4,Residential,2021-06-23 16:26:36,52.50438333333334,13.336121666666669,37.7,0.0,296.2,0.0621,0.03,18.3,18.3,12.23,0.68,1019.3,2.79,0.95,3.0,16.093,3.14159,Joachimstaler Straße,3.2676979986624,4424.850999858186,pc2,Residential,False,False,8.210295222125232,50,10,0.0
1624458397.1972814,2021-06-23T14:26:37.197281Z,52.50438333333334,13.336121666666669,2,4,S2,1624458397.1972814,14.40657,-67.10772857142857,-39.3171,0.0058964814285714,41.0,870.7142857142857,8.571428571428571,0.1158388428571428,12,7,2021-06-23 16:26:37,52.50438333333334,13.336121666666669,37.7,0.0,296.2,0.0621,0.03,18.3,18.3,12.23,0.68,1019.3,2.79,0.95,3.0,16.093,3.14159,Joachimstaler Straße,3.2676979986624,4424.850999858186,pc2,Residential,2021-06-23 16:26:37,52.50441666666666,13.336013333333334,27.5,0.0,293.6,0.0621,0.03,18.3,18.3,12.23,0.68,1019.3,2.79,0.95,3.0,16.093,3.14159,Joachimstaler Straße,1.7968108832647451,4433.315118465924,pc4,Residential,False,False,8.210295222125232,50,10,0.86
1624458397.5081928,2021-06-23T14:26:37.508192Z,52.50441666666666,13.336013333333334,4,2,S2,1624458397.5081928,19.256782,-68.43643,-40.655778,0.00098245638,44.0,902.0,6.7,0.109107098,12,50,2021-06-23 16:26:37,52.50441666666666,13.336013333333334,27.5,0.0,293.6,0.0621,0.03,18.3,18.3,12.23,0.68,1019.3,2.79,0.95,3.0,16.093,3.14159,Joachimstaler Straße,1.7968108832647451,4433.315118465924,pc4,Residential,2021-06-23 16:26:37,52.50438333333334,13.336121666666669,37.7,0.0,296.2,0.0621,0.03,18.3,18.3,12.23,0.68,1019.3,2.79,0.95,3.0,16.093,3.14159,Joachimstaler Straße,3.2676979986624,4424.850999858186,pc2,Residential,False,False,8.210295222125232,50,10,0.0
1624458398.390834,2021-06-23T14:26:38.390834Z,52.50438333333334,13.336121666666669,2,4,S2,1624458398.390834,11.630756956521738,-67.07697826086957,-39.29766956521739,0.009460085173913,41.0,856.4782608695652,8.826086956521738,0.1306569869565217,12,23,2021-06-23 16:26:38,52.50438333333334,13.336121666666669,37.7,0.0,296.2,0.0621,0.03,18.3,18.3,12.23,0.68,1019.3,2.79,0.95,3.0,16.093,3.14159,Joachimstaler Straße,3.2676979986624,4424.850999858186,pc2,Residential,2021-06-23 16:26:38,52.50441666666666,13.336013333333334,27.5,0.0,293.6,0.0621,0.03,18.3,18.3,12.23,0.68,1019.3,2.79,0.95,3.0,16.093,3.14159,Joachimstaler Straße,1.7968108832647451,4433.315118465924,pc4,Residential,False,False,8.210295222125232,50,10,0.54
1624458398.5051806,2021-06-23T14:26:38.505180Z,52.50441666666666,13.336013333333334,4,2,S2,1624458398.5051806,21.494404166666666,-65.22388124999999,-37.39240625,0.0012603213541666,44.0,724.3958333333334,6.416666666666667,0.20098669375,12,48,2021-06-23 16:26:38,52.50441666666666,13.336013333333334,27.5,0.0,293.6,0.0621,0.03,18.3,18.3,12.23,0.68,1019.3,2.79,0.95,3.0,16.093,3.14159,Joachimstaler Straße,1.7968108832647451,4433.315118465924,pc4,Residential,2021-06-23 16:26:38,52.50438333333334,13.336121666666669,37.7,0.0,296.2,0.0621,0.03,18.3,18.3,12.23,0.68,1019.3,2.79,0.95,3.0,16.093,3.14159,Joachimstaler Straße,3.2676979986624,4424.850999858186,pc2,Residential,False,False,8.210295222125232,50,10,0.04
1624458399.4954743,2021-06-23T14:26:39.495474Z,52.50441666666666,13.336013333333334,4,2,S2,1624458399.4954743,20.619776,-66.363422,-38.552596,0.0012307696399999,44.0,77.0,4.0,0.173261854,12,50,2021-06-23 16:26:39,52.50441666666666,13.336013333333334,27.5,0.0,293.6,0.0621,0.03,18.3,18.3,12.23,0.68,1019.3,2.79,0.95,3.0,16.093,3.14159,Joachimstaler Straße,1.7968108832647451,4433.315118465924,pc4,Residential,2021-06-23 16:26:39,52.50438333333334,13.336121666666669,37.7,0.0,296.2,0.0621,0.03,18.3,18.3,12.23,0.68,1019.3,2.79,0.95,3.0,16.093,3.14159,Joachimstaler Straße,3.2676979986624,4424.850999858186,pc2,Residential,False,False,8.210295222125232,50,10,0.0
1624458399.794274,2021-06-23T14:26:39.794274Z,52.50438333333334,13.336121666666669,2,4,S2,1624458399.794274,8.599093333333334,-65.03885555555556,-37.36935555555556,0.0211864444444444,41.0,106.66666666666669,6.0,0.1892735555555555,12,9,2021-06-23 16:26:39,52.50438333333334,13.336121666666669,37.7,0.0,296.2,0.0621,0.03,18.3,18.3,12.23,0.68,1019.3,2.79,0.95,3.0,16.093,3.14159,Joachimstaler Straße,3.2676979986624,4424.850999858186,pc2,Residential,2021-06-23 16:26:39,52.50441666666666,13.336013333333334,27.5,0.0,293.6,0.0621,0.03,18.3,18.3,12.23,0.68,1019.3,2.79,0.95,3.0,16.093,3.14159,Joachimstaler Straße,1.7968108832647451,4433.315118465924,pc4,Residential,False,False,8.210295222125232,50,10,0.82
1624458400.4724617,2021-06-23T14:26:40.472461Z,52.50441666666666,13.336013333333334,4,2,S2,1624458400.4724617,20.622428409090908,-65.10657045454546,-37.356111363636366,0.0054672492954545,44.0,174.9090909090909,1.8636363636363635,0.2236657318181818,12,44,2021-06-23 16:26:40,52.50441666666666,13.336013333333334,27.5,0.0,293.6,0.0621,0.03,18.3,18.3,12.23,0.68,1019.3,2.79,0.95,3.0,16.093,3.14159,Joachimstaler Straße,1.7968108832647451,4433.315118465924,pc4,Residential,2021-06-23 16:26:40,52.50438333333334,13.336121666666669,37.7,0.0,296.2,0.0621,0.03,18.3,18.3,12.23,0.68,1019.3,2.79,0.95,3.0,16.093,3.14159,Joachimstaler Straße,3.2676979986624,4424.850999858186,pc2,Residential,False,False,8.210295222125232,50,10,0.12
1624458400.5463507,2021-06-23T14:26:40.546350Z,52.50438333333334,13.336121666666669,2,4,S2,1624458400.5463507,18.50189911111111,-69.83062888888888,-42.04838888888889,0.0014145543333333,41.0,181.88888888888889,5.933333333333334,0.0807939668888888,12,45,2021-06-23 16:26:40,52.50438333333334,13.336121666666669,37.7,0.0,296.2,0.0621,0.03,18.3,18.3,12.23,0.68,1019.3,2.79,0.95,3.0,16.093,3.14159,Joachimstaler Straße,3.2676979986624,4424.850999858186,pc2,Residential,2021-06-23 16:26:40,52.50441666666666,13.336013333333334,27.5,0.0,293.6,0.0621,0.03,18.3,18.3,12.23,0.68,1019.3,2.79,0.95,3.0,16.093,3.14159,Joachimstaler Straße,1.7968108832647451,4433.315118465924,pc4,Residential,False,False,8.210295222125232,50,10,0.1
1624458401.507528,2021-06-23T14:26:41.507528Z,52.50438333333334,13.336121666666669,2,4,S2,1624458401.507528,18.843766,-69.884974,-42.009224,0.00074115976,41.0,278.0,6.0,0.070084102,12,50,2021-06-23 16:26:41,52.50438333333334,13.336121666666669,37.7,0.0,296.2,0.0621,0.03,18.3,18.3,12.23,0.68,1019.3,2.79,0.95,3.0,16.093,3.14159,Joachimstaler Straße,3.2676979986624,4424.850999858186,pc2,Residential,2021-06-23 16:26:41,52.50441666666666,13.336008333333334,27.5,0.0,293.6,0.0621,0.03,18.3,18.3,12.23,0.68,1019.3,2.79,0.95,3.0,16.093,3.14159,Joachimstaler Straße,1.8609827158985857,4433.315118465924,pc4,Residential,False,False,8.513465894868059,50,10,0.0
1624458401.5716176,2021-06-23T14:26:41.571617Z,52.50441666666666,13.336008333333334,4,2,S2,1624458401.5716176,20.62198095238095,-66.02676428571428,-38.18720238095238,0.001260710095238,44.0,284.42857142857144,5.857142857142857,0.1608998547619047,12,42,2021-06-23 16:26:41,52.50441666666666,13.336008333333334,27.5,0.0,293.6,0.0621,0.03,18.3,18.3,12.23,0.68,1019.3,2.79,0.95,3.0,16.093,3.14159,Joachimstaler Straße,1.8609827158985857,4433.315118465924,pc4,Residential,2021-06-23 16:26:41,52.50438333333334,13.336121666666669,37.7,0.0,296.2,0.0621,0.03,18.3,18.3,12.23,0.68,1019.3,2.79,0.95,3.0,16.093,3.14159,Joachimstaler Straße,3.2676979986624,4424.850999858186,pc2,Residential,False,False,8.513465894868059,50,10,0.16
1624458402.4987142,2021-06-23T14:26:42.498714Z,52.50441833333333,13.336001666666666,4,2,S2,1624458402.4987142,19.56194,-67.471982,-39.658852,0.00116627978,44.0,377.04,6.84,0.128054746,12,50,2021-06-23 16:26:42,52.50441833333333,13.336001666666666,27.5,3.3336,293.6,0.0621,0.03,18.3,18.3,12.23,0.68,1019.3,2.79,0.95,3.0,16.093,3.14159,Joachimstaler Straße,1.7647250207326612,4433.315118465924,pc4,Residential,2021-06-23 16:26:42,52.50438333333334,13.336121666666669,37.7,0.0,296.2,0.0621,0.03,18.3,18.3,12.23,0.68,1019.3,2.79,0.95,3.0,16.093,3.14159,Joachimstaler Straße,3.2676979986624,4424.850999858186,pc2,Residential,False,False,9.000084773081555,50,10,0.0
1624458402.4992068,2021-06-23T14:26:42.499206Z,52.50438333333334,13.336121666666669,2,4,S2,1624458402.4992068,17.860132653061225,-71.36050816326531,-43.53595714285714,0.0006718702857142,41.0,377.3061224489796,4.63265306122449,0.0541159857142857,12,49,2021-06-23 16:26:42,52.50438333333334,13.336121666666669,37.7,0.0,296.2,0.0621,0.03,18.3,18.3,12.23,0.68,1019.3,2.79,0.95,3.0,16.093,3.14159,Joachimstaler Straße,3.2676979986624,4424.850999858186,pc2,Residential,2021-06-23 16:26:42,52.50441833333333,13.336001666666666,27.5,3.3336,293.6,0.0621,0.03,18.3,18.3,12.23,0.68,1019.3,2.79,0.95,3.0,16.093,3.14159,Joachimstaler Straße,1.7647250207326612,4433.315118465924,pc4,Residential,False,False,9.000084773081555,50,10,0.02
1624458403.5000849,2021-06-23T14:26:43.500084Z,52.50438333333334,13.336118333333332,2,4,S2,1624458403.5000849,17.334139215686275,-71.0175156862745,-43.26536862745098,0.0008288326666666,41.0,477.5098039215686,3.450980392156863,0.0577000980392156,12,51,2021-06-23 16:26:43,52.50438333333334,13.336118333333332,37.8,4.074400000000001,296.2,0.0621,0.03,18.3,18.3,12.23,0.68,1019.3,2.79,0.95,3.0,16.093,3.14159,Joachimstaler Straße,3.3360121667509066,4424.850999858186,pc2,Residential,2021-06-23 16:26:43,52.50442,13.335988333333331,27.4,5.556,279.8,0.0621,0.03,18.3,18.3,12.23,0.68,1019.3,2.79,0.95,3.0,16.093,3.14159,Joachimstaler Straße,1.7540297571981525,4435.687065321217,pc4,Residential,False,False,9.690870402720543,50,10,-0.02
1624458403.504489,2021-06-23T14:26:43.504488Z,52.50442,13.335988333333331,4,2,S2,1624458403.504489,19.926042,-67.21175199999999,-39.480652,0.00117206424,44.0,478.0,3.0,0.141083896,12,50,2021-06-23 16:26:43,52.50442,13.335988333333331,27.4,5.556,279.8,0.0621,0.03,18.3,18.3,12.23,0.68,1019.3,2.79,0.95,3.0,16.093,3.14159,Joachimstaler Straße,1.7540297571981525,4435.687065321217,pc4,Residential,2021-06-23 16:26:43,52.50438333333334,13.336118333333332,37.8,4.074400000000001,296.2,0.0621,0.03,18.3,18.3,12.23,0.68,1019.3,2.79,0.95,3.0,16.093,3.14159,Joachimstaler Straße,3.3360121667509066,4424.850999858186,pc2,Residential,False,False,9.690870402720543,50,10,0.0
1624458404.500818,2021-06-23T14:26:44.500818Z,52.50438833333333,13.336098333333334,2,4,S2,1624458404.500818,17.571657142857145,-70.99879591836735,-43.18934897959184,0.0008127931020408,41.0,577.3469387755102,5.836734693877551,0.0565312285714285,12,49,2021-06-23 16:26:44,52.50438833333333,13.336098333333334,37.8,7.2228,283.2,0.0621,0.03,18.3,18.3,12.23,0.68,1019.3,2.79,0.95,3.0,16.093,3.14159,Joachimstaler Straße,3.216462015095957,4426.555744861244,pc2,Residential,2021-06-23 16:26:44,52.504421666666666,13.335966666666666,27.4,6.2968,278.8,0.0621,0.03,18.3,18.3,12.23,0.68,1019.3,2.79,0.95,3.0,16.093,3.14159,Joachimstaler Straße,1.8502875140822244,4435.687065321217,pc4,Residential,False,False,9.645019153104109,50,10,0.02
1624458404.5822885,2021-06-23T14:26:44.582288Z,52.504421666666666,13.335966666666666,4,2,S2,1624458404.5822885,12.984132857142855,-66.88324285714286,-39.08772857142857,0.0076361067142857,44.0,585.2857142857143,7.928571428571429,0.1427160107142857,12,28,2021-06-23 16:26:44,52.504421666666666,13.335966666666666,27.4,6.2968,278.8,0.0621,0.03,18.3,18.3,12.23,0.68,1019.3,2.79,0.95,3.0,16.093,3.14159,Joachimstaler Straße,1.8502875140822244,4435.687065321217,pc4,Residential,2021-06-23 16:26:44,52.50438833333333,13.336098333333334,37.8,7.2228,283.2,0.0621,0.03,18.3,18.3,12.23,0.68,1019.3,2.79,0.95,3.0,16.093,3.14159,Joachimstaler Straße,3.216462015095957,4426.555744861244,pc2,Residential,False,False,9.645019153104109,50,10,0.44
1624458405.4997892,2021-06-23T14:26:45.499789Z,52.504425,13.335943333333333,4,2,S2,1624458405.4997892,18.30101632653061,-69.42829591836734,-41.64107346938776,0.0009835609387755,44.0,677.530612244898,3.0,0.0836925244897959,12,49,2021-06-23 16:26:45,52.504425,13.335943333333333,27.5,5.7412,276.7,0.0621,0.03,18.3,18.3,12.23,0.68,1019.3,2.79,0.95,3.0,16.093,3.14159,Joachimstaler Straße,1.7861157053732952,4437.905054446816,pc4,Residential,2021-06-23 16:26:45,52.50439166666666,13.336071666666667,37.8,6.8524,282.5,0.0621,0.03,18.3,18.3,12.23,0.68,1019.3,2.79,0.95,3.0,16.093,3.14159,Joachimstaler Straße,3.4100184490777528,4428.58634132268,pc2,Residential,False,False,9.43725431503822,50,10,0.02
1624458405.6166084,2021-06-23T14:26:45.616608Z,52.50439166666666,13.336071666666667,2,4,S2,1624458405.6166084,8.2485396375,-67.995225,-40.2828375,0.0180121237499999,41.0,689.0,5.0,0.101564275,12,8,2021-06-23 16:26:45,52.50439166666666,13.336071666666667,37.8,6.8524,282.5,0.0621,0.03,18.3,18.3,12.23,0.68,1019.3,2.79,0.95,3.0,16.093,3.14159,Joachimstaler Straße,3.4100184490777528,4428.58634132268,pc2,Residential,2021-06-23 16:26:45,52.504425,13.335943333333333,27.5,5.7412,276.7,0.0621,0.03,18.3,18.3,12.23,0.68,1019.3,2.79,0.95,3.0,16.093,3.14159,Joachimstaler Straße,1.7861157053732952,4437.905054446816,pc4,Residential,False,False,9.43725431503822,50,10,0.84
1624458406.5010743,2021-06-23T14:26:46.501074Z,52.50442666666667,13.335925,4,2,S2,1624458406.5010743,18.425145098039216,-66.85933529411764,-39.04473529411765,0.0017891403137254,44.0,777.2352941176471,7.235294117647059,0.1451330372549019,12,51,2021-06-23 16:26:46,52.50442666666667,13.335925,27.5,4.2596,277.6,0.0621,0.03,18.3,18.3,12.23,0.68,1019.3,2.79,0.95,3.0,16.093,3.14159,Joachimstaler Straße,1.839592192887632,4439.924952156427,pc4,Residential,2021-06-23 16:26:46,52.504395,13.336046666666666,37.8,6.2968,282.0,0.0621,0.03,18.3,18.3,12.23,0.68,1019.3,2.79,0.95,3.0,16.093,3.14159,Joachimstaler Straße,3.5694176952095744,4430.873611091964,pc2,Residential,False,False,8.949840867487554,50,10,-0.02
1624458406.5337183,2021-06-23T14:26:46.533718Z,52.504395,13.336046666666666,2,4,S2,1624458406.5337183,15.446255652173914,-69.5218152173913,-41.76122391304348,0.0019407956956521,41.0,780.7173913043479,5.0,0.0780612456521739,12,46,2021-06-23 16:26:46,52.504395,13.336046666666666,37.8,6.2968,282.0,0.0621,0.03,18.3,18.3,12.23,0.68,1019.3,2.79,0.95,3.0,16.093,3.14159,Joachimstaler Straße,3.5694176952095744,4430.873611091964,pc2,Residential,2021-06-23 16:26:46,52.50442666666667,13.335925,27.5,4.2596,277.6,0.0621,0.03,18.3,18.3,12.23,0.68,1019.3,2.79,0.95,3.0,16.093,3.14159,Joachimstaler Straße,1.839592192887632,4439.924952156427,pc4,Residential,False,False,8.949840867487554,50,10,0.08
1624458407.4444268,2021-06-23T14:26:47.444426Z,52.50442833333334,13.335911666666666,4,2,S2,1624458407.4444268,12.177246666666669,-64.57556000000001,-36.78944666666666,0.0566941095333333,44.0,871.6,6.933333333333334,0.2738394866666667,12,15,2021-06-23 16:26:47,52.50442833333334,13.335911666666666,27.5,2.778,277.0,0.0621,0.03,18.3,18.3,12.23,0.68,1019.3,2.79,0.95,3.0,16.093,3.14159,Joachimstaler Straße,1.828896859144408,4439.924952156427,pc4,Residential,2021-06-23 16:26:47,52.50439833333333,13.336028333333331,37.8,3.5188,281.3,0.0621,0.03,18.3,18.3,12.23,0.68,1019.3,2.79,0.95,3.0,16.093,3.14159,Joachimstaler Straße,3.5921886044286837,4430.873611091964,pc2,Residential,False,False,8.56615745870736,50,10,0.7
1624458407.5057466,2021-06-23T14:26:47.505746Z,52.50439833333333,13.336028333333331,2,4,S2,1624458407.5057466,16.34968367346939,-69.1712,-41.39832040816327,0.0016991900816326,41.0,877.9183673469388,5.0,0.0797877959183673,12,49,2021-06-23 16:26:47,52.50439833333333,13.336028333333331,37.8,3.5188,281.3,0.0621,0.03,18.3,18.3,12.23,0.68,1019.3,2.79,0.95,3.0,16.093,3.14159,Joachimstaler Straße,3.5921886044286837,4430.873611091964,pc2,Residential,2021-06-23 16:26:47,52.50442833333334,13.335911666666666,27.5,2.778,277.0,0.0621,0.03,18.3,18.3,12.23,0.68,1019.3,2.79,0.95,3.0,16.093,3.14159,Joachimstaler Straße,1.828896859144408,4439.924952156427,pc4,Residential,False,False,8.56615745870736,50,10,0.02
1624458408.512738,2021-06-23T14:26:48.512737Z,52.5044,13.33602,2,4,S2,1624458408.512738,19.207338,-64.05971000000001,-36.294726,0.00288265532,41.0,917.18,5.0,0.275031068,12,50,2021-06-23 16:26:48,52.5044,13.33602,37.8,1.6668,278.9,0.0621,0.03,18.3,18.3,12.23,0.68,1019.3,2.79,0.95,3.0,16.093,3.14159,Joachimstaler Straße,3.5294497920467194,4433.315118465924,pc2,Residential,2021-06-23 16:26:48,52.50443,13.335903333333333,27.6,1.4816000000000005,276.4,0.0621,0.03,18.3,18.3,12.23,0.68,1019.3,2.79,0.95,3.0,16.093,3.14159,Joachimstaler Straße,1.7540297184266875,4439.924952156427,pc4,Residential,False,False,8.566156828789266,50,10,0.0
1624458408.578986,2021-06-23T14:26:48.578985Z,52.50443,13.335903333333333,4,2,S2,1624458408.578986,6.6624325,-58.2196275,-30.4817625,0.1820934747499999,44.0,933.95,6.0,0.95001645,12,40,2021-06-23 16:26:48,52.50443,13.335903333333333,27.6,1.4816000000000005,276.4,0.0621,0.03,18.3,18.3,12.23,0.68,1019.3,2.79,0.95,3.0,16.093,3.14159,Joachimstaler Straße,1.7540297184266875,4439.924952156427,pc4,Residential,2021-06-23 16:26:48,52.5044,13.33602,37.8,1.6668,278.9,0.0621,0.03,18.3,18.3,12.23,0.68,1019.3,2.79,0.95,3.0,16.093,3.14159,Joachimstaler Straße,3.5294497920467194,4433.315118465924,pc2,Residential,False,False,8.566156828789266,50,10,0.2
1624458409.4873712,2021-06-23T14:26:49.487371Z,52.50443166666667,13.3359,4,2,S2,1624458409.4873712,7.613123404255319,-58.96108297872341,-31.22095957446809,0.1947138724042553,44.0,52.02127659574468,5.659574468085107,0.8101083829787235,12,47,2021-06-23 16:26:49,52.50443166666667,13.3359,27.6,0.0,276.4,0.0621,0.03,18.3,18.3,12.23,0.68,1019.3,2.79,0.95,3.0,16.093,3.14159,Joachimstaler Straße,1.6149907777023984,4441.722183047775,pc4,Residential,2021-06-23 16:26:49,52.504401666666666,13.336013333333334,37.8,2.4076000000000004,280.6,0.0621,0.03,18.3,18.3,12.23,0.68,1019.3,2.79,0.95,3.0,16.093,3.14159,Joachimstaler Straße,3.4331921033815247,4433.315118465924,pc2,Residential,False,False,8.358941051237558,50,10,0.06
1624458409.5052884,2021-06-23T14:26:49.505288Z,52.504401666666666,13.336013333333334,2,4,S2,1624458409.5052884,18.21592083333333,-64.18121875,-36.401925,0.0035218389583333,41.0,53.875,5.0,0.2355030833333333,12,48,2021-06-23 16:26:49,52.504401666666666,13.336013333333334,37.8,2.4076000000000004,280.6,0.0621,0.03,18.3,18.3,12.23,0.68,1019.3,2.79,0.95,3.0,16.093,3.14159,Joachimstaler Straße,3.4331921033815247,4433.315118465924,pc2,Residential,2021-06-23 16:26:49,52.50443166666667,13.3359,27.6,0.0,276.4,0.0621,0.03,18.3,18.3,12.23,0.68,1019.3,2.79,0.95,3.0,16.093,3.14159,Joachimstaler Straße,1.6149907777023984,4441.722183047775,pc4,Residential,False,False,8.358941051237558,50,10,0.04
1624458410.4977586,2021-06-23T14:26:50.497758Z,52.504403333333336,13.336008333333334,2,4,S2,1624458410.4977586,17.358763265306123,-65.50076122448979,-37.71811224489796,0.0030637676938775,41.0,153.12244897959184,5.0,0.194639487755102,12,49,2021-06-23 16:26:50,52.504403333333336,13.336008333333334,37.7,0.0,280.6,0.0621,0.03,18.3,18.3,12.23,0.68,1019.3,2.79,0.95,3.0,16.093,3.14159,Joachimstaler Straße,3.31554380080326,4433.315118465924,pc2,Residential,2021-06-23 16:26:50,52.50443166666667,13.335901666666668,27.6,0.0,276.4,0.0621,0.03,18.3,18.3,12.23,0.68,1019.3,2.79,0.95,3.0,16.093,3.14159,Joachimstaler Straße,1.5936001792362169,4441.722183047775,pc4,Residential,False,False,7.871590080966527,50,10,0.02
1624458410.4979565,2021-06-23T14:26:50.497956Z,52.50443166666667,13.335901666666668,4,2,S2,1624458410.4979565,22.977686,-61.993656,-34.21233,0.0021790047,44.0,153.28,3.68,0.445475092,12,50,2021-06-23 16:26:50,52.50443166666667,13.335901666666668,27.6,0.0,276.4,0.0621,0.03,18.3,18.3,12.23,0.68,1019.3,2.79,0.95,3.0,16.093,3.14159,Joachimstaler Straße,1.5936001792362169,4441.722183047775,pc4,Residential,2021-06-23 16:26:50,52.504403333333336,13.336008333333334,37.7,0.0,280.6,0.0621,0.03,18.3,18.3,12.23,0.68,1019.3,2.79,0.95,3.0,16.093,3.14159,Joachimstaler Straße,3.31554380080326,4433.315118465924,pc2,Residential,False,False,7.871590080966527,50,10,0.0
1624458411.5033383,2021-06-23T14:26:51.503338Z,52.504405,13.336008333333334,2,4,S2,1624458411.5033383,20.763692,-65.089568,-37.337176,0.0015401714399999,41.0,254.0,1.8,0.203013548,12,50,2021-06-23 16:26:51,52.504405,13.336008333333334,37.7,0.0,280.6,0.0621,0.03,18.3,18.3,12.23,0.68,1019.3,2.79,0.95,3.0,16.093,3.14159,Joachimstaler Straße,3.1337236655777483,4433.315118465924,pc2,Residential,2021-06-23 16:26:51,52.50443166666667,13.335901666666668,27.6,0.0,276.4,0.0621,0.03,18.3,18.3,12.23,0.68,1019.3,2.79,0.95,3.0,16.093,3.14159,Joachimstaler Straße,1.5936001792362169,4441.722183047775,pc4,Residential,False,False,7.799351283953526,50,10,0.0
1624458411.5094874,2021-06-23T14:26:51.509487Z,52.50443166666667,13.335901666666668,4,2,S2,1624458411.5094874,23.009502,-61.540046,-33.762056,0.00228312678,44.0,254.0,8.0,0.459119744,12,50,2021-06-23 16:26:51,52.50443166666667,13.335901666666668,27.6,0.0,276.4,0.0621,0.03,18.3,18.3,12.23,0.68,1019.3,2.79,0.95,3.0,16.093,3.14159,Joachimstaler Straße,1.5936001792362169,4441.722183047775,pc4,Residential,2021-06-23 16:26:51,52.504405,13.336008333333334,37.7,0.0,280.6,0.0621,0.03,18.3,18.3,12.23,0.68,1019.3,2.79,0.95,3.0,16.093,3.14159,Joachimstaler Straße,3.1337236655777483,4433.315118465924,pc2,Residential,False,False,7.799351283953526,50,10,0.0
1624458412.5015583,2021-06-23T14:26:52.501558Z,52.504405,13.336008333333334,2,4,S2,1624458412.5015583,19.220386,-65.205824,-37.43884,0.0029941791,41.0,353.68,3.24,0.1826691999999999,12,50,2021-06-23 16:26:52,52.504405,13.336008333333334,37.7,0.0,280.6,0.0621,0.03,18.3,18.3,12.23,0.68,1019.3,2.79,0.95,3.0,16.093,3.14159,Joachimstaler Straße,3.1337236655777483,4433.315118465924,pc2,Residential,2021-06-23 16:26:52,52.50443,13.335901666666668,27.6,0.0,276.4,0.0621,0.03,18.3,18.3,12.23,0.68,1019.3,2.79,0.95,3.0,16.093,3.14159,Joachimstaler Straße,1.7754203171060337,4441.722183047775,pc4,Residential,False,False,7.730874556602233,50,10,0.0
1624458412.5093875,2021-06-23T14:26:52.509387Z,52.50443,13.335901666666668,4,2,S2,1624458412.5093875,23.449562,-61.903528,-34.120324000000004,0.0017840460599999,44.0,354.0,7.92,0.3945931199999999,12,50,2021-06-23 16:26:52,52.50443,13.335901666666668,27.6,0.0,276.4,0.0621,0.03,18.3,18.3,12.23,0.68,1019.3,2.79,0.95,3.0,16.093,3.14159,Joachimstaler Straße,1.7754203171060337,4441.722183047775,pc4,Residential,2021-06-23 16:26:52,52.504405,13.336008333333334,37.7,0.0,280.6,0.0621,0.03,18.3,18.3,12.23,0.68,1019.3,2.79,0.95,3.0,16.093,3.14159,Joachimstaler Straße,3.1337236655777483,4433.315118465924,pc2,Residential,False,False,7.730874556602233,50,10,0.0
1624458413.4995196,2021-06-23T14:26:53.499519Z,52.504405,13.336008333333334,2,4,S2,1624458413.4995196,21.208978,-65.139326,-37.303524,0.00132744044,41.0,453.0,8.0,0.1950740899999999,12,50,2021-06-23 16:26:53,52.504405,13.336008333333334,37.7,0.0,280.6,0.0621,0.03,18.3,18.3,12.23,0.68,1019.3,2.79,0.95,3.0,16.093,3.14159,Joachimstaler Straße,3.1337236655777483,4433.315118465924,pc2,Residential,2021-06-23 16:26:53,52.50443,13.335901666666668,27.6,0.0,276.4,0.0621,0.03,18.3,18.3,12.23,0.68,1019.3,2.79,0.95,3.0,16.093,3.14159,Joachimstaler Straße,1.7754203171060337,4441.722183047775,pc4,Residential,False,False,7.730874556602233,50,10,0.0
1624458413.5084715,2021-06-23T14:26:53.508471Z,52.50443,13.335901666666668,4,2,S2,1624458413.5084715,23.488212,-61.65944,-33.866604,0.0018617594,44.0,454.0,7.0,0.43617474,12,50,2021-06-23 16:26:53,52.50443,13.335901666666668,27.6,0.0,276.4,0.0621,0.03,18.3,18.3,12.23,0.68,1019.3,2.79,0.95,3.0,16.093,3.14159,Joachimstaler Straße,1.7754203171060337,4441.722183047775,pc4,Residential,2021-06-23 16:26:53,52.504405,13.336008333333334,37.7,0.0,280.6,0.0621,0.03,18.3,18.3,12.23,0.68,1019.3,2.79,0.95,3.0,16.093,3.14159,Joachimstaler Straße,3.1337236655777483,4433.315118465924,pc2,Residential,False,False,7.730874556602233,50,10,0.0
1624458414.499524,2021-06-23T14:26:54.499524Z,52.504405,13.336008333333334,2,4,S2,1624458414.499524,21.160626,-63.78245,-35.96929,0.0020543517,41.0,553.0,8.0,0.32362972,12,50,2021-06-23 16:26:54,52.504405,13.336008333333334,37.7,0.0,280.6,0.0621,0.03,18.3,18.3,12.23,0.68,1019.3,2.79,0.95,3.0,16.093,3.14159,Joachimstaler Straße,3.1337236655777483,4433.315118465924,pc2,Residential,2021-06-23 16:26:54,52.50443,13.335901666666668,27.6,0.0,276.4,0.0621,0.03,18.3,18.3,12.23,0.68,1019.3,2.79,0.95,3.0,16.093,3.14159,Joachimstaler Straße,1.7754203171060337,4441.722183047775,pc4,Residential,False,False,7.730874556602233,50,10,0.0
1624458414.5124376,2021-06-23T14:26:54.512437Z,52.50443,13.335901666666668,4,2,S2,1624458414.5124376,23.91674375,-59.99536875,-32.20333125,0.0026739241666666,44.0,554.875,2.208333333333333,0.7522692520833334,12,48,2021-06-23 16:26:54,52.50443,13.335901666666668,27.6,0.0,276.4,0.0621,0.03,18.3,18.3,12.23,0.68,1019.3,2.79,0.95,3.0,16.093,3.14159,Joachimstaler Straße,1.7754203171060337,4441.722183047775,pc4,Residential,2021-06-23 16:26:54,52.504405,13.336008333333334,37.7,0.0,280.6,0.0621,0.03,18.3,18.3,12.23,0.68,1019.3,2.79,0.95,3.0,16.093,3.14159,Joachimstaler Straße,3.1337236655777483,4433.315118465924,pc2,Residential,False,False,7.730874556602233,50,10,0.04
1624458415.4962497,2021-06-23T14:26:55.496249Z,52.504405,13.336008333333334,2,4,S2,1624458415.4962497,18.700184081632653,-65.42491428571428,-37.67457142857143,0.0039907308163265,41.0,652.8979591836735,5.755102040816326,0.1918833122448979,12,49,2021-06-23 16:26:55,52.504405,13.336008333333334,37.7,0.0,280.6,0.0621,0.03,18.3,18.3,12.23,0.68,1019.3,2.79,0.95,3.0,16.093,3.14159,Joachimstaler Straße,3.1337236655777483,4433.315118465924,pc2,Residential,2021-06-23 16:26:55,52.50443,13.335901666666668,27.7,0.0,276.4,0.0621,0.03,18.3,18.3,12.23,0.68,1019.3,2.79,0.95,3.0,16.093,3.14159,Joachimstaler Straße,1.7754203171060337,4441.722183047775,pc4,Residential,False,False,7.730874556602233,50,10,0.02
1624458415.498165,2021-06-23T14:26:55.498164Z,52.50443,13.335901666666668,4,2,S2,1624458415.498165,22.302902,-62.187016,-34.471152000000004,0.00340461734,44.0,653.52,1.48,0.4021755079999999,12,50,2021-06-23 16:26:55,52.50443,13.335901666666668,27.7,0.0,276.4,0.0621,0.03,18.3,18.3,12.23,0.68,1019.3,2.79,0.95,3.0,16.093,3.14159,Joachimstaler Straße,1.7754203171060337,4441.722183047775,pc4,Residential,2021-06-23 16:26:55,52.504405,13.336008333333334,37.7,0.0,280.6,0.0621,0.03,18.3,18.3,12.23,0.68,1019.3,2.79,0.95,3.0,16.093,3.14159,Joachimstaler Straße,3.1337236655777483,4433.315118465924,pc2,Residential,False,False,7.730874556602233,50,10,0.0
1624458416.4905126,2021-06-23T14:26:56.490512Z,52.504405,13.336008333333334,2,4,S2,1624458416.4905126,21.481478000000003,-63.49663399999999,-35.816858,0.0017910862,41.0,752.0,9.0,0.267913,12,50,2021-06-23 16:26:56,52.504405,13.336008333333334,37.8,0.0,280.6,0.0621,0.03,18.3,18.3,12.23,0.68,1019.3,2.79,0.95,3.0,16.093,3.14159,Joachimstaler Straße,3.1337236655777483,4433.315118465924,pc2,Residential,2021-06-23 16:26:56,52.50443,13.335901666666668,27.7,0.0,276.4,0.0621,0.03,18.3,18.3,12.23,0.68,1019.3,2.79,0.95,3.0,16.093,3.14159,Joachimstaler Straße,1.7754203171060337,4441.722183047775,pc4,Residential,False,False,7.730874556602233,50,10,0.0
1624458416.502476,2021-06-23T14:26:56.502475Z,52.50443,13.335901666666668,4,2,S2,1624458416.502476,15.977436,-59.830216,-32.18234,0.016326118,44.0,754.0,1.0,0.62463976,12,50,2021-06-23 16:26:56,52.50443,13.335901666666668,27.7,0.0,276.4,0.0621,0.03,18.3,18.3,12.23,0.68,1019.3,2.79,0.95,3.0,16.093,3.14159,Joachimstaler Straße,1.7754203171060337,4441.722183047775,pc4,Residential,2021-06-23 16:26:56,52.504405,13.336008333333334,37.8,0.0,280.6,0.0621,0.03,18.3,18.3,12.23,0.68,1019.3,2.79,0.95,3.0,16.093,3.14159,Joachimstaler Straße,3.1337236655777483,4433.315118465924,pc2,Residential,False,False,7.730874556602233,50,10,0.0
1624458417.4905374,2021-06-23T14:26:57.490537Z,52.504405,13.336008333333334,2,4,S2,1624458417.4905374,15.1587138,-65.40298,-37.66514,0.00616923022,41.0,852.0,9.0,0.1712896599999999,12,50,2021-06-23 16:26:57,52.504405,13.336008333333334,37.8,0.0,280.6,0.0621,0.03,18.3,18.3,12.23,0.68,1019.3,2.79,0.95,3.0,16.093,3.14159,Joachimstaler Straße,3.1337236655777483,4433.315118465924,pc2,Residential,2021-06-23 16:26:57,52.50443,13.335901666666668,27.7,0.0,276.4,0.0621,0.03,18.3,18.3,12.23,0.68,1019.3,2.79,0.95,3.0,16.093,3.14159,Joachimstaler Straße,1.7754203171060337,4441.722183047775,pc4,Residential,False,False,7.730874556602233,50,10,0.0
1624458417.5020764,2021-06-23T14:26:57.502076Z,52.50443,13.335901666666668,4,2,S2,1624458417.5020764,20.47454897959184,-62.18945510204082,-34.45093673469388,0.0057320874693877,44.0,853.734693877551,3.2448979591836733,0.3618875918367347,12,49,2021-06-23 16:26:57,52.50443,13.335901666666668,27.7,0.0,276.4,0.0621,0.03,18.3,18.3,12.23,0.68,1019.3,2.79,0.95,3.0,16.093,3.14159,Joachimstaler Straße,1.7754203171060337,4441.722183047775,pc4,Residential,2021-06-23 16:26:57,52.504405,13.336008333333334,37.8,0.0,280.6,0.0621,0.03,18.3,18.3,12.23,0.68,1019.3,2.79,0.95,3.0,16.093,3.14159,Joachimstaler Straße,3.1337236655777483,4433.315118465924,pc2,Residential,False,False,7.730874556602233,50,10,0.02
1624458418.4954865,2021-06-23T14:26:58.495486Z,52.50443,13.335901666666668,4,2,S2,1624458418.4954865,23.215516,-62.384514,-34.634178,0.00169459842,44.0,953.0,4.0,0.34292006,12,50,2021-06-23 16:26:58,52.50443,13.335901666666668,27.7,0.0,276.4,0.0621,0.03,18.3,18.3,12.23,0.68,1019.3,2.79,0.95,3.0,16.093,3.14159,Joachimstaler Straße,1.7754203171060337,4441.722183047775,pc4,Residential,2021-06-23 16:26:58,52.504405,13.336008333333334,37.7,0.0,280.6,0.0621,0.03,18.3,18.3,12.23,0.68,1019.3,2.79,0.95,3.0,16.093,3.14159,Joachimstaler Straße,3.1337236655777483,4433.315118465924,pc2,Residential,False,False,7.730874556602233,50,10,0.0
1624458418.4994402,2021-06-23T14:26:58.499440Z,52.504405,13.336008333333334,2,4,S2,1624458418.4994402,14.165340784313726,-65.43125098039216,-37.70073529411765,0.0077170362745098,41.0,953.0,7.921568627450981,0.1701455882352941,12,51,2021-06-23 16:26:58,52.504405,13.336008333333334,37.7,0.0,280.6,0.0621,0.03,18.3,18.3,12.23,0.68,1019.3,2.79,0.95,3.0,16.093,3.14159,Joachimstaler Straße,3.1337236655777483,4433.315118465924,pc2,Residential,2021-06-23 16:26:58,52.50443,13.335901666666668,27.7,0.0,276.4,0.0621,0.03,18.3,18.3,12.23,0.68,1019.3,2.79,0.95,3.0,16.093,3.14159,Joachimstaler Straße,1.7754203171060337,4441.722183047775,pc4,Residential,False,False,7.730874556602233,50,10,-0.02
1624458419.4996786,2021-06-23T14:26:59.499678Z,52.504405,13.336008333333334,2,4,S2,1624458419.4996786,20.94643469387755,-65.44821020408163,-37.78813469387755,0.0013665737755102,41.0,238.26530612244895,5.306122448979592,0.1719491224489795,12,49,2021-06-23 16:26:59,52.504405,13.336008333333334,37.7,0.0,280.6,0.0621,0.03,18.3,18.3,12.23,0.68,1019.3,2.79,0.95,3.0,16.093,3.14159,Joachimstaler Straße,3.1337236655777483,4433.315118465924,pc2,Residential,2021-06-23 16:26:59,52.50443,13.335901666666668,27.6,0.0,276.4,0.0621,0.03,18.3,18.3,12.23,0.68,1019.3,2.79,0.95,3.0,16.093,3.14159,Joachimstaler Straße,1.7754203171060337,4441.722183047775,pc4,Residential,False,False,7.730874556602233,50,10,0.02
1624458419.5050352,2021-06-23T14:26:59.505035Z,52.50443,13.335901666666668,4,2,S2,1624458419.5050352,23.515930612244897,-61.84418367346938,-34.183522448979595,0.0018091773061224,44.0,239.0,3.326530612244898,0.393619,12,49,2021-06-23 16:26:59,52.50443,13.335901666666668,27.6,0.0,276.4,0.0621,0.03,18.3,18.3,12.23,0.68,1019.3,2.79,0.95,3.0,16.093,3.14159,Joachimstaler Straße,1.7754203171060337,4441.722183047775,pc4,Residential,2021-06-23 16:26:59,52.504405,13.336008333333334,37.7,0.0,280.6,0.0621,0.03,18.3,18.3,12.23,0.68,1019.3,2.79,0.95,3.0,16.093,3.14159,Joachimstaler Straße,3.1337236655777483,4433.315118465924,pc2,Residential,False,False,7.730874556602233,50,10,0.02
1624458420.5009491,2021-06-23T14:27:00.500949Z,52.504405,13.336008333333334,2,4,S2,1624458420.5009491,21.262668627450974,-64.89076078431373,-37.24328431372549,0.0013279832352941,41.0,129.45098039215685,4.901960784313726,0.1969235294117647,12,51,2021-06-23 16:27:00,52.504405,13.336008333333334,37.7,0.0,280.6,0.0621,0.03,18.3,18.3,12.23,0.68,1019.3,2.79,0.95,3.0,16.093,2.94584,Joachimstaler Straße,3.1337236655777483,4433.315118465924,pc2,Residential,2021-06-23 16:27:00,52.50443,13.335901666666668,27.6,0.0,276.4,0.0621,0.03,18.3,18.3,12.23,0.68,1019.3,2.79,0.95,3.0,16.093,3.14159,Joachimstaler Straße,1.7754203171060337,4441.722183047775,pc4,Residential,False,False,7.730874556602233,50,10,-0.02
1624458420.5049973,2021-06-23T14:27:00.504997Z,52.50443,13.335901666666668,4,2,S2,1624458420.5049973,23.0156375,-61.17582708333333,-33.55765208333333,0.0024474264583333,44.0,129.83333333333334,5.166666666666667,0.4684450833333333,12,48,2021-06-23 16:27:00,52.50443,13.335901666666668,27.6,0.0,276.4,0.0621,0.03,18.3,18.3,12.23,0.68,1019.3,2.79,0.95,3.0,16.093,3.14159,Joachimstaler Straße,1.7754203171060337,4441.722183047775,pc4,Residential,2021-06-23 16:27:00,52.504405,13.336008333333334,37.7,0.0,280.6,0.0621,0.03,18.3,18.3,12.23,0.68,1019.3,2.79,0.95,3.0,16.093,2.94584,Joachimstaler Straße,3.1337236655777483,4433.315118465924,pc2,Residential,False,False,7.730874556602233,50,10,0.04
1624458421.5026944,2021-06-23T14:27:01.502694Z,52.504405,13.336008333333334,2,4,S2,1624458421.5026944,18.24501836734694,-65.49528163265306,-37.80252448979592,0.0041282404285714,41.0,229.55102040816325,5.653061224489796,0.1744943857142857,12,49,2021-06-23 16:27:01,52.504405,13.336008333333334,37.8,0.0,280.6,0.0621,0.03,18.3,18.3,12.23,0.68,1019.3,2.79,0.95,3.0,16.093,2.94584,Joachimstaler Straße,3.1337236655777483,4433.315118465924,pc2,Residential,2021-06-23 16:27:01,52.50443,13.335901666666668,27.6,0.0,276.4,0.0621,0.03,18.3,18.3,12.23,0.68,1019.3,2.79,0.95,3.0,16.093,3.14159,Joachimstaler Straße,1.7754203171060337,4441.722183047775,pc4,Residential,False,False,7.730874556602233,50,10,0.02
1624458421.5038033,2021-06-23T14:27:01.503803Z,52.50443,13.335901666666668,4,2,S2,1624458421.5038033,22.823320408163266,-62.01750408163265,-34.3759612244898,0.0019931518367346,44.0,229.53061224489795,7.0,0.3887334693877551,12,49,2021-06-23 16:27:01,52.50443,13.335901666666668,27.6,0.0,276.4,0.0621,0.03,18.3,18.3,12.23,0.68,1019.3,2.79,0.95,3.0,16.093,3.14159,Joachimstaler Straße,1.7754203171060337,4441.722183047775,pc4,Residential,2021-06-23 16:27:01,52.504405,13.336008333333334,37.8,0.0,280.6,0.0621,0.03,18.3,18.3,12.23,0.68,1019.3,2.79,0.95,3.0,16.093,2.94584,Joachimstaler Straße,3.1337236655777483,4433.315118465924,pc2,Residential,False,False,7.730874556602233,50,10,0.02
1624458422.5055969,2021-06-23T14:27:02.505596Z,52.504405,13.336008333333334,2,4,S2,1624458422.5055969,19.56265306122449,-64.84093061224489,-37.13679795918368,0.0029129371020408,41.0,329.6734693877551,7.326530612244898,0.2093558346938775,12,49,2021-06-23 16:27:02,52.504405,13.336008333333334,37.8,0.0,280.6,0.0621,0.03,18.3,18.3,12.23,0.68,1019.3,2.79,0.95,3.0,16.093,2.94584,Joachimstaler Straße,3.1337236655777483,4433.315118465924,pc2,Residential,2021-06-23 16:27:02,52.50443,13.3359,27.6,0.0,276.4,0.0621,0.03,18.3,18.3,12.23,0.68,1019.3,2.79,0.95,3.0,16.093,3.14159,Joachimstaler Straße,1.7968109156014205,4441.722183047775,pc4,Residential,False,False,7.836173604138867,50,10,0.02
1624458422.5070784,2021-06-23T14:27:02.507078Z,52.50443,13.3359,4,2,S2,1624458422.5070784,17.93964068888889,-60.81433555555556,-33.14767555555555,0.0208166162222222,44.0,330.2,3.577777777777778,0.5240338888888889,12,45,2021-06-23 16:27:02,52.50443,13.3359,27.6,0.0,276.4,0.0621,0.03,18.3,18.3,12.23,0.68,1019.3,2.79,0.95,3.0,16.093,3.14159,Joachimstaler Straße,1.7968109156014205,4441.722183047775,pc4,Residential,2021-06-23 16:27:02,52.504405,13.336008333333334,37.8,0.0,280.6,0.0621,0.03,18.3,18.3,12.23,0.68,1019.3,2.79,0.95,3.0,16.093,2.94584,Joachimstaler Straße,3.1337236655777483,4433.315118465924,pc2,Residential,False,False,7.836173604138867,50,10,0.1
1624458423.4880002,2021-06-23T14:27:03.488000Z,52.504405,13.336008333333334,2,4,S2,1624458423.4880002,20.460435416666662,-66.5894375,-38.77404166666667,0.0010928852916666,41.0,427.8541666666667,7.9375,0.1374252979166666,12,48,2021-06-23 16:27:03,52.504405,13.336008333333334,37.8,0.0,280.6,0.0621,0.03,18.3,18.3,12.23,0.68,1019.3,2.79,0.95,3.0,16.093,2.94584,Joachimstaler Straße,3.1337236655777483,4433.315118465924,pc2,Residential,2021-06-23 16:27:03,52.50443,13.3359,27.6,0.0,276.4,0.0621,0.03,18.3,18.3,12.23,0.68,1019.3,2.79,0.95,3.0,16.093,3.14159,Joachimstaler Straße,1.7968109156014205,4441.722183047775,pc4,Residential,False,False,7.836173604138867,50,10,0.04
1624458423.4995277,2021-06-23T14:27:03.499527Z,52.50443,13.3359,4,2,S2,1624458423.4995277,15.774104,-62.475806000000006,-34.668216,0.0089073858,44.0,429.44,3.6,0.35062502,12,50,2021-06-23 16:27:03,52.50443,13.3359,27.6,0.0,276.4,0.0621,0.03,18.3,18.3,12.23,0.68,1019.3,2.79,0.95,3.0,16.093,3.14159,Joachimstaler Straße,1.7968109156014205,4441.722183047775,pc4,Residential,2021-06-23 16:27:03,52.504405,13.336008333333334,37.8,0.0,280.6,0.0621,0.03,18.3,18.3,12.23,0.68,1019.3,2.79,0.95,3.0,16.093,2.94584,Joachimstaler Straße,3.1337236655777483,4433.315118465924,pc2,Residential,False,False,7.836173604138867,50,10,0.0
1624458424.4945092,2021-06-23T14:27:04.494509Z,52.504405,13.336008333333334,2,4,S2,1624458424.4945092,20.699656,-66.289094,-38.512376,0.00111198512,41.0,529.0,3.0,0.147412688,12,50,2021-06-23 16:27:04,52.504405,13.336008333333334,37.8,0.0,280.6,0.0621,0.03,18.3,18.3,12.23,0.68,1019.3,2.79,0.95,3.0,16.093,2.94584,Joachimstaler Straße,3.1337236655777483,4433.315118465924,pc2,Residential,2021-06-23 16:27:04,52.50443,13.3359,27.6,0.0,276.4,0.0621,0.03,18.3,18.3,12.23,0.68,1019.3,2.79,0.95,3.0,16.093,3.14159,Joachimstaler Straße,1.7968109156014205,4441.722183047775,pc4,Residential,False,False,7.836173604138867,50,10,0.0
1624458424.496506,2021-06-23T14:27:04.496505Z,52.50443,13.3359,4,2,S2,1624458424.496506,15.57517551020408,-62.38771836734694,-34.643457142857145,0.0103797628571428,44.0,529.0,5.0,0.3595927755102041,12,49,2021-06-23 16:27:04,52.50443,13.3359,27.6,0.0,276.4,0.0621,0.03,18.3,18.3,12.23,0.68,1019.3,2.79,0.95,3.0,16.093,3.14159,Joachimstaler Straße,1.7968109156014205,4441.722183047775,pc4,Residential,2021-06-23 16:27:04,52.504405,13.336008333333334,37.8,0.0,280.6,0.0621,0.03,18.3,18.3,12.23,0.68,1019.3,2.79,0.95,3.0,16.093,2.94584,Joachimstaler Straße,3.1337236655777483,4433.315118465924,pc2,Residential,False,False,7.836173604138867,50,10,0.02
1624458425.5020542,2021-06-23T14:27:05.502054Z,52.50443,13.3359,4,2,S2,1624458425.5020542,22.545858,-63.505146,-35.764364,0.00151069086,44.0,629.38,6.76,0.27809474,12,50,2021-06-23 16:27:05,52.50443,13.3359,27.6,0.0,276.4,0.0621,0.03,18.3,18.3,12.23,0.68,1019.3,2.79,0.95,3.0,16.093,3.14159,Joachimstaler Straße,1.7968109156014205,4441.722183047775,pc4,Residential,2021-06-23 16:27:05,52.504405,13.336008333333334,37.8,0.0,280.6,0.0621,0.03,18.3,18.3,12.23,0.68,1019.3,2.79,0.95,3.0,16.093,2.94584,Joachimstaler Straße,3.1337236655777483,4433.315118465924,pc2,Residential,False,False,7.836173604138867,50,10,0.0
1624458425.502255,2021-06-23T14:27:05.502254Z,52.504405,13.336008333333334,2,4,S2,1624458425.502255,14.778663,-67.051532,-39.300626,0.0068443931,41.0,629.48,5.92,0.123519996,12,50,2021-06-23 16:27:05,52.504405,13.336008333333334,37.8,0.0,280.6,0.0621,0.03,18.3,18.3,12.23,0.68,1019.3,2.79,0.95,3.0,16.093,2.94584,Joachimstaler Straße,3.1337236655777483,4433.315118465924,pc2,Residential,2021-06-23 16:27:05,52.50443,13.3359,27.6,0.0,276.4,0.0621,0.03,18.3,18.3,12.23,0.68,1019.3,2.79,0.95,3.0,16.093,3.14159,Joachimstaler Straße,1.7968109156014205,4441.722183047775,pc4,Residential,False,False,7.836173604138867,50,10,0.0
1624458426.5091145,2021-06-23T14:27:06.509114Z,52.504405,13.336008333333334,2,4,S2,1624458426.5091145,21.34560612244898,-64.84098979591838,-37.14107142857143,0.0013557228367346,41.0,729.9591836734694,8.0,0.2008748489795918,12,49,2021-06-23 16:27:06,52.504405,13.336008333333334,37.8,0.0,280.6,0.0621,0.03,18.3,18.3,12.23,0.68,1019.3,2.79,0.95,3.0,16.093,2.94584,Joachimstaler Straße,3.1337236655777483,4433.315118465924,pc2,Residential,2021-06-23 16:27:06,52.50443,13.3359,27.6,0.0,276.4,0.0621,0.03,18.3,18.3,12.23,0.68,1019.3,2.79,0.95,3.0,16.093,3.14159,Joachimstaler Straße,1.7968109156014205,4441.722183047775,pc4,Residential,False,False,7.836173604138867,50,10,0.02
1624458426.509483,2021-06-23T14:27:06.509483Z,52.50443,13.3359,4,2,S2,1624458426.509483,23.850074,-61.005472,-33.335088,0.00204156084,44.0,730.0,8.0,0.48454924,12,50,2021-06-23 16:27:06,52.50443,13.3359,27.6,0.0,276.4,0.0621,0.03,18.3,18.3,12.23,0.68,1019.3,2.79,0.95,3.0,16.093,3.14159,Joachimstaler Straße,1.7968109156014205,4441.722183047775,pc4,Residential,2021-06-23 16:27:06,52.504405,13.336008333333334,37.8,0.0,280.6,0.0621,0.03,18.3,18.3,12.23,0.68,1019.3,2.79,0.95,3.0,16.093,2.94584,Joachimstaler Straße,3.1337236655777483,4433.315118465924,pc2,Residential,False,False,7.836173604138867,50,10,0.0
1624458427.4861217,2021-06-23T14:27:07.486121Z,52.504405,13.336008333333334,2,4,S2,1624458427.4861217,21.55313191489362,-64.77456382978724,-37.09405106382979,0.0013153563404255,41.0,827.6595744680851,8.0,0.2068538936170212,12,47,2021-06-23 16:27:07,52.504405,13.336008333333334,37.8,0.0,280.6,0.0621,0.03,18.3,18.3,12.23,0.68,1019.3,2.79,0.95,3.0,16.093,2.94584,Joachimstaler Straße,3.1337236655777483,4433.315118465924,pc2,Residential,2021-06-23 16:27:07,52.50443,13.3359,27.6,0.0,276.4,0.0621,0.03,18.3,18.3,12.23,0.68,1019.3,2.79,0.95,3.0,16.093,3.14159,Joachimstaler Straße,1.7968109156014205,4441.722183047775,pc4,Residential,False,False,7.836173604138867,50,10,0.06
1624458427.5094917,2021-06-23T14:27:07.509491Z,52.50443,13.3359,4,2,S2,1624458427.5094917,23.68368,-61.337304,-33.690468,0.0019373204599999,44.0,830.0,8.0,0.46765686,12,50,2021-06-23 16:27:07,52.50443,13.3359,27.6,0.0,276.4,0.0621,0.03,18.3,18.3,12.23,0.68,1019.3,2.79,0.95,3.0,16.093,3.14159,Joachimstaler Straße,1.7968109156014205,4441.722183047775,pc4,Residential,2021-06-23 16:27:07,52.504405,13.336008333333334,37.8,0.0,280.6,0.0621,0.03,18.3,18.3,12.23,0.68,1019.3,2.79,0.95,3.0,16.093,2.94584,Joachimstaler Straße,3.1337236655777483,4433.315118465924,pc2,Residential,False,False,7.836173604138867,50,10,0.0
1624458428.509487,2021-06-23T14:27:08.509486Z,52.50443,13.3359,4,2,S2,1624458428.509487,23.411384,-61.858828,-34.21446,0.00210384416,44.0,930.0,8.0,0.48804526,12,50,2021-06-23 16:27:08,52.50443,13.3359,27.6,0.0,276.4,0.0621,0.03,18.3,18.3,12.23,0.68,1019.3,2.79,0.95,3.0,16.093,3.14159,Joachimstaler Straße,1.7968109156014205,4441.722183047775,pc4,Residential,2021-06-23 16:27:08,52.504405,13.336008333333334,37.8,0.0,280.6,0.0621,0.03,18.3,18.3,12.23,0.68,1019.3,2.79,0.95,3.0,16.093,2.94584,Joachimstaler Straße,3.1337236655777483,4433.315118465924,pc2,Residential,False,False,7.836173604138867,50,10,0.0
1624458428.834553,2021-06-23T14:27:08.834553Z,52.504405,13.336008333333334,2,4,S2,1624458428.834553,2.8660098823529414,-59.80975882352941,-32.10954117647059,0.200562094117647,41.0,963.0,3.0,0.6183593529411765,12,17,2021-06-23 16:27:08,52.504405,13.336008333333334,37.8,0.0,280.6,0.0621,0.03,18.3,18.3,12.23,0.68,1019.3,2.79,0.95,3.0,16.093,2.94584,Joachimstaler Straße,3.1337236655777483,4433.315118465924,pc2,Residential,2021-06-23 16:27:08,52.50443,13.3359,27.6,0.0,276.4,0.0621,0.03,18.3,18.3,12.23,0.68,1019.3,2.79,0.95,3.0,16.093,3.14159,Joachimstaler Straße,1.7968109156014205,4441.722183047775,pc4,Residential,False,False,7.836173604138867,50,10,0.66
1624458429.508031,2021-06-23T14:27:09.508030Z,52.50443,13.3359,4,2,S2,1624458429.508031,23.938244897959184,-60.53317142857143,-32.82011428571428,0.0022847530612244,44.0,465.6530612244898,7.551020408163265,0.5294851224489796,12,49,2021-06-23 16:27:09,52.50443,13.3359,27.6,0.0,276.4,0.0621,0.03,18.3,18.3,12.23,0.68,1019.3,2.79,0.95,3.0,16.093,3.14159,Joachimstaler Straße,1.7968109156014205,4441.722183047775,pc4,Residential,2021-06-23 16:27:09,52.504405,13.336008333333334,37.8,0.0,280.6,0.0621,0.03,18.3,18.3,12.23,0.68,1019.3,2.79,0.95,3.0,16.093,2.94584,Joachimstaler Straße,3.1337236655777483,4433.315118465924,pc2,Residential,False,False,7.836173604138867,50,10,0.02
1624458429.5987797,2021-06-23T14:27:09.598779Z,52.504405,13.336008333333334,2,4,S2,1624458429.5987797,11.853227368421052,-63.81352105263157,-36.08398947368421,0.0200594952631578,41.0,285.07894736842104,1.1842105263157894,0.2516734736842105,12,38,2021-06-23 16:27:09,52.504405,13.336008333333334,37.8,0.0,280.6,0.0621,0.03,18.3,18.3,12.23,0.68,1019.3,2.79,0.95,3.0,16.093,2.94584,Joachimstaler Straße,3.1337236655777483,4433.315118465924,pc2,Residential,2021-06-23 16:27:09,52.50443,13.3359,27.6,0.0,276.4,0.0621,0.03,18.3,18.3,12.23,0.68,1019.3,2.79,0.95,3.0,16.093,3.14159,Joachimstaler Straße,1.7968109156014205,4441.722183047775,pc4,Residential,False,False,7.836173604138867,50,10,0.24
1624458430.5005322,2021-06-23T14:27:10.500532Z,52.50443,13.3359,4,2,S2,1624458430.5005322,23.287597959183675,-62.27610408163266,-34.54191836734694,0.0018267109183673,44.0,105.20408163265306,7.0,0.3879758775510204,12,49,2021-06-23 16:27:10,52.50443,13.3359,27.6,0.0,276.4,0.0621,0.03,18.3,18.3,12.23,0.68,1019.3,2.79,0.95,3.0,16.093,3.14159,Joachimstaler Straße,1.7968109156014205,4441.722183047775,pc4,Residential,2021-06-23 16:27:10,52.504405,13.336008333333334,37.8,0.0,280.6,0.0621,0.03,18.3,18.3,12.23,0.68,1019.3,2.79,0.95,3.0,16.093,2.94584,Joachimstaler Straße,3.1337236655777483,4433.315118465924,pc2,Residential,False,False,7.836173604138867,50,10,0.02
1624458430.508232,2021-06-23T14:27:10.508231Z,52.504405,13.336008333333334,2,4,S2,1624458430.508232,15.0249094,-65.813664,-38.047258,0.01006951868,41.0,106.44,2.32,0.174046956,12,50,2021-06-23 16:27:10,52.504405,13.336008333333334,37.8,0.0,280.6,0.0621,0.03,18.3,18.3,12.23,0.68,1019.3,2.79,0.95,3.0,16.093,2.94584,Joachimstaler Straße,3.1337236655777483,4433.315118465924,pc2,Residential,2021-06-23 16:27:10,52.50443,13.3359,27.6,0.0,276.4,0.0621,0.03,18.3,18.3,12.23,0.68,1019.3,2.79,0.95,3.0,16.093,3.14159,Joachimstaler Straße,1.7968109156014205,4441.722183047775,pc4,Residential,False,False,7.836173604138867,50,10,0.0
1624458431.5084934,2021-06-23T14:27:11.508493Z,52.50443,13.3359,4,2,S2,1624458431.5084934,24.644606,-59.929376000000005,-32.253514,0.0021657008,44.0,206.0,7.0,0.61791464,12,50,2021-06-23 16:27:11,52.50443,13.3359,27.6,0.0,276.4,0.0621,0.03,18.3,18.3,12.23,0.68,1019.3,2.79,0.95,3.0,16.093,3.14159,Joachimstaler Straße,1.7968109156014205,4441.722183047775,pc4,Residential,2021-06-23 16:27:11,52.504405,13.336008333333334,37.8,0.0,280.6,0.0621,0.03,18.3,18.3,12.23,0.68,1019.3,2.79,0.95,3.0,16.093,2.94584,Joachimstaler Straße,3.1337236655777483,4433.315118465924,pc2,Residential,False,False,7.836173604138867,50,10,0.0
1624458431.511715,2021-06-23T14:27:11.511714Z,52.504405,13.336008333333334,2,4,S2,1624458431.511715,10.877089387755102,-63.38956326530612,-35.68377755102041,0.0207506034693877,41.0,206.9183673469388,1.0,0.2769715306122449,12,49,2021-06-23 16:27:11,52.504405,13.336008333333334,37.8,0.0,280.6,0.0621,0.03,18.3,18.3,12.23,0.68,1019.3,2.79,0.95,3.0,16.093,2.94584,Joachimstaler Straße,3.1337236655777483,4433.315118465924,pc2,Residential,2021-06-23 16:27:11,52.50443,13.3359,27.6,0.0,276.4,0.0621,0.03,18.3,18.3,12.23,0.68,1019.3,2.79,0.95,3.0,16.093,3.14159,Joachimstaler Straße,1.7968109156014205,4441.722183047775,pc4,Residential,False,False,7.836173604138867,50,10,0.02
1624458432.4950094,2021-06-23T14:27:12.495009Z,52.50443,13.3359,4,2,S2,1624458432.4950094,17.78640765957447,-59.6894829787234,-31.98266382978723,0.0392272459574468,44.0,304.97872340425533,3.723404255319149,0.648724,12,47,2021-06-23 16:27:12,52.50443,13.3359,27.6,0.0,276.4,0.0621,0.03,18.3,18.3,12.23,0.68,1019.3,2.79,0.95,3.0,16.093,3.14159,Joachimstaler Straße,1.7968109156014205,4441.722183047775,pc4,Residential,2021-06-23 16:27:12,52.504405,13.336008333333334,37.8,0.0,280.6,0.0621,0.03,18.3,18.3,12.23,0.68,1019.3,2.79,0.95,3.0,16.093,2.94584,Joachimstaler Straße,3.1337236655777483,4433.315118465924,pc2,Residential,False,False,7.836173604138867,50,10,0.06
1624458432.5100884,2021-06-23T14:27:12.510088Z,52.504405,13.336008333333334,2,4,S2,1624458432.5100884,16.792593673469387,-63.86134897959183,-36.1379306122449,0.0103970530612244,41.0,306.7551020408163,1.0,0.248718775510204,12,49,2021-06-23 16:27:12,52.504405,13.336008333333334,37.8,0.0,280.6,0.0621,0.03,18.3,18.3,12.23,0.68,1019.3,2.79,0.95,3.0,16.093,2.94584,Joachimstaler Straße,3.1337236655777483,4433.315118465924,pc2,Residential,2021-06-23 16:27:12,52.50443,13.3359,27.6,0.0,276.4,0.0621,0.03,18.3,18.3,12.23,0.68,1019.3,2.79,0.95,3.0,16.093,3.14159,Joachimstaler Straße,1.7968109156014205,4441.722183047775,pc4,Residential,False,False,7.836173604138867,50,10,0.02
1624458433.4956632,2021-06-23T14:27:13.495663Z,52.50443,13.3359,4,2,S2,1624458433.4956632,18.47105510204081,-60.879661224489794,-33.15486734693878,0.0100479069387755,44.0,404.8163265306122,6.0,0.4965375918367347,12,49,2021-06-23 16:27:13,52.50443,13.3359,27.6,0.0,276.4,0.0621,0.03,18.3,18.3,12.23,0.68,1019.3,2.79,0.95,3.0,16.093,3.14159,Joachimstaler Straße,1.7968109156014205,4441.722183047775,pc4,Residential,2021-06-23 16:27:13,52.504405,13.336008333333334,37.8,0.0,280.6,0.0621,0.03,18.3,18.3,12.23,0.68,1019.3,2.79,0.95,3.0,16.093,2.94584,Joachimstaler Straße,3.1337236655777483,4433.315118465924,pc2,Residential,False,False,7.836173604138867,50,10,0.02
1624458433.4991407,2021-06-23T14:27:13.499140Z,52.504405,13.336008333333334,2,4,S2,1624458433.4991407,20.949285714285715,-64.83737959183674,-37.13581020408164,0.0014542006734693,41.0,405.55102040816325,2.1020408163265305,0.1998440448979592,12,49,2021-06-23 16:27:13,52.504405,13.336008333333334,37.8,0.0,280.6,0.0621,0.03,18.3,18.3,12.23,0.68,1019.3,2.79,0.95,3.0,16.093,2.94584,Joachimstaler Straße,3.1337236655777483,4433.315118465924,pc2,Residential,2021-06-23 16:27:13,52.50443,13.3359,27.6,0.0,276.4,0.0621,0.03,18.3,18.3,12.23,0.68,1019.3,2.79,0.95,3.0,16.093,3.14159,Joachimstaler Straße,1.7968109156014205,4441.722183047775,pc4,Residential,False,False,7.836173604138867,50,10,0.02
1624458434.5015862,2021-06-23T14:27:14.501586Z,52.50443,13.3359,4,2,S2,1624458434.5015862,23.406932,-59.911116,-32.220228,0.0030050413999999,44.0,505.68,3.28,0.61394998,12,50,2021-06-23 16:27:14,52.50443,13.3359,27.6,0.0,276.4,0.0621,0.03,18.3,18.3,12.23,0.68,1019.3,2.79,0.95,3.0,16.093,3.14159,Joachimstaler Straße,1.7968109156014205,4441.722183047775,pc4,Residential,2021-06-23 16:27:14,52.504405,13.33601,37.8,0.0,280.6,0.0621,0.03,18.3,18.3,12.23,0.68,1019.3,2.79,0.95,3.0,16.093,2.94584,Joachimstaler Straße,3.112333054686921,4433.315118465924,pc2,Residential,False,False,7.941676498547282,50,10,0.0
1624458434.5027466,2021-06-23T14:27:14.502746Z,52.504405,13.33601,2,4,S2,1624458434.5027466,21.664178431372548,-63.65924901960785,-35.97300980392157,0.0016115956862745,41.0,505.7647058823529,3.588235294117647,0.2598411764705882,12,51,2021-06-23 16:27:14,52.504405,13.33601,37.8,0.0,280.6,0.0621,0.03,18.3,18.3,12.23,0.68,1019.3,2.79,0.95,3.0,16.093,2.94584,Joachimstaler Straße,3.112333054686921,4433.315118465924,pc2,Residential,2021-06-23 16:27:14,52.50443,13.3359,27.6,0.0,276.4,0.0621,0.03,18.3,18.3,12.23,0.68,1019.3,2.79,0.95,3.0,16.093,3.14159,Joachimstaler Straße,1.7968109156014205,4441.722183047775,pc4,Residential,False,False,7.941676498547282,50,10,-0.02
1624458435.4995162,2021-06-23T14:27:15.499516Z,52.504405,13.33601,2,4,S2,1624458435.4995162,21.508064,-63.601748,-35.909716,0.0017114772,41.0,605.0,8.0,0.26368302,12,50,2021-06-23 16:27:15,52.504405,13.33601,37.8,0.0,280.6,0.0621,0.03,18.3,18.3,12.23,0.68,1019.3,2.79,0.95,3.0,16.093,2.94584,Joachimstaler Straße,3.112333054686921,4433.315118465924,pc2,Residential,2021-06-23 16:27:15,52.50443,13.3359,27.6,0.0,276.4,0.0621,0.03,18.3,18.3,12.23,0.68,1019.3,2.79,0.95,3.0,16.093,3.14159,Joachimstaler Straße,1.7968109156014205,4441.722183047775,pc4,Residential,False,False,7.941676498547282,50,10,0.0
1624458435.500324,2021-06-23T14:27:15.500324Z,52.50443,13.3359,4,2,S2,1624458435.500324,24.48719791666667,-59.74272083333333,-32.07017291666667,0.0023808522916666,44.0,605.5,3.8333333333333335,0.6400552708333334,12,48,2021-06-23 16:27:15,52.50443,13.3359,27.6,0.0,276.4,0.0621,0.03,18.3,18.3,12.23,0.68,1019.3,2.79,0.95,3.0,16.093,3.14159,Joachimstaler Straße,1.7968109156014205,4441.722183047775,pc4,Residential,2021-06-23 16:27:15,52.504405,13.33601,37.8,0.0,280.6,0.0621,0.03,18.3,18.3,12.23,0.68,1019.3,2.79,0.95,3.0,16.093,2.94584,Joachimstaler Straße,3.112333054686921,4433.315118465924,pc2,Residential,False,False,7.941676498547282,50,10,0.04
1624458436.495473,2021-06-23T14:27:16.495472Z,52.50443,13.3359,4,2,S2,1624458436.495473,21.745118,-64.574352,-36.894228,0.00144736396,44.0,705.0,4.0,0.292259742,12,50,2021-06-23 16:27:16,52.50443,13.3359,27.6,0.0,276.4,0.0621,0.03,18.3,18.3,12.23,0.68,1019.3,2.79,0.95,3.0,16.093,3.14159,Joachimstaler Straße,1.7968109156014205,4441.722183047775,pc4,Residential,2021-06-23 16:27:16,52.504405,13.33601,37.8,0.0,280.6,0.0621,0.03,18.3,18.3,12.23,0.68,1019.3,2.79,0.95,3.0,16.093,2.94584,Joachimstaler Straße,3.112333054686921,4433.315118465924,pc2,Residential,False,False,7.941676498547282,50,10,0.0
1624458436.509121,2021-06-23T14:27:16.509120Z,52.504405,13.33601,2,4,S2,1624458436.509121,17.529655102040817,-68.51482040816326,-40.802891836734695,0.0013667480612244,41.0,706.265306122449,4.938775510204081,0.1148037673469387,12,49,2021-06-23 16:27:16,52.504405,13.33601,37.8,0.0,280.6,0.0621,0.03,18.3,18.3,12.23,0.68,1019.3,2.79,0.95,3.0,16.093,2.94584,Joachimstaler Straße,3.112333054686921,4433.315118465924,pc2,Residential,2021-06-23 16:27:16,52.50443,13.3359,27.6,0.0,276.4,0.0621,0.03,18.3,18.3,12.23,0.68,1019.3,2.79,0.95,3.0,16.093,3.14159,Joachimstaler Straße,1.7968109156014205,4441.722183047775,pc4,Residential,False,False,7.941676498547282,50,10,0.02
1624458437.505552,2021-06-23T14:27:17.505552Z,52.50443,13.3359,4,2,S2,1624458437.505552,21.187430612244896,-66.1694918367347,-38.39730204081633,0.0010690358571428,44.0,805.6122448979592,7.938775510204081,0.1510998224489796,12,49,2021-06-23 16:27:17,52.50443,13.3359,27.6,0.0,276.4,0.0621,0.03,18.3,18.3,12.23,0.68,1019.3,2.79,0.95,3.0,16.093,3.14159,Joachimstaler Straße,1.7968109156014205,4441.722183047775,pc4,Residential,2021-06-23 16:27:17,52.504405,13.33601,37.8,0.0,280.6,0.0621,0.03,18.3,18.3,12.23,0.68,1019.3,2.79,0.95,3.0,16.093,2.94584,Joachimstaler Straße,3.112333054686921,4433.315118465924,pc2,Residential,False,False,7.941676498547282,50,10,0.02
1624458437.519832,2021-06-23T14:27:17.519832Z,52.504405,13.33601,2,4,S2,1624458437.519832,18.36439478260869,-69.78248043478261,-41.97348478260869,0.0010164619999999,41.0,807.5217391304348,3.0434782608695654,0.0649770260869565,12,46,2021-06-23 16:27:17,52.504405,13.33601,37.8,0.0,280.6,0.0621,0.03,18.3,18.3,12.23,0.68,1019.3,2.79,0.95,3.0,16.093,2.94584,Joachimstaler Straße,3.112333054686921,4433.315118465924,pc2,Residential,2021-06-23 16:27:17,52.50443,13.3359,27.6,0.0,276.4,0.0621,0.03,18.3,18.3,12.23,0.68,1019.3,2.79,0.95,3.0,16.093,3.14159,Joachimstaler Straße,1.7968109156014205,4441.722183047775,pc4,Residential,False,False,7.941676498547282,50,10,0.08
1624458438.4867363,2021-06-23T14:27:18.486736Z,52.50443,13.3359,4,2,S2,1624458438.4867363,19.76219375,-67.82943333333334,-40.14633125,0.0010057524375,44.0,904.0416666666666,4.833333333333333,0.1050764,12,48,2021-06-23 16:27:18,52.50443,13.3359,27.6,0.0,276.4,0.0621,0.03,18.3,18.3,12.23,0.68,1019.3,2.79,0.95,3.0,16.093,3.14159,Joachimstaler Straße,1.7968109156014205,4441.722183047775,pc4,Residential,2021-06-23 16:27:18,52.504405,13.33601,37.8,0.0,280.6,0.0621,0.03,18.3,18.3,12.23,0.68,1019.3,2.79,0.95,3.0,16.093,2.94584,Joachimstaler Straße,3.112333054686921,4433.315118465924,pc2,Residential,False,False,7.941676498547282,50,10,0.04
1624458438.4903512,2021-06-23T14:27:18.490351Z,52.504405,13.33601,2,4,S2,1624458438.4903512,16.714843265306122,-71.92965918367346,-44.224630612244894,0.0012320183469387,41.0,904.4285714285714,4.551020408163265,0.0415216999999999,12,49,2021-06-23 16:27:18,52.504405,13.33601,37.8,0.0,280.6,0.0621,0.03,18.3,18.3,12.23,0.68,1019.3,2.79,0.95,3.0,16.093,2.94584,Joachimstaler Straße,3.112333054686921,4433.315118465924,pc2,Residential,2021-06-23 16:27:18,52.50443,13.3359,27.6,0.0,276.4,0.0621,0.03,18.3,18.3,12.23,0.68,1019.3,2.79,0.95,3.0,16.093,3.14159,Joachimstaler Straße,1.7968109156014205,4441.722183047775,pc4,Residential,False,False,7.941676498547282,50,10,0.02
1624458439.4988885,2021-06-23T14:27:19.498888Z,52.50443,13.3359,4,2,S2,1624458439.4988885,18.855666,-69.014296,-41.395326,0.00093815578,44.0,657.48,1.0,0.080207214,12,50,2021-06-23 16:27:19,52.50443,13.3359,27.6,0.0,276.4,0.0621,0.03,18.3,18.3,12.23,0.68,1019.3,2.79,0.95,3.0,16.093,3.14159,Joachimstaler Straße,1.7968109156014205,4441.722183047775,pc4,Residential,2021-06-23 16:27:19,52.504405,13.33601,37.8,0.0,280.6,0.0621,0.03,18.3,18.3,12.23,0.68,1019.3,2.79,0.95,3.0,16.093,2.94584,Joachimstaler Straße,3.112333054686921,4433.315118465924,pc2,Residential,False,False,7.941676498547282,50,10,0.0
1624458439.5059886,2021-06-23T14:27:19.505988Z,52.504405,13.33601,2,4,S2,1624458439.5059886,16.33426530612245,-73.26274285714285,-45.59773877551021,0.0007711402653061,41.0,671.469387755102,6.1020408163265305,0.0307545959183673,12,49,2021-06-23 16:27:19,52.504405,13.33601,37.8,0.0,280.6,0.0621,0.03,18.3,18.3,12.23,0.68,1019.3,2.79,0.95,3.0,16.093,2.94584,Joachimstaler Straße,3.112333054686921,4433.315118465924,pc2,Residential,2021-06-23 16:27:19,52.50443,13.3359,27.6,0.0,276.4,0.0621,0.03,18.3,18.3,12.23,0.68,1019.3,2.79,0.95,3.0,16.093,3.14159,Joachimstaler Straße,1.7968109156014205,4441.722183047775,pc4,Residential,False,False,7.941676498547282,50,10,0.02
1624458440.4933512,2021-06-23T14:27:20.493351Z,52.504405,13.33601,2,4,S2,1624458440.4933512,16.604114285714285,-68.21584693877551,-40.48018163265306,0.0039689923265306,41.0,80.81632653061224,3.653061224489796,0.095470487755102,12,49,2021-06-23 16:27:20,52.504405,13.33601,37.8,0.0,280.6,0.0621,0.03,18.3,18.3,12.23,0.68,1019.3,2.79,0.95,3.0,16.093,2.94584,Joachimstaler Straße,3.112333054686921,4433.315118465924,pc2,Residential,2021-06-23 16:27:20,52.50443,13.3359,27.6,0.0,276.4,0.0621,0.03,18.3,18.3,12.23,0.68,1019.3,2.79,0.95,3.0,16.093,3.14159,Joachimstaler Straße,1.7968109156014205,4441.722183047775,pc4,Residential,False,False,7.941676498547282,50,10,0.02
1624458440.5009243,2021-06-23T14:27:20.500924Z,52.50443,13.3359,4,2,S2,1624458440.5009243,22.251236,-64.22088,-36.488102,0.00140011154,44.0,81.48,4.64,0.23341512,12,50,2021-06-23 16:27:20,52.50443,13.3359,27.6,0.0,276.4,0.0621,0.03,18.3,18.3,12.23,0.68,1019.3,2.79,0.95,3.0,16.093,3.14159,Joachimstaler Straße,1.7968109156014205,4441.722183047775,pc4,Residential,2021-06-23 16:27:20,52.504405,13.33601,37.8,0.0,280.6,0.0621,0.03,18.3,18.3,12.23,0.68,1019.3,2.79,0.95,3.0,16.093,2.94584,Joachimstaler Straße,3.112333054686921,4433.315118465924,pc2,Residential,False,False,7.941676498547282,50,10,0.0
1624458441.496789,2021-06-23T14:27:21.496788Z,52.504405,13.33601,2,4,S2,1624458441.496789,12.1525962,-66.001642,-38.241334,0.01033336762,41.0,181.16,3.64,0.152206736,12,50,2021-06-23 16:27:21,52.504405,13.33601,37.8,0.0,280.6,0.0621,0.03,18.3,18.3,12.23,0.68,1019.3,2.79,0.95,3.0,16.093,2.94584,Joachimstaler Straße,3.112333054686921,4433.315118465924,pc2,Residential,2021-06-23 16:27:21,52.50443,13.3359,27.6,0.0,276.4,0.0621,0.03,18.3,18.3,12.23,0.68,1019.3,2.79,0.95,3.0,16.093,3.14159,Joachimstaler Straße,1.7968109156014205,4441.722183047775,pc4,Residential,False,False,7.941676498547282,50,10,0.0
1624458441.4995031,2021-06-23T14:27:21.499503Z,52.50443,13.3359,4,2,S2,1624458441.4995031,23.152092000000003,-62.600372,-34.824348,0.00163857308,44.0,181.0,8.0,0.33884928,12,50,2021-06-23 16:27:21,52.50443,13.3359,27.6,0.0,276.4,0.0621,0.03,18.3,18.3,12.23,0.68,1019.3,2.79,0.95,3.0,16.093,3.14159,Joachimstaler Straße,1.7968109156014205,4441.722183047775,pc4,Residential,2021-06-23 16:27:21,52.504405,13.33601,37.8,0.0,280.6,0.0621,0.03,18.3,18.3,12.23,0.68,1019.3,2.79,0.95,3.0,16.093,2.94584,Joachimstaler Straße,3.112333054686921,4433.315118465924,pc2,Residential,False,False,7.941676498547282,50,10,0.0
1624458442.4908414,2021-06-23T14:27:22.490841Z,52.504405,13.33601,2,4,S2,1624458442.4908414,16.17293693877551,-67.61004489795918,-39.89330408163265,0.0032574306734693,41.0,280.6938775510204,2.3877551020408165,0.1071238959183673,12,49,2021-06-23 16:27:22,52.504405,13.33601,37.8,0.0,280.6,0.0621,0.03,18.3,18.3,12.23,0.68,1019.3,2.79,0.95,3.0,16.093,2.94584,Joachimstaler Straße,3.112333054686921,4433.315118465924,pc2,Residential,2021-06-23 16:27:22,52.50443,13.3359,27.6,0.0,276.4,0.0621,0.03,18.3,18.3,12.23,0.68,1019.3,2.79,0.95,3.0,16.093,3.14159,Joachimstaler Straße,1.7968109156014205,4441.722183047775,pc4,Residential,False,False,7.941676498547282,50,10,0.02
1624458442.4995043,2021-06-23T14:27:22.499504Z,52.50443,13.3359,4,2,S2,1624458442.4995043,22.262562,-63.937936,-36.21222,0.00145678538,44.0,281.0,8.0,0.24869602,12,50,2021-06-23 16:27:22,52.50443,13.3359,27.6,0.0,276.4,0.0621,0.03,18.3,18.3,12.23,0.68,1019.3,2.79,0.95,3.0,16.093,3.14159,Joachimstaler Straße,1.7968109156014205,4441.722183047775,pc4,Residential,2021-06-23 16:27:22,52.504405,13.33601,37.8,0.0,280.6,0.0621,0.03,18.3,18.3,12.23,0.68,1019.3,2.79,0.95,3.0,16.093,2.94584,Joachimstaler Straße,3.112333054686921,4433.315118465924,pc2,Residential,False,False,7.941676498547282,50,10,0.0
1624458443.3780117,2021-06-23T14:27:23.378011Z,52.50443,13.3359,4,2,S2,1624458443.3780117,17.852856818181817,-64.70599696969697,-36.99325454545454,0.0160912367272727,44.0,368.969696969697,6.787878787878788,0.211355,12,33,2021-06-23 16:27:23,52.50443,13.3359,27.6,0.0,276.4,0.0621,0.03,18.3,18.3,12.23,0.68,1019.3,2.79,0.95,3.0,16.093,3.14159,Joachimstaler Straße,1.7968109156014205,4441.722183047775,pc4,Residential,2021-06-23 16:27:23,52.504405,13.33601,37.8,0.0,280.6,0.0621,0.03,18.3,18.3,12.23,0.68,1019.3,2.79,0.95,3.0,16.093,2.94584,Joachimstaler Straße,3.112333054686921,4433.315118465924,pc2,Residential,False,False,7.941676498547282,50,10,0.34
1624458443.4905334,2021-06-23T14:27:23.490533Z,52.504405,13.33601,2,4,S2,1624458443.4905334,19.510864,-68.926496,-41.223858,0.00078274354,41.0,380.0,9.0,0.080663866,12,50,2021-06-23 16:27:23,52.504405,13.33601,37.8,0.0,280.6,0.0621,0.03,18.3,18.3,12.23,0.68,1019.3,2.79,0.95,3.0,16.093,2.94584,Joachimstaler Straße,3.112333054686921,4433.315118465924,pc2,Residential,2021-06-23 16:27:23,52.50443,13.3359,27.6,0.0,276.4,0.0621,0.03,18.3,18.3,12.23,0.68,1019.3,2.79,0.95,3.0,16.093,3.14159,Joachimstaler Straße,1.7968109156014205,4441.722183047775,pc4,Residential,False,False,7.941676498547282,50,10,0.0
1624458444.4942803,2021-06-23T14:27:24.494280Z,52.504405,13.33601,2,4,S2,1624458444.4942803,19.487172,-68.764708,-40.988406000000005,0.00086568066,41.0,480.48,7.94,0.11027164,12,50,2021-06-23 16:27:24,52.504405,13.33601,37.8,0.0,280.6,0.0621,0.03,18.3,18.3,12.23,0.68,1019.3,2.79,0.95,3.0,16.093,2.94584,Joachimstaler Straße,3.112333054686921,4433.315118465924,pc2,Residential,2021-06-23 16:27:24,52.50443,13.3359,27.6,0.0,276.4,0.0621,0.03,18.3,18.3,12.23,0.68,1019.3,2.79,0.95,3.0,16.093,3.14159,Joachimstaler Straße,1.7968109156014205,4441.722183047775,pc4,Residential,False,False,7.941676498547282,50,10,0.0
1624458444.5559547,2021-06-23T14:27:24.555954Z,52.50443,13.3359,4,2,S2,1624458444.5559547,12.651104117647058,-62.15531764705882,-34.3868,0.0256980697058823,44.0,487.0,4.411764705882353,0.3953549117647059,12,34,2021-06-23 16:27:24,52.50443,13.3359,27.6,0.0,276.4,0.0621,0.03,18.3,18.3,12.23,0.68,1019.3,2.79,0.95,3.0,16.093,3.14159,Joachimstaler Straße,1.7968109156014205,4441.722183047775,pc4,Residential,2021-06-23 16:27:24,52.504405,13.33601,37.8,0.0,280.6,0.0621,0.03,18.3,18.3,12.23,0.68,1019.3,2.79,0.95,3.0,16.093,2.94584,Joachimstaler Straße,3.112333054686921,4433.315118465924,pc2,Residential,False,False,7.941676498547282,50,10,0.32
1624458445.4970093,2021-06-23T14:27:25.497009Z,52.50443,13.3359,4,2,S2,1624458445.4970093,15.838883469387754,-61.35692653061224,-33.60995714285714,0.0439960720612244,44.0,580.9387755102041,6.081632653061225,0.5909207387755102,12,49,2021-06-23 16:27:25,52.50443,13.3359,27.6,0.0,276.4,0.0621,0.03,18.3,18.3,12.23,0.68,1019.3,2.79,0.95,3.0,16.093,3.14159,Joachimstaler Straße,1.7968109156014205,4441.722183047775,pc4,Residential,2021-06-23 16:27:25,52.504405,13.33601,37.8,0.0,280.6,0.0621,0.03,18.3,18.3,12.23,0.68,1019.3,2.79,0.95,3.0,16.093,2.94584,Joachimstaler Straße,3.112333054686921,4433.315118465924,pc2,Residential,False,False,7.941676498547282,50,10,0.02
1624458445.504534,2021-06-23T14:27:25.504534Z,52.504405,13.33601,2,4,S2,1624458445.504534,20.535304,-65.70766400000001,-37.920914,0.00146133198,41.0,582.0,3.0,0.216064286,12,50,2021-06-23 16:27:25,52.504405,13.33601,37.8,0.0,280.6,0.0621,0.03,18.3,18.3,12.23,0.68,1019.3,2.79,0.95,3.0,16.093,2.94584,Joachimstaler Straße,3.112333054686921,4433.315118465924,pc2,Residential,2021-06-23 16:27:25,52.50443,13.3359,27.6,0.0,276.4,0.0621,0.03,18.3,18.3,12.23,0.68,1019.3,2.79,0.95,3.0,16.093,3.14159,Joachimstaler Straße,1.7968109156014205,4441.722183047775,pc4,Residential,False,False,7.941676498547282,50,10,0.0
1624458446.4995344,2021-06-23T14:27:26.499534Z,52.50443,13.3359,4,2,S2,1624458446.4995344,22.1304012,-61.88901,-34.149036,0.00773835504,44.0,681.0,8.0,0.580965776,12,50,2021-06-23 16:27:26,52.50443,13.3359,27.6,0.0,276.4,0.0621,0.03,18.3,18.3,12.23,0.68,1019.3,2.79,0.95,3.0,16.093,3.14159,Joachimstaler Straße,1.7968109156014205,4441.722183047775,pc4,Residential,2021-06-23 16:27:26,52.504405,13.33601,37.8,0.0,280.6,0.0621,0.03,18.3,18.3,12.23,0.68,1019.3,2.79,0.95,3.0,16.093,2.94584,Joachimstaler Straße,3.112333054686921,4433.315118465924,pc2,Residential,False,False,7.941676498547282,50,10,0.0
1624458446.51003,2021-06-23T14:27:26.510030Z,52.504405,13.33601,2,4,S2,1624458446.51003,14.685035208333334,-65.7898125,-38.032741666666666,0.0084720036666666,41.0,682.2083333333334,6.416666666666667,0.232012925,12,48,2021-06-23 16:27:26,52.504405,13.33601,37.8,0.0,280.6,0.0621,0.03,18.3,18.3,12.23,0.68,1019.3,2.79,0.95,3.0,16.093,2.94584,Joachimstaler Straße,3.112333054686921,4433.315118465924,pc2,Residential,2021-06-23 16:27:26,52.50443,13.3359,27.6,0.0,276.4,0.0621,0.03,18.3,18.3,12.23,0.68,1019.3,2.79,0.95,3.0,16.093,3.14159,Joachimstaler Straße,1.7968109156014205,4441.722183047775,pc4,Residential,False,False,7.941676498547282,50,10,0.04
1624458447.4941633,2021-06-23T14:27:27.494163Z,52.504405,13.33601,2,4,S2,1624458447.4941633,19.685075510204083,-63.28050204081632,-35.53607755102041,0.0038546457142857,41.0,780.3061224489796,9.0,0.2939351836734694,12,49,2021-06-23 16:27:27,52.504405,13.33601,37.8,0.0,280.6,0.0621,0.03,18.3,18.3,12.23,0.68,1019.3,2.79,0.95,3.0,16.093,2.94584,Joachimstaler Straße,3.112333054686921,4433.315118465924,pc2,Residential,2021-06-23 16:27:27,52.50443,13.3359,27.6,0.0,276.4,0.0621,0.03,18.3,18.3,12.23,0.68,1019.3,2.79,0.95,3.0,16.093,3.14159,Joachimstaler Straße,1.7968109156014205,4441.722183047775,pc4,Residential,False,False,7.941676498547282,50,10,0.02
1624458447.511508,2021-06-23T14:27:27.511507Z,52.50443,13.3359,4,2,S2,1624458447.511508,24.36517083333333,-59.774335416666666,-32.05777916666667,0.0025681997916666,44.0,782.6458333333334,3.520833333333333,0.6585962083333333,12,48,2021-06-23 16:27:27,52.50443,13.3359,27.6,0.0,276.4,0.0621,0.03,18.3,18.3,12.23,0.68,1019.3,2.79,0.95,3.0,16.093,3.14159,Joachimstaler Straße,1.7968109156014205,4441.722183047775,pc4,Residential,2021-06-23 16:27:27,52.504405,13.33601,37.8,0.0,280.6,0.0621,0.03,18.3,18.3,12.23,0.68,1019.3,2.79,0.95,3.0,16.093,2.94584,Joachimstaler Straße,3.112333054686921,4433.315118465924,pc2,Residential,False,False,7.941676498547282,50,10,0.04
1624458448.4909678,2021-06-23T14:27:28.490967Z,52.50443,13.3359,4,2,S2,1624458448.4909678,17.252617021276595,-64.3860085106383,-36.73719361702128,0.008096542787234,44.0,880.6595744680851,2.872340425531915,0.2376800468085106,12,47,2021-06-23 16:27:28,52.50443,13.3359,27.6,0.0,276.4,0.0621,0.03,18.3,18.3,12.23,0.68,1019.3,2.79,0.95,3.0,16.093,3.14159,Joachimstaler Straße,1.7968109156014205,4441.722183047775,pc4,Residential,2021-06-23 16:27:28,52.504405,13.33601,37.8,0.0,280.6,0.0621,0.03,18.3,18.3,12.23,0.68,1019.3,2.79,0.95,3.0,16.093,2.94584,Joachimstaler Straße,3.112333054686921,4433.315118465924,pc2,Residential,False,False,7.941676498547282,50,10,0.06
1624458448.501321,2021-06-23T14:27:28.501321Z,52.504405,13.33601,2,4,S2,1624458448.501321,19.562492,-68.463426,-40.788474,0.00088676318,41.0,881.2,7.8,0.0951264959999999,12,50,2021-06-23 16:27:28,52.504405,13.33601,37.8,0.0,280.6,0.0621,0.03,18.3,18.3,12.23,0.68,1019.3,2.79,0.95,3.0,16.093,2.94584,Joachimstaler Straße,3.112333054686921,4433.315118465924,pc2,Residential,2021-06-23 16:27:28,52.50443,13.3359,27.6,0.0,276.4,0.0621,0.03,18.3,18.3,12.23,0.68,1019.3,2.79,0.95,3.0,16.093,3.14159,Joachimstaler Straße,1.7968109156014205,4441.722183047775,pc4,Residential,False,False,7.941676498547282,50,10,0.0
1624458449.5020454,2021-06-23T14:27:29.502045Z,52.504405,13.33601,2,4,S2,1624458449.5020454,20.85910612244898,-64.92593469387755,-37.15238367346939,0.0015411509795918,41.0,898.2857142857143,1.7346938775510203,0.2152544306122449,12,49,2021-06-23 16:27:29,52.504405,13.33601,37.8,0.0,280.6,0.0621,0.03,18.3,18.3,12.23,0.68,1019.3,2.79,0.95,3.0,16.093,2.94584,Joachimstaler Straße,3.112333054686921,4433.315118465924,pc2,Residential,2021-06-23 16:27:29,52.50443,13.3359,27.6,0.0,276.4,0.0621,0.03,18.3,18.3,12.23,0.68,1019.3,2.79,0.95,3.0,16.093,3.14159,Joachimstaler Straße,1.7968109156014205,4441.722183047775,pc4,Residential,False,False,7.941676498547282,50,10,0.02
1624458449.547681,2021-06-23T14:27:29.547681Z,52.50443,13.3359,4,2,S2,1624458449.547681,23.27328829787234,-60.66078085106383,-32.91238085106383,0.0029867985319148,44.0,877.468085106383,2.127659574468085,0.5562508297872341,12,47,2021-06-23 16:27:29,52.50443,13.3359,27.6,0.0,276.4,0.0621,0.03,18.3,18.3,12.23,0.68,1019.3,2.79,0.95,3.0,16.093,3.14159,Joachimstaler Straße,1.7968109156014205,4441.722183047775,pc4,Residential,2021-06-23 16:27:29,52.504405,13.33601,37.8,0.0,280.6,0.0621,0.03,18.3,18.3,12.23,0.68,1019.3,2.79,0.95,3.0,16.093,2.94584,Joachimstaler Straße,3.112333054686921,4433.315118465924,pc2,Residential,False,False,7.941676498547282,50,10,0.06
1624458450.4952044,2021-06-23T14:27:30.495204Z,52.504405,13.33601,2,4,S2,1624458450.4952044,21.0726636,-63.639728000000005,-35.887898,0.00344483722,41.0,56.96,4.08,0.2710474,12,50,2021-06-23 16:27:30,52.504405,13.33601,37.8,0.0,280.6,0.0621,0.03,18.3,18.3,12.23,0.68,1019.3,2.79,0.95,3.0,16.093,2.94584,Joachimstaler Straße,3.112333054686921,4433.315118465924,pc2,Residential,2021-06-23 16:27:30,52.50443,13.3359,27.6,0.0,276.4,0.0621,0.03,18.3,18.3,12.23,0.68,1019.3,2.79,0.95,3.0,16.093,3.14159,Joachimstaler Straße,1.7968109156014205,4441.722183047775,pc4,Residential,False,False,7.941676498547282,50,10,0.0
1624458450.5106435,2021-06-23T14:27:30.510643Z,52.50443,13.3359,4,2,S2,1624458450.5106435,24.780475510204084,-59.80627142857144,-32.06560204081633,0.0021415992040816,44.0,58.71428571428572,2.0,0.653064612244898,12,49,2021-06-23 16:27:30,52.50443,13.3359,27.6,0.0,276.4,0.0621,0.03,18.3,18.3,12.23,0.68,1019.3,2.79,0.95,3.0,16.093,3.14159,Joachimstaler Straße,1.7968109156014205,4441.722183047775,pc4,Residential,2021-06-23 16:27:30,52.504405,13.33601,37.8,0.0,280.6,0.0621,0.03,18.3,18.3,12.23,0.68,1019.3,2.79,0.95,3.0,16.093,2.94584,Joachimstaler Straße,3.112333054686921,4433.315118465924,pc2,Residential,False,False,7.941676498547282,50,10,0.02
1624458451.4906366,2021-06-23T14:27:31.490636Z,52.504405,13.33601,2,4,S2,1624458451.4906366,19.941486875,-65.73598333333334,-37.96117916666667,0.003276701875,41.0,156.33333333333334,5.75,0.1815820333333333,12,48,2021-06-23 16:27:31,52.504405,13.33601,37.8,0.0,280.6,0.0621,0.03,18.3,18.3,12.23,0.68,1019.3,2.79,0.95,3.0,16.093,2.94584,Joachimstaler Straße,3.112333054686921,4433.315118465924,pc2,Residential,2021-06-23 16:27:31,52.50443,13.3359,27.6,0.0,276.4,0.0621,0.03,18.3,18.3,12.23,0.68,1019.3,2.79,0.95,3.0,16.093,3.14159,Joachimstaler Straße,1.7968109156014205,4441.722183047775,pc4,Residential,False,False,7.941676498547282,50,10,0.04
1624458451.510233,2021-06-23T14:27:31.510232Z,52.50443,13.3359,4,2,S2,1624458451.510233,23.07244693877551,-62.20737551020408,-34.43571632653061,0.0020254842857142,44.0,158.6734693877551,2.0,0.4087197142857143,12,49,2021-06-23 16:27:31,52.50443,13.3359,27.6,0.0,276.4,0.0621,0.03,18.3,18.3,12.23,0.68,1019.3,2.79,0.95,3.0,16.093,3.14159,Joachimstaler Straße,1.7968109156014205,4441.722183047775,pc4,Residential,2021-06-23 16:27:31,52.504405,13.33601,37.8,0.0,280.6,0.0621,0.03,18.3,18.3,12.23,0.68,1019.3,2.79,0.95,3.0,16.093,2.94584,Joachimstaler Straße,3.112333054686921,4433.315118465924,pc2,Residential,False,False,7.941676498547282,50,10,0.02
1624458452.4926393,2021-06-23T14:27:32.492639Z,52.504405,13.33601,2,4,S2,1624458452.4926393,21.42695918367347,-63.8515918367347,-36.06075102040816,0.0017061475918367,41.0,256.40816326530614,6.857142857142857,0.2741351265306122,12,49,2021-06-23 16:27:32,52.504405,13.33601,37.8,0.0,280.6,0.0621,0.03,18.3,18.3,12.23,0.68,1019.3,2.79,0.95,3.0,16.093,2.94584,Joachimstaler Straße,3.112333054686921,4433.315118465924,pc2,Residential,2021-06-23 16:27:32,52.50443,13.3359,27.6,0.0,276.4,0.0621,0.03,18.3,18.3,12.23,0.68,1019.3,2.79,0.95,3.0,16.093,3.14159,Joachimstaler Straße,1.7968109156014205,4441.722183047775,pc4,Residential,False,False,7.941676498547282,50,10,0.02
1624458452.508125,2021-06-23T14:27:32.508125Z,52.50443,13.3359,4,2,S2,1624458452.508125,24.04913617021277,-59.82151489361702,-32.04692765957447,0.002677132574468,44.0,258.531914893617,1.319148936170213,0.6880533191489362,12,47,2021-06-23 16:27:32,52.50443,13.3359,27.6,0.0,276.4,0.0621,0.03,18.3,18.3,12.23,0.68,1019.3,2.79,0.95,3.0,16.093,3.14159,Joachimstaler Straße,1.7968109156014205,4441.722183047775,pc4,Residential,2021-06-23 16:27:32,52.504405,13.33601,37.8,0.0,280.6,0.0621,0.03,18.3,18.3,12.23,0.68,1019.3,2.79,0.95,3.0,16.093,2.94584,Joachimstaler Straße,3.112333054686921,4433.315118465924,pc2,Residential,False,False,7.941676498547282,50,10,0.06
1624458453.5005424,2021-06-23T14:27:33.500542Z,52.504405,13.33601,2,4,S2,1624458453.5005424,20.305392,-66.272738,-38.486608,0.0013546047,41.0,357.0,9.0,0.191683848,12,50,2021-06-23 16:27:33,52.504405,13.33601,37.8,0.0,280.6,0.0621,0.03,18.3,18.3,12.23,0.68,1019.3,2.79,0.95,3.0,16.093,2.94584,Joachimstaler Straße,3.112333054686921,4433.315118465924,pc2,Residential,2021-06-23 16:27:33,52.50443,13.3359,27.6,3.3336,276.1,0.0621,0.03,18.3,18.3,12.23,0.68,1019.3,2.79,0.95,3.0,16.093,3.14159,Joachimstaler Straße,1.7968109156014205,4441.722183047775,pc4,Residential,False,False,7.941676498547282,50,10,0.0
1624458453.501562,2021-06-23T14:27:33.501562Z,52.50443,13.3359,4,2,S2,1624458453.501562,22.79894705882353,-62.24652549019608,-34.473480392156866,0.0022056015490196,44.0,357.6862745098039,3.196078431372549,0.4482665823529411,12,51,2021-06-23 16:27:33,52.50443,13.3359,27.6,3.3336,276.1,0.0621,0.03,18.3,18.3,12.23,0.68,1019.3,2.79,0.95,3.0,16.093,3.14159,Joachimstaler Straße,1.7968109156014205,4441.722183047775,pc4,Residential,2021-06-23 16:27:33,52.504405,13.33601,37.8,0.0,280.6,0.0621,0.03,18.3,18.3,12.23,0.68,1019.3,2.79,0.95,3.0,16.093,2.94584,Joachimstaler Straße,3.112333054686921,4433.315118465924,pc2,Residential,False,False,7.941676498547282,50,10,-0.02
1624458454.350906,2021-06-23T14:27:34.350906Z,52.504405,13.33601,2,4,S2,1624458454.350906,17.728608285714287,-70.39943428571428,-42.64528857142857,0.0009090899714285,41.0,442.0571428571429,8.8,0.0735573791428571,12,35,2021-06-23 16:27:34,52.504405,13.33601,37.8,0.7408000000000001,280.6,0.0621,0.03,18.3,18.3,12.23,0.68,1019.3,2.79,0.95,3.0,16.093,2.94584,Joachimstaler Straße,3.112333054686921,4433.315118465924,pc2,Residential,2021-06-23 16:27:34,52.50443166666667,13.335876666666667,27.5,8.148800000000001,275.5,0.0621,0.03,18.3,18.3,12.23,0.68,1019.3,2.79,0.95,3.0,16.093,3.14159,Joachimstaler Straße,1.914459137027209,4441.722183047775,pc4,Residential,False,False,9.492449780762191,50,10,0.3
1624458454.5059855,2021-06-23T14:27:34.505985Z,52.50443166666667,13.335876666666667,4,2,S2,1624458454.5059855,20.14660208333333,-67.18233958333333,-39.43241666666667,0.00108320625,44.0,457.7291666666667,7.083333333333333,0.1629776791666666,12,48,2021-06-23 16:27:34,52.50443166666667,13.335876666666667,27.5,8.148800000000001,275.5,0.0621,0.03,18.3,18.3,12.23,0.68,1019.3,2.79,0.95,3.0,16.093,3.14159,Joachimstaler Straße,1.914459137027209,4441.722183047775,pc4,Residential,2021-06-23 16:27:34,52.504405,13.33601,37.8,0.7408000000000001,280.6,0.0621,0.03,18.3,18.3,12.23,0.68,1019.3,2.79,0.95,3.0,16.093,2.94584,Joachimstaler Straße,3.112333054686921,4433.315118465924,pc2,Residential,False,False,9.492449780762191,50,10,0.04
1624458455.4950724,2021-06-23T14:27:35.495072Z,52.50443333333333,13.335836666666667,4,2,S2,1624458455.4950724,20.234514,-66.55183,-38.755616,0.00131869718,44.0,557.0,3.56,0.179406292,12,50,2021-06-23 16:27:35,52.50443333333333,13.335836666666667,27.5,11.2972,271.4,0.0621,0.03,18.3,18.3,12.23,0.68,1019.3,2.79,0.95,3.0,16.093,3.14159,Joachimstaler Straße,2.101977286531459,4445.351495638628,pc4,Residential,2021-06-23 16:27:35,52.504405,13.336008333333334,37.8,2.9632000000000005,280.6,0.0621,0.03,18.3,18.3,12.23,0.68,1019.3,2.79,0.95,3.0,16.093,2.94584,Joachimstaler Straße,3.1337236655777483,4433.315118465924,pc2,Residential,False,False,12.030032440861644,50,10,0.0
1624458455.758982,2021-06-23T14:27:35.758981Z,52.504405,13.336008333333334,2,4,S2,1624458455.758982,15.320004166666664,-71.56839166666667,-43.75659166666667,0.001136463,41.0,583.0416666666666,7.0,0.0503582541666666,12,24,2021-06-23 16:27:35,52.504405,13.336008333333334,37.8,2.9632000000000005,280.6,0.0621,0.03,18.3,18.3,12.23,0.68,1019.3,2.79,0.95,3.0,16.093,2.94584,Joachimstaler Straße,3.1337236655777483,4433.315118465924,pc2,Residential,2021-06-23 16:27:35,52.50443333333333,13.335836666666667,27.5,11.2972,271.4,0.0621,0.03,18.3,18.3,12.23,0.68,1019.3,2.79,0.95,3.0,16.093,3.14159,Joachimstaler Straße,2.101977286531459,4445.351495638628,pc4,Residential,False,False,12.030032440861644,50,10,0.52
1624458456.4896455,2021-06-23T14:27:36.489645Z,52.50443166666667,13.33579,4,2,S2,1624458456.4896455,16.19861595744681,-68.53032340425533,-40.70925744680851,0.0029898254468085,44.0,656.1489361702128,6.659574468085107,0.1020310531914893,12,47,2021-06-23 16:27:36,52.50443166666667,13.33579,27.4,10.3712,263.9,0.0621,0.03,18.3,18.3,12.23,0.68,1019.3,2.79,0.95,3.0,16.093,3.14159,Joachimstaler Straße,2.6537463305894406,4447.154458308785,pc4,Residential,2021-06-23 16:27:36,52.50440666666667,13.335993333333333,37.8,5.000400000000001,278.3,0.0621,0.03,18.3,18.3,12.23,0.68,1019.3,2.79,0.95,3.0,16.093,2.94584,Joachimstaler Straße,3.144419019144708,4433.315118465924,pc2,Residential,False,False,14.03020580410013,50,10,0.06
1624458456.4942486,2021-06-23T14:27:36.494248Z,52.50440666666667,13.335993333333333,2,4,S2,1624458456.4942486,16.16088425531915,-72.40647446808511,-44.5954744680851,0.0015088200638297,41.0,656.6595744680851,6.127659574468085,0.0429528342553191,12,47,2021-06-23 16:27:36,52.50440666666667,13.335993333333333,37.8,5.000400000000001,278.3,0.0621,0.03,18.3,18.3,12.23,0.68,1019.3,2.79,0.95,3.0,16.093,2.94584,Joachimstaler Straße,3.144419019144708,4433.315118465924,pc2,Residential,2021-06-23 16:27:36,52.50443166666667,13.33579,27.4,10.3712,263.9,0.0621,0.03,18.3,18.3,12.23,0.68,1019.3,2.79,0.95,3.0,16.093,3.14159,Joachimstaler Straße,2.6537463305894406,4447.154458308785,pc4,Residential,False,False,14.03020580410013,50,10,0.06
1624458457.4814672,2021-06-23T14:27:37.481467Z,52.50442666666667,13.335753333333331,4,2,S2,1624458457.4814672,16.718572093023255,-68.34896744186047,-40.572727906976745,0.0031327778604651,44.0,755.5581395348837,4.372093023255814,0.1045822720930232,12,43,2021-06-23 16:27:37,52.50442666666667,13.335753333333331,27.5,7.9636,253.3,0.0621,0.03,18.3,18.3,12.23,0.68,1019.3,2.79,0.95,3.0,16.093,3.14159,Joachimstaler Straße,3.494537204276006,4448.724901871517,pc4,Residential,2021-06-23 16:27:37,52.50440833333333,13.335968333333334,37.8,7.2228,278.1,0.0621,0.03,18.3,18.3,12.23,0.68,1019.3,2.79,0.95,3.0,16.093,2.94584,Joachimstaler Straße,3.283457999346938,4435.687065321217,pc2,Residential,False,False,14.683418129792,50,10,0.14
1624458457.4940257,2021-06-23T14:27:37.494025Z,52.50440833333333,13.335968333333334,2,4,S2,1624458457.4940257,16.4360982,-72.663336,-44.890774,0.00112167706,41.0,756.74,5.1,0.0397615714,12,50,2021-06-23 16:27:37,52.50440833333333,13.335968333333334,37.8,7.2228,278.1,0.0621,0.03,18.3,18.3,12.23,0.68,1019.3,2.79,0.95,3.0,16.093,2.94584,Joachimstaler Straße,3.283457999346938,4435.687065321217,pc2,Residential,2021-06-23 16:27:37,52.50442666666667,13.335753333333331,27.5,7.9636,253.3,0.0621,0.03,18.3,18.3,12.23,0.68,1019.3,2.79,0.95,3.0,16.093,3.14159,Joachimstaler Straße,3.494537204276006,4448.724901871517,pc4,Residential,False,False,14.683418129792,50,10,0.0
1624458458.5039098,2021-06-23T14:27:38.503909Z,52.50441166666667,13.335933333333331,2,4,S2,1624458458.5039098,18.04479361702128,-70.73992340425532,-42.96696595744681,0.0007674019574468,41.0,857.5744680851063,6.638297872340425,0.0802022044680851,12,47,2021-06-23 16:27:38,52.50441166666667,13.335933333333331,37.9,10.000800000000002,278.8,0.0621,0.03,18.3,18.3,12.23,0.68,1019.3,2.79,0.95,3.0,16.093,3.14159,Joachimstaler Straße,3.369020417170113,4437.905054446816,pc2,Residential,2021-06-23 16:27:38,52.504421666666666,13.335728333333334,27.4,4.63,246.5,0.0621,0.03,18.3,18.3,12.23,0.68,1019.3,2.79,0.95,3.0,16.093,3.14159,Joachimstaler Straße,4.243366562386376,4450.102673545526,pc4,Residential,False,False,13.909424442904935,50,10,0.06
1624458458.5322142,2021-06-23T14:27:38.532214Z,52.504421666666666,13.335728333333334,4,2,S2,1624458458.5322142,16.816853863636364,-67.06335909090909,-39.27608863636363,0.0078392518863636,44.0,860.7954545454545,2.75,0.1938596681818181,12,44,2021-06-23 16:27:38,52.504421666666666,13.335728333333334,27.4,4.63,246.5,0.0621,0.03,18.3,18.3,12.23,0.68,1019.3,2.79,0.95,3.0,16.093,3.14159,Joachimstaler Straße,4.243366562386376,4450.102673545526,pc4,Residential,2021-06-23 16:27:38,52.50441166666667,13.335933333333331,37.9,10.000800000000002,278.8,0.0621,0.03,18.3,18.3,12.23,0.68,1019.3,2.79,0.95,3.0,16.093,3.14159,Joachimstaler Straße,3.369020417170113,4437.905054446816,pc2,Residential,False,False,13.909424442904935,50,10,0.12
1624458459.4898777,2021-06-23T14:27:39.489877Z,52.50441833333333,13.335716666666666,4,2,S2,1624458459.4898777,15.91819387755102,-62.445448979591845,-34.649820408163265,0.0213338075510204,44.0,956.265306122449,5.714285714285714,0.4808658795918367,12,49,2021-06-23 16:27:39,52.50441833333333,13.335716666666666,27.4,1.1112,246.5,0.0621,0.03,18.3,18.3,12.23,0.68,1019.3,2.79,0.95,3.0,16.093,3.14159,Joachimstaler Straße,4.707659224447982,4450.102673545526,pc4,Residential,2021-06-23 16:27:39,52.50441666666666,13.335885,37.9,13.89,281.2,0.0621,0.03,18.3,18.3,12.23,0.68,1019.3,2.79,0.95,3.0,16.093,3.14159,Joachimstaler Straße,3.443887396842473,4441.722183047775,pc2,Residential,False,False,11.386468666437434,50,10,0.02
1624458459.4985385,2021-06-23T14:27:39.498538Z,52.50441666666666,13.335885,2,4,S2,1624458459.4985385,20.224676,-66.036494,-38.316386,0.00152903914,41.0,957.1,6.0,0.221044012,12,50,2021-06-23 16:27:39,52.50441666666666,13.335885,37.9,13.89,281.2,0.0621,0.03,18.3,18.3,12.23,0.68,1019.3,2.79,0.95,3.0,16.093,3.14159,Joachimstaler Straße,3.443887396842473,4441.722183047775,pc2,Residential,2021-06-23 16:27:39,52.50441833333333,13.335716666666666,27.4,1.1112,246.5,0.0621,0.03,18.3,18.3,12.23,0.68,1019.3,2.79,0.95,3.0,16.093,3.14159,Joachimstaler Straße,4.707659224447982,4450.102673545526,pc4,Residential,False,False,11.386468666437434,50,10,0.0
1624458460.490558,2021-06-23T14:27:40.490557Z,52.50442,13.335715,4,2,S2,1624458460.490558,19.10284862745098,-48.23519607843137,-20.423951568627448,0.2630923860588235,44.0,212.92156862745097,6.901960784313726,22.49157098039216,12,51,2021-06-23 16:27:40,52.50442,13.335715,27.3,0.0,246.5,0.0621,0.03,18.3,18.3,12.23,0.68,1019.3,2.79,0.95,3.0,16.093,3.14159,Joachimstaler Straße,4.538741662427308,4450.102673545526,pc4,Residential,2021-06-23 16:27:40,52.504425,13.335823333333334,37.9,16.668,282.6,0.0621,0.03,18.3,18.3,12.23,0.68,1019.3,2.79,0.95,3.0,16.093,3.14159,Joachimstaler Straße,3.1266912026778364,4445.904142802901,pc2,Residential,False,False,7.347897486793995,50,10,-0.02
1624458460.499806,2021-06-23T14:27:40.499805Z,52.504425,13.335823333333334,2,4,S2,1624458460.499806,22.014708163265308,-51.7505612244898,-23.9315693877551,0.0524405456530612,41.0,200.46938775510205,5.428571428571429,10.127276363265306,12,49,2021-06-23 16:27:40,52.504425,13.335823333333334,37.9,16.668,282.6,0.0621,0.03,18.3,18.3,12.23,0.68,1019.3,2.79,0.95,3.0,16.093,3.14159,Joachimstaler Straße,3.1266912026778364,4445.904142802901,pc2,Residential,2021-06-23 16:27:40,52.50442,13.335715,27.3,0.0,246.5,0.0621,0.03,18.3,18.3,12.23,0.68,1019.3,2.79,0.95,3.0,16.093,3.14159,Joachimstaler Straße,4.538741662427308,4450.102673545526,pc4,Residential,False,False,7.347897486793995,50,10,0.02
1624458461.4953744,2021-06-23T14:27:41.495374Z,52.50443333333333,13.335753333333331,2,4,S2,1624458461.4953744,21.862794,-51.25071,-23.496842,0.05483826114,41.0,133.0,3.84,8.855434906000001,12,50,2021-06-23 16:27:41,52.50443333333333,13.335753333333331,38.0,17.9644,279.7,0.0621,0.03,18.3,18.3,12.23,0.68,1019.3,2.79,0.95,3.0,16.093,3.14159,Joachimstaler Straße,2.7588451689142013,4448.724901871517,pc2,Residential,2021-06-23 16:27:41,52.50442,13.335715,27.3,0.0,246.5,0.0621,0.03,18.3,18.3,12.23,0.68,1019.3,2.79,0.95,3.0,16.093,3.14159,Joachimstaler Straße,4.538741662427308,4450.102673545526,pc4,Residential,False,False,2.9858641645618604,50,10,0.0
1624458461.4957552,2021-06-23T14:27:41.495755Z,52.50442,13.335715,4,2,S2,1624458461.4957552,24.42746458333333,-49.19685833333333,-21.399541666666664,0.0547769781249999,42.25,132.625,8.0,18.62081270833333,12,48,2021-06-23 16:27:41,52.50442,13.335715,27.3,0.0,246.5,0.0621,0.03,18.3,18.3,12.23,0.68,1019.3,2.79,0.95,3.0,16.093,3.14159,Joachimstaler Straße,4.538741662427308,4450.102673545526,pc4,Residential,2021-06-23 16:27:41,52.50443333333333,13.335753333333331,38.0,17.9644,279.7,0.0621,0.03,18.3,18.3,12.23,0.68,1019.3,2.79,0.95,3.0,16.093,3.14159,Joachimstaler Straße,2.7588451689142013,4448.724901871517,pc2,Residential,False,False,2.9858641645618604,50,10,0.04
1624458462.4971652,2021-06-23T14:27:42.497165Z,52.50443666666666,13.335688333333334,2,4,S2,1624458462.4971652,19.909572653061225,-62.16425102040816,-34.388255102040816,0.0169054879795918,41.0,233.3061224489796,2.571428571428572,0.7121946408163264,12,49,2021-06-23 16:27:42,52.50443666666666,13.335688333333334,38.0,13.89,271.8,0.0621,0.03,18.3,18.3,12.23,0.68,1019.3,2.79,0.95,3.0,16.093,3.14159,Joachimstaler Straße,2.937696974594073,4450.102673545526,pc2,Residential,2021-06-23 16:27:42,52.50442,13.335715,27.2,0.0,246.5,0.0621,0.03,18.3,18.3,12.23,0.68,1019.3,2.79,0.95,3.0,16.093,3.14159,Joachimstaler Straße,4.538741662427308,4450.102673545526,pc4,Residential,False,False,2.58515759852536,50,10,0.02
1624458462.497928,2021-06-23T14:27:42.497927Z,52.50442,13.335715,4,2,S2,1624458462.497928,23.713285714285718,-61.31351632653062,-33.54660612244898,0.0037768728367346,41.0,232.9387755102041,7.061224489795919,0.8114541714285713,12,49,2021-06-23 16:27:42,52.50442,13.335715,27.2,0.0,246.5,0.0621,0.03,18.3,18.3,12.23,0.68,1019.3,2.79,0.95,3.0,16.093,3.14159,Joachimstaler Straße,4.538741662427308,4450.102673545526,pc4,Residential,2021-06-23 16:27:42,52.50443666666666,13.335688333333334,38.0,13.89,271.8,0.0621,0.03,18.3,18.3,12.23,0.68,1019.3,2.79,0.95,3.0,16.093,3.14159,Joachimstaler Straße,2.937696974594073,4450.102673545526,pc2,Residential,False,False,2.58515759852536,50,10,0.02
1624458463.489557,2021-06-23T14:27:43.489557Z,52.504435,13.335646666666667,2,4,S2,1624458463.489557,19.598580625,-60.67503958333333,-32.84321666666667,0.0118663906458333,41.0,332.2291666666667,5.770833333333333,0.5567960833333333,12,48,2021-06-23 16:27:43,52.504435,13.335646666666667,38.0,6.8524,254.2,0.0621,0.03,18.3,18.3,12.23,0.68,1019.3,2.79,0.95,3.0,16.093,3.14159,Joachimstaler Straße,3.4885152186736144,4451.927877157959,pc2,Residential,2021-06-23 16:27:43,52.50442,13.335715,27.2,0.0,246.5,0.0621,0.03,18.3,18.3,12.23,0.68,1019.3,2.79,0.95,3.0,16.093,3.14159,Joachimstaler Straße,4.538741662427308,4450.102673545526,pc4,Residential,False,False,4.913151905892382,50,10,0.04
1624458463.5021763,2021-06-23T14:27:43.502176Z,52.50442,13.335715,4,2,S2,1624458463.5021763,23.90264489795918,-60.23017346938775,-32.40227551020408,0.0026948398367346,41.0,333.46938775510205,6.0,0.6294961632653061,12,49,2021-06-23 16:27:43,52.50442,13.335715,27.2,0.0,246.5,0.0621,0.03,18.3,18.3,12.23,0.68,1019.3,2.79,0.95,3.0,16.093,3.14159,Joachimstaler Straße,4.538741662427308,4450.102673545526,pc4,Residential,2021-06-23 16:27:43,52.504435,13.335646666666667,38.0,6.8524,254.2,0.0621,0.03,18.3,18.3,12.23,0.68,1019.3,2.79,0.95,3.0,16.093,3.14159,Joachimstaler Straße,3.4885152186736144,4451.927877157959,pc2,Residential,False,False,4.913151905892382,50,10,0.02
1624458464.4940045,2021-06-23T14:27:44.494004Z,52.50442,13.335715,4,2,S2,1624458464.4940045,21.73051836734694,-62.07455306122449,-34.217079591836736,0.00249052,41.0,432.6530612244898,6.0,0.3858664285714285,12,49,2021-06-23 16:27:44,52.50442,13.335715,27.2,0.0,246.5,0.0621,0.03,18.3,18.3,12.23,0.68,1019.3,2.79,0.95,3.0,16.093,3.14159,Joachimstaler Straße,4.538741662427308,4450.102673545526,pc4,Residential,2021-06-23 16:27:44,52.50443166666667,13.335631666666666,38.0,0.926,254.2,0.0621,0.03,18.3,18.3,12.23,0.68,1019.3,2.79,0.95,3.0,16.093,3.14159,Nürnberger Straße,6.393726049136119,4454.265434176487,pc2,Residential,False,False,5.783425352451552,50,10,0.02
1624458464.4943454,2021-06-23T14:27:44.494345Z,52.50443166666667,13.335631666666666,2,4,S2,1624458464.4943454,13.2296838,-62.252146,-34.414218,0.0224327751,41.0,433.0,2.8,0.37696156,12,50,2021-06-23 16:27:44,52.50443166666667,13.335631666666666,38.0,0.926,254.2,0.0621,0.03,18.3,18.3,12.23,0.68,1019.3,2.79,0.95,3.0,16.093,3.14159,Nürnberger Straße,6.393726049136119,4454.265434176487,pc2,Residential,2021-06-23 16:27:44,52.50442,13.335715,27.2,0.0,246.5,0.0621,0.03,18.3,18.3,12.23,0.68,1019.3,2.79,0.95,3.0,16.093,3.14159,Joachimstaler Straße,4.538741662427308,4450.102673545526,pc4,Residential,False,False,5.783425352451552,50,10,0.0
1624458465.491667,2021-06-23T14:27:45.491667Z,52.50442,13.335715,4,2,S2,1624458465.491667,21.158248163265306,-64.25087551020408,-36.426961224489794,0.0031793863877551,41.0,532.5510204081633,4.673469387755102,0.2568388081632653,12,49,2021-06-23 16:27:45,52.50442,13.335715,27.2,0.0,246.5,0.0621,0.03,18.3,18.3,12.23,0.68,1019.3,2.79,0.95,3.0,16.093,3.14159,Joachimstaler Straße,4.538741662427308,4450.102673545526,pc4,Residential,2021-06-23 16:27:45,52.50443166666667,13.335631666666666,38.1,0.0,254.2,0.0621,0.03,18.3,18.3,12.23,0.68,1019.3,2.79,0.95,3.0,16.093,3.14159,Nürnberger Straße,6.393726049136119,4454.265434176487,pc2,Residential,False,False,5.783425352451552,50,10,0.02
1624458465.5001748,2021-06-23T14:27:45.500174Z,52.50443166666667,13.335631666666666,2,4,S2,1624458465.5001748,16.778267021276594,-64.91907659574468,-37.1011170212766,0.0075987013404255,41.0,533.6170212765958,2.48936170212766,0.2205493553191489,12,47,2021-06-23 16:27:45,52.50443166666667,13.335631666666666,38.1,0.0,254.2,0.0621,0.03,18.3,18.3,12.23,0.68,1019.3,2.79,0.95,3.0,16.093,3.14159,Nürnberger Straße,6.393726049136119,4454.265434176487,pc2,Residential,2021-06-23 16:27:45,52.50442,13.335715,27.2,0.0,246.5,0.0621,0.03,18.3,18.3,12.23,0.68,1019.3,2.79,0.95,3.0,16.093,3.14159,Joachimstaler Straße,4.538741662427308,4450.102673545526,pc4,Residential,False,False,5.783425352451552,50,10,0.06
1624458466.4797382,2021-06-23T14:27:46.479738Z,52.50442,13.335715,4,2,S2,1624458466.4797382,22.32414761904762,-66.16177857142857,-38.28349047619048,0.0008921731428571,41.0,631.5238095238095,3.0,0.1729373285714285,12,42,2021-06-23 16:27:46,52.50442,13.335715,27.2,0.0,246.5,0.0621,0.03,18.3,18.3,12.23,0.68,1019.3,2.79,0.95,3.0,16.093,3.14159,Joachimstaler Straße,4.538741662427308,4450.102673545526,pc4,Residential,2021-06-23 16:27:46,52.50443,13.335631666666666,38.1,0.0,254.2,0.0621,0.03,18.3,18.3,12.23,0.68,1019.3,2.79,0.95,3.0,16.093,3.14159,Nürnberger Straße,6.210572428924528,4454.265434176487,pc2,Residential,False,False,5.744729695211329,50,10,0.16
1624458466.4935336,2021-06-23T14:27:46.493533Z,52.50443,13.335631666666666,2,4,S2,1624458466.4935336,20.339754,-67.618064,-39.711666,0.00093372144,41.0,633.0,2.0,0.1359316019999999,12,50,2021-06-23 16:27:46,52.50443,13.335631666666666,38.1,0.0,254.2,0.0621,0.03,18.3,18.3,12.23,0.68,1019.3,2.79,0.95,3.0,16.093,3.14159,Nürnberger Straße,6.210572428924528,4454.265434176487,pc2,Residential,2021-06-23 16:27:46,52.50442,13.335715,27.2,0.0,246.5,0.0621,0.03,18.3,18.3,12.23,0.68,1019.3,2.79,0.95,3.0,16.093,3.14159,Joachimstaler Straße,4.538741662427308,4450.102673545526,pc4,Residential,False,False,5.744729695211329,50,10,0.0
1624458467.4935386,2021-06-23T14:27:47.493538Z,52.50443,13.33563,2,4,S2,1624458467.4935386,19.823672,-67.83409,-39.864816,0.00108908584,41.0,733.0,2.0,0.141702382,12,50,2021-06-23 16:27:47,52.50443,13.33563,38.2,0.0,254.2,0.0621,0.03,18.3,18.3,12.23,0.68,1019.3,2.79,0.95,3.0,16.093,3.14159,Nürnberger Straße,6.193922087862488,4454.265434176487,pc2,Residential,2021-06-23 16:27:47,52.50442,13.335715,27.2,0.0,246.5,0.0621,0.03,18.3,18.3,12.23,0.68,1019.3,2.79,0.95,3.0,16.093,3.14159,Joachimstaler Straße,4.538741662427308,4450.102673545526,pc4,Residential,False,False,5.855363908743882,50,10,0.0
1624458467.5647445,2021-06-23T14:27:47.564744Z,52.50442,13.335715,4,2,S2,1624458467.5647445,22.317079487179488,-65.51628205128206,-37.57605641025641,0.0011478941282051,41.0,740.025641025641,3.0,0.213986482051282,12,39,2021-06-23 16:27:47,52.50442,13.335715,27.2,0.0,246.5,0.0621,0.03,18.3,18.3,12.23,0.68,1019.3,2.79,0.95,3.0,16.093,3.14159,Joachimstaler Straße,4.538741662427308,4450.102673545526,pc4,Residential,2021-06-23 16:27:47,52.50443,13.33563,38.2,0.0,254.2,0.0621,0.03,18.3,18.3,12.23,0.68,1019.3,2.79,0.95,3.0,16.093,3.14159,Nürnberger Straße,6.193922087862488,4454.265434176487,pc2,Residential,False,False,5.855363908743882,50,10,0.22
1624458468.5026808,2021-06-23T14:27:48.502680Z,52.50442,13.335715,4,2,S2,1624458468.5026808,22.492922,-65.10429599999999,-37.252068,0.00135193434,41.0,834.02,1.0,0.356287424,12,50,2021-06-23 16:27:48,52.50442,13.335715,27.2,0.0,246.5,0.0621,0.03,18.3,18.3,12.23,0.68,1019.3,2.79,0.95,3.0,16.093,3.14159,Joachimstaler Straße,4.538741662427308,4450.102673545526,pc4,Residential,2021-06-23 16:27:48,52.50443,13.33563,38.1,0.0,254.2,0.0621,0.03,18.3,18.3,12.23,0.68,1019.3,2.79,0.95,3.0,16.093,3.14159,Nürnberger Straße,6.193922087862488,4454.265434176487,pc2,Residential,False,False,5.855363908743882,50,10,0.0
1624458468.5954978,2021-06-23T14:27:48.595497Z,52.50443,13.33563,2,4,S2,1624458468.5954978,11.600338125,-62.792509375,-35.00170625,0.047163801125,41.0,843.125,2.71875,0.4852791796875,12,32,2021-06-23 16:27:48,52.50443,13.33563,38.1,0.0,254.2,0.0621,0.03,18.3,18.3,12.23,0.68,1019.3,2.79,0.95,3.0,16.093,3.14159,Nürnberger Straße,6.193922087862488,4454.265434176487,pc2,Residential,2021-06-23 16:27:48,52.50442,13.335715,27.2,0.0,246.5,0.0621,0.03,18.3,18.3,12.23,0.68,1019.3,2.79,0.95,3.0,16.093,3.14159,Joachimstaler Straße,4.538741662427308,4450.102673545526,pc4,Residential,False,False,5.855363908743882,50,10,0.36
1624458469.4935534,2021-06-23T14:27:49.493553Z,52.50443,13.33563,2,4,S2,1624458469.4935534,21.950869200000003,-59.22008,-31.450308,0.0138858474,41.0,933.0,2.02,0.71996332,12,50,2021-06-23 16:27:49,52.50443,13.33563,38.1,0.0,254.2,0.0621,0.03,18.3,18.3,12.23,0.68,1019.3,2.79,0.95,3.0,16.093,3.14159,Nürnberger Straße,6.193922087862488,4454.265434176487,pc2,Residential,2021-06-23 16:27:49,52.50442,13.335713333333333,27.2,0.0,246.5,0.0621,0.03,18.3,18.3,12.23,0.68,1019.3,2.79,0.95,3.0,16.093,3.14159,Joachimstaler Straße,4.5534301526697325,4450.102673545526,pc4,Residential,False,False,5.744729669934219,50,10,0.0
1624458469.4998384,2021-06-23T14:27:49.499838Z,52.50442,13.335713333333333,4,2,S2,1624458469.4998384,25.589151020408163,-58.70438163265307,-30.950818367346937,0.0024764024489795,41.0,933.0,8.346938775510203,0.810220775510204,12,49,2021-06-23 16:27:49,52.50442,13.335713333333333,27.2,0.0,246.5,0.0621,0.03,18.3,18.3,12.23,0.68,1019.3,2.79,0.95,3.0,16.093,3.14159,Joachimstaler Straße,4.5534301526697325,4450.102673545526,pc4,Residential,2021-06-23 16:27:49,52.50443,13.33563,38.1,0.0,254.2,0.0621,0.03,18.3,18.3,12.23,0.68,1019.3,2.79,0.95,3.0,16.093,3.14159,Nürnberger Straße,6.193922087862488,4454.265434176487,pc2,Residential,False,False,5.744729669934219,50,10,0.02
1624458470.493529,2021-06-23T14:27:50.493529Z,52.50443,13.33563,2,4,S2,1624458470.493529,22.22569,-59.231480000000005,-31.428298,0.0043351397999999,41.0,418.6,2.0,0.80006314,12,50,2021-06-23 16:27:50,52.50443,13.33563,38.1,0.0,254.2,0.0621,0.03,18.3,18.3,12.23,0.68,1019.3,2.79,0.95,3.0,16.093,3.14159,Nürnberger Straße,6.193922087862488,4454.265434176487,pc2,Residential,2021-06-23 16:27:50,52.50441833333333,13.335711666666668,27.2,0.0,246.5,0.0621,0.03,18.3,18.3,12.23,0.68,1019.3,2.79,0.95,3.0,16.093,3.14159,Joachimstaler Straße,4.751724695172316,4451.927877157959,pc4,Residential,False,False,5.673627617621544,50,10,0.0
1624458470.4965255,2021-06-23T14:27:50.496525Z,52.50441833333333,13.335711666666668,4,2,S2,1624458470.4965255,24.293664,-58.056668,-30.30395,0.0038282,41.0,418.46,6.42,1.06070226,12,50,2021-06-23 16:27:50,52.50441833333333,13.335711666666668,27.2,0.0,246.5,0.0621,0.03,18.3,18.3,12.23,0.68,1019.3,2.79,0.95,3.0,16.093,3.14159,Joachimstaler Straße,4.751724695172316,4451.927877157959,pc4,Residential,2021-06-23 16:27:50,52.50443,13.33563,38.1,0.0,254.2,0.0621,0.03,18.3,18.3,12.23,0.68,1019.3,2.79,0.95,3.0,16.093,3.14159,Nürnberger Straße,6.193922087862488,4454.265434176487,pc2,Residential,False,False,5.673627617621544,50,10,0.0
1624458471.4974768,2021-06-23T14:27:51.497476Z,52.50441833333333,13.335711666666668,4,2,S2,1624458471.4974768,25.919446,-57.357918,-29.637656000000003,0.00325502648,41.0,109.0,6.0,1.1167907,12,50,2021-06-23 16:27:51,52.50441833333333,13.335711666666668,27.3,0.0,246.5,0.0621,0.03,18.3,18.3,12.23,0.68,1019.3,2.79,0.95,3.0,16.093,3.14159,Joachimstaler Straße,4.751724695172316,4451.927877157959,pc4,Residential,2021-06-23 16:27:51,52.50443,13.33563,38.1,0.0,254.2,0.0621,0.03,18.3,18.3,12.23,0.68,1019.3,2.79,0.95,3.0,16.093,3.14159,Nürnberger Straße,6.193922087862488,4454.265434176487,pc2,Residential,False,False,5.673627617621544,50,10,0.0
1624458471.500923,2021-06-23T14:27:51.500922Z,52.50443,13.33563,2,4,S2,1624458471.500923,22.333883673469387,-58.31575714285714,-30.561538775510204,0.0048559599999999,41.0,109.3469387755102,5.918367346938775,0.9025586326530612,12,49,2021-06-23 16:27:51,52.50443,13.33563,38.1,0.0,254.2,0.0621,0.03,18.3,18.3,12.23,0.68,1019.3,2.79,0.95,3.0,16.093,3.14159,Nürnberger Straße,6.193922087862488,4454.265434176487,pc2,Residential,2021-06-23 16:27:51,52.50441833333333,13.335711666666668,27.3,0.0,246.5,0.0621,0.03,18.3,18.3,12.23,0.68,1019.3,2.79,0.95,3.0,16.093,3.14159,Joachimstaler Straße,4.751724695172316,4451.927877157959,pc4,Residential,False,False,5.673627617621544,50,10,0.02
1624458472.5055382,2021-06-23T14:27:52.505538Z,52.50441833333333,13.335711666666668,4,2,S2,1624458472.5055382,20.702408163265307,-58.21409795918368,-30.475008163265304,0.0092215659183673,41.0,210.14285714285717,2.63265306122449,0.910113612244898,12,49,2021-06-23 16:27:52,52.50441833333333,13.335711666666668,27.3,0.0,246.5,0.0621,0.03,18.3,18.3,12.23,0.68,1019.3,2.79,0.95,3.0,16.093,3.14159,Joachimstaler Straße,4.751724695172316,4451.927877157959,pc4,Residential,2021-06-23 16:27:52,52.50443,13.33563,38.1,0.0,254.2,0.0621,0.03,18.3,18.3,12.23,0.68,1019.3,2.79,0.95,3.0,16.093,3.14159,Nürnberger Straße,6.193922087862488,4454.265434176487,pc2,Residential,False,False,5.673627617621544,50,10,0.02
1624458472.507859,2021-06-23T14:27:52.507858Z,52.50443,13.33563,2,4,S2,1624458472.507859,22.112272,-59.171636,-31.410732,0.004114319,41.0,210.02,6.06,0.73040428,12,50,2021-06-23 16:27:52,52.50443,13.33563,38.1,0.0,254.2,0.0621,0.03,18.3,18.3,12.23,0.68,1019.3,2.79,0.95,3.0,16.093,3.14159,Nürnberger Straße,6.193922087862488,4454.265434176487,pc2,Residential,2021-06-23 16:27:52,52.50441833333333,13.335711666666668,27.3,0.0,246.5,0.0621,0.03,18.3,18.3,12.23,0.68,1019.3,2.79,0.95,3.0,16.093,3.14159,Joachimstaler Straße,4.751724695172316,4451.927877157959,pc4,Residential,False,False,5.673627617621544,50,10,0.0
1624458473.0574794,2021-06-23T14:27:53.057479Z,52.50443,13.33563,2,4,S2,1624458473.0574794,21.918725,-59.030575,-31.24895,0.004505625,41.0,265.0,6.0,0.76742975,12,4,2021-06-23 16:27:53,52.50443,13.33563,38.1,0.0,254.2,0.0621,0.03,18.3,18.3,12.23,0.68,1019.3,2.79,0.95,3.0,16.093,3.14159,Nürnberger Straße,6.193922087862488,4454.265434176487,pc2,Residential,2021-06-23 16:27:53,52.50441833333333,13.335711666666668,27.3,0.0,246.5,0.0621,0.03,18.3,18.3,12.23,0.68,1019.3,2.79,0.95,3.0,16.093,3.14159,Joachimstaler Straße,4.751724695172316,4451.927877157959,pc4,Residential,False,False,5.673627617621544,50,10,0.92
1624458473.4960897,2021-06-23T14:27:53.496089Z,52.50441833333333,13.335711666666668,4,2,S2,1624458473.4960897,24.10924693877551,-59.06944285714286,-31.295838775510205,0.0035959351632653,41.0,309.3265306122449,1.326530612244898,0.7509439795918368,12,49,2021-06-23 16:27:53,52.50441833333333,13.335711666666668,27.3,0.0,246.5,0.0621,0.03,18.3,18.3,12.23,0.68,1019.3,2.79,0.95,3.0,16.093,3.14159,Joachimstaler Straße,4.751724695172316,4451.927877157959,pc4,Residential,2021-06-23 16:27:53,52.50443,13.33563,38.1,0.0,254.2,0.0621,0.03,18.3,18.3,12.23,0.68,1019.3,2.79,0.95,3.0,16.093,3.14159,Nürnberger Straße,6.193922087862488,4454.265434176487,pc2,Residential,False,False,5.673627617621544,50,10,0.02
1624458474.5046823,2021-06-23T14:27:54.504682Z,52.50441833333333,13.335711666666668,4,2,S2,1624458474.5046823,25.100694,-58.694096,-30.896518,0.00272897612,41.0,410.0,3.0,0.80935886,12,50,2021-06-23 16:27:54,52.50441833333333,13.335711666666668,27.3,0.0,246.5,0.0621,0.03,18.3,18.3,12.23,0.68,1019.3,2.79,0.95,3.0,16.093,3.14159,Joachimstaler Straße,4.751724695172316,4451.927877157959,pc4,Residential,2021-06-23 16:27:54,52.50443,13.33563,38.1,0.0,254.2,0.0621,0.03,18.3,18.3,12.23,0.68,1019.3,2.79,0.95,3.0,16.093,3.14159,Nürnberger Straße,6.193922087862488,4454.265434176487,pc2,Residential,False,False,5.673627617621544,50,10,0.0
1624458475.5083926,2021-06-23T14:27:55.508392Z,52.50441833333333,13.335711666666668,4,2,S2,1624458475.5083926,25.35938571428571,-59.04373265306122,-31.23632857142857,0.0024566993265306,41.0,510.3877551020408,3.0,0.7626962653061226,12,49,2021-06-23 16:27:55,52.50441833333333,13.335711666666668,27.3,0.0,246.5,0.0621,0.03,18.3,18.3,12.23,0.68,1019.3,2.79,0.95,3.0,16.093,3.14159,Joachimstaler Straße,4.751724695172316,4451.927877157959,pc4,Residential,2021-06-23 16:27:55,52.50443,13.33563,38.1,0.0,254.2,0.0621,0.03,18.3,18.3,12.23,0.68,1019.3,2.79,0.95,3.0,16.093,3.14159,Nürnberger Straße,6.193922087862488,4454.265434176487,pc2,Residential,False,False,5.673627617621544,50,10,0.02
1624458476.4908278,2021-06-23T14:27:56.490827Z,52.50441833333333,13.335711666666668,4,2,S2,1624458476.4908278,24.96088958333333,-59.549022916666665,-31.7763375,0.0023850132708333,41.0,608.6666666666666,2.6666666666666665,0.66745975,12,48,2021-06-23 16:27:56,52.50441833333333,13.335711666666668,27.3,0.0,246.5,0.0621,0.03,18.3,18.3,12.23,0.68,1019.3,2.79,0.95,3.0,16.093,3.14159,Joachimstaler Straße,4.751724695172316,4451.927877157959,pc4,Residential,2021-06-23 16:27:56,52.50443,13.33563,38.1,0.0,254.2,0.0621,0.03,18.3,18.3,12.23,0.68,1019.3,2.79,0.95,3.0,16.093,3.14159,Nürnberger Straße,6.193922087862488,4454.265434176487,pc2,Residential,False,False,5.673627617621544,50,10,0.04
1624458476.6885204,2021-06-23T14:27:56.688520Z,52.50443,13.33563,2,4,S2,1624458476.6885204,22.518815625,-60.43405625,-32.657959375,0.00283830875,41.0,628.0,7.0,0.547257875,12,32,2021-06-23 16:27:56,52.50443,13.33563,38.1,0.0,254.2,0.0621,0.03,18.3,18.3,12.23,0.68,1019.3,2.79,0.95,3.0,16.093,3.14159,Nürnberger Straße,6.193922087862488,4454.265434176487,pc2,Residential,2021-06-23 16:27:56,52.50441833333333,13.335711666666668,27.3,0.0,246.5,0.0621,0.03,18.3,18.3,12.23,0.68,1019.3,2.79,0.95,3.0,16.093,3.14159,Joachimstaler Straße,4.751724695172316,4451.927877157959,pc4,Residential,False,False,5.673627617621544,50,10,0.36
1624458477.5056157,2021-06-23T14:27:57.505615Z,52.50441833333333,13.335711666666668,4,2,S2,1624458477.5056157,25.0901306122449,-59.61673061224489,-31.852026530612243,0.0021725513265306,41.0,710.0612244897959,3.489795918367347,0.6699975306122449,12,49,2021-06-23 16:27:57,52.50441833333333,13.335711666666668,27.3,0.0,246.5,0.0621,0.03,18.3,18.3,12.23,0.68,1019.3,2.79,0.95,3.0,16.093,3.14159,Joachimstaler Straße,4.751724695172316,4451.927877157959,pc4,Residential,2021-06-23 16:27:57,52.50443,13.33563,38.1,0.0,254.2,0.0621,0.03,18.3,18.3,12.23,0.68,1019.3,2.79,0.95,3.0,16.093,3.14159,Nürnberger Straße,6.193922087862488,4454.265434176487,pc2,Residential,False,False,5.673627617621544,50,10,0.02
1624458477.5079114,2021-06-23T14:27:57.507911Z,52.50443,13.33563,2,4,S2,1624458477.5079114,22.559108,-60.139216,-32.364858,0.0030290776,41.0,710.0,6.38,0.58839566,12,50,2021-06-23 16:27:57,52.50443,13.33563,38.1,0.0,254.2,0.0621,0.03,18.3,18.3,12.23,0.68,1019.3,2.79,0.95,3.0,16.093,3.14159,Nürnberger Straße,6.193922087862488,4454.265434176487,pc2,Residential,2021-06-23 16:27:57,52.50441833333333,13.335711666666668,27.3,0.0,246.5,0.0621,0.03,18.3,18.3,12.23,0.68,1019.3,2.79,0.95,3.0,16.093,3.14159,Joachimstaler Straße,4.751724695172316,4451.927877157959,pc4,Residential,False,False,5.673627617621544,50,10,0.0
1624458478.4969404,2021-06-23T14:27:58.496940Z,52.50441833333333,13.335711666666668,4,2,S2,1624458478.4969404,24.82355714285714,-59.86151020408163,-32.107987755102045,0.0022690163265306,41.0,809.2448979591836,3.0,0.6195464081632653,12,49,2021-06-23 16:27:58,52.50441833333333,13.335711666666668,27.3,0.0,246.5,0.0621,0.03,18.3,18.3,12.23,0.68,1019.3,2.79,0.95,3.0,16.093,3.14159,Joachimstaler Straße,4.751724695172316,4451.927877157959,pc4,Residential,2021-06-23 16:27:58,52.50443,13.33563,38.1,0.0,254.2,0.0621,0.03,18.3,18.3,12.23,0.68,1019.3,2.79,0.95,3.0,16.093,3.14159,Nürnberger Straße,6.193922087862488,4454.265434176487,pc2,Residential,False,False,5.673627617621544,50,10,0.02
1624458478.5075147,2021-06-23T14:27:58.507514Z,52.50443,13.33563,2,4,S2,1624458478.5075147,21.839202,-60.378704,-32.618356,0.0032855488,41.0,810.0,6.0,0.5463817,12,50,2021-06-23 16:27:58,52.50443,13.33563,38.1,0.0,254.2,0.0621,0.03,18.3,18.3,12.23,0.68,1019.3,2.79,0.95,3.0,16.093,3.14159,Nürnberger Straße,6.193922087862488,4454.265434176487,pc2,Residential,2021-06-23 16:27:58,52.50441833333333,13.335711666666668,27.3,0.0,246.5,0.0621,0.03,18.3,18.3,12.23,0.68,1019.3,2.79,0.95,3.0,16.093,3.14159,Joachimstaler Straße,4.751724695172316,4451.927877157959,pc4,Residential,False,False,5.673627617621544,50,10,0.0
1624458479.49586,2021-06-23T14:27:59.495859Z,52.50443,13.33563,2,4,S2,1624458479.49586,21.89661458333333,-60.47594791666666,-32.718772916666666,0.0032013460416666,41.0,909.0,4.333333333333333,0.5457284583333334,12,48,2021-06-23 16:27:59,52.50443,13.33563,38.1,0.0,254.2,0.0621,0.03,18.3,18.3,12.23,0.68,1019.3,2.79,0.95,3.0,16.093,3.14159,Nürnberger Straße,6.193922087862488,4454.265434176487,pc2,Residential,2021-06-23 16:27:59,52.50441833333333,13.335711666666668,27.3,0.0,246.5,0.0621,0.03,18.3,18.3,12.23,0.68,1019.3,2.79,0.95,3.0,16.093,3.14159,Joachimstaler Straße,4.751724695172316,4451.927877157959,pc4,Residential,False,False,5.673627617621544,50,10,0.04
1624458479.504957,2021-06-23T14:27:59.504956Z,52.50441833333333,13.335711666666668,4,2,S2,1624458479.504957,24.913802,-59.770884,-32.014976000000004,0.00264932058,41.0,910.02,3.0,0.64584774,12,50,2021-06-23 16:27:59,52.50441833333333,13.335711666666668,27.3,0.0,246.5,0.0621,0.03,18.3,18.3,12.23,0.68,1019.3,2.79,0.95,3.0,16.093,3.14159,Joachimstaler Straße,4.751724695172316,4451.927877157959,pc4,Residential,2021-06-23 16:27:59,52.50443,13.33563,38.1,0.0,254.2,0.0621,0.03,18.3,18.3,12.23,0.68,1019.3,2.79,0.95,3.0,16.093,3.14159,Nürnberger Straße,6.193922087862488,4454.265434176487,pc2,Residential,False,False,5.673627617621544,50,10,0.0
1624458480.5020828,2021-06-23T14:28:00.502082Z,52.50443,13.33563,2,4,S2,1624458480.5020828,22.297519230769232,-61.05955,-33.26513076923077,0.0025759201923076,41.0,635.4615384615385,4.403846153846154,0.4705754423076923,12,52,2021-06-23 16:28:00,52.50443,13.33563,38.1,0.0,254.2,0.0621,0.03,18.3,18.3,12.23,0.68,1019.3,2.79,0.95,3.0,16.093,3.14159,Nürnberger Straße,6.193922087862488,4454.265434176487,pc2,Residential,2021-06-23 16:28:00,52.50441833333333,13.335711666666668,27.3,0.0,246.5,0.0621,0.03,18.3,18.3,12.23,0.68,1019.3,2.79,0.95,3.0,16.093,3.14159,Joachimstaler Straße,4.751724695172316,4451.927877157959,pc4,Residential,False,False,5.673627617621544,50,10,-0.04
1624458480.503575,2021-06-23T14:28:00.503575Z,52.50441833333333,13.335711666666668,4,2,S2,1624458480.503575,24.598182,-60.247492,-32.457338,0.00220501814,41.0,641.36,2.0,0.56500414,12,50,2021-06-23 16:28:00,52.50441833333333,13.335711666666668,27.3,0.0,246.5,0.0621,0.03,18.3,18.3,12.23,0.68,1019.3,2.79,0.95,3.0,16.093,3.14159,Joachimstaler Straße,4.751724695172316,4451.927877157959,pc4,Residential,2021-06-23 16:28:00,52.50443,13.33563,38.1,0.0,254.2,0.0621,0.03,18.3,18.3,12.23,0.68,1019.3,2.79,0.95,3.0,16.093,3.14159,Nürnberger Straße,6.193922087862488,4454.265434176487,pc2,Residential,False,False,5.673627617621544,50,10,0.0
1624458481.4925191,2021-06-23T14:28:01.492519Z,52.50443,13.33563,2,4,S2,1624458481.4925191,21.95590208333333,-60.42678958333334,-32.617789583333334,0.0034083227083333,41.0,84.5,6.0,0.5717890208333333,12,48,2021-06-23 16:28:01,52.50443,13.33563,38.1,0.0,254.2,0.0621,0.03,18.3,18.3,12.23,0.68,1019.3,2.79,0.95,3.0,16.093,3.14159,Nürnberger Straße,6.193922087862488,4454.265434176487,pc2,Residential,2021-06-23 16:28:01,52.50441833333333,13.335711666666668,27.3,0.0,246.5,0.0621,0.03,18.3,18.3,12.23,0.68,1019.3,2.79,0.95,3.0,16.093,3.14159,Joachimstaler Straße,4.751724695172316,4451.927877157959,pc4,Residential,False,False,5.673627617621544,50,10,0.04
1624458481.5020487,2021-06-23T14:28:01.502048Z,52.50441833333333,13.335711666666668,4,2,S2,1624458481.5020487,24.31138979591837,-59.13612040816327,-31.34472857142857,0.0036193692040816,41.0,85.77551020408163,2.7755102040816326,0.771238469387755,12,49,2021-06-23 16:28:01,52.50441833333333,13.335711666666668,27.3,0.0,246.5,0.0621,0.03,18.3,18.3,12.23,0.68,1019.3,2.79,0.95,3.0,16.093,3.14159,Joachimstaler Straße,4.751724695172316,4451.927877157959,pc4,Residential,2021-06-23 16:28:01,52.50443,13.33563,38.1,0.0,254.2,0.0621,0.03,18.3,18.3,12.23,0.68,1019.3,2.79,0.95,3.0,16.093,3.14159,Nürnberger Straße,6.193922087862488,4454.265434176487,pc2,Residential,False,False,5.673627617621544,50,10,0.02
1624458482.4998453,2021-06-23T14:28:02.499845Z,52.50443,13.33563,2,4,S2,1624458482.4998453,22.424078,-59.13164,-31.3568,0.0040863413999999,41.0,185.46,3.7,0.771495,12,50,2021-06-23 16:28:02,52.50443,13.33563,38.1,0.0,254.2,0.0621,0.03,18.3,18.3,12.23,0.68,1019.3,2.79,0.95,3.0,16.093,3.14159,Nürnberger Straße,6.193922087862488,4454.265434176487,pc2,Residential,2021-06-23 16:28:02,52.50441833333333,13.335711666666668,27.3,0.0,246.5,0.0621,0.03,18.3,18.3,12.23,0.68,1019.3,2.79,0.95,3.0,16.093,3.14159,Joachimstaler Straße,4.751724695172316,4451.927877157959,pc4,Residential,False,False,5.673627617621544,50,10,0.0
1624458482.5007465,2021-06-23T14:28:02.500746Z,52.50441833333333,13.335711666666668,4,2,S2,1624458482.5007465,21.524585918367347,-57.7653693877551,-30.00944081632653,0.026973256,41.0,185.7142857142857,2.122448979591837,1.057572591836735,12,49,2021-06-23 16:28:02,52.50441833333333,13.335711666666668,27.3,0.0,246.5,0.0621,0.03,18.3,18.3,12.23,0.68,1019.3,2.79,0.95,3.0,16.093,3.14159,Joachimstaler Straße,4.751724695172316,4451.927877157959,pc4,Residential,2021-06-23 16:28:02,52.50443,13.33563,38.1,0.0,254.2,0.0621,0.03,18.3,18.3,12.23,0.68,1019.3,2.79,0.95,3.0,16.093,3.14159,Nürnberger Straße,6.193922087862488,4454.265434176487,pc2,Residential,False,False,5.673627617621544,50,10,0.02
1624458483.5025277,2021-06-23T14:28:03.502527Z,52.50443,13.33563,2,4,S2,1624458483.5025277,22.993202,-55.084722,-27.315548,0.0088855224,41.0,286.0,1.0,1.99304036,12,50,2021-06-23 16:28:03,52.50443,13.33563,38.1,0.0,254.2,0.0621,0.03,18.3,18.3,12.23,0.68,1019.3,2.79,0.95,3.0,16.093,3.14159,Nürnberger Straße,6.193922087862488,4454.265434176487,pc2,Residential,2021-06-23 16:28:03,52.50441833333333,13.335711666666668,27.3,0.0,246.5,0.0621,0.03,18.3,18.3,12.23,0.68,1019.3,2.79,0.95,3.0,16.093,3.14159,Joachimstaler Straße,4.751724695172316,4451.927877157959,pc4,Residential,False,False,5.673627617621544,50,10,0.0
1624458483.5031989,2021-06-23T14:28:03.503198Z,52.50441833333333,13.335711666666668,4,2,S2,1624458483.5031989,25.54802549019608,-54.0653862745098,-26.326733333333333,0.0077737501960784,41.0,285.94117647058823,2.294117647058824,2.504940647058824,12,51,2021-06-23 16:28:03,52.50441833333333,13.335711666666668,27.3,0.0,246.5,0.0621,0.03,18.3,18.3,12.23,0.68,1019.3,2.79,0.95,3.0,16.093,3.14159,Joachimstaler Straße,4.751724695172316,4451.927877157959,pc4,Residential,2021-06-23 16:28:03,52.50443,13.33563,38.1,0.0,254.2,0.0621,0.03,18.3,18.3,12.23,0.68,1019.3,2.79,0.95,3.0,16.093,3.14159,Nürnberger Straße,6.193922087862488,4454.265434176487,pc2,Residential,False,False,5.673627617621544,50,10,-0.02
1624458484.4900036,2021-06-23T14:28:04.490003Z,52.50441833333333,13.335711666666668,4,2,S2,1624458484.4900036,25.22271041666667,-57.41032916666666,-29.63211875,0.0037856804166666,41.0,384.1875,6.625,1.1911518958333334,12,48,2021-06-23 16:28:04,52.50441833333333,13.335711666666668,27.3,0.0,246.5,0.0621,0.03,18.3,18.3,12.23,0.68,1019.3,2.79,0.95,3.0,16.093,3.14159,Joachimstaler Straße,4.751724695172316,4451.927877157959,pc4,Residential,2021-06-23 16:28:04,52.50443,13.33563,38.1,0.0,254.2,0.0621,0.03,18.3,18.3,12.23,0.68,1019.3,2.79,0.95,3.0,16.093,3.14159,Nürnberger Straße,6.193922087862488,4454.265434176487,pc2,Residential,False,False,5.673627617621544,50,10,0.04
1624458484.5025342,2021-06-23T14:28:04.502534Z,52.50443,13.33563,2,4,S2,1624458484.5025342,18.042558,-57.992796,-30.172778,0.0143446618,41.0,386.0,1.0,1.0283119,12,50,2021-06-23 16:28:04,52.50443,13.33563,38.1,0.0,254.2,0.0621,0.03,18.3,18.3,12.23,0.68,1019.3,2.79,0.95,3.0,16.093,3.14159,Nürnberger Straße,6.193922087862488,4454.265434176487,pc2,Residential,2021-06-23 16:28:04,52.50441833333333,13.335711666666668,27.3,0.0,246.5,0.0621,0.03,18.3,18.3,12.23,0.68,1019.3,2.79,0.95,3.0,16.093,3.14159,Joachimstaler Straße,4.751724695172316,4451.927877157959,pc4,Residential,False,False,5.673627617621544,50,10,0.0
1624458485.4925032,2021-06-23T14:28:05.492503Z,52.50441833333333,13.335711666666668,4,2,S2,1624458485.4925032,23.038838,-59.153616,-31.334348,0.0047695541,41.0,485.0,1.0,1.510674412,12,50,2021-06-23 16:28:05,52.50441833333333,13.335711666666668,27.3,0.0,246.5,0.0621,0.03,18.3,18.3,12.23,0.68,1019.3,2.79,0.95,3.0,16.093,3.14159,Joachimstaler Straße,4.751724695172316,4451.927877157959,pc4,Residential,2021-06-23 16:28:05,52.50443,13.33563,38.1,0.0,254.2,0.0621,0.03,18.3,18.3,12.23,0.68,1019.3,2.79,0.95,3.0,16.093,3.14159,Nürnberger Straße,6.193922087862488,4454.265434176487,pc2,Residential,False,False,5.673627617621544,50,10,0.0
1624458485.5026689,2021-06-23T14:28:05.502668Z,52.50443,13.33563,2,4,S2,1624458485.5026689,21.347716,-60.444966,-32.612394,0.00593529776,41.0,486.0,1.14,1.185543364,12,50,2021-06-23 16:28:05,52.50443,13.33563,38.1,0.0,254.2,0.0621,0.03,18.3,18.3,12.23,0.68,1019.3,2.79,0.95,3.0,16.093,3.14159,Nürnberger Straße,6.193922087862488,4454.265434176487,pc2,Residential,2021-06-23 16:28:05,52.50441833333333,13.335711666666668,27.3,0.0,246.5,0.0621,0.03,18.3,18.3,12.23,0.68,1019.3,2.79,0.95,3.0,16.093,3.14159,Joachimstaler Straße,4.751724695172316,4451.927877157959,pc4,Residential,False,False,5.673627617621544,50,10,0.0
1624458486.4998522,2021-06-23T14:28:06.499852Z,52.50441833333333,13.33571,4,2,S2,1624458486.4998522,22.1636568627451,-64.82370196078432,-37.03946470588235,0.001443985,41.0,585.3333333333334,5.0,0.285402025490196,12,51,2021-06-23 16:28:06,52.50441833333333,13.33571,27.3,0.0,246.5,0.0621,0.03,18.3,18.3,12.23,0.68,1019.3,2.79,0.95,3.0,16.093,3.14159,Joachimstaler Straße,4.766413185233355,4451.927877157959,pc4,Residential,2021-06-23 16:28:06,52.50443,13.33563,38.1,1.2964,254.2,0.0621,0.03,18.3,18.3,12.23,0.68,1019.3,2.79,0.95,3.0,16.093,3.14159,Nürnberger Straße,6.193922087862488,4454.265434176487,pc2,Residential,False,False,5.5639466548388805,50,10,-0.02
1624458486.5025208,2021-06-23T14:28:06.502520Z,52.50443,13.33563,2,4,S2,1624458486.5025208,19.733906,-65.06241,-37.271886,0.00199060728,41.0,586.0,1.0,0.26036186,12,50,2021-06-23 16:28:06,52.50443,13.33563,38.1,1.2964,254.2,0.0621,0.03,18.3,18.3,12.23,0.68,1019.3,2.79,0.95,3.0,16.093,3.14159,Nürnberger Straße,6.193922087862488,4454.265434176487,pc2,Residential,2021-06-23 16:28:06,52.50441833333333,13.33571,27.3,0.0,246.5,0.0621,0.03,18.3,18.3,12.23,0.68,1019.3,2.79,0.95,3.0,16.093,3.14159,Joachimstaler Straße,4.766413185233355,4451.927877157959,pc4,Residential,False,False,5.5639466548388805,50,10,0.0
1624458487.5069516,2021-06-23T14:28:07.506951Z,52.50442833333334,13.335625,2,4,S2,1624458487.5069516,22.625091836734693,-54.74875714285714,-26.952744897959185,0.0135352250816326,41.0,686.1428571428571,3.857142857142857,2.930787202040817,12,49,2021-06-23 16:28:07,52.50442833333334,13.335625,38.1,1.852,239.6,0.0621,0.03,18.3,18.3,12.23,0.68,1019.3,2.79,0.95,3.0,16.093,3.14159,Nürnberger Straße,5.960817445846431,4454.265434176487,pc2,Residential,2021-06-23 16:28:07,52.50441833333333,13.335708333333333,27.3,3.3336,246.5,0.0621,0.03,18.3,18.3,12.23,0.68,1019.3,2.79,0.95,3.0,16.093,3.14159,Joachimstaler Straße,4.7811016752224536,4451.927877157959,pc4,Residential,False,False,5.744729804266226,50,10,0.02
1624458487.509339,2021-06-23T14:28:07.509339Z,52.50441833333333,13.335708333333333,4,2,S2,1624458487.509339,25.29051875,-53.80658125,-26.041608333333333,0.0120549731875,41.0,686.125,6.583333333333333,3.4037557083333336,12,48,2021-06-23 16:28:07,52.50441833333333,13.335708333333333,27.3,3.3336,246.5,0.0621,0.03,18.3,18.3,12.23,0.68,1019.3,2.79,0.95,3.0,16.093,3.14159,Joachimstaler Straße,4.7811016752224536,4451.927877157959,pc4,Residential,2021-06-23 16:28:07,52.50442833333334,13.335625,38.1,1.852,239.6,0.0621,0.03,18.3,18.3,12.23,0.68,1019.3,2.79,0.95,3.0,16.093,3.14159,Nürnberger Straße,5.960817445846431,4454.265434176487,pc2,Residential,False,False,5.744729804266226,50,10,0.04
1624458488.4971752,2021-06-23T14:28:08.497175Z,52.504403333333336,13.335686666666668,4,2,S2,1624458488.4971752,24.831754,-56.838428,-29.071154,0.01088301314,41.0,785.0,5.7,3.019158702,12,50,2021-06-23 16:28:08,52.504403333333336,13.335686666666668,27.2,11.112,221.0,0.0621,0.03,18.3,18.3,12.23,0.68,1019.3,2.79,0.95,3.0,16.093,3.14159,Nürnberger Straße,3.8576721456343415,4454.265434176487,pc4,Residential,2021-06-23 16:28:08,52.504425,13.335616666666668,38.1,3.1484,233.9,0.0621,0.03,18.3,18.3,12.23,0.68,1019.3,2.79,0.95,3.0,16.093,3.14159,Nürnberger Straße,5.511258503129087,4454.265434176487,pc2,Residential,False,False,5.3115430601426725,50,10,0.0
1624458488.5015075,2021-06-23T14:28:08.501507Z,52.504425,13.335616666666668,2,4,S2,1624458488.5015075,22.458159183673477,-57.18275714285715,-29.399310204081637,0.0120247605510204,41.0,785.530612244898,4.673469387755102,2.5998244346938773,12,49,2021-06-23 16:28:08,52.504425,13.335616666666668,38.1,3.1484,233.9,0.0621,0.03,18.3,18.3,12.23,0.68,1019.3,2.79,0.95,3.0,16.093,3.14159,Nürnberger Straße,5.511258503129087,4454.265434176487,pc2,Residential,2021-06-23 16:28:08,52.504403333333336,13.335686666666668,27.2,11.112,221.0,0.0621,0.03,18.3,18.3,12.23,0.68,1019.3,2.79,0.95,3.0,16.093,3.14159,Nürnberger Straße,3.8576721456343415,4454.265434176487,pc4,Residential,False,False,5.3115430601426725,50,10,0.02
1624458489.4870238,2021-06-23T14:28:09.487023Z,52.504375,13.33565,4,2,S2,1624458489.4870238,23.801922448979592,-61.84447346938775,-34.06953469387755,0.002551715,41.0,884.204081632653,3.122448979591837,0.7482937387755102,12,49,2021-06-23 16:28:09,52.504375,13.33565,27.1,17.408800000000003,217.0,0.0621,0.03,18.3,18.3,12.23,0.68,1019.3,2.79,0.95,3.0,16.093,3.14159,Nürnberger Straße,0.3496567370373858,4457.165276321555,pc4,Residential,2021-06-23 16:28:09,52.504415,13.335603333333331,38.0,8.148800000000001,215.5,0.0621,0.03,18.3,18.3,12.23,0.68,1019.3,2.79,0.95,3.0,16.093,3.14159,Nürnberger Straße,4.279134065144719,4457.165276321555,pc2,Residential,False,False,5.451464802588943,50,10,0.02
1624458489.4903553,2021-06-23T14:28:09.490355Z,52.504415,13.335603333333331,2,4,S2,1624458489.4903553,21.250472916666663,-62.424525,-34.642337500000004,0.0036883551041666,41.0,884.7708333333334,1.1041666666666667,0.636957925,12,48,2021-06-23 16:28:09,52.504415,13.335603333333331,38.0,8.148800000000001,215.5,0.0621,0.03,18.3,18.3,12.23,0.68,1019.3,2.79,0.95,3.0,16.093,3.14159,Nürnberger Straße,4.279134065144719,4457.165276321555,pc2,Residential,2021-06-23 16:28:09,52.504375,13.33565,27.1,17.408800000000003,217.0,0.0621,0.03,18.3,18.3,12.23,0.68,1019.3,2.79,0.95,3.0,16.093,3.14159,Nürnberger Straße,0.3496567370373858,4457.165276321555,pc4,Residential,False,False,5.451464802588943,50,10,0.04
1624458490.4695,2021-06-23T14:28:10.469500Z,52.50432833333333,13.335598333333332,4,2,S2,1624458490.4695,20.522750666666667,-64.32885777777778,-36.576260000000005,0.0101887120222222,41.0,845.6888888888889,5.777777777777778,0.2942368955555555,12,45,2021-06-23 16:28:10,52.50432833333333,13.335598333333332,27.0,23.5204,212.5,0.0621,0.03,18.3,18.3,12.23,0.68,1019.3,2.79,0.95,3.0,16.093,3.14159,Nürnberger Straße,5.294805201298509,4464.892678897484,pc4,Residential,2021-06-23 16:28:10,52.50439,13.335581666666666,38.0,14.0752,202.0,0.0621,0.03,18.3,18.3,12.23,0.68,1019.3,2.79,0.95,3.0,16.093,3.14159,Nürnberger Straße,1.3153753585217371,4457.165276321555,pc2,Residential,False,False,6.944093387523015,50,10,0.1
1624458490.497229,2021-06-23T14:28:10.497229Z,52.50439,13.335581666666666,2,4,S2,1624458490.497229,20.299042857142855,-66.01374693877551,-38.24388163265306,0.0015951231632653,41.0,860.0816326530612,1.0,0.2217291510204082,12,49,2021-06-23 16:28:10,52.50439,13.335581666666666,38.0,14.0752,202.0,0.0621,0.03,18.3,18.3,12.23,0.68,1019.3,2.79,0.95,3.0,16.093,3.14159,Nürnberger Straße,1.3153753585217371,4457.165276321555,pc2,Residential,2021-06-23 16:28:10,52.50432833333333,13.335598333333332,27.0,23.5204,212.5,0.0621,0.03,18.3,18.3,12.23,0.68,1019.3,2.79,0.95,3.0,16.093,3.14159,Nürnberger Straße,5.294805201298509,4464.892678897484,pc4,Residential,False,False,6.944093387523015,50,10,0.02
1624458491.3216248,2021-06-23T14:28:11.321624Z,52.504275,13.335541666666666,4,2,S2,1624458491.3216248,20.35431875,-66.7490875,-38.946496875,0.00118198871875,41.0,43.6875,3.25,0.1381272718749999,12,32,2021-06-23 16:28:11,52.504275,13.335541666666666,27.1,25.002,212.0,0.0621,0.03,18.3,18.3,12.23,0.68,1019.3,2.79,0.95,3.0,16.093,3.14159,Nürnberger Straße,11.72183254729105,4469.683778723185,pc4,Residential,2021-06-23 16:28:11,52.50435,13.335556666666667,37.8,17.7792,198.7,0.0621,0.03,18.3,18.3,12.23,0.68,1019.3,2.79,0.95,3.0,16.093,3.14159,Nürnberger Straße,3.3300665922879986,4464.892678897484,pc2,Residential,False,False,8.394719694644696,50,10,0.36
1624458491.505886,2021-06-23T14:28:11.505886Z,52.50435,13.335556666666667,2,4,S2,1624458491.505886,18.593585714285712,-66.99721020408163,-39.202726530612246,0.0015959558163265,41.0,61.67346938775511,7.63265306122449,0.1449326367346938,12,49,2021-06-23 16:28:11,52.50435,13.335556666666667,37.8,17.7792,198.7,0.0621,0.03,18.3,18.3,12.23,0.68,1019.3,2.79,0.95,3.0,16.093,3.14159,Nürnberger Straße,3.3300665922879986,4464.892678897484,pc2,Residential,2021-06-23 16:28:11,52.504275,13.335541666666666,27.1,25.002,212.0,0.0621,0.03,18.3,18.3,12.23,0.68,1019.3,2.79,0.95,3.0,16.093,3.14159,Nürnberger Straße,11.72183254729105,4469.683778723185,pc4,Residential,False,False,8.394719694644696,50,10,0.02
1624458492.504192,2021-06-23T14:28:12.504191Z,52.50430166666666,13.335528333333333,2,4,S2,1624458492.504192,17.928982,-69.425782,-41.633034,0.0011347416,41.0,161.5,7.5,0.085924604,12,50,2021-06-23 16:28:12,52.50430166666666,13.335528333333333,37.7,22.0388,197.9,0.0621,0.03,18.3,18.3,12.23,0.68,1019.3,2.79,0.95,3.0,16.093,3.14159,Nürnberger Straße,8.924577302857106,4469.683778723185,pc2,Residential,2021-06-23 16:28:12,52.50422,13.335486666666666,27.1,25.002,211.6,0.0621,0.03,18.3,18.3,12.23,0.68,1019.3,2.79,0.95,3.0,16.093,3.14159,Nürnberger Straße,18.315363081839397,4475.071898012332,pc4,Residential,False,False,9.501237331984552,50,10,0.0
1624458492.746771,2021-06-23T14:28:12.746771Z,52.50422,13.335486666666666,4,2,S2,1624458492.746771,13.019902272727274,-70.31596818181818,-42.61216363636363,0.0040205221818181,41.0,185.9090909090909,6.181818181818182,0.0615523136363636,12,22,2021-06-23 16:28:12,52.50422,13.335486666666666,27.1,25.002,211.6,0.0621,0.03,18.3,18.3,12.23,0.68,1019.3,2.79,0.95,3.0,16.093,3.14159,Nürnberger Straße,18.315363081839397,4475.071898012332,pc4,Residential,2021-06-23 16:28:12,52.50430166666666,13.335528333333333,37.7,22.0388,197.9,0.0621,0.03,18.3,18.3,12.23,0.68,1019.3,2.79,0.95,3.0,16.093,3.14159,Nürnberger Straße,8.924577302857106,4469.683778723185,pc2,Residential,False,False,9.501237331984552,50,10,0.56
1624458493.4955547,2021-06-23T14:28:13.495554Z,52.50416333333333,13.335428333333333,4,2,S2,1624458493.4955547,12.01825695652174,-66.76384347826088,-38.99748695652174,0.0092691098260869,41.0,260.80434782608694,6.0,0.1511753586956521,12,46,2021-06-23 16:28:13,52.50416333333333,13.335428333333333,27.0,25.928,212.7,0.0621,0.03,18.3,18.3,12.23,0.68,1019.3,2.79,0.95,3.0,16.093,3.14159,Nürnberger Straße,25.12534780469138,4487.373246704373,pc4,Residential,2021-06-23 16:28:13,52.50424833333334,13.3355,37.7,22.5944,200.1,0.0621,0.03,18.3,18.3,12.23,0.68,1019.3,2.79,0.95,3.0,16.093,3.14159,Nürnberger Straße,15.068548856098197,4475.071898012332,pc2,Residential,False,False,10.615068785425128,50,10,0.08
1624458493.5067246,2021-06-23T14:28:13.506724Z,52.50424833333334,13.3355,2,4,S2,1624458493.5067246,19.206286,-68.870678,-41.053806,0.0009250380799999,41.0,262.0,5.2,0.0967775179999999,12,50,2021-06-23 16:28:13,52.50424833333334,13.3355,37.7,22.5944,200.1,0.0621,0.03,18.3,18.3,12.23,0.68,1019.3,2.79,0.95,3.0,16.093,3.14159,Nürnberger Straße,15.068548856098197,4475.071898012332,pc2,Residential,2021-06-23 16:28:13,52.50416333333333,13.335428333333333,27.0,25.928,212.7,0.0621,0.03,18.3,18.3,12.23,0.68,1019.3,2.79,0.95,3.0,16.093,3.14159,Nürnberger Straße,25.12534780469138,4487.373246704373,pc4,Residential,False,False,10.615068785425128,50,10,0.0
1624458494.490406,2021-06-23T14:28:14.490406Z,52.504106666666665,13.33537,4,2,S2,1624458494.490406,20.78654285714286,-68.14248367346939,-40.372904081632655,0.0008675054897959,41.0,360.48979591836735,4.0,0.1165627632653061,12,49,2021-06-23 16:28:14,52.504106666666665,13.33537,26.9,27.4096,210.8,0.0621,0.03,18.3,18.3,12.23,0.68,1019.3,2.79,0.95,3.0,16.093,3.14159,Nürnberger Straße,31.9353324227854,4494.074341716152,pc4,Residential,2021-06-23 16:28:14,52.50419333333333,13.33546,37.6,24.076,207.6,0.0621,0.03,18.3,18.3,12.23,0.68,1019.3,2.79,0.95,3.0,16.093,3.14159,Nürnberger Straße,21.512226337562364,4481.000906826534,pc2,Residential,False,False,11.39151048374422,50,10,0.02
1624458494.492529,2021-06-23T14:28:14.492528Z,52.50419333333333,13.33546,2,4,S2,1624458494.492529,19.1069693877551,-68.805,-41.03028367346938,0.0009339188571428,41.0,361.0,1.0,0.0948732204081632,12,49,2021-06-23 16:28:14,52.50419333333333,13.33546,37.6,24.076,207.6,0.0621,0.03,18.3,18.3,12.23,0.68,1019.3,2.79,0.95,3.0,16.093,3.14159,Nürnberger Straße,21.512226337562364,4481.000906826534,pc2,Residential,2021-06-23 16:28:14,52.504106666666665,13.33537,26.9,27.4096,210.8,0.0621,0.03,18.3,18.3,12.23,0.68,1019.3,2.79,0.95,3.0,16.093,3.14159,Nürnberger Straße,31.9353324227854,4494.074341716152,pc4,Residential,False,False,11.39151048374422,50,10,0.02
1624458495.4954915,2021-06-23T14:28:15.495491Z,52.504045,13.335311666666666,4,2,S2,1624458495.4954915,20.09046,-66.348348,-38.604746,0.0014496261599999,41.0,461.0,4.0,0.184862432,12,50,2021-06-23 16:28:15,52.504045,13.335311666666666,26.9,28.1504,210.4,0.0621,0.03,18.3,18.3,12.23,0.68,1019.3,2.79,0.95,3.0,16.093,3.14159,Nürnberger Straße,39.29477780390931,4501.032847332756,pc4,Residential,2021-06-23 16:28:15,52.50413666666667,13.33541,37.5,25.742800000000003,210.4,0.0621,0.03,18.3,18.3,12.23,0.68,1019.3,2.79,0.95,3.0,16.093,3.14159,Nürnberger Straße,28.238959371066034,4487.373246704373,pc2,Residential,False,False,12.163541285670668,50,10,0.0
1624458495.5099776,2021-06-23T14:28:15.509977Z,52.50413666666667,13.33541,2,4,S2,1624458495.5099776,15.039535102040816,-66.67566734693878,-38.89219795918367,0.0063071340612244,41.0,462.48979591836735,3.5510204081632653,0.1679553265306122,12,49,2021-06-23 16:28:15,52.50413666666667,13.33541,37.5,25.742800000000003,210.4,0.0621,0.03,18.3,18.3,12.23,0.68,1019.3,2.79,0.95,3.0,16.093,3.14159,Nürnberger Straße,28.238959371066034,4487.373246704373,pc2,Residential,2021-06-23 16:28:15,52.504045,13.335311666666666,26.9,28.1504,210.4,0.0621,0.03,18.3,18.3,12.23,0.68,1019.3,2.79,0.95,3.0,16.093,3.14159,Nürnberger Straße,39.29477780390931,4501.032847332756,pc4,Residential,False,False,12.163541285670668,50,10,0.02
1624458496.495506,2021-06-23T14:28:16.495506Z,52.503985,13.335251666666666,4,2,S2,1624458496.495506,20.150078,-69.381154,-41.62492,0.0006794955,41.0,561.0,4.0,0.0871999639999999,12,50,2021-06-23 16:28:16,52.503985,13.335251666666666,26.9,27.2244,210.3,0.0621,0.03,18.3,18.3,12.23,0.68,1019.3,2.79,0.95,3.0,16.093,3.14159,Nürnberger Straße,46.48771977908224,4508.069258220471,pc4,Residential,2021-06-23 16:28:16,52.50407833333333,13.335356666666666,37.4,26.2984,208.9,0.0621,0.03,18.3,18.3,12.23,0.68,1019.3,2.79,0.95,3.0,16.093,3.14159,Nürnberger Straße,35.18214660531526,4494.074341716152,pc2,Residential,False,False,12.56812698894029,50,10,0.0
1624458496.5026386,2021-06-23T14:28:16.502638Z,52.50407833333333,13.335356666666666,2,4,S2,1624458496.5026386,18.553998,-70.333588,-42.547584,0.00072153354,41.0,562.0,1.1,0.067888736,12,50,2021-06-23 16:28:16,52.50407833333333,13.335356666666666,37.4,26.2984,208.9,0.0621,0.03,18.3,18.3,12.23,0.68,1019.3,2.79,0.95,3.0,16.093,3.14159,Nürnberger Straße,35.18214660531526,4494.074341716152,pc2,Residential,2021-06-23 16:28:16,52.503985,13.335251666666666,26.9,27.2244,210.3,0.0621,0.03,18.3,18.3,12.23,0.68,1019.3,2.79,0.95,3.0,16.093,3.14159,Nürnberger Straße,46.48771977908224,4508.069258220471,pc4,Residential,False,False,12.56812698894029,50,10,0.0
1624458497.5116863,2021-06-23T14:28:17.511686Z,52.50402166666667,13.335296666666666,2,4,S2,1624458497.5116863,18.38586595744681,-70.21551276595746,-42.43559787234042,0.0007859901063829,41.0,662.8085106382979,2.042553191489361,0.0742297668085106,12,47,2021-06-23 16:28:17,52.50402166666667,13.335296666666666,37.3,27.0392,211.6,0.0621,0.03,18.3,18.3,12.23,0.68,1019.3,2.79,0.95,3.0,16.093,3.14159,Nürnberger Straße,42.00878142113683,4501.032847332756,pc2,Residential,2021-06-23 16:28:17,52.50392833333333,13.335196666666668,26.9,25.557600000000004,209.7,0.0621,0.03,18.3,18.3,12.23,0.68,1019.3,2.79,0.95,3.0,16.093,3.14159,Nürnberger Straße,53.26440345013906,4515.006146087001,pc4,Residential,False,False,12.380235612537172,50,10,0.06
1624458497.5881543,2021-06-23T14:28:17.588154Z,52.50392833333333,13.335196666666668,4,2,S2,1624458497.5881543,19.791287500000003,-69.8667875,-42.0953475,0.000653105175,41.0,670.35,3.15,0.0841527805,12,40,2021-06-23 16:28:17,52.50392833333333,13.335196666666668,26.9,25.557600000000004,209.7,0.0621,0.03,18.3,18.3,12.23,0.68,1019.3,2.79,0.95,3.0,16.093,3.14159,Nürnberger Straße,53.26440345013906,4515.006146087001,pc4,Residential,2021-06-23 16:28:17,52.50402166666667,13.335296666666666,37.3,27.0392,211.6,0.0621,0.03,18.3,18.3,12.23,0.68,1019.3,2.79,0.95,3.0,16.093,3.14159,Nürnberger Straße,42.00878142113683,4501.032847332756,pc2,Residential,False,False,12.380235612537172,50,10,0.2
1624458498.435439,2021-06-23T14:28:18.435439Z,52.50387166666667,13.335146666666668,4,2,S2,1624458498.435439,19.39701944444444,-70.40260555555557,-42.58233333333333,0.0006297792777777,41.0,754.8888888888889,5.055555555555555,0.074236975,12,36,2021-06-23 16:28:18,52.50387166666667,13.335146666666668,27.0,24.4464,208.2,0.0621,0.03,18.3,18.3,12.23,0.68,1019.3,2.79,0.95,3.0,16.093,3.14159,Nürnberger Straße,59.99113609114307,4521.674979144103,pc4,Residential,2021-06-23 16:28:18,52.50396666666666,13.335235,37.3,25.3724,212.9,0.0621,0.03,18.3,18.3,12.23,0.68,1019.3,2.79,0.95,3.0,16.093,3.14159,Nürnberger Straße,48.66891282075159,4508.069258220471,pc2,Residential,False,False,12.128334426474476,50,10,0.28
1624458498.5000048,2021-06-23T14:28:18.500004Z,52.50396666666666,13.335235,2,4,S2,1624458498.5000048,18.040482,-71.074114,-43.306082,0.0006841735,41.0,761.72,1.28,0.0594513599999999,12,50,2021-06-23 16:28:18,52.50396666666666,13.335235,37.3,25.3724,212.9,0.0621,0.03,18.3,18.3,12.23,0.68,1019.3,2.79,0.95,3.0,16.093,3.14159,Nürnberger Straße,48.66891282075159,4508.069258220471,pc2,Residential,2021-06-23 16:28:18,52.50387166666667,13.335146666666668,27.0,24.4464,208.2,0.0621,0.03,18.3,18.3,12.23,0.68,1019.3,2.79,0.95,3.0,16.093,3.14159,Nürnberger Straße,59.99113609114307,4521.674979144103,pc4,Residential,False,False,12.128334426474476,50,10,0.0
1624458499.493194,2021-06-23T14:28:19.493193Z,52.50391,13.33518,2,4,S2,1624458499.493194,18.12885217391304,-70.58452391304348,-42.79461956521739,0.0007813317173913,41.0,860.8478260869565,3.1739130434782608,0.0706207680434782,12,46,2021-06-23 16:28:19,52.50391,13.33518,37.2,25.928,212.5,0.0621,0.03,18.3,18.3,12.23,0.68,1019.3,2.79,0.95,3.0,16.093,3.14159,Nürnberger Straße,55.44559646445772,4515.006146087001,pc2,Residential,2021-06-23 16:28:19,52.50382166666667,13.33509,27.0,23.8908,208.7,0.0621,0.03,18.3,18.3,12.23,0.68,1019.3,2.79,0.95,3.0,16.093,3.14159,Nürnberger Straße,66.05185540178111,4527.97457284798,pc4,Residential,False,False,11.54850552143296,50,10,0.08
1624458499.548248,2021-06-23T14:28:19.548248Z,52.50382166666667,13.33509,4,2,S2,1624458499.548248,19.021158139534883,-70.93975581395348,-43.13829069767442,0.0005911911860465,41.0,866.2558139534884,4.209302325581396,0.0652295202325581,12,43,2021-06-23 16:28:19,52.50382166666667,13.33509,27.0,23.8908,208.7,0.0621,0.03,18.3,18.3,12.23,0.68,1019.3,2.79,0.95,3.0,16.093,3.14159,Nürnberger Straße,66.05185540178111,4527.97457284798,pc4,Residential,2021-06-23 16:28:19,52.50391,13.33518,37.2,25.928,212.5,0.0621,0.03,18.3,18.3,12.23,0.68,1019.3,2.79,0.95,3.0,16.093,3.14159,Nürnberger Straße,55.44559646445772,4515.006146087001,pc2,Residential,False,False,11.54850552143296,50,10,0.14
1624458500.5012794,2021-06-23T14:28:20.501279Z,52.50376833333333,13.335031666666668,4,2,S2,1624458500.5012794,16.82356551020408,-69.5901469387755,-41.81474489795919,0.0027386733877551,41.0,961.6326530612243,3.4693877551020407,0.0836087428571428,12,49,2021-06-23 16:28:20,52.50376833333333,13.335031666666668,27.0,24.6316,208.9,0.0621,0.03,18.3,18.3,12.23,0.68,1019.3,2.79,0.95,3.0,16.093,3.14159,Nürnberger Straße,72.52770393442873,4533.869060984604,pc4,Residential,2021-06-23 16:28:20,52.503855,13.33512,37.1,25.1872,213.0,0.0621,0.03,18.3,18.3,12.23,0.68,1019.3,2.79,0.95,3.0,16.093,3.14159,Nürnberger Straße,62.08907732711169,4521.674979144103,pc2,Residential,False,False,11.331738191252615,50,10,0.02
1624458500.5066252,2021-06-23T14:28:20.506625Z,52.503855,13.33512,2,4,S2,1624458500.5066252,17.952972916666667,-70.80160208333334,-43.04245625,0.0007589333333333,41.0,961.9166666666666,5.916666666666667,0.0662846125,12,48,2021-06-23 16:28:20,52.503855,13.33512,37.1,25.1872,213.0,0.0621,0.03,18.3,18.3,12.23,0.68,1019.3,2.79,0.95,3.0,16.093,3.14159,Nürnberger Straße,62.08907732711169,4521.674979144103,pc2,Residential,2021-06-23 16:28:20,52.50376833333333,13.335031666666668,27.0,24.6316,208.9,0.0621,0.03,18.3,18.3,12.23,0.68,1019.3,2.79,0.95,3.0,16.093,3.14159,Nürnberger Straße,72.52770393442873,4533.869060984604,pc4,Residential,False,False,11.331738191252615,50,10,0.04
1624458501.4411988,2021-06-23T14:28:21.441198Z,52.50380333333333,13.33506,2,4,S2,1624458501.4411988,18.71279375,-69.80856875,-42.019884375,0.00082548603125,41.0,223.625,3.34375,0.0838678325,12,32,2021-06-23 16:28:21,52.50380333333333,13.33506,37.0,24.8168,215.4,0.0621,0.03,18.3,18.3,12.23,0.68,1019.3,2.79,0.95,3.0,16.093,3.14159,Nürnberger Straße,68.37960900436657,4533.869060984604,pc2,Residential,2021-06-23 16:28:21,52.50372166666666,13.334971666666666,27.0,22.224,209.1,0.0641,0.03,18.27,18.27,12.23,0.68,1019.4,2.77,0.95,3.0,16.093,3.14159,Nürnberger Straße,78.30214435574749,4544.436515921468,pc4,Residential,False,False,10.863625335509209,50,10,0.36
1624458501.4990227,2021-06-23T14:28:21.499022Z,52.50372166666666,13.334971666666666,4,2,S2,1624458501.4990227,18.0149574,-69.757622,-41.992316,0.00181625134,41.0,159.92,7.12,0.0841015059999999,12,50,2021-06-23 16:28:21,52.50372166666666,13.334971666666666,27.0,22.224,209.1,0.0641,0.03,18.27,18.27,12.23,0.68,1019.4,2.77,0.95,3.0,16.093,3.14159,Nürnberger Straße,78.30214435574749,4544.436515921468,pc4,Residential,2021-06-23 16:28:21,52.50380333333333,13.33506,37.0,24.8168,215.4,0.0621,0.03,18.3,18.3,12.23,0.68,1019.3,2.79,0.95,3.0,16.093,3.14159,Nürnberger Straße,68.37960900436657,4533.869060984604,pc2,Residential,False,False,10.863625335509209,50,10,0.0
1624458502.4994855,2021-06-23T14:28:22.499485Z,52.50367666666666,13.33492,4,2,S2,1624458502.4994855,19.036794,-70.46117,-42.640756,0.00068883336,41.0,137.0,8.0,0.072621388,12,50,2021-06-23 16:28:22,52.50367666666666,13.33492,27.0,21.1128,211.2,0.0641,0.03,18.27,18.27,12.23,0.68,1019.4,2.77,0.95,3.0,16.093,3.14159,Nürnberger Straße,83.80248149444182,4549.115938055002,pc4,Residential,2021-06-23 16:28:22,52.50375833333333,13.334995,36.9,23.15,225.6,0.0641,0.03,18.27,18.27,12.23,0.68,1019.4,2.77,0.95,3.0,16.093,3.14159,Nürnberger Straße,74.02613465260495,4539.352593251852,pc2,Residential,False,False,10.395117542352908,50,10,0.0
1624458502.5155325,2021-06-23T14:28:22.515532Z,52.50375833333333,13.334995,2,4,S2,1624458502.5155325,18.11730208333333,-70.83246041666666,-43.06555624999999,0.000731218375,41.0,139.0,4.0,0.0684062395833333,12,48,2021-06-23 16:28:22,52.50375833333333,13.334995,36.9,23.15,225.6,0.0641,0.03,18.27,18.27,12.23,0.68,1019.4,2.77,0.95,3.0,16.093,3.14159,Nürnberger Straße,74.02613465260495,4539.352593251852,pc2,Residential,2021-06-23 16:28:22,52.50367666666666,13.33492,27.0,21.1128,211.2,0.0641,0.03,18.27,18.27,12.23,0.68,1019.4,2.77,0.95,3.0,16.093,3.14159,Nürnberger Straße,83.80248149444182,4549.115938055002,pc4,Residential,False,False,10.395117542352908,50,10,0.04
1624458503.4996345,2021-06-23T14:28:23.499634Z,52.503635,13.334871666666666,4,2,S2,1624458503.4996345,20.130342,-69.73191,-41.903580000000005,0.0006009342,41.0,237.04,7.72,0.078899734,12,50,2021-06-23 16:28:23,52.503635,13.334871666666666,26.9,18.52,212.2,0.0641,0.03,18.27,18.27,12.23,0.68,1019.4,2.77,0.95,3.0,16.093,3.14159,Nürnberger Straße,88.90080054374148,4553.442044784404,pc4,Residential,2021-06-23 16:28:23,52.50371333333333,13.334936666666668,36.5,22.5944,224.6,0.0641,0.03,18.27,18.27,12.23,0.68,1019.4,2.77,0.95,3.0,16.093,3.14159,Nürnberger Straße,79.59956598332079,4544.436515921468,pc2,Residential,False,False,9.750483990978363,50,10,0.0
1624458503.500209,2021-06-23T14:28:23.500209Z,52.50371333333333,13.334936666666668,2,4,S2,1624458503.500209,13.024093191489362,-69.75147872340426,-41.931263829787234,0.0047778597021276,41.0,237.51063829787236,3.5319148936170213,0.0791565978723404,12,47,2021-06-23 16:28:23,52.50371333333333,13.334936666666668,36.5,22.5944,224.6,0.0641,0.03,18.27,18.27,12.23,0.68,1019.4,2.77,0.95,3.0,16.093,3.14159,Nürnberger Straße,79.59956598332079,4544.436515921468,pc2,Residential,2021-06-23 16:28:23,52.503635,13.334871666666666,26.9,18.52,212.2,0.0641,0.03,18.27,18.27,12.23,0.68,1019.4,2.77,0.95,3.0,16.093,3.14159,Nürnberger Straße,88.90080054374148,4553.442044784404,pc4,Residential,False,False,9.750483990978363,50,10,0.06
1624458504.500078,2021-06-23T14:28:24.500077Z,52.503598333333336,13.334831666666666,4,2,S2,1624458504.500078,18.33938979591837,-68.81268163265305,-41.05723265306123,0.003406628,41.0,337.4897959183673,3.673469387755102,0.0978258591836734,12,49,2021-06-23 16:28:24,52.503598333333336,13.334831666666666,26.9,16.668,212.4,0.0641,0.03,18.27,18.27,12.23,0.68,1019.4,2.77,0.95,3.0,16.093,3.14159,Nürnberger Straße,93.19528369873044,4557.4545993518495,pc4,Residential,2021-06-23 16:28:24,52.50366833333333,13.334891666666667,36.2,19.446,223.0,0.0641,0.03,18.27,18.27,12.23,0.68,1019.4,2.77,0.95,3.0,16.093,3.14159,Nürnberger Straße,85.02680890932453,4549.115938055002,pc2,Residential,False,False,8.772344036525636,50,10,0.02
1624458504.5187588,2021-06-23T14:28:24.518758Z,52.50366833333333,13.334891666666667,2,4,S2,1624458504.5187588,17.560994583333333,-69.7961125,-42.0368,0.0018638481875,41.0,339.4166666666667,3.0625,0.0831321554166666,12,48,2021-06-23 16:28:24,52.50366833333333,13.334891666666667,36.2,19.446,223.0,0.0641,0.03,18.27,18.27,12.23,0.68,1019.4,2.77,0.95,3.0,16.093,3.14159,Nürnberger Straße,85.02680890932453,4549.115938055002,pc2,Residential,2021-06-23 16:28:24,52.503598333333336,13.334831666666666,26.9,16.668,212.4,0.0641,0.03,18.27,18.27,12.23,0.68,1019.4,2.77,0.95,3.0,16.093,3.14159,Nürnberger Straße,93.19528369873044,4557.4545993518495,pc4,Residential,False,False,8.772344036525636,50,10,0.04
1624458505.4987872,2021-06-23T14:28:25.498787Z,52.50356833333333,13.334786666666666,4,2,S2,1624458505.4987872,21.285982549019607,-66.27780588235294,-38.53057647058824,0.0016621557843137,41.0,437.2156862745098,5.137254901960785,0.2023158431372549,12,51,2021-06-23 16:28:25,52.50356833333333,13.334786666666666,26.8,14.6308,214.1,0.0641,0.03,18.27,18.27,12.23,0.68,1019.4,2.77,0.95,3.0,16.093,3.14159,Nürnberger Straße,96.3149335423477,4564.967641849319,pc4,Residential,2021-06-23 16:28:25,52.50363,13.334853333333331,35.9,15.5568,221.3,0.0641,0.03,18.27,18.27,12.23,0.68,1019.4,2.77,0.95,3.0,16.093,3.14159,Nürnberger Straße,89.56861309773497,4557.4545993518495,pc2,Residential,False,False,8.201900410894314,50,10,-0.02
1624458505.5049307,2021-06-23T14:28:25.504930Z,52.50363,13.334853333333331,2,4,S2,1624458505.5049307,19.97711458333333,-67.34550625,-39.55964166666666,0.0011058119375,41.0,438.1875,1.5416666666666667,0.15284449375,12,48,2021-06-23 16:28:25,52.50363,13.334853333333331,35.9,15.5568,221.3,0.0641,0.03,18.27,18.27,12.23,0.68,1019.4,2.77,0.95,3.0,16.093,3.14159,Nürnberger Straße,89.56861309773497,4557.4545993518495,pc2,Residential,2021-06-23 16:28:25,52.50356833333333,13.334786666666666,26.8,14.6308,214.1,0.0641,0.03,18.27,18.27,12.23,0.68,1019.4,2.77,0.95,3.0,16.093,3.14159,Nürnberger Straße,96.3149335423477,4564.967641849319,pc4,Residential,False,False,8.201900410894314,50,10,0.04
1624458506.4889271,2021-06-23T14:28:26.488927Z,52.5036,13.33482,2,4,S2,1624458506.4889271,19.9620306122449,-66.61824693877551,-38.83820816326531,0.0014667216734693,41.0,536.6122448979592,1.1428571428571428,0.2106156122448979,12,49,2021-06-23 16:28:26,52.5036,13.33482,35.6,13.5196,219.7,0.0641,0.03,18.27,18.27,12.23,0.68,1019.4,2.77,0.95,3.0,16.093,3.14159,Nürnberger Straße,93.07531748878966,4561.246772248707,pc2,Residential,2021-06-23 16:28:26,52.503545,13.334746666666666,26.8,13.7048,214.8,0.0641,0.03,18.27,18.27,12.23,0.68,1019.4,2.77,0.95,3.0,16.093,3.14159,Nürnberger Straße,98.06456707577514,4568.73817008587,pc4,Residential,False,False,7.870112218498473,50,10,0.02
1624458506.50078,2021-06-23T14:28:26.500779Z,52.503545,13.334746666666666,4,2,S2,1624458506.50078,21.92770408163265,-66.02523265306122,-38.26271836734694,0.0012721387142857,41.0,537.3265306122449,6.0,0.2453368734693877,12,49,2021-06-23 16:28:26,52.503545,13.334746666666666,26.8,13.7048,214.8,0.0641,0.03,18.27,18.27,12.23,0.68,1019.4,2.77,0.95,3.0,16.093,3.14159,Nürnberger Straße,98.06456707577514,4568.73817008587,pc4,Residential,2021-06-23 16:28:26,52.5036,13.33482,35.6,13.5196,219.7,0.0641,0.03,18.27,18.27,12.23,0.68,1019.4,2.77,0.95,3.0,16.093,3.14159,Nürnberger Straße,93.07531748878966,4561.246772248707,pc2,Residential,False,False,7.870112218498473,50,10,0.02
1624458507.462541,2021-06-23T14:28:27.462541Z,52.50357,13.334793333333334,2,4,S2,1624458507.462541,17.46846875,-71.874115625,-44.068675,0.0006351849375,41.0,633.84375,2.53125,0.045353346875,12,32,2021-06-23 16:28:27,52.50357,13.334793333333334,35.4,13.5196,218.4,0.0641,0.03,18.27,18.27,12.23,0.68,1019.4,2.77,0.95,3.0,16.093,3.14159,Nürnberger Straße,96.26074118087853,4564.967641849319,pc2,Residential,2021-06-23 16:28:27,52.503515,13.33471,26.8,15.0012,214.3,0.0641,0.03,18.27,18.27,12.23,0.68,1019.4,2.77,0.95,3.0,16.093,3.14159,Nürnberger Straße,100.52071250370084,4572.610598559928,pc4,Residential,False,False,8.312903896385375,50,10,0.36
1624458507.5011768,2021-06-23T14:28:27.501176Z,52.503515,13.33471,4,2,S2,1624458507.5011768,17.523934,-71.23452400000001,-43.456322,0.00086263796,41.0,637.38,5.86,0.0551540249999999,12,50,2021-06-23 16:28:27,52.503515,13.33471,26.8,15.0012,214.3,0.0641,0.03,18.27,18.27,12.23,0.68,1019.4,2.77,0.95,3.0,16.093,3.14159,Nürnberger Straße,100.52071250370084,4572.610598559928,pc4,Residential,2021-06-23 16:28:27,52.50357,13.334793333333334,35.4,13.5196,218.4,0.0641,0.03,18.27,18.27,12.23,0.68,1019.4,2.77,0.95,3.0,16.093,3.14159,Nürnberger Straße,96.26074118087853,4564.967641849319,pc2,Residential,False,False,8.312903896385375,50,10,0.0
1624458508.3854036,2021-06-23T14:28:28.385403Z,52.503481666666666,13.334676666666669,4,2,S2,1624458508.3854036,13.75501267142857,-67.89004,-40.15069142857143,0.0132342856857142,41.0,725.7428571428571,6.485714285714286,0.1257399342857142,12,35,2021-06-23 16:28:28,52.503481666666666,13.334676666666669,26.8,15.9272,204.6,0.0641,0.03,18.27,18.27,12.23,0.68,1019.4,2.77,0.95,3.0,16.093,3.14159,Nürnberger Straße,103.25040221043946,4576.516641484064,pc4,Residential,2021-06-23 16:28:28,52.50354333333333,13.334765,35.2,12.964,217.2,0.0641,0.03,18.27,18.27,12.23,0.68,1019.4,2.77,0.95,3.0,16.093,3.14159,Nürnberger Straße,98.58326295899968,4564.967641849319,pc2,Residential,False,False,9.090185991790984,50,10,0.3
1624458508.4957948,2021-06-23T14:28:28.495794Z,52.50354333333333,13.334765,2,4,S2,1624458508.4957948,18.705516,-69.871436,-42.084484,0.00079027696,41.0,737.02,4.06,0.0809947116,12,50,2021-06-23 16:28:28,52.50354333333333,13.334765,35.2,12.964,217.2,0.0641,0.03,18.27,18.27,12.23,0.68,1019.4,2.77,0.95,3.0,16.093,3.14159,Nürnberger Straße,98.58326295899968,4564.967641849319,pc2,Residential,2021-06-23 16:28:28,52.503481666666666,13.334676666666669,26.8,15.9272,204.6,0.0641,0.03,18.27,18.27,12.23,0.68,1019.4,2.77,0.95,3.0,16.093,3.14159,Nürnberger Straße,103.25040221043946,4576.516641484064,pc4,Residential,False,False,9.090185991790984,50,10,0.0
1624458509.4864416,2021-06-23T14:28:29.486441Z,52.503515,13.334736666666666,2,4,S2,1624458509.4864416,18.255098,-70.92804,-43.13114,0.00066772572,41.0,836.26,2.3,0.060007894,12,50,2021-06-23 16:28:29,52.503515,13.334736666666666,35.0,13.7048,201.5,0.0641,0.03,18.27,18.27,12.23,0.68,1019.4,2.77,0.95,3.0,16.093,3.14159,Nürnberger Straße,101.08384451732752,4568.73817008587,pc2,Residential,2021-06-23 16:28:29,52.50344666666667,13.33464,26.8,15.742,206.3,0.0641,0.03,18.27,18.27,12.23,0.68,1019.4,2.77,0.95,3.0,16.093,3.14159,Nürnberger Straße,106.07866378046418,4580.379358429355,pc4,Residential,False,False,10.01905014199782,50,10,0.0
1624458509.562175,2021-06-23T14:28:29.562175Z,52.50344666666667,13.33464,4,2,S2,1624458509.562175,18.938623255813955,-71.20280000000001,-43.41428372093024,0.0005594551627906,41.0,843.4651162790698,6.046511627906977,0.0589609004651162,12,43,2021-06-23 16:28:29,52.50344666666667,13.33464,26.8,15.742,206.3,0.0641,0.03,18.27,18.27,12.23,0.68,1019.4,2.77,0.95,3.0,16.093,3.14159,Nürnberger Straße,106.07866378046418,4580.379358429355,pc4,Residential,2021-06-23 16:28:29,52.503515,13.334736666666666,35.0,13.7048,201.5,0.0641,0.03,18.27,18.27,12.23,0.68,1019.4,2.77,0.95,3.0,16.093,3.14159,Nürnberger Straße,101.08384451732752,4568.73817008587,pc2,Residential,False,False,10.01905014199782,50,10,0.14
1624458510.4992514,2021-06-23T14:28:30.499251Z,52.50341333333333,13.334601666666666,4,2,S2,1624458510.4992514,18.244620408163264,-70.4519387755102,-42.68462448979592,0.0007949892448979,41.0,937.1632653061224,6.122448979591836,0.0682823685714285,12,49,2021-06-23 16:28:30,52.50341333333333,13.334601666666666,26.8,15.9272,206.8,0.0641,0.03,18.27,18.27,12.23,0.68,1019.4,2.77,0.95,3.0,16.093,3.14159,Nürnberger Straße,108.69461597638914,4584.277784284827,pc4,Residential,2021-06-23 16:28:30,52.503483333333335,13.334705,34.9,17.0384,202.9,0.0641,0.03,18.27,18.27,12.23,0.68,1019.4,2.77,0.95,3.0,16.093,3.14159,Nürnberger Straße,103.72051329299482,4576.516641484064,pc2,Residential,False,False,10.455907910250705,50,10,0.02
1624458510.5055523,2021-06-23T14:28:30.505552Z,52.503483333333335,13.334705,2,4,S2,1624458510.5055523,18.205832653061226,-71.08970408163266,-43.278781632653065,0.0006494384489795,41.0,938.265306122449,1.3673469387755102,0.0580685244897959,12,49,2021-06-23 16:28:30,52.503483333333335,13.334705,34.9,17.0384,202.9,0.0641,0.03,18.27,18.27,12.23,0.68,1019.4,2.77,0.95,3.0,16.093,3.14159,Nürnberger Straße,103.72051329299482,4576.516641484064,pc2,Residential,2021-06-23 16:28:30,52.50341333333333,13.334601666666666,26.8,15.9272,206.8,0.0641,0.03,18.27,18.27,12.23,0.68,1019.4,2.77,0.95,3.0,16.093,3.14159,Nürnberger Straße,108.69461597638914,4584.277784284827,pc4,Residential,False,False,10.455907910250705,50,10,0.02
1624458511.4721236,2021-06-23T14:28:31.472123Z,52.50338166666667,13.334556666666666,4,2,S2,1624458511.4721236,20.091834782608696,-66.24645869565218,-38.5060652173913,0.0013820383695652,41.0,388.89130434782606,6.043478260869565,0.1633137695652174,12,46,2021-06-23 16:28:31,52.50338166666667,13.334556666666666,26.9,17.594,209.0,0.0641,0.03,18.27,18.27,12.23,0.68,1019.4,2.77,0.95,3.0,16.093,3.14159,Nürnberger Straße,111.01338467928854,4588.060411245219,pc4,Residential,2021-06-23 16:28:31,52.50344333333334,13.334671666666669,34.8,18.149600000000003,203.5,0.0641,0.03,18.27,18.27,12.23,0.68,1019.4,2.77,0.95,3.0,16.093,3.14159,Nürnberger Straße,107.14778970941283,4580.379358429355,pc2,Residential,False,False,10.36497313236722,50,10,0.08
1624458511.4998367,2021-06-23T14:28:31.499836Z,52.50344333333334,13.334671666666669,2,4,S2,1624458511.4998367,20.639139215686274,-66.72830784313726,-38.97511960784313,0.0010217637843137,41.0,375.1372549019608,1.03921568627451,0.1406327666666666,12,51,2021-06-23 16:28:31,52.50344333333334,13.334671666666669,34.8,18.149600000000003,203.5,0.0641,0.03,18.27,18.27,12.23,0.68,1019.4,2.77,0.95,3.0,16.093,3.14159,Nürnberger Straße,107.14778970941283,4580.379358429355,pc2,Residential,2021-06-23 16:28:31,52.50338166666667,13.334556666666666,26.9,17.594,209.0,0.0641,0.03,18.27,18.27,12.23,0.68,1019.4,2.77,0.95,3.0,16.093,3.14159,Nürnberger Straße,111.01338467928854,4588.060411245219,pc4,Residential,False,False,10.36497313236722,50,10,-0.02
1624458512.5021784,2021-06-23T14:28:32.502178Z,52.503348333333335,13.334513333333334,4,2,S2,1624458512.5021784,13.91994761904762,-67.32567857142857,-39.57521666666667,0.0073187742619047,41.0,113.8095238095238,2.571428571428572,0.1315558952380952,12,42,2021-06-23 16:28:32,52.503348333333335,13.334513333333334,27.1,16.4828,209.2,0.0641,0.03,18.27,18.27,12.23,0.68,1019.4,2.77,0.95,3.0,16.093,3.14159,Nürnberger Straße,113.66475854169568,4595.478398568099,pc4,Residential,2021-06-23 16:28:32,52.503415,13.334615,34.9,17.2236,204.9,0.0641,0.03,18.27,18.27,12.23,0.68,1019.4,2.77,0.95,3.0,16.093,3.14159,Nürnberger Straße,108.82351733494072,4584.277784284827,pc2,Residential,False,False,10.10643422191782,50,10,0.16
1624458512.503759,2021-06-23T14:28:32.503758Z,52.503415,13.334615,2,4,S2,1624458512.503759,15.115935000000002,-69.31938695652174,-41.53856739130435,0.0020101785,41.0,113.8695652173913,3.260869565217391,0.0829988304347826,12,46,2021-06-23 16:28:32,52.503415,13.334615,34.9,17.2236,204.9,0.0641,0.03,18.27,18.27,12.23,0.68,1019.4,2.77,0.95,3.0,16.093,3.14159,Nürnberger Straße,108.82351733494072,4584.277784284827,pc2,Residential,2021-06-23 16:28:32,52.503348333333335,13.334513333333334,27.1,16.4828,209.2,0.0641,0.03,18.27,18.27,12.23,0.68,1019.4,2.77,0.95,3.0,16.093,3.14159,Nürnberger Straße,113.66475854169568,4595.478398568099,pc4,Residential,False,False,10.10643422191782,50,10,0.08
1624458513.49726,2021-06-23T14:28:33.497259Z,52.50338333333333,13.33457,2,4,S2,1624458513.49726,15.531330625,-70.60737291666666,-42.80280625,0.0017382208541666,41.0,213.35416666666663,2.1666666666666665,0.0594998874999999,12,48,2021-06-23 16:28:33,52.50338333333333,13.33457,34.9,15.5568,206.3,0.0641,0.03,18.27,18.27,12.23,0.68,1019.4,2.77,0.95,3.0,16.093,3.14159,Nürnberger Straße,111.12522897851667,4588.060411245219,pc2,Residential,2021-06-23 16:28:33,52.50331333333333,13.334471666666667,27.2,15.1864,209.9,0.0641,0.03,18.27,18.27,12.23,0.68,1019.4,2.77,0.95,3.0,16.093,3.14159,Nürnberger Straße,116.5517324518652,4599.162528740368,pc4,Residential,False,False,10.233007196582587,50,10,0.04
1624458513.5013428,2021-06-23T14:28:33.501342Z,52.50331333333333,13.334471666666667,4,2,S2,1624458513.5013428,18.069264375,-70.83574791666666,-43.036675,0.0011427473958333,41.0,213.77083333333331,2.125,0.063385168125,12,48,2021-06-23 16:28:33,52.50331333333333,13.334471666666667,27.2,15.1864,209.9,0.0641,0.03,18.27,18.27,12.23,0.68,1019.4,2.77,0.95,3.0,16.093,3.14159,Nürnberger Straße,116.5517324518652,4599.162528740368,pc4,Residential,2021-06-23 16:28:33,52.50338333333333,13.33457,34.9,15.5568,206.3,0.0641,0.03,18.27,18.27,12.23,0.68,1019.4,2.77,0.95,3.0,16.093,3.14159,Nürnberger Straße,111.12522897851667,4588.060411245219,pc2,Residential,False,False,10.233007196582587,50,10,0.04
1624458514.4914172,2021-06-23T14:28:34.491417Z,52.503285,13.33443,4,2,S2,1624458514.4914172,16.687219583333334,-71.17345208333333,-43.332883333333335,0.0013225798958333,41.0,312.75,2.333333333333333,0.0529305083333333,12,48,2021-06-23 16:28:34,52.503285,13.33443,27.4,12.038,216.7,0.0641,0.03,18.27,18.27,12.23,0.68,1019.4,2.77,0.95,3.0,16.093,3.14159,Nürnberger Straße,118.73078978705615,4602.788468117199,pc4,Residential,2021-06-23 16:28:34,52.50335833333333,13.334525,35.1,14.816,208.6,0.0641,0.03,18.27,18.27,12.23,0.68,1019.4,2.77,0.95,3.0,16.093,3.14159,Nürnberger Straße,112.83516829212216,4591.784871707195,pc2,Residential,False,False,10.376168936756285,50,10,0.04
1624458514.4977298,2021-06-23T14:28:34.497729Z,52.50335833333333,13.334525,2,4,S2,1624458514.4977298,17.448917021276596,-71.95026808510639,-44.10107446808511,0.0006250291063829,41.0,312.9574468085106,6.617021276595745,0.0459002136170212,12,47,2021-06-23 16:28:34,52.50335833333333,13.334525,35.1,14.816,208.6,0.0641,0.03,18.27,18.27,12.23,0.68,1019.4,2.77,0.95,3.0,16.093,3.14159,Nürnberger Straße,112.83516829212216,4591.784871707195,pc2,Residential,2021-06-23 16:28:34,52.503285,13.33443,27.4,12.038,216.7,0.0641,0.03,18.27,18.27,12.23,0.68,1019.4,2.77,0.95,3.0,16.093,3.14159,Nürnberger Straße,118.73078978705615,4602.788468117199,pc4,Residential,False,False,10.376168936756285,50,10,0.06
1624458515.4935484,2021-06-23T14:28:35.493548Z,52.50333333333333,13.334485,2,4,S2,1624458515.4935484,17.569602,-71.56355400000001,-43.809244,0.00069030376,41.0,413.0,2.0,0.0577564358,12,50,2021-06-23 16:28:35,52.50333333333333,13.334485,35.2,14.4456,209.5,0.0641,0.03,18.27,18.27,12.23,0.68,1019.4,2.77,0.95,3.0,16.093,3.14159,Nürnberger Straße,114.69345145192472,4595.478398568099,pc2,Residential,2021-06-23 16:28:35,52.503265,13.334388333333331,27.4,10.3712,223.7,0.0641,0.03,18.27,18.27,12.23,0.68,1019.4,2.77,0.95,3.0,16.093,3.14159,Nürnberger Straße,120.0249515355573,4606.313022343769,pc4,Residential,False,False,10.019085036703247,50,10,0.0
1624458515.5054266,2021-06-23T14:28:35.505426Z,52.503265,13.334388333333331,4,2,S2,1624458515.5054266,19.262568125,-70.63085208333332,-42.864983333333335,0.0008245055208333,41.0,414.1875,2.0416666666666665,0.0674728558333333,12,48,2021-06-23 16:28:35,52.503265,13.334388333333331,27.4,10.3712,223.7,0.0641,0.03,18.27,18.27,12.23,0.68,1019.4,2.77,0.95,3.0,16.093,3.14159,Nürnberger Straße,120.0249515355573,4606.313022343769,pc4,Residential,2021-06-23 16:28:35,52.50333333333333,13.334485,35.2,14.4456,209.5,0.0641,0.03,18.27,18.27,12.23,0.68,1019.4,2.77,0.95,3.0,16.093,3.14159,Nürnberger Straße,114.69345145192472,4595.478398568099,pc2,Residential,False,False,10.019085036703247,50,10,0.04
1624458516.493779,2021-06-23T14:28:36.493778Z,52.503305,13.33445,2,4,S2,1624458516.493779,18.7340694,-68.404564,-40.599464,0.00140166544,41.0,513.02,2.04,0.1598148231999999,12,50,2021-06-23 16:28:36,52.503305,13.33445,35.1,12.964,211.0,0.0641,0.03,18.27,18.27,12.23,0.68,1019.4,2.77,0.95,3.0,16.093,3.14159,Nürnberger Straße,117.00524276335034,4599.162528740368,pc2,Residential,2021-06-23 16:28:36,52.503245,13.334348333333333,27.4,10.3712,229.3,0.0641,0.03,18.27,18.27,12.23,0.68,1019.4,2.77,0.95,3.0,16.093,3.14159,Nürnberger Straße,121.3522964394885,4609.785099390731,pc4,Residential,False,False,9.57686900463295,50,10,0.0
1624458516.4949796,2021-06-23T14:28:36.494979Z,52.503245,13.334348333333333,4,2,S2,1624458516.4949796,21.43416530612245,-67.38248979591837,-39.61773673469388,0.0008687022653061,41.0,513.0816326530612,2.653061224489796,0.1767879122448979,12,49,2021-06-23 16:28:36,52.503245,13.334348333333333,27.4,10.3712,229.3,0.0641,0.03,18.27,18.27,12.23,0.68,1019.4,2.77,0.95,3.0,16.093,3.14159,Nürnberger Straße,121.3522964394885,4609.785099390731,pc4,Residential,2021-06-23 16:28:36,52.503305,13.33445,35.1,12.964,211.0,0.0641,0.03,18.27,18.27,12.23,0.68,1019.4,2.77,0.95,3.0,16.093,3.14159,Nürnberger Straße,117.00524276335034,4599.162528740368,pc2,Residential,False,False,9.57686900463295,50,10,0.02
1624458517.4930062,2021-06-23T14:28:37.493006Z,52.50327166666667,13.33443,2,4,S2,1624458517.4930062,15.409767872340426,-72.70010425531915,-44.903355319148936,0.0015207927446808,41.0,612.8936170212766,2.404255319148936,0.0381561591489361,12,47,2021-06-23 16:28:37,52.50327166666667,13.33443,35.1,11.4824,213.1,0.0641,0.03,18.27,18.27,12.23,0.68,1019.4,2.77,0.95,3.0,16.093,3.14159,Nürnberger Straße,120.146622167814,4602.788468117199,pc2,Residential,2021-06-23 16:28:37,52.503225,13.334308333333333,27.4,11.6676,226.2,0.0641,0.03,18.27,18.27,12.23,0.68,1019.4,2.77,0.95,3.0,16.093,3.14159,Nürnberger Straße,122.67964103240612,4613.28634664214,pc4,Residential,False,False,9.725829878350302,50,10,0.06
1624458517.511569,2021-06-23T14:28:37.511569Z,52.503225,13.334308333333333,4,2,S2,1624458517.511569,18.02555625,-72.59933541666668,-44.80028333333333,0.0004935921458333,41.0,614.5416666666666,4.625,0.0399543041666666,12,48,2021-06-23 16:28:37,52.503225,13.334308333333333,27.4,11.6676,226.2,0.0641,0.03,18.27,18.27,12.23,0.68,1019.4,2.77,0.95,3.0,16.093,3.14159,Nürnberger Straße,122.67964103240612,4613.28634664214,pc4,Residential,2021-06-23 16:28:37,52.50327166666667,13.33443,35.1,11.4824,213.1,0.0641,0.03,18.27,18.27,12.23,0.68,1019.4,2.77,0.95,3.0,16.093,3.14159,Nürnberger Straße,120.146622167814,4602.788468117199,pc2,Residential,False,False,9.725829878350302,50,10,0.04
1624458518.4031,2021-06-23T14:28:38.403100Z,52.50325166666666,13.334398333333333,2,4,S2,1624458518.4031,16.04443258064516,-71.9384258064516,-44.17573870967743,0.0016303646129032,41.0,703.8709677419355,2.870967741935484,0.0551839561290322,12,31,2021-06-23 16:28:38,52.50325166666666,13.334398333333333,35.3,10.7416,214.8,0.0641,0.03,18.27,18.27,12.23,0.68,1019.4,2.77,0.95,3.0,16.093,3.14159,Nürnberger Straße,121.63988476266708,4606.313022343769,pc2,Residential,2021-06-23 16:28:38,52.50320333333333,13.334268333333334,27.5,12.2232,225.3,0.0641,0.03,18.27,18.27,12.23,0.68,1019.4,2.77,0.95,3.0,16.093,3.14159,Nürnberger Straße,124.18396435174115,4616.871827940072,pc4,Residential,False,False,10.302394593959711,50,10,0.38
1624458518.4928718,2021-06-23T14:28:38.492871Z,52.50320333333333,13.334268333333334,4,2,S2,1624458518.4928718,17.63391224489796,-72.27982040816326,-44.49999183673469,0.0005927405306122,41.0,712.6122448979592,5.183673469387755,0.0446485169387755,12,49,2021-06-23 16:28:38,52.50320333333333,13.334268333333334,27.5,12.2232,225.3,0.0641,0.03,18.27,18.27,12.23,0.68,1019.4,2.77,0.95,3.0,16.093,3.14159,Nürnberger Straße,124.18396435174115,4616.871827940072,pc4,Residential,2021-06-23 16:28:38,52.50325166666666,13.334398333333333,35.3,10.7416,214.8,0.0641,0.03,18.27,18.27,12.23,0.68,1019.4,2.77,0.95,3.0,16.093,3.14159,Nürnberger Straße,121.63988476266708,4606.313022343769,pc2,Residential,False,False,10.302394593959711,50,10,0.02
1624458519.485476,2021-06-23T14:28:39.485476Z,52.50318833333333,13.334218333333334,4,2,S2,1624458519.485476,15.712086,-73.67064666666667,-45.92564222222223,0.0010680814444444,41.0,811.6444444444444,7.488888888888889,0.0323723573333333,12,45,2021-06-23 16:28:39,52.50318833333333,13.334218333333334,27.6,13.1492,223.9,0.0641,0.03,18.27,18.27,12.23,0.68,1019.4,2.77,0.95,3.0,16.093,3.14159,Nürnberger Straße,124.7812700604445,4620.434827865573,pc4,Residential,2021-06-23 16:28:39,52.50322833333333,13.334375,35.2,10.000800000000002,214.8,0.0641,0.03,18.27,18.27,12.23,0.68,1019.4,2.77,0.95,3.0,16.093,3.14159,Nürnberger Straße,123.65302266462182,4609.785099390731,pc2,Residential,False,False,11.490053269716402,50,10,0.1
1624458519.6363115,2021-06-23T14:28:39.636311Z,52.50322833333333,13.334375,2,4,S2,1624458519.6363115,15.923232352941175,-73.90794117647059,-46.119508823529415,0.0005551632352941,41.0,826.9117647058823,5.647058823529412,0.0288354820588235,12,34,2021-06-23 16:28:39,52.50322833333333,13.334375,35.2,10.000800000000002,214.8,0.0641,0.03,18.27,18.27,12.23,0.68,1019.4,2.77,0.95,3.0,16.093,3.14159,Nürnberger Straße,123.65302266462182,4609.785099390731,pc2,Residential,2021-06-23 16:28:39,52.50318833333333,13.334218333333334,27.6,13.1492,223.9,0.0641,0.03,18.27,18.27,12.23,0.68,1019.4,2.77,0.95,3.0,16.093,3.14159,Nürnberger Straße,124.7812700604445,4620.434827865573,pc4,Residential,False,False,11.490053269716402,50,10,0.32
1624458520.4932811,2021-06-23T14:28:40.493281Z,52.50316333333333,13.334175,4,2,S2,1624458520.4932811,17.99231836734694,-72.52569591836735,-44.7583612244898,0.0005081431632653,41.0,912.8775510204082,2.979591836734694,0.040904365510204,12,49,2021-06-23 16:28:40,52.50316333333333,13.334175,27.7,13.5196,223.0,0.0641,0.03,18.27,18.27,12.23,0.68,1019.4,2.77,0.95,3.0,16.093,3.14159,Nürnberger Straße,126.57318367001017,4624.142496584949,pc4,Residential,2021-06-23 16:28:40,52.50321,13.334345,35.3,10.3712,214.7,0.0641,0.03,18.27,18.27,12.23,0.68,1019.4,2.77,0.95,3.0,16.093,3.14159,Nürnberger Straße,125.00248934255364,4613.28634664214,pc2,Residential,False,False,12.612544657670243,50,10,0.02
1624458520.5081353,2021-06-23T14:28:40.508135Z,52.50321,13.334345,2,4,S2,1624458520.5081353,15.4049686,-74.088292,-46.32539800000001,0.00060507156,41.0,914.06,6.0,0.0278318407999999,12,50,2021-06-23 16:28:40,52.50321,13.334345,35.3,10.3712,214.7,0.0641,0.03,18.27,18.27,12.23,0.68,1019.4,2.77,0.95,3.0,16.093,3.14159,Nürnberger Straße,125.00248934255364,4613.28634664214,pc2,Residential,2021-06-23 16:28:40,52.50316333333333,13.334175,27.7,13.5196,223.0,0.0641,0.03,18.27,18.27,12.23,0.68,1019.4,2.77,0.95,3.0,16.093,3.14159,Nürnberger Straße,126.57318367001017,4624.142496584949,pc4,Residential,False,False,12.612544657670243,50,10,0.0
1624458521.503636,2021-06-23T14:28:41.503636Z,52.503128333333336,13.334135,4,2,S2,1624458521.503636,16.573282156862746,-72.68027843137254,-44.92365098039216,0.00099556,41.0,592.1176470588235,4.450980392156863,0.0370725529411764,12,51,2021-06-23 16:28:41,52.503128333333336,13.334135,27.8,12.778800000000002,222.1,0.0641,0.03,18.27,18.27,12.23,0.68,1019.4,2.77,0.95,3.0,16.093,3.14159,Nürnberger Straße,129.48582751517174,4631.898160490211,pc4,Residential,2021-06-23 16:28:41,52.503193333333336,13.33431,35.5,11.112,218.3,0.0641,0.03,18.27,18.27,12.23,0.68,1019.4,2.77,0.95,3.0,16.093,3.14159,Nürnberger Straße,126.07542629011088,4616.871827940072,pc2,Residential,False,False,13.864922143683504,50,10,-0.02
1624458521.5100577,2021-06-23T14:28:41.510057Z,52.503193333333336,13.33431,2,4,S2,1624458521.5100577,15.52368450980392,-73.90776274509804,-46.08738235294117,0.0006214642941176,41.0,592.6078431372549,6.0,0.0300371135294117,12,51,2021-06-23 16:28:41,52.503193333333336,13.33431,35.5,11.112,218.3,0.0641,0.03,18.27,18.27,12.23,0.68,1019.4,2.77,0.95,3.0,16.093,3.14159,Nürnberger Straße,126.07542629011088,4616.871827940072,pc2,Residential,2021-06-23 16:28:41,52.503128333333336,13.334135,27.8,12.778800000000002,222.1,0.0641,0.03,18.27,18.27,12.23,0.68,1019.4,2.77,0.95,3.0,16.093,3.14159,Nürnberger Straße,129.48582751517174,4631.898160490211,pc4,Residential,False,False,13.864922143683504,50,10,-0.02
1624458522.508099,2021-06-23T14:28:42.508099Z,52.50318,13.334256666666668,2,4,S2,1624458522.508099,15.7300082,-74.227616,-46.440552,0.0005399388599999,41.0,90.02,6.0,0.0274165128,12,50,2021-06-23 16:28:42,52.50318,13.334256666666668,35.5,12.5936,216.3,0.0641,0.03,18.27,18.27,12.23,0.68,1019.4,2.77,0.95,3.0,16.093,3.14159,Nürnberger Straße,126.4293862558166,4620.434827865573,pc2,Residential,2021-06-23 16:28:42,52.50309333333333,13.334095,27.7,12.4084,221.0,0.0641,0.03,18.27,18.27,12.23,0.68,1019.4,2.77,0.95,3.0,16.093,3.14159,Nürnberger Straße,132.3359270571515,4635.930129911376,pc4,Residential,False,False,14.569370739733476,50,10,0.0
1624458522.5104506,2021-06-23T14:28:42.510450Z,52.50309333333333,13.334095,4,2,S2,1624458522.5104506,12.311046808510635,-72.61918723404256,-44.81358085106383,0.0030395471276595,41.0,90.02127659574468,8.702127659574469,0.0401064063829787,12,47,2021-06-23 16:28:42,52.50309333333333,13.334095,27.7,12.4084,221.0,0.0641,0.03,18.27,18.27,12.23,0.68,1019.4,2.77,0.95,3.0,16.093,3.14159,Nürnberger Straße,132.3359270571515,4635.930129911376,pc4,Residential,2021-06-23 16:28:42,52.50318,13.334256666666668,35.5,12.5936,216.3,0.0641,0.03,18.27,18.27,12.23,0.68,1019.4,2.77,0.95,3.0,16.093,3.14159,Nürnberger Straße,126.4293862558166,4620.434827865573,pc2,Residential,False,False,14.569370739733476,50,10,0.06
1624458523.50492,2021-06-23T14:28:43.504920Z,52.50305166666666,13.334073333333333,4,2,S2,1624458523.50492,12.723806744186048,-72.46727441860465,-44.71830697674418,0.0024568331627906,41.0,189.46511627906975,8.744186046511627,0.0407820013953488,12,43,2021-06-23 16:28:43,52.50305166666666,13.334073333333333,27.4,13.1492,220.0,0.0641,0.03,18.27,18.27,12.23,0.68,1019.4,2.77,0.95,3.0,16.093,3.14159,Nürnberger Straße,136.27680277858735,4640.074514051894,pc4,Residential,2021-06-23 16:28:43,52.503146666666666,13.334218333333334,35.4,14.0752,214.7,0.0641,0.03,18.27,18.27,12.23,0.68,1019.4,2.77,0.95,3.0,16.093,3.14159,Nürnberger Straße,129.20574590601908,4624.142496584949,pc2,Residential,False,False,14.407506068100291,50,10,0.14
1624458523.507733,2021-06-23T14:28:43.507733Z,52.503146666666666,13.334218333333334,2,4,S2,1624458523.507733,16.064644,-73.980216,-46.19954800000001,0.00052337722,41.0,190.02,6.0,0.0277488535999999,12,50,2021-06-23 16:28:43,52.503146666666666,13.334218333333334,35.4,14.0752,214.7,0.0641,0.03,18.27,18.27,12.23,0.68,1019.4,2.77,0.95,3.0,16.093,3.14159,Nürnberger Straße,129.20574590601908,4624.142496584949,pc2,Residential,2021-06-23 16:28:43,52.50305166666666,13.334073333333333,27.4,13.1492,220.0,0.0641,0.03,18.27,18.27,12.23,0.68,1019.4,2.77,0.95,3.0,16.093,3.14159,Nürnberger Straße,136.27680277858735,4640.074514051894,pc4,Residential,False,False,14.407506068100291,50,10,0.0
1624458524.5102575,2021-06-23T14:28:44.510257Z,52.503011666666666,13.334045,4,2,S2,1624458524.5102575,16.503337272727272,-72.25404999999999,-44.46465909090909,0.0014109166818181,41.0,290.45454545454544,4.181818181818182,0.0447196977272727,12,44,2021-06-23 16:28:44,52.503011666666666,13.334045,27.2,13.3344,218.9,0.0641,0.03,18.27,18.27,12.23,0.68,1019.4,2.77,0.95,3.0,16.093,3.14159,Nürnberger Straße,139.90100131058804,4644.329452283824,pc4,Residential,2021-06-23 16:28:44,52.50313,13.334165,35.5,14.0752,217.0,0.0641,0.03,18.27,18.27,12.23,0.68,1019.4,2.77,0.95,3.0,16.093,3.14159,Nürnberger Straße,129.91366302815115,4627.971454754367,pc2,Residential,False,False,15.450674625786652,50,10,0.12
1624458524.5118008,2021-06-23T14:28:44.511800Z,52.50313,13.334165,2,4,S2,1624458524.5118008,15.326855102040817,-72.73413469387755,-44.95911020408163,0.0008875081020408,41.0,290.42857142857144,6.0,0.0398636034693877,12,49,2021-06-23 16:28:44,52.50313,13.334165,35.5,14.0752,217.0,0.0641,0.03,18.27,18.27,12.23,0.68,1019.4,2.77,0.95,3.0,16.093,3.14159,Nürnberger Straße,129.91366302815115,4627.971454754367,pc2,Residential,2021-06-23 16:28:44,52.503011666666666,13.334045,27.2,13.3344,218.9,0.0641,0.03,18.27,18.27,12.23,0.68,1019.4,2.77,0.95,3.0,16.093,3.14159,Nürnberger Straße,139.90100131058804,4644.329452283824,pc4,Residential,False,False,15.450674625786652,50,10,0.02
1624458525.4952705,2021-06-23T14:28:45.495270Z,52.503101666666666,13.334118333333333,2,4,S2,1624458525.4952705,13.945732291666667,-75.22145625,-47.40930208333333,0.0007015981249999,41.0,388.8333333333333,5.416666666666667,0.0206419789583333,12,48,2021-06-23 16:28:45,52.503101666666666,13.334118333333333,35.5,14.6308,212.7,0.0641,0.03,18.27,18.27,12.23,0.68,1019.4,2.77,0.95,3.0,16.093,3.14159,Nürnberger Straße,131.9488752540197,4631.898160490211,pc2,Residential,2021-06-23 16:28:45,52.50297333333334,13.334013333333331,27.1,15.1864,218.0,0.0641,0.03,18.27,18.27,12.23,0.68,1019.4,2.77,0.95,3.0,16.093,3.14159,Nürnberger Straße,143.2788951197273,4648.639813536437,pc4,Residential,False,False,15.929164015253956,50,10,0.04
1624458525.5295494,2021-06-23T14:28:45.529549Z,52.50297333333334,13.334013333333331,4,2,S2,1624458525.5295494,14.352800454545456,-73.62309772727272,-45.85436363636364,0.0014804242954545,41.0,392.29545454545456,5.068181818181818,0.0339973318181818,12,44,2021-06-23 16:28:45,52.50297333333334,13.334013333333331,27.1,15.1864,218.0,0.0641,0.03,18.27,18.27,12.23,0.68,1019.4,2.77,0.95,3.0,16.093,3.14159,Nürnberger Straße,143.2788951197273,4648.639813536437,pc4,Residential,2021-06-23 16:28:45,52.503101666666666,13.334118333333333,35.5,14.6308,212.7,0.0641,0.03,18.27,18.27,12.23,0.68,1019.4,2.77,0.95,3.0,16.093,3.14159,Nürnberger Straße,131.9488752540197,4631.898160490211,pc2,Residential,False,False,15.929164015253956,50,10,0.12
1624458526.4937994,2021-06-23T14:28:46.493799Z,52.50293666666666,13.33397,4,2,S2,1624458526.4937994,15.600665833333332,-73.50816875,-45.70498333333333,0.0007355476458333,41.0,488.7083333333333,5.208333333333333,0.0310516616666666,12,48,2021-06-23 16:28:46,52.50293666666666,13.33397,26.9,18.149600000000003,206.6,0.0641,0.03,18.27,18.27,12.23,0.68,1019.4,2.77,0.95,3.0,16.093,3.14159,Nürnberger Straße,146.08529458294484,4652.954839839405,pc4,Residential,2021-06-23 16:28:46,52.50306833333333,13.334078333333334,35.6,15.742,212.0,0.0641,0.03,18.27,18.27,12.23,0.68,1019.4,2.77,0.95,3.0,16.093,3.14159,Nürnberger Straße,134.62304271457097,4635.930129911376,pc2,Residential,False,False,16.361227190415434,50,10,0.04
1624458526.5078762,2021-06-23T14:28:46.507876Z,52.50306833333333,13.334078333333334,2,4,S2,1624458526.5078762,15.077150652173914,-74.95981739130436,-47.127154347826085,0.0006753078043478,41.0,490.2826086956522,3.5217391304347827,0.0226184397826086,12,46,2021-06-23 16:28:46,52.50306833333333,13.334078333333334,35.6,15.742,212.0,0.0641,0.03,18.27,18.27,12.23,0.68,1019.4,2.77,0.95,3.0,16.093,3.14159,Nürnberger Straße,134.62304271457097,4635.930129911376,pc2,Residential,2021-06-23 16:28:46,52.50293666666666,13.33397,26.9,18.149600000000003,206.6,0.0641,0.03,18.27,18.27,12.23,0.68,1019.4,2.77,0.95,3.0,16.093,3.14159,Nürnberger Straße,146.08529458294484,4652.954839839405,pc4,Residential,False,False,16.361227190415434,50,10,0.08
1624458527.4623885,2021-06-23T14:28:47.462388Z,52.502896666666665,13.333936666666666,4,2,S2,1624458527.4623885,13.358093513513513,-74.70817297297297,-46.90262432432432,0.0016729058918918,41.0,585.7297297297297,3.5405405405405403,0.0236148618918918,12,37,2021-06-23 16:28:47,52.502896666666665,13.333936666666666,27.0,17.2236,207.2,0.0641,0.03,18.27,18.27,12.23,0.68,1019.4,2.77,0.95,3.0,16.093,3.14159,Nürnberger Straße,149.46547513402163,4661.371223374327,pc4,Residential,2021-06-23 16:28:47,52.503033333333335,13.334035,35.9,17.594,213.0,0.0641,0.03,18.27,18.27,12.23,0.68,1019.4,2.77,0.95,3.0,16.093,3.14159,Nürnberger Straße,137.40276908579443,4644.329452283824,pc2,Residential,False,False,16.577121563796787,50,10,0.26
1624458527.5131304,2021-06-23T14:28:47.513130Z,52.503033333333335,13.334035,2,4,S2,1624458527.5131304,14.457056458333334,-75.8095625,-48.01630416666666,0.0005039385416666,41.0,590.5208333333334,6.375,0.0189060352083333,12,48,2021-06-23 16:28:47,52.503033333333335,13.334035,35.9,17.594,213.0,0.0641,0.03,18.27,18.27,12.23,0.68,1019.4,2.77,0.95,3.0,16.093,3.14159,Nürnberger Straße,137.40276908579443,4644.329452283824,pc2,Residential,2021-06-23 16:28:47,52.502896666666665,13.333936666666666,27.0,17.2236,207.2,0.0641,0.03,18.27,18.27,12.23,0.68,1019.4,2.77,0.95,3.0,16.093,3.14159,Nürnberger Straße,149.46547513402163,4661.371223374327,pc4,Residential,False,False,16.577121563796787,50,10,0.04
1624458528.3239589,2021-06-23T14:28:48.323958Z,52.502855,13.333905,4,2,S2,1624458528.3239589,12.78486380952381,-75.22753809523809,-47.45411428571429,0.0013277519047619,41.0,672.047619047619,1.9523809523809523,0.0205782619047619,12,21,2021-06-23 16:28:48,52.502855,13.333905,26.8,15.9272,208.1,0.0641,0.03,18.27,18.27,12.23,0.68,1019.4,2.77,0.95,3.0,16.093,3.14159,Nürnberger Straße,153.05851420386753,4665.391026137286,pc4,Residential,2021-06-23 16:28:48,52.502993333333336,13.333991666666666,36.0,17.594,213.0,0.0641,0.03,18.27,18.27,12.23,0.68,1019.4,2.77,0.95,3.0,16.093,3.14159,Nürnberger Straße,140.69437235641516,4648.639813536437,pc2,Residential,False,False,16.44957361975382,50,10,0.58
1624458528.502607,2021-06-23T14:28:48.502607Z,52.502993333333336,13.333991666666666,2,4,S2,1624458528.502607,14.54251918367347,-75.82493469387755,-48.06028571428572,0.0004845437755102,41.0,689.6734693877551,4.346938775510204,0.0201131832653061,12,49,2021-06-23 16:28:48,52.502993333333336,13.333991666666666,36.0,17.594,213.0,0.0641,0.03,18.27,18.27,12.23,0.68,1019.4,2.77,0.95,3.0,16.093,3.14159,Nürnberger Straße,140.69437235641516,4648.639813536437,pc2,Residential,2021-06-23 16:28:48,52.502855,13.333905,26.8,15.9272,208.1,0.0641,0.03,18.27,18.27,12.23,0.68,1019.4,2.77,0.95,3.0,16.093,3.14159,Nürnberger Straße,153.05851420386753,4665.391026137286,pc4,Residential,False,False,16.44957361975382,50,10,0.02
1624458529.4639623,2021-06-23T14:28:49.463962Z,52.50295166666667,13.333953333333334,2,4,S2,1624458529.4639623,12.5737,-76.66396046511628,-48.85154418604651,0.0007855162325581,41.0,785.953488372093,2.883720930232558,0.0158361904651162,12,43,2021-06-23 16:28:49,52.50295166666667,13.333953333333334,35.9,16.8532,215.1,0.0641,0.03,18.27,18.27,12.23,0.68,1019.4,2.77,0.95,3.0,16.093,3.14159,Nürnberger Straße,144.1302818665882,4652.954839839405,pc2,Residential,2021-06-23 16:28:49,52.502811666666666,13.33387,26.8,17.594,209.0,0.0641,0.03,18.27,18.27,12.23,0.68,1019.4,2.77,0.95,3.0,16.093,3.14159,Nürnberger Straße,156.74656398371124,4669.297783980456,pc4,Residential,False,False,16.544603341708395,50,10,0.14
1624458529.8128004,2021-06-23T14:28:49.812800Z,52.502811666666666,13.33387,4,2,S2,1624458529.8128004,13.594416666666667,-75.25777777777779,-47.52948333333333,0.0008786252222222,41.0,820.5,6.222222222222222,0.0206714594444444,12,18,2021-06-23 16:28:49,52.502811666666666,13.33387,26.8,17.594,209.0,0.0641,0.03,18.27,18.27,12.23,0.68,1019.4,2.77,0.95,3.0,16.093,3.14159,Nürnberger Straße,156.74656398371124,4669.297783980456,pc4,Residential,2021-06-23 16:28:49,52.50295166666667,13.333953333333334,35.9,16.8532,215.1,0.0641,0.03,18.27,18.27,12.23,0.68,1019.4,2.77,0.95,3.0,16.093,3.14159,Nürnberger Straße,144.1302818665882,4652.954839839405,pc2,Residential,False,False,16.544603341708395,50,10,0.64
1624458530.4980874,2021-06-23T14:28:50.498087Z,52.502766666666666,13.333831666666669,4,2,S2,1624458530.4980874,13.283813469387756,-74.96855918367348,-47.20314081632653,0.0011063408367346,41.0,889.0612244897959,5.8979591836734695,0.0230372528571428,12,49,2021-06-23 16:28:50,52.502766666666666,13.333831666666669,26.6,19.446,209.7,0.0641,0.03,18.27,18.27,12.23,0.68,1019.4,2.77,0.95,3.0,16.093,3.14159,Nürnberger Straße,160.52962436009597,4676.473599679838,pc4,Residential,2021-06-23 16:28:50,52.502915,13.333911666666667,35.9,16.4828,213.2,0.0641,0.03,18.27,18.27,12.23,0.68,1019.4,2.77,0.95,3.0,16.093,3.14159,Nürnberger Straße,146.96689668307548,4657.221766756956,pc2,Residential,False,False,17.34638255995009,50,10,0.02
1624458530.540937,2021-06-23T14:28:50.540936Z,52.502915,13.333911666666667,2,4,S2,1624458530.540937,12.984193684210526,-75.23178157894736,-47.47528421052632,0.000953546368421,41.0,893.7631578947369,1.763157894736842,0.0204100394736842,12,38,2021-06-23 16:28:50,52.502915,13.333911666666667,35.9,16.4828,213.2,0.0641,0.03,18.27,18.27,12.23,0.68,1019.4,2.77,0.95,3.0,16.093,3.14159,Nürnberger Straße,146.96689668307548,4657.221766756956,pc2,Residential,2021-06-23 16:28:50,52.502766666666666,13.333831666666669,26.6,19.446,209.7,0.0641,0.03,18.27,18.27,12.23,0.68,1019.4,2.77,0.95,3.0,16.093,3.14159,Nürnberger Straße,160.52962436009597,4676.473599679838,pc4,Residential,False,False,17.34638255995009,50,10,0.24
1624458531.500012,2021-06-23T14:28:51.500011Z,52.502878333333335,13.333878333333333,2,4,S2,1624458531.500012,14.169750999999998,-73.096008,-45.395126,0.00102684194,41.0,825.32,6.88,0.0344691856,12,50,2021-06-23 16:28:51,52.502878333333335,13.333878333333333,36.4,16.4828,218.9,0.0641,0.03,18.27,18.27,12.23,0.68,1019.4,2.77,0.95,3.0,16.093,3.14159,Nürnberger Straße,149.99992396627022,4661.371223374327,pc2,Residential,2021-06-23 16:28:51,52.502721666666666,13.333786666666668,26.4,20.9276,211.7,0.0641,0.03,18.27,18.27,12.23,0.68,1019.4,2.77,0.95,3.0,16.093,3.14159,Nürnberger Straße,164.1555535821452,4682.434192380792,pc4,Residential,False,False,18.47792173740912,50,10,0.0
1624458531.510087,2021-06-23T14:28:51.510087Z,52.502721666666666,13.333786666666668,4,2,S2,1624458531.510087,15.280236326530613,-72.30644693877551,-44.60220408163265,0.0012151253061224,41.0,823.1020408163265,5.653061224489796,0.0407666804081632,12,49,2021-06-23 16:28:51,52.502721666666666,13.333786666666668,26.4,20.9276,211.7,0.0641,0.03,18.27,18.27,12.23,0.68,1019.4,2.77,0.95,3.0,16.093,3.14159,Nürnberger Straße,164.1555535821452,4682.434192380792,pc4,Residential,2021-06-23 16:28:51,52.502878333333335,13.333878333333333,36.4,16.4828,218.9,0.0641,0.03,18.27,18.27,12.23,0.68,1019.4,2.77,0.95,3.0,16.093,3.14159,Nürnberger Straße,149.99992396627022,4661.371223374327,pc2,Residential,False,False,18.47792173740912,50,10,0.02
1624458532.1163566,2021-06-23T14:28:52.116356Z,52.50283833333334,13.333846666666666,2,4,S2,1624458532.1163566,12.267724545454548,-76.23779090909092,-48.500372727272726,0.000799774,41.0,27.0,4.818181818181818,0.019711909090909,12,11,2021-06-23 16:28:52,52.50283833333334,13.333846666666666,36.4,16.668,216.0,0.0641,0.03,18.27,18.27,12.23,0.68,1019.4,2.77,0.95,3.0,16.093,3.14159,Nürnberger Straße,153.4193861220874,4669.297783980456,pc2,Residential,2021-06-23 16:28:52,52.50267333333333,13.333741666666668,26.2,20.9276,212.1,0.0641,0.03,18.27,18.27,12.23,0.68,1019.4,2.77,0.95,3.0,16.093,1.21159,Kurfürstendamm,169.82121095774576,4686.946395941294,pc4,Residential,False,False,19.66005892973601,50,10,0.78
1624458532.508823,2021-06-23T14:28:52.508822Z,52.50267333333333,13.333741666666668,4,2,S2,1624458532.508823,12.95578152173913,-76.2603,-48.51792173913044,0.000866685673913,41.0,66.1304347826087,5.956521739130435,0.0188564384782608,12,46,2021-06-23 16:28:52,52.50267333333333,13.333741666666668,26.2,20.9276,212.1,0.0641,0.03,18.27,18.27,12.23,0.68,1019.4,2.77,0.95,3.0,16.093,1.21159,Kurfürstendamm,169.82121095774576,4686.946395941294,pc4,Residential,2021-06-23 16:28:52,52.50283833333334,13.333846666666666,36.4,16.668,216.0,0.0641,0.03,18.27,18.27,12.23,0.68,1019.4,2.77,0.95,3.0,16.093,3.14159,Nürnberger Straße,153.4193861220874,4669.297783980456,pc2,Residential,False,False,19.66005892973601,50,10,0.08
1624458533.260446,2021-06-23T14:28:53.260446Z,52.50280166666667,13.333813333333334,2,4,S2,1624458533.260446,6.53697,-84.1788,-56.2195,0.000375114,41.0,141.0,9.0,0.00225344,12,1,2021-06-23 16:28:53,52.50280166666667,13.333813333333334,36.8,17.2236,216.5,0.0641,0.03,18.27,18.27,12.23,0.68,1019.4,2.77,0.95,3.0,16.093,3.14159,Nürnberger Straße,156.45241262175122,4673.020177729984,pc2,Residential,2021-06-23 16:28:53,52.50262666666666,13.333696666666668,26.0,20.372,213.4,0.0641,0.03,18.27,18.27,12.23,0.68,1019.4,2.77,0.95,3.0,16.093,1.59902,Kurfürstendamm,167.95152153938923,4693.842542606343,pc4,Residential,False,False,20.98377825956037,50,10,0.98
1624458533.4922132,2021-06-23T14:28:53.492213Z,52.50262666666666,13.333696666666668,4,2,S2,1624458533.4922132,12.727220909090908,-76.6729340909091,-48.93781818181819,0.0007429057954545,41.0,164.45454545454547,6.090909090909091,0.0156806706818181,12,44,2021-06-23 16:28:53,52.50262666666666,13.333696666666668,26.0,20.372,213.4,0.0641,0.03,18.27,18.27,12.23,0.68,1019.4,2.77,0.95,3.0,16.093,1.59902,Kurfürstendamm,167.95152153938923,4693.842542606343,pc4,Residential,2021-06-23 16:28:53,52.50280166666667,13.333813333333334,36.8,17.2236,216.5,0.0641,0.03,18.27,18.27,12.23,0.68,1019.4,2.77,0.95,3.0,16.093,3.14159,Nürnberger Straße,156.45241262175122,4673.020177729984,pc2,Residential,False,False,20.98377825956037,50,10,0.12
1624458534.509614,2021-06-23T14:28:54.509613Z,52.50258333333333,13.333656666666666,4,2,S2,1624458534.509614,13.717451489361704,-76.24648936170213,-48.54302978723404,0.0006131597234042,41.0,266.40425531914894,4.0212765957446805,0.0160624357446808,12,47,2021-06-23 16:28:54,52.50258333333333,13.333656666666666,25.9,18.7052,213.0,0.0641,0.03,18.27,18.27,12.23,0.68,1019.4,2.77,0.95,3.0,16.093,2.41785,Rankeplatz,165.5164217544816,4700.139649585686,pc4,Residential,2021-06-23 16:28:54,52.50276333333333,13.333783333333333,37.0,16.4828,216.0,0.0641,0.03,18.27,18.27,12.23,0.68,1019.4,2.77,0.95,3.0,16.093,3.14159,Nürnberger Straße,159.7375803472187,4676.473599679838,pc2,Residential,False,False,21.756851384342347,50,10,0.06
1624458534.7877877,2021-06-23T14:28:54.787787Z,52.50276333333333,13.333783333333333,2,4,S2,1624458534.7877877,12.958548571428572,-77.59519523809524,-49.83480476190476,0.0004477585714285,41.0,294.0,6.238095238095238,0.0122195319047619,12,21,2021-06-23 16:28:54,52.50276333333333,13.333783333333333,37.0,16.4828,216.0,0.0641,0.03,18.27,18.27,12.23,0.68,1019.4,2.77,0.95,3.0,16.093,3.14159,Nürnberger Straße,159.7375803472187,4676.473599679838,pc2,Residential,2021-06-23 16:28:54,52.50258333333333,13.333656666666666,25.9,18.7052,213.0,0.0641,0.03,18.27,18.27,12.23,0.68,1019.4,2.77,0.95,3.0,16.093,2.41785,Rankeplatz,165.5164217544816,4700.139649585686,pc4,Residential,False,False,21.756851384342347,50,10,0.58
1624458535.488457,2021-06-23T14:28:55.488456Z,52.502725,13.333758333333334,2,4,S2,1624458535.488457,12.21257340425532,-77.68454255319149,-49.87631914893617,0.0005676168085106,41.0,364.06382978723406,6.25531914893617,0.0118278863829787,12,47,2021-06-23 16:28:55,52.502725,13.333758333333334,37.5,16.1124,213.3,0.0641,0.03,18.27,18.27,12.23,0.68,1019.4,2.77,0.95,3.0,16.093,3.14159,Nürnberger Straße,163.14059572866304,4682.434192380792,pc2,Residential,2021-06-23 16:28:55,52.502545,13.333621666666666,25.8,16.1124,212.6,0.0641,0.03,18.27,18.27,12.23,0.68,1019.4,2.77,0.95,3.0,16.093,2.41785,Rankeplatz,163.38878349907156,4703.6179148316805,pc4,Residential,False,False,22.03189870782235,50,10,0.06
1624458535.489193,2021-06-23T14:28:55.489192Z,52.502545,13.333621666666666,4,2,S2,1624458535.489193,15.092147021276595,-75.92015106382979,-48.14643191489362,0.0004414207659574,41.0,364.5744680851064,1.893617021276596,0.0182270663829787,12,47,2021-06-23 16:28:55,52.502545,13.333621666666666,25.8,16.1124,212.6,0.0641,0.03,18.27,18.27,12.23,0.68,1019.4,2.77,0.95,3.0,16.093,2.41785,Rankeplatz,163.38878349907156,4703.6179148316805,pc4,Residential,2021-06-23 16:28:55,52.502725,13.333758333333334,37.5,16.1124,213.3,0.0641,0.03,18.27,18.27,12.23,0.68,1019.4,2.77,0.95,3.0,16.093,3.14159,Nürnberger Straße,163.14059572866304,4682.434192380792,pc2,Residential,False,False,22.03189870782235,50,10,0.06
1624458536.4312809,2021-06-23T14:28:56.431280Z,52.502515,13.333591666666669,4,2,S2,1624458536.4312809,13.515423902439023,-73.80689512195121,-46.05189756097561,0.0019972078292682,41.0,458.609756097561,3.609756097560976,0.0318376658536585,12,41,2021-06-23 16:28:56,52.502515,13.333591666666669,25.7,12.778800000000002,211.3,0.0641,0.03,18.27,18.27,12.23,0.68,1019.4,2.77,0.95,3.0,16.093,2.41785,Rankeplatz,161.592499982138,4707.895152958563,pc4,Residential,2021-06-23 16:28:56,52.50268833333333,13.333731666666669,37.0,15.742,212.7,0.0641,0.03,18.27,18.27,12.23,0.68,1019.4,2.77,0.95,3.0,16.093,1.21159,Kurfürstendamm,168.79086151783804,4686.946395941294,pc2,Residential,False,False,21.460272992020887,50,10,0.18
1624458536.488464,2021-06-23T14:28:56.488464Z,52.50268833333333,13.333731666666669,2,4,S2,1624458536.488464,14.815194705882352,-74.61123137254901,-46.83527843137255,0.000657398745098,41.0,464.1960784313725,4.980392156862745,0.024471021372549,12,51,2021-06-23 16:28:56,52.50268833333333,13.333731666666669,37.0,15.742,212.7,0.0641,0.03,18.27,18.27,12.23,0.68,1019.4,2.77,0.95,3.0,16.093,1.21159,Kurfürstendamm,168.79086151783804,4686.946395941294,pc2,Residential,2021-06-23 16:28:56,52.502515,13.333591666666669,25.7,12.778800000000002,211.3,0.0641,0.03,18.27,18.27,12.23,0.68,1019.4,2.77,0.95,3.0,16.093,2.41785,Rankeplatz,161.592499982138,4707.895152958563,pc4,Residential,False,False,21.460272992020887,50,10,-0.02
1624458537.4740102,2021-06-23T14:28:57.474010Z,52.502653333333335,13.333703333333334,2,4,S2,1624458537.4740102,12.149551777777775,-73.34051555555556,-45.576344444444445,0.0022404464666666,41.0,562.5111111111111,7.377777777777778,0.0312502391111111,12,45,2021-06-23 16:28:57,52.502653333333335,13.333703333333334,37.2,15.1864,212.3,0.0641,0.03,18.27,18.27,12.23,0.68,1019.4,2.77,0.95,3.0,16.093,1.59902,Kurfürstendamm,167.78816972539173,4691.027220665812,pc2,Residential,2021-06-23 16:28:57,52.50249,13.333571666666666,25.6,9.4452,209.5,0.0641,0.03,18.27,18.27,12.23,0.68,1019.4,2.77,0.95,3.0,16.093,2.41785,Rankeplatz,160.46874144427062,4712.895457738533,pc4,Residential,False,False,20.214541103899368,50,10,0.1
1624458537.4945283,2021-06-23T14:28:57.494528Z,52.50249,13.333571666666666,4,2,S2,1624458537.4945283,13.81241575,-73.4656,-45.72651458333333,0.0016228903958333,41.0,564.8333333333334,4.645833333333333,0.0310709502083333,12,48,2021-06-23 16:28:57,52.50249,13.333571666666666,25.6,9.4452,209.5,0.0641,0.03,18.27,18.27,12.23,0.68,1019.4,2.77,0.95,3.0,16.093,2.41785,Rankeplatz,160.46874144427062,4712.895457738533,pc4,Residential,2021-06-23 16:28:57,52.502653333333335,13.333703333333334,37.2,15.1864,212.3,0.0641,0.03,18.27,18.27,12.23,0.68,1019.4,2.77,0.95,3.0,16.093,1.59902,Kurfürstendamm,167.78816972539173,4691.027220665812,pc2,Residential,False,False,20.214541103899368,50,10,0.04
1624458538.4893186,2021-06-23T14:28:58.489318Z,52.502475,13.333555,4,2,S2,1624458538.4893186,15.382730576923077,-75.34189615384615,-47.50564615384615,0.0004811447115384,41.0,664.1923076923077,5.865384615384615,0.0226676442307692,12,52,2021-06-23 16:28:58,52.502475,13.333555,25.3,5.556,207.0,0.0641,0.03,18.27,18.27,12.23,0.68,1019.4,2.77,0.95,3.0,16.093,2.41785,Rankeplatz,159.4800538663754,4712.895457738533,pc4,Residential,2021-06-23 16:28:58,52.50262,13.333676666666667,37.1,14.0752,212.2,0.0641,0.03,18.27,18.27,12.23,0.68,1019.4,2.77,0.95,3.0,16.093,2.41785,Rankeplatz,166.6418260531173,4695.326271291458,pc2,Residential,False,False,18.090259964106924,50,10,-0.04
1624458538.5044944,2021-06-23T14:28:58.504494Z,52.50262,13.333676666666667,2,4,S2,1624458538.5044944,14.837582765957448,-75.38610425531915,-47.59213617021276,0.0005117118723404,41.0,665.4468085106383,8.48936170212766,0.0216305291489361,12,47,2021-06-23 16:28:58,52.50262,13.333676666666667,37.1,14.0752,212.2,0.0641,0.03,18.27,18.27,12.23,0.68,1019.4,2.77,0.95,3.0,16.093,2.41785,Rankeplatz,166.6418260531173,4695.326271291458,pc2,Residential,2021-06-23 16:28:58,52.502475,13.333555,25.3,5.556,207.0,0.0641,0.03,18.27,18.27,12.23,0.68,1019.4,2.77,0.95,3.0,16.093,2.41785,Rankeplatz,159.4800538663754,4712.895457738533,pc4,Residential,False,False,18.090259964106924,50,10,0.06
1624458539.4939258,2021-06-23T14:28:59.493925Z,52.50259,13.333651666666666,2,4,S2,1624458539.4939258,16.058374,-73.36671,-45.571324,0.0006186564,41.0,764.84,4.02,0.0361546114,12,50,2021-06-23 16:28:59,52.50259,13.333651666666666,37.2,13.7048,212.3,0.0641,0.03,18.27,18.27,12.23,0.68,1019.4,2.77,0.95,3.0,16.093,2.41785,Rankeplatz,165.13780541280613,4697.394448560449,pc2,Residential,2021-06-23 16:28:59,52.50246666666666,13.333545,25.1,0.0,207.0,0.0641,0.03,18.27,18.27,12.23,0.68,1019.4,2.77,0.95,3.0,16.093,2.41785,Rankeplatz,158.88084615412944,4712.895457738533,pc4,Residential,False,False,15.486126991439054,50,10,0.0
1624458539.5106845,2021-06-23T14:28:59.510684Z,52.50246666666666,13.333545,4,2,S2,1624458539.5106845,16.991155102040818,-73.44148979591836,-45.62997142857142,0.0005178041224489,41.0,766.3061224489796,6.081632653061225,0.0358078214285714,12,49,2021-06-23 16:28:59,52.50246666666666,13.333545,25.1,0.0,207.0,0.0641,0.03,18.27,18.27,12.23,0.68,1019.4,2.77,0.95,3.0,16.093,2.41785,Rankeplatz,158.88084615412944,4712.895457738533,pc4,Residential,2021-06-23 16:28:59,52.50259,13.333651666666666,37.2,13.7048,212.3,0.0641,0.03,18.27,18.27,12.23,0.68,1019.4,2.77,0.95,3.0,16.093,2.41785,Rankeplatz,165.13780541280613,4697.394448560449,pc2,Residential,False,False,15.486126991439054,50,10,0.02
1624458540.5022018,2021-06-23T14:29:00.502201Z,52.502561666666665,13.333626666666667,2,4,S2,1624458540.5022018,16.000063541666666,-72.56897291666667,-44.77171666666666,0.0020306215,41.0,865.6041666666666,4.625,0.0434430839583333,12,48,2021-06-23 16:29:00,52.502561666666665,13.333626666666667,37.1,12.5936,213.2,0.0641,0.03,18.27,18.27,12.23,0.68,1019.4,2.77,0.95,3.0,16.093,2.41785,Rankeplatz,163.6235440630426,4703.6179148316805,pc2,Residential,2021-06-23 16:29:00,52.502465,13.33354,24.8,0.0,207.0,0.0641,0.03,18.27,18.27,12.23,0.68,1019.4,2.77,0.95,3.0,16.093,2.41785,Rankeplatz,158.558761791986,4712.895457738533,pc4,Residential,False,False,12.235648019466916,50,10,0.04
1624458540.5075507,2021-06-23T14:29:00.507550Z,52.502465,13.33354,4,2,S2,1624458540.5075507,18.548976,-71.623688,-43.8191,0.00056337412,41.0,866.0,6.02,0.0516063008,12,50,2021-06-23 16:29:00,52.502465,13.33354,24.8,0.0,207.0,0.0641,0.03,18.27,18.27,12.23,0.68,1019.4,2.77,0.95,3.0,16.093,2.41785,Rankeplatz,158.558761791986,4712.895457738533,pc4,Residential,2021-06-23 16:29:00,52.502561666666665,13.333626666666667,37.1,12.5936,213.2,0.0641,0.03,18.27,18.27,12.23,0.68,1019.4,2.77,0.95,3.0,16.093,2.41785,Rankeplatz,163.6235440630426,4703.6179148316805,pc2,Residential,False,False,12.235648019466916,50,10,0.0
1624458541.495495,2021-06-23T14:29:01.495495Z,52.50253666666666,13.333606666666666,2,4,S2,1624458541.495495,18.6374332,-69.025802,-41.167618,0.00135548534,41.0,964.96,4.38,0.0882709586,12,50,2021-06-23 16:29:01,52.50253666666666,13.333606666666666,37.2,9.4452,213.7,0.0641,0.03,18.27,18.27,12.23,0.68,1019.4,2.77,0.95,3.0,16.093,1.65321,Rankeplatz,162.43243540075727,4703.6179148316805,pc2,Residential,2021-06-23 16:29:01,52.50246,13.333536666666667,24.6,0.0,207.0,0.0641,0.03,18.27,18.27,12.23,0.68,1019.4,2.77,0.95,3.0,16.093,1.65321,Rankeplatz,158.37900836702502,4712.895457738533,pc4,Residential,False,False,9.74538666819627,50,10,0.0
1624458541.5075262,2021-06-23T14:29:01.507526Z,52.50246,13.333536666666667,4,2,S2,1624458541.5075262,21.124308,-67.986358,-40.1296,0.00074221982,41.0,966.0,6.0,0.112188684,12,50,2021-06-23 16:29:01,52.50246,13.333536666666667,24.6,0.0,207.0,0.0641,0.03,18.27,18.27,12.23,0.68,1019.4,2.77,0.95,3.0,16.093,1.65321,Rankeplatz,158.37900836702502,4712.895457738533,pc4,Residential,2021-06-23 16:29:01,52.50253666666666,13.333606666666666,37.2,9.4452,213.7,0.0641,0.03,18.27,18.27,12.23,0.68,1019.4,2.77,0.95,3.0,16.093,1.65321,Rankeplatz,162.43243540075727,4703.6179148316805,pc2,Residential,False,False,9.74538666819627,50,10,0.0
1624458542.4948592,2021-06-23T14:29:02.494859Z,52.50252,13.333595,2,4,S2,1624458542.4948592,20.158664,-67.189306,-39.302732,0.0010275251,41.0,122.94,2.98,0.125912348,12,50,2021-06-23 16:29:02,52.50252,13.333595,37.2,5.1856,213.9,0.0641,0.03,18.27,18.27,12.23,0.68,1019.4,2.77,0.95,3.0,16.093,1.65321,Rankeplatz,161.77432753535578,4707.895152958563,pc2,Residential,2021-06-23 16:29:02,52.50245666666667,13.333535,24.3,0.0,207.0,0.0641,0.03,18.27,18.27,12.23,0.68,1019.4,2.77,0.95,3.0,16.093,1.65321,Rankeplatz,158.29662509671897,4712.895457738533,pc4,Residential,False,False,8.122974430745037,50,10,0.0
1624458542.50875,2021-06-23T14:29:02.508749Z,52.50245666666667,13.333535,4,2,S2,1624458542.50875,22.26166041666667,-66.10453125,-38.236347916666666,0.0009079355416666,41.0,127.72916666666669,3.2916666666666665,0.1590576729166666,12,48,2021-06-23 16:29:02,52.50245666666667,13.333535,24.3,0.0,207.0,0.0641,0.03,18.27,18.27,12.23,0.68,1019.4,2.77,0.95,3.0,16.093,1.65321,Rankeplatz,158.29662509671897,4712.895457738533,pc4,Residential,2021-06-23 16:29:02,52.50252,13.333595,37.2,5.1856,213.9,0.0641,0.03,18.27,18.27,12.23,0.68,1019.4,2.77,0.95,3.0,16.093,1.65321,Rankeplatz,161.77432753535578,4707.895152958563,pc2,Residential,False,False,8.122974430745037,50,10,0.04
1624458543.497393,2021-06-23T14:29:03.497392Z,52.502453333333335,13.333535,4,2,S2,1624458543.497393,17.98694081632653,-66.72002857142857,-38.841281632653065,0.003591622877551,41.0,141.3469387755102,2.4081632653061225,0.1377114673469388,12,49,2021-06-23 16:29:03,52.502453333333335,13.333535,24.2,0.0,207.0,0.0641,0.03,18.27,18.27,12.23,0.68,1019.4,2.77,0.95,3.0,16.093,1.65321,Rankeplatz,158.3265989446438,4712.895457738533,pc4,Residential,2021-06-23 16:29:03,52.50251166666666,13.33359,37.2,0.0,213.9,0.0641,0.03,18.27,18.27,12.23,0.68,1019.4,2.77,0.95,3.0,16.093,1.65321,Rankeplatz,161.509836954775,4707.895152958563,pc2,Residential,False,False,7.472812573418189,50,10,0.02
1624458543.498982,2021-06-23T14:29:03.498981Z,52.50251166666666,13.33359,2,4,S2,1624458543.498982,18.58991,-67.489682,-39.623862,0.0014275974799999,41.0,141.0,7.44,0.112528122,12,50,2021-06-23 16:29:03,52.50251166666666,13.33359,37.2,0.0,213.9,0.0641,0.03,18.27,18.27,12.23,0.68,1019.4,2.77,0.95,3.0,16.093,1.65321,Rankeplatz,161.509836954775,4707.895152958563,pc2,Residential,2021-06-23 16:29:03,52.502453333333335,13.333535,24.2,0.0,207.0,0.0641,0.03,18.27,18.27,12.23,0.68,1019.4,2.77,0.95,3.0,16.093,1.65321,Rankeplatz,158.3265989446438,4712.895457738533,pc4,Residential,False,False,7.472812573418189,50,10,0.0
1624458544.495504,2021-06-23T14:29:04.495504Z,52.502451666666666,13.333533333333332,4,2,S2,1624458544.495504,16.455640000000002,-70.518506,-42.819572,0.00117577428,41.0,241.0,4.0,0.063324836,12,50,2021-06-23 16:29:04,52.502451666666666,13.333533333333332,24.1,0.0,207.0,0.0641,0.03,18.27,18.27,12.23,0.68,1019.4,2.77,0.95,3.0,16.093,1.65321,Rankeplatz,158.22922872894924,4718.562957632788,pc4,Residential,2021-06-23 16:29:04,52.50250833333333,13.33359,37.1,0.0,213.9,0.0641,0.03,18.27,18.27,12.23,0.68,1019.4,2.77,0.95,3.0,16.093,1.65321,Rankeplatz,161.53981108200355,4707.895152958563,pc2,Residential,False,False,7.37075785103978,50,10,0.0
1624458544.500528,2021-06-23T14:29:04.500527Z,52.50250833333333,13.33359,2,4,S2,1624458544.500528,18.174824,-70.9418,-43.248256,0.00067394782,41.0,241.0,9.0,0.0577678712,12,50,2021-06-23 16:29:04,52.50250833333333,13.33359,37.1,0.0,213.9,0.0641,0.03,18.27,18.27,12.23,0.68,1019.4,2.77,0.95,3.0,16.093,1.65321,Rankeplatz,161.53981108200355,4707.895152958563,pc2,Residential,2021-06-23 16:29:04,52.502451666666666,13.333533333333332,24.1,0.0,207.0,0.0641,0.03,18.27,18.27,12.23,0.68,1019.4,2.77,0.95,3.0,16.093,1.65321,Rankeplatz,158.22922872894924,4718.562957632788,pc4,Residential,False,False,7.37075785103978,50,10,0.0
1624458545.4955049,2021-06-23T14:29:05.495504Z,52.502451666666666,13.333533333333332,4,2,S2,1624458545.4955049,20.057266,-66.287974,-38.473834,0.00142421502,41.0,341.0,4.0,0.1414252839999999,12,50,2021-06-23 16:29:05,52.502451666666666,13.333533333333332,24.1,0.0,207.0,0.0641,0.03,18.27,18.27,12.23,0.68,1019.4,2.77,0.95,3.0,16.093,1.65321,Rankeplatz,158.22922872894924,4718.562957632788,pc4,Residential,2021-06-23 16:29:05,52.50251,13.333593333333331,37.0,0.0,213.9,0.0641,0.03,18.27,18.27,12.23,0.68,1019.4,2.77,0.95,3.0,16.093,1.65321,Rankeplatz,161.7495379727532,4707.895152958563,pc2,Residential,False,False,7.646758178109778,50,10,0.0
1624458545.500531,2021-06-23T14:29:05.500530Z,52.50251,13.333593333333331,2,4,S2,1624458545.500531,20.569416,-66.884114,-39.106288,0.00097889118,41.0,341.0,9.0,0.122835158,12,50,2021-06-23 16:29:05,52.50251,13.333593333333331,37.0,0.0,213.9,0.0641,0.03,18.27,18.27,12.23,0.68,1019.4,2.77,0.95,3.0,16.093,1.65321,Rankeplatz,161.7495379727532,4707.895152958563,pc2,Residential,2021-06-23 16:29:05,52.502451666666666,13.333533333333332,24.1,0.0,207.0,0.0641,0.03,18.27,18.27,12.23,0.68,1019.4,2.77,0.95,3.0,16.093,1.65321,Rankeplatz,158.22922872894924,4718.562957632788,pc4,Residential,False,False,7.646758178109778,50,10,0.0
1624458546.498898,2021-06-23T14:29:06.498898Z,52.50251,13.333595,2,4,S2,1624458546.498898,19.719912,-68.65717599999999,-40.864658,0.000794393,41.0,441.0,7.38,0.08216886,12,50,2021-06-23 16:29:06,52.50251,13.333595,36.9,0.0,213.9,0.0641,0.03,18.27,18.27,12.23,0.68,1019.4,2.77,0.95,3.0,16.093,1.65321,Rankeplatz,161.86189494938338,4707.895152958563,pc2,Residential,2021-06-23 16:29:06,52.502451666666666,13.333533333333332,24.1,0.0,207.0,0.0641,0.03,18.27,18.27,12.23,0.68,1019.4,2.77,0.95,3.0,16.093,1.65321,Rankeplatz,158.22922872894924,4718.562957632788,pc4,Residential,False,False,7.707165524395847,50,10,0.0
1624458546.5038483,2021-06-23T14:29:06.503848Z,52.502451666666666,13.333533333333332,4,2,S2,1624458546.5038483,19.76319183673469,-68.40825510204081,-40.6010693877551,0.0009428916530612,41.0,441.8979591836735,3.36734693877551,0.0870658510204081,12,49,2021-06-23 16:29:06,52.502451666666666,13.333533333333332,24.1,0.0,207.0,0.0641,0.03,18.27,18.27,12.23,0.68,1019.4,2.77,0.95,3.0,16.093,1.65321,Rankeplatz,158.22922872894924,4718.562957632788,pc4,Residential,2021-06-23 16:29:06,52.50251,13.333595,36.9,0.0,213.9,0.0641,0.03,18.27,18.27,12.23,0.68,1019.4,2.77,0.95,3.0,16.093,1.65321,Rankeplatz,161.86189494938338,4707.895152958563,pc2,Residential,False,False,7.707165524395847,50,10,0.02
1624458547.4975257,2021-06-23T14:29:07.497525Z,52.50251,13.333595,2,4,S2,1624458547.4975257,20.392458,-66.892604,-39.097574,0.00101784464,41.0,541.0,6.0,0.122716862,12,50,2021-06-23 16:29:07,52.50251,13.333595,36.9,0.0,213.9,0.0641,0.03,18.27,18.27,12.23,0.68,1019.4,2.77,0.95,3.0,16.093,1.65321,Rankeplatz,161.86189494938338,4707.895152958563,pc2,Residential,2021-06-23 16:29:07,52.502451666666666,13.333533333333332,24.1,0.0,207.0,0.0641,0.03,18.27,18.27,12.23,0.68,1019.4,2.77,0.95,3.0,16.093,1.65321,Rankeplatz,158.22922872894924,4718.562957632788,pc4,Residential,False,False,7.707165524395847,50,10,0.0
1624458547.5043042,2021-06-23T14:29:07.504304Z,52.502451666666666,13.333533333333332,4,2,S2,1624458547.5043042,22.17605306122449,-66.26063673469388,-38.46192244897959,0.0008651632857142,41.0,541.9795918367347,3.0,0.1424231571428571,12,49,2021-06-23 16:29:07,52.502451666666666,13.333533333333332,24.1,0.0,207.0,0.0641,0.03,18.27,18.27,12.23,0.68,1019.4,2.77,0.95,3.0,16.093,1.65321,Rankeplatz,158.22922872894924,4718.562957632788,pc4,Residential,2021-06-23 16:29:07,52.50251,13.333595,36.9,0.0,213.9,0.0641,0.03,18.27,18.27,12.23,0.68,1019.4,2.77,0.95,3.0,16.093,1.65321,Rankeplatz,161.86189494938338,4707.895152958563,pc2,Residential,False,False,7.707165524395847,50,10,0.02
1624458548.4975317,2021-06-23T14:29:08.497531Z,52.50251,13.333595,2,4,S2,1624458548.4975317,18.153652,-66.910362,-39.077802,0.00356396358,41.0,641.0,6.0,0.12830277,12,50,2021-06-23 16:29:08,52.50251,13.333595,36.8,0.0,213.9,0.0641,0.03,18.27,18.27,12.23,0.68,1019.4,2.77,0.95,3.0,16.093,1.65321,Rankeplatz,161.86189494938338,4707.895152958563,pc2,Residential,2021-06-23 16:29:08,52.502451666666666,13.333533333333332,24.1,0.0,207.0,0.0641,0.03,18.27,18.27,12.23,0.68,1019.4,2.77,0.95,3.0,16.093,1.65321,Rankeplatz,158.22922872894924,4718.562957632788,pc4,Residential,False,False,7.707165524395847,50,10,0.0
1624458548.498759,2021-06-23T14:29:08.498759Z,52.502451666666666,13.333533333333332,4,2,S2,1624458548.498759,21.51886326530612,-66.35462857142858,-38.51718979591837,0.0010926285306122,41.0,641.265306122449,4.591836734693878,0.146556293877551,12,49,2021-06-23 16:29:08,52.502451666666666,13.333533333333332,24.1,0.0,207.0,0.0641,0.03,18.27,18.27,12.23,0.68,1019.4,2.77,0.95,3.0,16.093,1.65321,Rankeplatz,158.22922872894924,4718.562957632788,pc4,Residential,2021-06-23 16:29:08,52.50251,13.333595,36.8,0.0,213.9,0.0641,0.03,18.27,18.27,12.23,0.68,1019.4,2.77,0.95,3.0,16.093,1.65321,Rankeplatz,161.86189494938338,4707.895152958563,pc2,Residential,False,False,7.707165524395847,50,10,0.02
1624458549.4916878,2021-06-23T14:29:09.491687Z,52.502451666666666,13.333533333333332,4,2,S2,1624458549.4916878,19.164697959183677,-66.62936734693878,-38.76464285714286,0.0018967525306122,41.0,740.1224489795918,8.938775510204081,0.1362733775510204,12,49,2021-06-23 16:29:09,52.502451666666666,13.333533333333332,24.1,0.0,207.0,0.0641,0.03,18.27,18.27,12.23,0.68,1019.4,2.77,0.95,3.0,16.093,1.65321,Rankeplatz,158.22922872894924,4718.562957632788,pc4,Residential,2021-06-23 16:29:09,52.50251,13.333595,36.8,0.0,213.9,0.0641,0.03,18.27,18.27,12.23,0.68,1019.4,2.77,0.95,3.0,16.093,1.65321,Rankeplatz,161.86189494938338,4707.895152958563,pc2,Residential,False,False,7.707165524395847,50,10,0.02
1624458549.501089,2021-06-23T14:29:09.501089Z,52.50251,13.333595,2,4,S2,1624458549.501089,12.115852040816328,-66.79439183673469,-38.9613306122449,0.0086657319183673,41.0,741.3469387755102,6.081632653061225,0.1304385673469387,12,49,2021-06-23 16:29:09,52.50251,13.333595,36.8,0.0,213.9,0.0641,0.03,18.27,18.27,12.23,0.68,1019.4,2.77,0.95,3.0,16.093,1.65321,Rankeplatz,161.86189494938338,4707.895152958563,pc2,Residential,2021-06-23 16:29:09,52.502451666666666,13.333533333333332,24.1,0.0,207.0,0.0641,0.03,18.27,18.27,12.23,0.68,1019.4,2.77,0.95,3.0,16.093,1.65321,Rankeplatz,158.22922872894924,4718.562957632788,pc4,Residential,False,False,7.707165524395847,50,10,0.02
1624458550.4826136,2021-06-23T14:29:10.482613Z,52.502451666666666,13.333533333333332,4,2,S2,1624458550.4826136,16.888422291666668,-66.7565625,-38.91772708333333,0.0052532384791666,41.0,839.3333333333334,7.770833333333333,0.13307320625,12,48,2021-06-23 16:29:10,52.502451666666666,13.333533333333332,24.1,0.0,207.0,0.0641,0.03,18.27,18.27,12.23,0.68,1019.4,2.77,0.95,3.0,16.093,1.65321,Rankeplatz,158.22922872894924,4718.562957632788,pc4,Residential,2021-06-23 16:29:10,52.50251,13.333595,36.8,0.0,213.9,0.0641,0.03,18.27,18.27,12.23,0.68,1019.4,2.77,0.95,3.0,16.093,1.65321,Rankeplatz,161.86189494938338,4707.895152958563,pc2,Residential,False,False,7.707165524395847,50,10,0.04
1624458550.4949522,2021-06-23T14:29:10.494952Z,52.50251,13.333595,2,4,S2,1624458550.4949522,20.20446530612245,-67.57783469387755,-39.74695306122449,0.0009162652653061,41.0,840.5714285714286,7.714285714285714,0.1105760530612244,12,49,2021-06-23 16:29:10,52.50251,13.333595,36.8,0.0,213.9,0.0641,0.03,18.27,18.27,12.23,0.68,1019.4,2.77,0.95,3.0,16.093,1.65321,Rankeplatz,161.86189494938338,4707.895152958563,pc2,Residential,2021-06-23 16:29:10,52.502451666666666,13.333533333333332,24.1,0.0,207.0,0.0641,0.03,18.27,18.27,12.23,0.68,1019.4,2.77,0.95,3.0,16.093,1.65321,Rankeplatz,158.22922872894924,4718.562957632788,pc4,Residential,False,False,7.707165524395847,50,10,0.02
1624458551.4856365,2021-06-23T14:29:11.485636Z,52.50251,13.333595,2,4,S2,1624458551.4856365,19.91699387755102,-66.5567775510204,-38.77350612244898,0.0017269931020408,41.0,939.6530612244898,7.571428571428571,0.1526159775510204,12,49,2021-06-23 16:29:11,52.50251,13.333595,36.8,0.0,213.9,0.0641,0.03,18.27,18.27,12.23,0.68,1019.4,2.77,0.95,3.0,16.093,1.65321,Rankeplatz,161.86189494938338,4707.895152958563,pc2,Residential,2021-06-23 16:29:11,52.502451666666666,13.333533333333332,24.1,0.0,207.0,0.0641,0.03,18.27,18.27,12.23,0.68,1019.4,2.77,0.95,3.0,16.093,1.65321,Rankeplatz,158.22922872894924,4718.562957632788,pc4,Residential,False,False,7.707165524395847,50,10,0.02
1624458551.5128736,2021-06-23T14:29:11.512873Z,52.502451666666666,13.333533333333332,4,2,S2,1624458551.5128736,22.693802,-65.76416,-37.994218,0.00089789778,41.0,942.54,5.96,0.183154234,12,50,2021-06-23 16:29:11,52.502451666666666,13.333533333333332,24.1,0.0,207.0,0.0641,0.03,18.27,18.27,12.23,0.68,1019.4,2.77,0.95,3.0,16.093,1.65321,Rankeplatz,158.22922872894924,4718.562957632788,pc4,Residential,2021-06-23 16:29:11,52.50251,13.333595,36.8,0.0,213.9,0.0641,0.03,18.27,18.27,12.23,0.68,1019.4,2.77,0.95,3.0,16.093,1.65321,Rankeplatz,161.86189494938338,4707.895152958563,pc2,Residential,False,False,7.707165524395847,50,10,0.0
1624458552.4860926,2021-06-23T14:29:12.486092Z,52.50251,13.333595,2,4,S2,1624458552.4860926,16.969072558139533,-70.72663953488372,-42.91177209302326,0.0016366904418604,41.0,396.8372093023256,6.395348837209302,0.0651769804651162,12,43,2021-06-23 16:29:12,52.50251,13.333595,36.8,0.0,213.9,0.0641,0.03,18.27,18.27,12.23,0.68,1019.4,2.77,0.95,3.0,16.093,1.65321,Rankeplatz,161.86189494938338,4707.895152958563,pc2,Residential,2021-06-23 16:29:12,52.502451666666666,13.333533333333332,24.1,0.0,207.0,0.0641,0.03,18.27,18.27,12.23,0.68,1019.4,2.77,0.95,3.0,16.093,1.65321,Rankeplatz,158.22922872894924,4718.562957632788,pc4,Residential,False,False,7.707165524395847,50,10,0.14
1624458552.4889436,2021-06-23T14:29:12.488943Z,52.502451666666666,13.333533333333332,4,2,S2,1624458552.4889436,18.93944255319149,-71.20218085106383,-43.41971063829787,0.0005705486382978,41.0,365.1489361702128,1.893617021276596,0.0617915638297872,12,47,2021-06-23 16:29:12,52.502451666666666,13.333533333333332,24.1,0.0,207.0,0.0641,0.03,18.27,18.27,12.23,0.68,1019.4,2.77,0.95,3.0,16.093,1.65321,Rankeplatz,158.22922872894924,4718.562957632788,pc4,Residential,2021-06-23 16:29:12,52.50251,13.333595,36.8,0.0,213.9,0.0641,0.03,18.27,18.27,12.23,0.68,1019.4,2.77,0.95,3.0,16.093,1.65321,Rankeplatz,161.86189494938338,4707.895152958563,pc2,Residential,False,False,7.707165524395847,50,10,0.06
1624458553.499421,2021-06-23T14:29:13.499420Z,52.502451666666666,13.333533333333332,4,2,S2,1624458553.499421,18.20479166666667,-72.19187708333332,-44.420208333333335,0.0005270044166666,41.0,117.60416666666669,1.8541666666666667,0.0464732739583333,12,48,2021-06-23 16:29:13,52.502451666666666,13.333533333333332,24.1,2.778,205.1,0.0641,0.03,18.27,18.27,12.23,0.68,1019.4,2.77,0.95,3.0,16.093,1.65321,Rankeplatz,158.22922872894924,4718.562957632788,pc4,Residential,2021-06-23 16:29:13,52.50251,13.333595,36.8,0.0,213.9,0.0641,0.03,18.27,18.27,12.23,0.68,1019.4,2.77,0.95,3.0,16.093,1.65321,Rankeplatz,161.86189494938338,4707.895152958563,pc2,Residential,False,False,7.707165524395847,50,10,0.04
1624458553.5006378,2021-06-23T14:29:13.500637Z,52.50251,13.333595,2,4,S2,1624458553.5006378,16.75486304347826,-72.84212608695653,-45.05725217391305,0.0006061717173913,41.0,117.1304347826087,7.826086956521739,0.0428935782608695,12,46,2021-06-23 16:29:13,52.50251,13.333595,36.8,0.0,213.9,0.0641,0.03,18.27,18.27,12.23,0.68,1019.4,2.77,0.95,3.0,16.093,1.65321,Rankeplatz,161.86189494938338,4707.895152958563,pc2,Residential,2021-06-23 16:29:13,52.502451666666666,13.333533333333332,24.1,2.778,205.1,0.0641,0.03,18.27,18.27,12.23,0.68,1019.4,2.77,0.95,3.0,16.093,1.65321,Rankeplatz,158.22922872894924,4718.562957632788,pc4,Residential,False,False,7.707165524395847,50,10,0.08
1624458554.4978795,2021-06-23T14:29:14.497879Z,52.502505,13.333588333333331,2,4,S2,1624458554.4978795,17.980769591836737,-70.44836734693878,-42.65085306122449,0.0008618331020408,41.0,217.2244897959184,4.1020408163265305,0.0862483499999999,12,49,2021-06-23 16:29:14,52.502505,13.333588333333331,36.8,7.7784,214.0,0.0641,0.03,18.27,18.27,12.23,0.68,1019.4,2.77,0.95,3.0,16.093,1.65321,Rankeplatz,161.45742821877076,4707.895152958563,pc2,Residential,2021-06-23 16:29:14,52.502445,13.333525,24.2,5.7412,222.5,0.0641,0.03,18.27,18.27,12.23,0.68,1019.4,2.77,0.95,3.0,16.093,1.65321,Rankeplatz,157.72739061827355,4718.562957632788,pc4,Residential,False,False,7.923887355358001,50,10,0.02
1624458554.5040913,2021-06-23T14:29:14.504091Z,52.502445,13.333525,4,2,S2,1624458554.5040913,19.500575,-69.5844625,-41.75688125,0.0008163611666666,41.0,217.8125,4.375,0.1117235070833333,12,48,2021-06-23 16:29:14,52.502445,13.333525,24.2,5.7412,222.5,0.0641,0.03,18.27,18.27,12.23,0.68,1019.4,2.77,0.95,3.0,16.093,1.65321,Rankeplatz,157.72739061827355,4718.562957632788,pc4,Residential,2021-06-23 16:29:14,52.502505,13.333588333333331,36.8,7.7784,214.0,0.0641,0.03,18.27,18.27,12.23,0.68,1019.4,2.77,0.95,3.0,16.093,1.65321,Rankeplatz,161.45742821877076,4707.895152958563,pc2,Residential,False,False,7.923887355358001,50,10,0.04
1624458555.4804304,2021-06-23T14:29:15.480430Z,52.50248166666667,13.333563333333334,2,4,S2,1624458555.4804304,19.017387234042552,-69.06845531914894,-41.247589361702126,0.0009328063404255,41.0,315.468085106383,4.23404255319149,0.1013968617021276,12,47,2021-06-23 16:29:15,52.50248166666667,13.333563333333334,36.9,13.89,213.3,0.0641,0.03,18.27,18.27,12.23,0.68,1019.4,2.77,0.95,3.0,16.093,1.65321,Rankeplatz,159.98189125376638,4712.895457738533,pc2,Residential,2021-06-23 16:29:15,52.50241666666667,13.333491666666667,24.3,16.4828,210.5,0.0641,0.03,18.27,18.27,12.23,0.68,1019.4,2.77,0.95,3.0,16.093,1.21159,Kurfürstendamm,155.73502319236772,4718.562957632788,pc4,Residential,False,False,8.697658121279508,50,10,0.06
1624458555.4975088,2021-06-23T14:29:15.497508Z,52.50241666666667,13.333491666666667,4,2,S2,1624458555.4975088,20.301268,-69.077732,-41.264876,0.00069755044,41.0,317.02,5.78,0.092802705,12,50,2021-06-23 16:29:15,52.50241666666667,13.333491666666667,24.3,16.4828,210.5,0.0641,0.03,18.27,18.27,12.23,0.68,1019.4,2.77,0.95,3.0,16.093,1.21159,Kurfürstendamm,155.73502319236772,4718.562957632788,pc4,Residential,2021-06-23 16:29:15,52.50248166666667,13.333563333333334,36.9,13.89,213.3,0.0641,0.03,18.27,18.27,12.23,0.68,1019.4,2.77,0.95,3.0,16.093,1.65321,Rankeplatz,159.98189125376638,4712.895457738533,pc2,Residential,False,False,8.697658121279508,50,10,0.0
1624458556.4375577,2021-06-23T14:29:16.437557Z,52.50244666666666,13.333523333333334,2,4,S2,1624458556.4375577,11.8502125,-67.44229375,-39.67629375,0.0079132453749999,41.0,410.875,7.25,0.11857370625,12,16,2021-06-23 16:29:16,52.50244666666666,13.333523333333334,37.0,19.260800000000003,212.2,0.0641,0.03,18.27,18.27,12.23,0.68,1019.4,2.77,0.95,3.0,16.093,1.65321,Rankeplatz,157.60004656483926,4718.562957632788,pc2,Residential,2021-06-23 16:29:16,52.50233833333333,13.333496666666669,24.7,18.52,210.3,0.0641,0.03,18.27,18.27,12.23,0.68,1019.4,2.77,0.95,3.0,16.093,1.21159,Kurfürstendamm,156.73395385739107,4724.829254888309,pc4,Residential,False,False,12.171222307550211,50,10,0.68
1624458556.4955218,2021-06-23T14:29:16.495521Z,52.50233833333333,13.333496666666669,4,2,S2,1624458556.4955218,20.008284,-69.763118,-41.987736000000005,0.00063336722,41.0,417.0,4.0,0.076190686,12,50,2021-06-23 16:29:16,52.50233833333333,13.333496666666669,24.7,18.52,210.3,0.0641,0.03,18.27,18.27,12.23,0.68,1019.4,2.77,0.95,3.0,16.093,1.21159,Kurfürstendamm,156.73395385739107,4724.829254888309,pc4,Residential,2021-06-23 16:29:16,52.50244666666666,13.333523333333334,37.0,19.260800000000003,212.2,0.0641,0.03,18.27,18.27,12.23,0.68,1019.4,2.77,0.95,3.0,16.093,1.65321,Rankeplatz,157.60004656483926,4718.562957632788,pc2,Residential,False,False,12.171222307550211,50,10,0.0
1624458557.4957874,2021-06-23T14:29:17.495787Z,52.50226,13.333476666666666,4,2,S2,1624458557.4957874,20.894832,-68.49091800000001,-40.75011,0.00069513418,41.0,517.02,4.04,0.096224302,12,50,2021-06-23 16:29:17,52.50226,13.333476666666666,25.4,19.446,212.1,0.0641,0.03,18.27,18.27,12.23,0.68,1019.4,2.77,0.95,3.0,16.093,1.21159,Kurfürstendamm,155.99465713042406,4737.9864351758215,pc4,Residential,2021-06-23 16:29:17,52.5024,13.333486666666667,37.3,20.7424,211.8,0.0641,0.03,18.27,18.27,12.23,0.68,1019.4,2.77,0.95,3.0,16.093,1.21159,Kurfürstendamm,155.54781948512644,4724.829254888309,pc2,Residential,False,False,15.570168882529332,50,10,0.0
1624458557.504439,2021-06-23T14:29:17.504439Z,52.5024,13.333486666666667,2,4,S2,1624458557.504439,18.965367346938777,-69.05033469387756,-41.28489795918368,0.000984721755102,41.0,518.0816326530612,2.0816326530612246,0.0844127183673469,12,49,2021-06-23 16:29:17,52.5024,13.333486666666667,37.3,20.7424,211.8,0.0641,0.03,18.27,18.27,12.23,0.68,1019.4,2.77,0.95,3.0,16.093,1.21159,Kurfürstendamm,155.54781948512644,4724.829254888309,pc2,Residential,2021-06-23 16:29:17,52.50226,13.333476666666666,25.4,19.446,212.1,0.0641,0.03,18.27,18.27,12.23,0.68,1019.4,2.77,0.95,3.0,16.093,1.21159,Kurfürstendamm,155.99465713042406,4737.9864351758215,pc4,Residential,False,False,15.570168882529332,50,10,0.02
1624458558.5153832,2021-06-23T14:29:18.515383Z,52.50235,13.33344,2,4,S2,1624458558.5153832,18.608116326530613,-69.78235102040816,-42.02070612244898,0.0008125863061224,41.0,618.734693877551,6.489795918367347,0.0706277346938775,12,49,2021-06-23 16:29:18,52.50235,13.33344,37.6,22.5944,212.5,0.0641,0.03,18.27,18.27,12.23,0.68,1019.4,2.77,0.95,3.0,16.093,1.21159,Kurfürstendamm,152.81978982001036,4731.359500885549,pc2,Residential,2021-06-23 16:29:18,52.502205,13.333425,25.6,21.853600000000004,211.3,0.0641,0.03,18.27,18.27,12.23,0.68,1019.4,2.77,0.95,3.0,16.093,2.41785,Rankeplatz,152.93706794301227,4744.618844905574,pc4,Residential,False,False,16.142905405799077,50,10,0.02
1624458558.5661385,2021-06-23T14:29:18.566138Z,52.502205,13.333425,4,2,S2,1624458558.5661385,20.53749655172414,-68.77975862068966,-41.01273103448276,0.0007104266896551,41.0,624.2068965517242,2.5517241379310347,0.0854543034482758,12,29,2021-06-23 16:29:18,52.502205,13.333425,25.6,21.853600000000004,211.3,0.0641,0.03,18.27,18.27,12.23,0.68,1019.4,2.77,0.95,3.0,16.093,2.41785,Rankeplatz,152.93706794301227,4744.618844905574,pc4,Residential,2021-06-23 16:29:18,52.50235,13.33344,37.6,22.5944,212.5,0.0641,0.03,18.27,18.27,12.23,0.68,1019.4,2.77,0.95,3.0,16.093,1.21159,Kurfürstendamm,152.81978982001036,4731.359500885549,pc2,Residential,False,False,16.142905405799077,50,10,0.42
1624458559.4894235,2021-06-23T14:29:19.489423Z,52.50215,13.33337,4,2,S2,1624458559.4894235,17.20617111111111,-73.44186666666667,-45.63627777777778,0.0004873105333333,41.0,716.4888888888889,2.911111111111111,0.0322565197777777,12,45,2021-06-23 16:29:19,52.50215,13.33337,26.0,22.5944,211.3,0.0641,0.03,18.27,18.27,12.23,0.68,1019.4,2.77,0.95,3.0,16.093,2.41785,Rankeplatz,149.6545688237501,4751.186623545625,pc4,Residential,2021-06-23 16:29:19,52.50229333333333,13.333401666666669,38.0,23.15,211.2,0.0641,0.03,18.27,18.27,12.23,0.68,1019.4,2.77,0.95,3.0,16.093,1.21159,Kurfürstendamm,150.6747857427099,4737.9864351758215,pc2,Residential,False,False,16.06907584160948,50,10,0.1
1624458559.5091743,2021-06-23T14:29:19.509174Z,52.50229333333333,13.333401666666669,2,4,S2,1624458559.5091743,15.75247659574468,-74.29811063829787,-46.47879574468085,0.0005234445957446,41.0,718.063829787234,7.0,0.0255192621276595,12,47,2021-06-23 16:29:19,52.50229333333333,13.333401666666669,38.0,23.15,211.2,0.0641,0.03,18.27,18.27,12.23,0.68,1019.4,2.77,0.95,3.0,16.093,1.21159,Kurfürstendamm,150.6747857427099,4737.9864351758215,pc2,Residential,2021-06-23 16:29:19,52.50215,13.33337,26.0,22.5944,211.3,0.0641,0.03,18.27,18.27,12.23,0.68,1019.4,2.77,0.95,3.0,16.093,2.41785,Rankeplatz,149.6545688237501,4751.186623545625,pc4,Residential,False,False,16.06907584160948,50,10,0.06
1624458560.145242,2021-06-23T14:29:20.145241Z,52.50223166666667,13.333368333333333,2,4,S2,1624458560.145242,14.599775,-75.515225,-47.7177125,0.00053137775,41.0,781.75,6.25,0.01817190625,12,8,2021-06-23 16:29:20,52.50223166666667,13.333368333333333,38.9,22.4092,210.0,0.0641,0.03,18.27,18.27,12.23,0.68,1019.4,2.77,0.95,3.0,16.093,1.21159,Kurfürstendamm,148.9060674295345,4744.618844905574,pc2,Residential,2021-06-23 16:29:20,52.50210166666667,13.333315,26.4,22.4092,212.7,0.0641,0.03,18.27,18.27,12.23,0.68,1019.4,2.77,0.95,3.0,16.093,2.41785,Rankeplatz,146.3488536582922,4757.593713000391,pc4,Residential,False,False,14.887704413821751,50,10,0.84
1624458560.5228307,2021-06-23T14:29:20.522830Z,52.50210166666667,13.333315,4,2,S2,1624458560.5228307,17.24644375,-73.30279166666666,-45.57131666666667,0.0005028103333333,41.0,819.5625,5.666666666666667,0.03234500625,12,48,2021-06-23 16:29:20,52.50210166666667,13.333315,26.4,22.4092,212.7,0.0641,0.03,18.27,18.27,12.23,0.68,1019.4,2.77,0.95,3.0,16.093,2.41785,Rankeplatz,146.3488536582922,4757.593713000391,pc4,Residential,2021-06-23 16:29:20,52.50223166666667,13.333368333333333,38.9,22.4092,210.0,0.0641,0.03,18.27,18.27,12.23,0.68,1019.4,2.77,0.95,3.0,16.093,1.21159,Kurfürstendamm,148.9060674295345,4744.618844905574,pc2,Residential,False,False,14.887704413821751,50,10,0.04
1624458561.463263,2021-06-23T14:29:21.463263Z,52.502175,13.333331666666666,2,4,S2,1624458561.463263,16.759075,-69.91092499999999,-42.2396125,0.001181579,41.0,914.0,1.75,0.0699904125,12,8,2021-06-23 16:29:21,52.502175,13.333331666666666,39.5,22.4092,209.3,0.0641,0.03,18.27,18.27,12.23,0.68,1019.4,2.77,0.95,3.0,16.093,2.41785,Rankeplatz,146.8735002600685,4751.186623545625,pc2,Residential,2021-06-23 16:29:21,52.502055,13.33326,26.6,21.4832,213.7,0.0641,0.03,18.27,18.27,12.23,0.68,1019.4,2.77,0.95,3.0,16.093,2.41785,Rankeplatz,143.19183800528532,4763.817511896727,pc4,Residential,False,False,14.1866488588309,50,10,0.84
1624458561.5063317,2021-06-23T14:29:21.506331Z,52.502055,13.33326,4,2,S2,1624458561.5063317,19.131563265306124,-71.05624489795917,-43.300744897959184,0.0005659819387755,41.0,917.8775510204082,6.040816326530612,0.0570647242857142,12,49,2021-06-23 16:29:21,52.502055,13.33326,26.6,21.4832,213.7,0.0641,0.03,18.27,18.27,12.23,0.68,1019.4,2.77,0.95,3.0,16.093,2.41785,Rankeplatz,143.19183800528532,4763.817511896727,pc4,Residential,2021-06-23 16:29:21,52.502175,13.333331666666666,39.5,22.4092,209.3,0.0641,0.03,18.27,18.27,12.23,0.68,1019.4,2.77,0.95,3.0,16.093,2.41785,Rankeplatz,146.8735002600685,4751.186623545625,pc2,Residential,False,False,14.1866488588309,50,10,0.02
1624458562.391761,2021-06-23T14:29:22.391761Z,52.50212333333333,13.333286666666666,2,4,S2,1624458562.391761,16.97454705882353,-69.56072352941177,-41.79311176470589,0.0012923744705882,41.0,645.4705882352941,1.3529411764705883,0.0897040223529411,12,17,2021-06-23 16:29:22,52.50212333333333,13.333286666666666,39.7,22.5944,210.8,0.0641,0.03,18.27,18.27,12.23,0.68,1019.4,2.77,0.95,3.0,16.093,2.41785,Rankeplatz,144.24111665621712,4757.593713000391,pc2,Residential,2021-06-23 16:29:22,52.50201666666667,13.333205,27.0,20.7424,214.5,0.0641,0.03,18.27,18.27,12.23,0.68,1019.4,2.77,0.95,3.0,16.093,2.41785,Rankeplatz,139.96307599066532,4769.887225217627,pc4,Residential,False,False,13.075331213005892,50,10,0.66
1624458562.5057578,2021-06-23T14:29:22.505757Z,52.50201666666667,13.333205,4,2,S2,1624458562.5057578,19.520692,-70.159854,-42.431942,0.00064545772,41.0,567.26,6.04,0.073141342,12,50,2021-06-23 16:29:22,52.50201666666667,13.333205,27.0,20.7424,214.5,0.0641,0.03,18.27,18.27,12.23,0.68,1019.4,2.77,0.95,3.0,16.093,2.41785,Rankeplatz,139.96307599066532,4769.887225217627,pc4,Residential,2021-06-23 16:29:22,52.50212333333333,13.333286666666666,39.7,22.5944,210.8,0.0641,0.03,18.27,18.27,12.23,0.68,1019.4,2.77,0.95,3.0,16.093,2.41785,Rankeplatz,144.24111665621712,4757.593713000391,pc2,Residential,False,False,13.075331213005892,50,10,0.0
1624458563.5036478,2021-06-23T14:29:23.503647Z,52.50197333333333,13.333153333333334,4,2,S2,1624458563.5036478,21.07388571428572,-68.28460408163265,-40.50187142857143,0.0007079108367346,41.0,93.6122448979592,6.0,0.1143649551020408,12,49,2021-06-23 16:29:23,52.50197333333333,13.333153333333334,27.2,20.9276,215.5,0.0641,0.03,18.27,18.27,12.23,0.68,1019.4,2.77,0.95,3.0,16.093,2.41785,Rankeplatz,137.01952431650892,4775.910749773831,pc4,Residential,2021-06-23 16:29:23,52.50207666666667,13.333236666666666,39.3,21.6684,211.1,0.0641,0.03,18.27,18.27,12.23,0.68,1019.4,2.77,0.95,3.0,16.093,2.41785,Rankeplatz,141.35833106925196,4763.817511896727,pc2,Residential,False,False,12.78986664170488,50,10,0.02
1624458563.6011455,2021-06-23T14:29:23.601145Z,52.50207666666667,13.333236666666666,2,4,S2,1624458563.6011455,17.85950322580645,-67.73910967741936,-39.920683870967736,0.0015456624516129,41.0,103.83870967741936,1.1935483870967742,0.1167281741935483,12,31,2021-06-23 16:29:23,52.50207666666667,13.333236666666666,39.3,21.6684,211.1,0.0641,0.03,18.27,18.27,12.23,0.68,1019.4,2.77,0.95,3.0,16.093,2.41785,Rankeplatz,141.35833106925196,4763.817511896727,pc2,Residential,2021-06-23 16:29:23,52.50197333333333,13.333153333333334,27.2,20.9276,215.5,0.0641,0.03,18.27,18.27,12.23,0.68,1019.4,2.77,0.95,3.0,16.093,2.41785,Rankeplatz,137.01952431650892,4775.910749773831,pc4,Residential,False,False,12.78986664170488,50,10,0.38
1624458564.5084362,2021-06-23T14:29:24.508436Z,52.50193,13.333101666666666,4,2,S2,1624458564.5084362,20.23273469387755,-69.07354285714285,-41.31971428571429,0.0007129204489795,41.0,194.0612244897959,6.0,0.0923790693877551,12,49,2021-06-23 16:29:24,52.50193,13.333101666666666,27.4,21.298,215.5,0.0641,0.03,18.27,18.27,12.23,0.68,1019.4,2.77,0.95,3.0,16.093,2.41785,Rankeplatz,134.07596533397373,4782.023795275754,pc4,Residential,2021-06-23 16:29:24,52.50203333333333,13.333186666666666,39.4,21.6684,212.5,0.0641,0.03,18.27,18.27,12.23,0.68,1019.4,2.77,0.95,3.0,16.093,2.41785,Rankeplatz,138.5268298884964,4769.887225217627,pc2,Residential,False,False,12.8399403622764,50,10,0.02
1624458564.569005,2021-06-23T14:29:24.569005Z,52.50203333333333,13.333186666666666,2,4,S2,1624458564.569005,18.353002564102564,-69.59624615384615,-41.77515897435897,0.0009197555128205,41.0,200.64102564102564,1.051282051282051,0.0774146666666666,12,39,2021-06-23 16:29:24,52.50203333333333,13.333186666666666,39.4,21.6684,212.5,0.0641,0.03,18.27,18.27,12.23,0.68,1019.4,2.77,0.95,3.0,16.093,2.41785,Rankeplatz,138.5268298884964,4769.887225217627,pc2,Residential,2021-06-23 16:29:24,52.50193,13.333101666666666,27.4,21.298,215.5,0.0641,0.03,18.27,18.27,12.23,0.68,1019.4,2.77,0.95,3.0,16.093,2.41785,Rankeplatz,134.07596533397373,4782.023795275754,pc4,Residential,False,False,12.8399403622764,50,10,0.22
1624458565.493224,2021-06-23T14:29:25.493223Z,52.50198833333334,13.333138333333334,2,4,S2,1624458565.493224,17.580944,-71.64817,-43.845074,0.00065419474,41.0,293.02,1.52,0.050266751,12,50,2021-06-23 16:29:25,52.50198833333334,13.333138333333334,39.9,22.224,212.2,0.0641,0.03,18.27,18.27,12.23,0.68,1019.4,2.77,0.95,3.0,16.093,2.41785,Rankeplatz,135.8277418834265,4775.910749773831,pc2,Residential,2021-06-23 16:29:25,52.50188666666666,13.333053333333334,27.7,20.9276,215.3,0.0641,0.03,18.27,18.27,12.23,0.68,1019.4,2.77,0.95,3.0,16.093,1.65321,Rankeplatz,131.35648668132558,4788.316380098288,pc4,Residential,False,False,12.674633313828126,50,10,0.0
1624458565.507233,2021-06-23T14:29:25.507232Z,52.50188666666666,13.333053333333334,4,2,S2,1624458565.507233,17.83443469387755,-72.51176530612246,-44.76682040816326,0.0005325649795918,41.0,293.9591836734694,6.122448979591836,0.048031025510204,12,49,2021-06-23 16:29:25,52.50188666666666,13.333053333333334,27.7,20.9276,215.3,0.0641,0.03,18.27,18.27,12.23,0.68,1019.4,2.77,0.95,3.0,16.093,1.65321,Rankeplatz,131.35648668132558,4788.316380098288,pc4,Residential,2021-06-23 16:29:25,52.50198833333334,13.333138333333334,39.9,22.224,212.2,0.0641,0.03,18.27,18.27,12.23,0.68,1019.4,2.77,0.95,3.0,16.093,2.41785,Rankeplatz,135.8277418834265,4775.910749773831,pc2,Residential,False,False,12.674633313828126,50,10,0.02
1624458566.4976108,2021-06-23T14:29:26.497610Z,52.501938333333335,13.333091666666666,2,4,S2,1624458566.4976108,16.987666,-72.516362,-44.751726,0.0006099886999999,41.0,393.02,5.9,0.0443971318,12,50,2021-06-23 16:29:26,52.501938333333335,13.333091666666666,40.6,22.4092,212.0,0.0641,0.03,18.27,18.27,12.23,0.68,1019.4,2.77,0.95,3.0,16.093,2.41785,Rankeplatz,133.30182024629212,4782.023795275754,pc2,Residential,2021-06-23 16:29:26,52.501846666666665,13.332998333333334,27.9,20.9276,214.9,0.0641,0.03,18.27,18.27,12.23,0.68,1019.4,2.77,0.95,3.0,16.093,1.65321,Rankeplatz,128.1480727465258,4794.890585274395,pc4,Residential,False,False,11.982361640328218,50,10,0.0
1624458566.512223,2021-06-23T14:29:26.512223Z,52.501846666666665,13.332998333333334,4,2,S2,1624458566.512223,18.07851020408163,-72.21477346938775,-44.47374693877551,0.0005384457755102,41.0,394.4693877551021,6.0,0.0439286040816326,12,49,2021-06-23 16:29:26,52.501846666666665,13.332998333333334,27.9,20.9276,214.9,0.0641,0.03,18.27,18.27,12.23,0.68,1019.4,2.77,0.95,3.0,16.093,1.65321,Rankeplatz,128.1480727465258,4794.890585274395,pc4,Residential,2021-06-23 16:29:26,52.501938333333335,13.333091666666666,40.6,22.4092,212.0,0.0641,0.03,18.27,18.27,12.23,0.68,1019.4,2.77,0.95,3.0,16.093,2.41785,Rankeplatz,133.30182024629212,4782.023795275754,pc2,Residential,False,False,11.982361640328218,50,10,0.02
1624458567.4975195,2021-06-23T14:29:27.497519Z,52.501893333333335,13.333036666666668,2,4,S2,1624458567.4975195,17.180091,-72.14954399999999,-44.398098,0.00063351924,41.0,493.0,6.0,0.0457934091999999,12,50,2021-06-23 16:29:27,52.501893333333335,13.333036666666668,41.0,22.4092,211.0,0.0641,0.03,18.27,18.27,12.23,0.68,1019.4,2.77,0.95,3.0,16.093,1.65321,Rankeplatz,130.15454268701882,4788.316380098288,pc2,Residential,2021-06-23 16:29:27,52.501803333333335,13.332941666666668,28.6,23.15,213.1,0.0641,0.03,18.27,18.27,12.23,0.68,1019.4,2.77,0.95,3.0,16.093,1.65321,Rankeplatz,124.8683599040374,4794.890585274395,pc4,Residential,False,False,11.885923021356612,50,10,0.0
1624458567.4988358,2021-06-23T14:29:27.498835Z,52.501803333333335,13.332941666666668,4,2,S2,1624458567.4988358,18.044025,-70.77755217391305,-43.0154652173913,0.0017392918260869,41.0,493.3478260869565,3.8260869565217392,0.0613320269565217,12,46,2021-06-23 16:29:27,52.501803333333335,13.332941666666668,28.6,23.15,213.1,0.0641,0.03,18.27,18.27,12.23,0.68,1019.4,2.77,0.95,3.0,16.093,1.65321,Rankeplatz,124.8683599040374,4794.890585274395,pc4,Residential,2021-06-23 16:29:27,52.501893333333335,13.333036666666668,41.0,22.4092,211.0,0.0641,0.03,18.27,18.27,12.23,0.68,1019.4,2.77,0.95,3.0,16.093,1.65321,Rankeplatz,130.15454268701882,4788.316380098288,pc2,Residential,False,False,11.885923021356612,50,10,0.08
1624458568.461965,2021-06-23T14:29:28.461965Z,52.501756666666665,13.332885,4,2,S2,1624458568.461965,17.8758414893617,-71.00655106382979,-43.22387021276596,0.0013364874893617,41.0,589.4255319148937,6.170212765957447,0.0666737914893617,12,47,2021-06-23 16:29:28,52.501756666666665,13.332885,29.0,22.5944,212.9,0.0641,0.03,18.27,18.27,12.23,0.68,1019.4,2.77,0.95,3.0,16.093,1.65321,Rankeplatz,121.59996971460691,4801.740598766341,pc4,Residential,2021-06-23 16:29:28,52.501846666666665,13.332986666666669,41.0,21.6684,211.6,0.0641,0.03,18.27,18.27,12.23,0.68,1019.4,2.77,0.95,3.0,16.093,1.65321,Rankeplatz,127.36376516855076,4794.890585274395,pc2,Residential,False,False,12.135591488146272,50,10,0.06
1624458568.4976263,2021-06-23T14:29:28.497626Z,52.501846666666665,13.332986666666669,2,4,S2,1624458568.4976263,17.399314,-71.78231799999999,-44.002446,0.0006819567599999,41.0,593.02,5.9,0.0553307959999999,12,50,2021-06-23 16:29:28,52.501846666666665,13.332986666666669,41.0,21.6684,211.6,0.0641,0.03,18.27,18.27,12.23,0.68,1019.4,2.77,0.95,3.0,16.093,1.65321,Rankeplatz,127.36376516855076,4794.890585274395,pc2,Residential,2021-06-23 16:29:28,52.501756666666665,13.332885,29.0,22.5944,212.9,0.0641,0.03,18.27,18.27,12.23,0.68,1019.4,2.77,0.95,3.0,16.093,1.65321,Rankeplatz,121.59996971460691,4801.740598766341,pc4,Residential,False,False,12.135591488146272,50,10,0.0
1624458569.429381,2021-06-23T14:29:29.429380Z,52.501803333333335,13.332933333333331,2,4,S2,1624458569.429381,15.775903333333332,-73.52907692307693,-45.75033076923077,0.0007807706410256,41.0,686.3333333333334,4.512820512820513,0.0351709615384615,12,39,2021-06-23 16:29:29,52.501803333333335,13.332933333333331,41.0,21.1128,212.0,0.0641,0.03,18.27,18.27,12.23,0.68,1019.4,2.77,0.95,3.0,16.093,1.65321,Rankeplatz,124.3081395666386,4801.740598766341,pc2,Residential,2021-06-23 16:29:29,52.50171,13.332825,29.2,23.3352,214.2,0.0641,0.03,18.27,18.27,12.23,0.68,1019.4,2.77,0.95,3.0,16.093,1.65321,Rankeplatz,118.06362941152332,4808.91002444565,pc4,Residential,False,False,12.69727324080851,50,10,0.22
1624458569.526417,2021-06-23T14:29:29.526417Z,52.50171,13.332825,4,2,S2,1624458569.526417,16.139375555555553,-73.60450222222222,-45.82147555555555,0.0012041541777777,41.0,695.9333333333333,5.533333333333333,0.0362084957777777,12,45,2021-06-23 16:29:29,52.50171,13.332825,29.2,23.3352,214.2,0.0641,0.03,18.27,18.27,12.23,0.68,1019.4,2.77,0.95,3.0,16.093,1.65321,Rankeplatz,118.06362941152332,4808.91002444565,pc4,Residential,2021-06-23 16:29:29,52.501803333333335,13.332933333333331,41.0,21.1128,212.0,0.0641,0.03,18.27,18.27,12.23,0.68,1019.4,2.77,0.95,3.0,16.093,1.65321,Rankeplatz,124.3081395666386,4801.740598766341,pc2,Residential,False,False,12.69727324080851,50,10,0.1
1624458570.468875,2021-06-23T14:29:30.468874Z,52.50165666666667,13.332763333333334,4,2,S2,1624458570.468875,16.72146827586207,-70.52282068965518,-42.76266551724138,0.0029925335862068,41.0,790.1034482758621,6.310344827586207,0.0625976448275862,12,29,2021-06-23 16:29:30,52.50165666666667,13.332763333333334,29.4,26.2984,215.4,0.0641,0.03,18.27,18.27,12.23,0.68,1019.4,2.77,0.95,3.0,16.093,2.06325,Rankeplatz,114.48690594260064,4816.429629357889,pc4,Residential,2021-06-23 16:29:30,52.50175333333333,13.332885,40.8,23.15,211.3,0.0641,0.03,18.27,18.27,12.23,0.68,1019.4,2.77,0.95,3.0,16.093,1.65321,Rankeplatz,121.63588221422783,4801.740598766341,pc2,Residential,False,False,13.530228378335984,50,10,0.42
1624458570.5119908,2021-06-23T14:29:30.511990Z,52.50175333333333,13.332885,2,4,S2,1624458570.5119908,16.268002083333332,-72.93619375,-45.13622291666667,0.0008398800416666,41.0,794.9166666666666,1.2916666666666667,0.0407497985416666,12,48,2021-06-23 16:29:30,52.50175333333333,13.332885,40.8,23.15,211.3,0.0641,0.03,18.27,18.27,12.23,0.68,1019.4,2.77,0.95,3.0,16.093,1.65321,Rankeplatz,121.63588221422783,4801.740598766341,pc2,Residential,2021-06-23 16:29:30,52.50165666666667,13.332763333333334,29.4,26.2984,215.4,0.0641,0.03,18.27,18.27,12.23,0.68,1019.4,2.77,0.95,3.0,16.093,2.06325,Rankeplatz,114.48690594260064,4816.429629357889,pc4,Residential,False,False,13.530228378335984,50,10,0.04
1624458571.5023415,2021-06-23T14:29:31.502341Z,52.5017,13.332833333333332,2,4,S2,1624458571.5023415,17.73291224489796,-71.38178775510204,-43.61039183673469,0.0006759543061224,41.0,893.5510204081633,5.285714285714286,0.0555318397959183,12,49,2021-06-23 16:29:31,52.5017,13.332833333333332,40.6,25.3724,211.2,0.0641,0.03,18.27,18.27,12.23,0.68,1019.4,2.77,0.95,3.0,16.093,1.65321,Rankeplatz,118.73235440131398,4808.91002444565,pc2,Residential,2021-06-23 16:29:31,52.50159833333333,13.332698333333331,29.7,29.2616,216.3,0.0641,0.03,18.27,18.27,12.23,0.68,1019.4,2.77,0.95,3.0,16.093,2.06325,Rankeplatz,110.73964321846458,4824.305865609851,pc4,Residential,False,False,14.524585259990095,50,10,0.02
1624458571.5055933,2021-06-23T14:29:31.505593Z,52.50159833333333,13.332698333333331,4,2,S2,1624458571.5055933,15.947887826086957,-69.83787173913043,-42.0699347826087,0.0022595495869565,41.0,893.8260869565217,5.782608695652174,0.0792221369565217,12,46,2021-06-23 16:29:31,52.50159833333333,13.332698333333331,29.7,29.2616,216.3,0.0641,0.03,18.27,18.27,12.23,0.68,1019.4,2.77,0.95,3.0,16.093,2.06325,Rankeplatz,110.73964321846458,4824.305865609851,pc4,Residential,2021-06-23 16:29:31,52.5017,13.332833333333332,40.6,25.3724,211.2,0.0641,0.03,18.27,18.27,12.23,0.68,1019.4,2.77,0.95,3.0,16.093,1.65321,Rankeplatz,118.73235440131398,4808.91002444565,pc2,Residential,False,False,14.524585259990095,50,10,0.08
1624458572.42815,2021-06-23T14:29:32.428149Z,52.501545,13.332615,4,2,S2,1624458572.42815,16.475832,-71.41015428571428,-43.63208571428572,0.0015703423142857,41.0,810.4,7.171428571428572,0.0546220485714285,12,35,2021-06-23 16:29:32,52.501545,13.332615,30.4,31.484,217.2,0.0641,0.03,18.27,18.27,12.23,0.68,1019.4,2.77,0.95,3.0,16.093,2.06325,Rankeplatz,105.70477031675728,4832.43063867596,pc4,Residential,2021-06-23 16:29:32,52.50164333333333,13.332773333333334,40.3,28.1504,211.1,0.0641,0.03,18.27,18.27,12.23,0.68,1019.4,2.77,0.95,3.0,16.093,2.06325,Rankeplatz,115.30374053059268,4816.429629357889,pc2,Residential,False,False,15.29847532744354,50,10,0.3
1624458572.50406,2021-06-23T14:29:32.504060Z,52.50164333333333,13.332773333333334,2,4,S2,1624458572.50406,16.560123404255318,-72.45063829787233,-44.62661276595745,0.0008233826170212,41.0,776.0851063829788,2.9574468085106385,0.042720874680851,12,47,2021-06-23 16:29:32,52.50164333333333,13.332773333333334,40.3,28.1504,211.1,0.0641,0.03,18.27,18.27,12.23,0.68,1019.4,2.77,0.95,3.0,16.093,2.06325,Rankeplatz,115.30374053059268,4816.429629357889,pc2,Residential,2021-06-23 16:29:32,52.501545,13.332615,30.4,31.484,217.2,0.0641,0.03,18.27,18.27,12.23,0.68,1019.4,2.77,0.95,3.0,16.093,2.06325,Rankeplatz,105.70477031675728,4832.43063867596,pc4,Residential,False,False,15.29847532744354,50,10,0.06
1624458573.4751303,2021-06-23T14:29:33.475130Z,52.50158166666667,13.332706666666668,2,4,S2,1624458573.4751303,15.947110208333331,-73.83712916666667,-46.05621875,0.0005586129583333,41.0,67.25,1.0833333333333333,0.0305419066666666,12,48,2021-06-23 16:29:33,52.50158166666667,13.332706666666668,40.2,31.2988,212.0,0.0641,0.03,18.27,18.27,12.23,0.68,1019.4,2.77,0.95,3.0,16.093,2.06325,Rankeplatz,111.48019108415544,4824.305865609851,pc2,Residential,2021-06-23 16:29:33,52.501495,13.33253,31.3,30.0024,217.2,0.0641,0.03,18.27,18.27,12.23,0.68,1019.4,2.77,0.95,3.0,16.093,2.06325,Rankeplatz,100.5457686011449,4840.691791083495,pc4,Residential,False,False,15.345861687764245,50,10,0.04
1624458573.608693,2021-06-23T14:29:33.608692Z,52.501495,13.33253,4,2,S2,1624458573.608693,17.294353333333333,-72.4438,-44.71093055555556,0.0009791360833333,41.0,79.83333333333333,8.777777777777779,0.0409840311111111,12,36,2021-06-23 16:29:33,52.501495,13.33253,31.3,30.0024,217.2,0.0641,0.03,18.27,18.27,12.23,0.68,1019.4,2.77,0.95,3.0,16.093,2.06325,Rankeplatz,100.5457686011449,4840.691791083495,pc4,Residential,2021-06-23 16:29:33,52.50158166666667,13.332706666666668,40.2,31.2988,212.0,0.0641,0.03,18.27,18.27,12.23,0.68,1019.4,2.77,0.95,3.0,16.093,2.06325,Rankeplatz,111.48019108415544,4824.305865609851,pc2,Residential,False,False,15.345861687764245,50,10,0.28
1624458574.4927466,2021-06-23T14:29:34.492746Z,52.50152333333333,13.332623333333334,2,4,S2,1624458574.4927466,14.8585044,-75.21142,-47.412662,0.0005177045,41.0,169.0,1.2,0.0218818928,12,50,2021-06-23 16:29:34,52.50152333333333,13.332623333333334,40.1,32.595200000000006,212.7,0.0641,0.03,18.27,18.27,12.23,0.68,1019.4,2.77,0.95,3.0,16.093,2.06325,Rankeplatz,106.50852363735244,4832.43063867596,pc2,Residential,2021-06-23 16:29:34,52.50143666666666,13.33245,31.6,30.743200000000005,217.9,0.0641,0.03,18.27,18.27,12.23,0.68,1019.4,2.77,0.95,3.0,16.093,2.06325,Rankeplatz,95.81675737649002,4848.985841012378,pc4,Residential,False,False,15.170996721787644,50,10,0.0
1624458574.502735,2021-06-23T14:29:34.502734Z,52.50143666666666,13.33245,4,2,S2,1624458574.502735,16.114632173913044,-72.95570869565218,-45.18583695652173,0.0014959001086956,41.0,169.2608695652174,8.565217391304348,0.0382846013043478,12,46,2021-06-23 16:29:34,52.50143666666666,13.33245,31.6,30.743200000000005,217.9,0.0641,0.03,18.27,18.27,12.23,0.68,1019.4,2.77,0.95,3.0,16.093,2.06325,Rankeplatz,95.81675737649002,4848.985841012378,pc4,Residential,2021-06-23 16:29:34,52.50152333333333,13.332623333333334,40.1,32.595200000000006,212.7,0.0641,0.03,18.27,18.27,12.23,0.68,1019.4,2.77,0.95,3.0,16.093,2.06325,Rankeplatz,106.50852363735244,4832.43063867596,pc2,Residential,False,False,15.170996721787644,50,10,0.08
1624458575.3692102,2021-06-23T14:29:35.369210Z,52.50137166666666,13.33238,4,2,S2,1624458575.3692102,15.205951142857144,-71.24282285714285,-43.45994571428571,0.0023621318,41.0,256.0571428571429,7.085714285714285,0.0568078654285714,12,35,2021-06-23 16:29:35,52.50137166666666,13.33238,31.7,30.187600000000003,210.9,0.0641,0.03,18.27,18.27,12.23,0.68,1019.4,2.77,0.95,3.0,16.093,2.06325,Rankeplatz,91.83706031862096,4857.2000708468295,pc4,Residential,2021-06-23 16:29:35,52.50146,13.332541666666666,40.2,33.336,210.5,0.0641,0.03,18.27,18.27,12.23,0.68,1019.4,2.77,0.95,3.0,16.093,2.06325,Rankeplatz,101.72346020186556,4840.691791083495,pc2,Residential,False,False,14.692902584399532,50,10,0.3
1624458575.4988525,2021-06-23T14:29:35.498852Z,52.50146,13.332541666666666,2,4,S2,1624458575.4988525,15.3941306122449,-72.16630816326531,-44.35751428571429,0.0019042147346938,41.0,269.55102040816325,1.816326530612245,0.0495373242857142,12,49,2021-06-23 16:29:35,52.50146,13.332541666666666,40.2,33.336,210.5,0.0641,0.03,18.27,18.27,12.23,0.68,1019.4,2.77,0.95,3.0,16.093,2.06325,Rankeplatz,101.72346020186556,4840.691791083495,pc2,Residential,2021-06-23 16:29:35,52.50137166666666,13.33238,31.7,30.187600000000003,210.9,0.0641,0.03,18.27,18.27,12.23,0.68,1019.4,2.77,0.95,3.0,16.093,2.06325,Rankeplatz,91.83706031862096,4857.2000708468295,pc4,Residential,False,False,14.692902584399532,50,10,0.02
1624458576.502614,2021-06-23T14:29:36.502614Z,52.50139333333333,13.332468333333331,2,4,S2,1624458576.502614,17.265924,-71.72936,-44.017976,0.0006848548999999,41.0,370.0,1.08,0.0501074985999999,12,50,2021-06-23 16:29:36,52.50139333333333,13.332468333333331,40.2,32.2248,212.9,0.0641,0.03,18.27,18.27,12.23,0.68,1019.4,2.77,0.95,3.0,16.093,2.06325,Rankeplatz,97.53654016239228,4857.2000708468295,pc2,Residential,2021-06-23 16:29:36,52.501311666666666,13.332308333333334,31.7,29.817200000000003,214.2,0.0641,0.03,18.27,18.27,12.23,0.68,1019.4,2.77,0.95,3.0,16.093,2.06325,Rankeplatz,87.72960782124616,4865.223142081165,pc4,Residential,False,False,14.122291851718977,50,10,0.0
1624458576.506625,2021-06-23T14:29:36.506624Z,52.501311666666666,13.332308333333334,4,2,S2,1624458576.506625,19.618115384615383,-70.19221538461538,-42.41612692307693,0.0006043202307692,41.0,370.3076923076923,2.0,0.0683649884615384,12,26,2021-06-23 16:29:36,52.501311666666666,13.332308333333334,31.7,29.817200000000003,214.2,0.0641,0.03,18.27,18.27,12.23,0.68,1019.4,2.77,0.95,3.0,16.093,2.06325,Rankeplatz,87.72960782124616,4865.223142081165,pc4,Residential,2021-06-23 16:29:36,52.50139333333333,13.332468333333331,40.2,32.2248,212.9,0.0641,0.03,18.27,18.27,12.23,0.68,1019.4,2.77,0.95,3.0,16.093,2.06325,Rankeplatz,97.53654016239228,4857.2000708468295,pc2,Residential,False,False,14.122291851718977,50,10,0.48
1624458577.5041103,2021-06-23T14:29:37.504110Z,52.501331666666665,13.332386666666666,2,4,S2,1624458577.5041103,16.659316326530615,-72.48406530612245,-44.67145306122448,0.0006688851836734,41.0,470.1428571428572,1.0408163265306123,0.0424149642857142,12,49,2021-06-23 16:29:37,52.501331666666665,13.332386666666666,40.1,31.2988,216.1,0.0641,0.03,18.27,18.27,12.23,0.68,1019.4,2.77,0.95,3.0,16.093,2.06325,Rankeplatz,92.76019507941427,4865.223142081165,pc2,Residential,2021-06-23 16:29:37,52.501241666666665,13.332246666666666,32.2,31.1136,211.1,0.0641,0.03,18.27,18.27,12.23,0.68,1019.4,2.77,0.95,3.0,16.093,2.12894,Joachimstaler Straße,82.87212829161311,4872.932700843832,pc4,Residential,False,False,13.771417209159372,50,10,0.02
1624458577.6276438,2021-06-23T14:29:37.627643Z,52.501241666666665,13.332246666666666,4,2,S2,1624458577.6276438,19.23792571428572,-70.80169428571428,-42.99928,0.0005782077714285,41.0,482.0571428571429,5.542857142857143,0.0602771342857142,12,35,2021-06-23 16:29:37,52.501241666666665,13.332246666666666,32.2,31.1136,211.1,0.0641,0.03,18.27,18.27,12.23,0.68,1019.4,2.77,0.95,3.0,16.093,2.12894,Joachimstaler Straße,82.87212829161311,4872.932700843832,pc4,Residential,2021-06-23 16:29:37,52.501331666666665,13.332386666666666,40.1,31.2988,216.1,0.0641,0.03,18.27,18.27,12.23,0.68,1019.4,2.77,0.95,3.0,16.093,2.06325,Rankeplatz,92.76019507941427,4865.223142081165,pc2,Residential,False,False,13.771417209159372,50,10,0.3
1624458578.4880924,2021-06-23T14:29:38.488092Z,52.50116833333333,13.332198333333332,4,2,S2,1624458578.4880924,19.75387708333333,-69.67850625,-41.96,0.0007023444791666,41.0,567.9583333333334,7.0,0.0736971604166666,12,48,2021-06-23 16:29:38,52.50116833333333,13.332198333333332,32.8,29.632,213.7,0.0641,0.03,18.27,18.27,12.23,0.68,1019.4,2.77,0.95,3.0,16.093,2.12894,Joachimstaler Straße,74.1221753159724,4887.169301803015,pc4,Residential,2021-06-23 16:29:38,52.501268333333336,13.332308333333334,40.0,32.595200000000006,215.1,0.0641,0.03,18.27,18.27,12.23,0.68,1019.4,2.77,0.95,3.0,16.093,2.12894,Joachimstaler Straße,86.98141215277352,4872.932700843832,pc2,Residential,False,False,13.371581496490046,50,10,0.04
1624458578.506474,2021-06-23T14:29:38.506474Z,52.501268333333336,13.332308333333334,2,4,S2,1624458578.506474,17.237142,-71.871876,-44.079258,0.00066510676,41.0,570.0,4.96,0.0462098476,12,50,2021-06-23 16:29:38,52.501268333333336,13.332308333333334,40.0,32.595200000000006,215.1,0.0641,0.03,18.27,18.27,12.23,0.68,1019.4,2.77,0.95,3.0,16.093,2.12894,Joachimstaler Straße,86.98141215277352,4872.932700843832,pc2,Residential,2021-06-23 16:29:38,52.50116833333333,13.332198333333332,32.8,29.632,213.7,0.0641,0.03,18.27,18.27,12.23,0.68,1019.4,2.77,0.95,3.0,16.093,2.12894,Joachimstaler Straße,74.1221753159724,4887.169301803015,pc4,Residential,False,False,13.371581496490046,50,10,0.0
1624458579.4507568,2021-06-23T14:29:39.450756Z,52.501198333333335,13.332235,2,4,S2,1624458579.4507568,17.72027142857143,-71.3829738095238,-43.58414523809524,0.000677780047619,41.0,664.2857142857143,6.357142857142857,0.0536386119047619,12,42,2021-06-23 16:29:39,52.501198333333335,13.332235,40.1,32.9656,212.2,0.0641,0.03,18.27,18.27,12.23,0.68,1019.4,2.77,0.95,3.0,16.093,2.12894,Joachimstaler Straße,78.04485862564542,4880.2652498309535,pc2,Residential,2021-06-23 16:29:39,52.501105,13.332136666666669,33.2,29.0764,212.3,0.0641,0.03,18.27,18.27,12.23,0.68,1019.4,2.77,0.95,3.0,16.093,2.12894,Joachimstaler Straße,66.20544958817463,4893.611031046992,pc4,Residential,False,False,12.319495819375636,50,10,0.16
1624458579.508525,2021-06-23T14:29:39.508524Z,52.501105,13.332136666666669,4,2,S2,1624458579.508525,19.30961836734694,-70.60289387755103,-42.84664489795918,0.0005940858979591,41.0,670.0,7.0,0.0621373061224489,12,49,2021-06-23 16:29:39,52.501105,13.332136666666669,33.2,29.0764,212.3,0.0641,0.03,18.27,18.27,12.23,0.68,1019.4,2.77,0.95,3.0,16.093,2.12894,Joachimstaler Straße,66.20544958817463,4893.611031046992,pc4,Residential,2021-06-23 16:29:39,52.501198333333335,13.332235,40.1,32.9656,212.2,0.0641,0.03,18.27,18.27,12.23,0.68,1019.4,2.77,0.95,3.0,16.093,2.12894,Joachimstaler Straße,78.04485862564542,4880.2652498309535,pc2,Residential,False,False,12.319495819375636,50,10,0.02
1624458580.5003638,2021-06-23T14:29:40.500363Z,52.50103833333333,13.332093333333331,4,2,S2,1624458580.5003638,18.821365116279072,-71.17889069767442,-43.43390232558139,0.0005952695348837,41.0,769.4186046511628,4.627906976744186,0.0598640906976744,12,43,2021-06-23 16:29:40,52.50103833333333,13.332093333333331,34.1,26.854000000000003,209.7,0.0641,0.03,18.27,18.27,12.23,0.68,1019.4,2.77,0.95,3.0,16.093,2.12894,Joachimstaler Straße,58.28699175780861,4899.473550123994,pc4,Residential,2021-06-23 16:29:40,52.50113,13.332175,40.2,28.5208,211.6,0.0641,0.03,18.27,18.27,12.23,0.68,1019.4,2.77,0.95,3.0,16.093,2.12894,Joachimstaler Straße,69.58865685881617,4887.169301803015,pc2,Residential,False,False,11.586236446500417,50,10,0.14
1624458580.5363705,2021-06-23T14:29:40.536370Z,52.50113,13.332175,2,4,S2,1624458580.5363705,17.263460465116278,-71.98084186046512,-44.15945581395349,0.0006526457906976,41.0,772.9302325581396,5.534883720930233,0.0475688120930232,12,43,2021-06-23 16:29:40,52.50113,13.332175,40.2,28.5208,211.6,0.0641,0.03,18.27,18.27,12.23,0.68,1019.4,2.77,0.95,3.0,16.093,2.12894,Joachimstaler Straße,69.58865685881617,4887.169301803015,pc2,Residential,2021-06-23 16:29:40,52.50103833333333,13.332093333333331,34.1,26.854000000000003,209.7,0.0641,0.03,18.27,18.27,12.23,0.68,1019.4,2.77,0.95,3.0,16.093,2.12894,Joachimstaler Straße,58.28699175780861,4899.473550123994,pc4,Residential,False,False,11.586236446500417,50,10,0.14
1624458581.4279046,2021-06-23T14:29:41.427904Z,52.50106666666667,13.332125,2,4,S2,1624458581.4279046,17.9763525,-70.7605475,-42.9597675,0.0007405093,41.0,862.125,5.125,0.0633137375,12,40,2021-06-23 16:29:41,52.50106666666667,13.332125,40.3,28.5208,209.8,0.0641,0.03,18.27,18.27,12.23,0.68,1019.4,2.77,0.95,3.0,16.093,2.12894,Joachimstaler Straße,61.8894521904283,4899.473550123994,pc2,Residential,2021-06-23 16:29:41,52.50097,13.332053333333333,35.1,28.1504,210.8,0.0641,0.03,18.27,18.27,12.23,0.68,1019.4,2.77,0.95,3.0,16.093,2.12894,Joachimstaler Straße,50.24945952050764,4909.368487959472,pc4,Residential,False,False,11.783559076636086,50,10,0.2
1624458581.4986095,2021-06-23T14:29:41.498609Z,52.50097,13.332053333333333,4,2,S2,1624458581.4986095,17.2042358,-70.030612,-42.266794,0.00213805626,41.0,869.48,2.3,0.0825678926,12,50,2021-06-23 16:29:41,52.50097,13.332053333333333,35.1,28.1504,210.8,0.0641,0.03,18.27,18.27,12.23,0.68,1019.4,2.77,0.95,3.0,16.093,2.12894,Joachimstaler Straße,50.24945952050764,4909.368487959472,pc4,Residential,2021-06-23 16:29:41,52.50106666666667,13.332125,40.3,28.5208,209.8,0.0641,0.03,18.27,18.27,12.23,0.68,1019.4,2.77,0.95,3.0,16.093,2.12894,Joachimstaler Straße,61.8894521904283,4899.473550123994,pc2,Residential,False,False,11.783559076636086,50,10,0.0
1624458582.4732656,2021-06-23T14:29:42.473265Z,52.500906666666666,13.331996666666669,4,2,S2,1624458582.4732656,17.879332291666667,-71.72058750000001,-43.973975,0.0007209765833333,41.0,967.0833333333334,0.9166666666666666,0.0540720479166666,12,48,2021-06-23 16:29:42,52.500906666666666,13.331996666666669,36.0,27.9652,211.1,0.0641,0.03,18.27,18.27,12.23,0.68,1019.4,2.77,0.95,3.0,16.093,2.12894,Joachimstaler Straße,42.45007618227567,4916.802782180923,pc4,Residential,2021-06-23 16:29:42,52.50100833333333,13.332075,40.6,23.15,215.5,0.0641,0.03,18.27,18.27,12.23,0.68,1019.4,2.77,0.95,3.0,16.093,2.12894,Joachimstaler Straße,54.74452382555778,4904.72627730454,pc2,Residential,False,False,12.476734051689707,50,10,0.04
1624458582.505494,2021-06-23T14:29:42.505493Z,52.50100833333333,13.332075,2,4,S2,1624458582.505494,15.705412127659574,-71.54635957446808,-43.73497659574468,0.0027222342978723,41.0,969.8510638297872,5.468085106382978,0.0575861936170212,12,47,2021-06-23 16:29:42,52.50100833333333,13.332075,40.6,23.15,215.5,0.0641,0.03,18.27,18.27,12.23,0.68,1019.4,2.77,0.95,3.0,16.093,2.12894,Joachimstaler Straße,54.74452382555778,4904.72627730454,pc2,Residential,2021-06-23 16:29:42,52.500906666666666,13.331996666666669,36.0,27.9652,211.1,0.0641,0.03,18.27,18.27,12.23,0.68,1019.4,2.77,0.95,3.0,16.093,2.12894,Joachimstaler Straße,42.45007618227567,4916.802782180923,pc4,Residential,False,False,12.476734051689707,50,10,0.06
1624458583.3828423,2021-06-23T14:29:43.382842Z,52.50085166666667,13.331935,4,2,S2,1624458583.3828423,12.832631,-69.2683,-41.51583,0.0044051255,41.0,33.7,4.3,0.08391903,12,10,2021-06-23 16:29:43,52.50085166666667,13.331935,36.5,25.928,211.1,0.0641,0.03,18.27,18.27,12.23,0.68,1019.4,2.77,0.95,3.0,16.093,2.88835,Joachimstaler Straße,35.454446185542686,4924.447664696898,pc4,Residential,2021-06-23 16:29:43,52.50095666666667,13.332026666666668,40.8,23.15,213.8,0.0641,0.03,18.27,18.27,12.23,0.68,1019.4,2.77,0.95,3.0,16.093,2.12894,Joachimstaler Straße,48.34426641918157,4909.368487959472,pc2,Residential,False,False,13.211427026024523,50,10,0.8
1624458583.495411,2021-06-23T14:29:43.495410Z,52.50095666666667,13.332026666666668,2,4,S2,1624458583.495411,17.21141568627451,-72.08633333333333,-44.27263333333334,0.0006466458039215,41.0,85.31372549019608,2.313725490196078,0.0482572580392156,12,51,2021-06-23 16:29:43,52.50095666666667,13.332026666666668,40.8,23.15,213.8,0.0641,0.03,18.27,18.27,12.23,0.68,1019.4,2.77,0.95,3.0,16.093,2.12894,Joachimstaler Straße,48.34426641918157,4909.368487959472,pc2,Residential,2021-06-23 16:29:43,52.50085166666667,13.331935,36.5,25.928,211.1,0.0641,0.03,18.27,18.27,12.23,0.68,1019.4,2.77,0.95,3.0,16.093,2.88835,Joachimstaler Straße,35.454446185542686,4924.447664696898,pc4,Residential,False,False,13.211427026024523,50,10,-0.02
1624458584.503803,2021-06-23T14:29:44.503803Z,52.500895,13.332001666666669,2,4,S2,1624458584.503803,17.370082,-71.601696,-43.824902,0.0007097315999999,41.0,146.02,2.08,0.0545581115999999,12,50,2021-06-23 16:29:44,52.500895,13.332001666666669,41.8,20.7424,213.7,0.0641,0.03,18.27,18.27,12.23,0.68,1019.4,2.77,0.95,3.0,16.093,2.12894,Joachimstaler Straße,41.289099462170896,4919.530493789165,pc2,Residential,2021-06-23 16:29:44,52.50080333333333,13.331881666666666,36.9,21.6684,212.6,0.0641,0.03,18.27,18.27,12.23,0.68,1019.4,2.77,0.95,3.0,16.093,2.88835,Joachimstaler Straße,29.322106934438647,4931.061323606031,pc4,Residential,False,False,13.02323282415188,50,10,0.0
1624458584.6151292,2021-06-23T14:29:44.615129Z,52.50080333333333,13.331881666666666,4,2,S2,1624458584.6151292,17.356964615384616,-71.42768974358975,-43.641312820512816,0.0012009689230769,41.0,156.64102564102564,7.17948717948718,0.0604509666666666,12,39,2021-06-23 16:29:44,52.50080333333333,13.331881666666666,36.9,21.6684,212.6,0.0641,0.03,18.27,18.27,12.23,0.68,1019.4,2.77,0.95,3.0,16.093,2.88835,Joachimstaler Straße,29.322106934438647,4931.061323606031,pc4,Residential,2021-06-23 16:29:44,52.500895,13.332001666666669,41.8,20.7424,213.7,0.0641,0.03,18.27,18.27,12.23,0.68,1019.4,2.77,0.95,3.0,16.093,2.12894,Joachimstaler Straße,41.289099462170896,4919.530493789165,pc2,Residential,False,False,13.02323282415188,50,10,0.22
1624458585.5105574,2021-06-23T14:29:45.510557Z,52.50076333333333,13.331833333333334,4,2,S2,1624458585.5105574,19.005444897959183,-70.77637551020408,-42.9695387755102,0.0006394012653061,41.0,246.2244897959184,6.775510204081633,0.0705110220408163,12,49,2021-06-23 16:29:45,52.50076333333333,13.331833333333334,37.2,17.408800000000003,215.0,0.0641,0.03,18.27,18.27,12.23,0.68,1019.4,2.77,0.95,3.0,16.093,2.88835,Joachimstaler Straße,24.217104320242324,4935.498201261558,pc4,Residential,2021-06-23 16:29:45,52.50085,13.331956666666668,42.0,20.5572,215.1,0.0641,0.03,18.27,18.27,12.23,0.68,1019.4,2.77,0.95,3.0,16.093,2.88835,Joachimstaler Straße,35.66282680251513,4924.447664696898,pc2,Residential,False,False,12.740009260122177,50,10,0.02
1624458585.5118034,2021-06-23T14:29:45.511803Z,52.50085,13.331956666666668,2,4,S2,1624458585.5118034,16.904521836734695,-70.78572857142858,-43.00531836734694,0.0009663208163265,41.0,246.79591836734693,2.326530612244898,0.0603656581632653,12,49,2021-06-23 16:29:45,52.50085,13.331956666666668,42.0,20.5572,215.1,0.0641,0.03,18.27,18.27,12.23,0.68,1019.4,2.77,0.95,3.0,16.093,2.88835,Joachimstaler Straße,35.66282680251513,4924.447664696898,pc2,Residential,2021-06-23 16:29:45,52.50076333333333,13.331833333333334,37.2,17.408800000000003,215.0,0.0641,0.03,18.27,18.27,12.23,0.68,1019.4,2.77,0.95,3.0,16.093,2.88835,Joachimstaler Straße,24.217104320242324,4935.498201261558,pc4,Residential,False,False,12.740009260122177,50,10,0.02
1624458586.509647,2021-06-23T14:29:46.509646Z,52.50073166666667,13.33179,4,2,S2,1624458586.509647,18.35505714285714,-68.8332081632653,-41.06007551020408,0.0011931283061224,41.0,346.3469387755102,4.653061224489796,0.0957947,12,49,2021-06-23 16:29:46,52.50073166666667,13.33179,36.8,12.964,215.7,0.0641,0.03,18.27,18.27,12.23,0.68,1019.4,2.77,0.95,3.0,16.093,2.88835,Joachimstaler Straße,20.28410485248484,4940.972378012139,pc4,Residential,2021-06-23 16:29:46,52.50080833333333,13.33191,42.2,17.7792,222.6,0.0641,0.03,18.27,18.27,12.23,0.68,1019.4,2.77,0.95,3.0,16.093,2.88835,Joachimstaler Straße,30.364009274533476,4929.267369148069,pc2,Residential,False,False,11.765814904819871,50,10,0.02
1624458586.5140002,2021-06-23T14:29:46.514000Z,52.50080833333333,13.33191,2,4,S2,1624458586.5140002,17.519746326530612,-69.69446734693878,-41.96025510204081,0.0018755241632653,41.0,347.1224489795918,1.2448979591836735,0.079158005510204,12,49,2021-06-23 16:29:46,52.50080833333333,13.33191,42.2,17.7792,222.6,0.0641,0.03,18.27,18.27,12.23,0.68,1019.4,2.77,0.95,3.0,16.093,2.88835,Joachimstaler Straße,30.364009274533476,4929.267369148069,pc2,Residential,2021-06-23 16:29:46,52.50073166666667,13.33179,36.8,12.964,215.7,0.0641,0.03,18.27,18.27,12.23,0.68,1019.4,2.77,0.95,3.0,16.093,2.88835,Joachimstaler Straße,20.28410485248484,4940.972378012139,pc4,Residential,False,False,11.765814904819871,50,10,0.02
1624458587.4969072,2021-06-23T14:29:47.496907Z,52.50076333333333,13.331871666666666,2,4,S2,1624458587.4969072,17.674763265306122,-70.8619081632653,-43.09572448979592,0.0007898614897959,41.0,445.4081632653061,1.020408163265306,0.0643373389795918,12,49,2021-06-23 16:29:47,52.50076333333333,13.331871666666666,42.0,14.6308,220.9,0.0641,0.03,18.27,18.27,12.23,0.68,1019.4,2.77,0.95,3.0,16.093,2.88835,Joachimstaler Straße,24.856811453409367,4935.498201261558,pc2,Residential,2021-06-23 16:29:47,52.5007,13.331751666666667,36.7,8.334,217.5,0.0641,0.03,18.27,18.27,12.23,0.68,1019.4,2.77,0.95,3.0,16.093,2.88835,Joachimstaler Straße,16.487403826442495,4947.394907649566,pc4,Residential,False,False,10.742032130654172,50,10,0.02
1624458587.5182085,2021-06-23T14:29:47.518208Z,52.5007,13.331751666666667,4,2,S2,1624458587.5182085,17.89444847826087,-69.33926739130435,-41.56067391304348,0.0011310358695652,41.0,447.2391304347826,4.260869565217392,0.0851844934782608,12,46,2021-06-23 16:29:47,52.5007,13.331751666666667,36.7,8.334,217.5,0.0641,0.03,18.27,18.27,12.23,0.68,1019.4,2.77,0.95,3.0,16.093,2.88835,Joachimstaler Straße,16.487403826442495,4947.394907649566,pc4,Residential,2021-06-23 16:29:47,52.50076333333333,13.331871666666666,42.0,14.6308,220.9,0.0641,0.03,18.27,18.27,12.23,0.68,1019.4,2.77,0.95,3.0,16.093,2.88835,Joachimstaler Straße,24.856811453409367,4935.498201261558,pc2,Residential,False,False,10.742032130654172,50,10,0.08
1624458588.4948611,2021-06-23T14:29:48.494861Z,52.50068,13.331736666666666,4,2,S2,1624458588.4948611,20.227563265306124,-67.95241836734694,-40.20754693877552,0.0009863510612244,41.0,545.1020408163265,2.306122448979592,0.1159376510204081,12,49,2021-06-23 16:29:48,52.50068,13.331736666666666,36.5,0.0,217.5,0.0641,0.03,18.27,18.27,12.23,0.68,1019.4,2.77,0.95,3.0,16.093,2.88835,Joachimstaler Straße,14.162088687110897,4947.394907649566,pc4,Residential,2021-06-23 16:29:48,52.500733333333336,13.331853333333331,42.1,8.5192,218.7,0.0641,0.03,18.27,18.27,12.23,0.68,1019.4,2.77,0.95,3.0,16.093,2.88835,Joachimstaler Straße,21.314343702671756,4938.091984559247,pc2,Residential,False,False,9.86815678165094,50,10,0.02
1624458588.4958649,2021-06-23T14:29:48.495864Z,52.500733333333336,13.331853333333331,2,4,S2,1624458588.4958649,16.33333479166667,-68.69579374999999,-40.93423333333333,0.0020465504583333,41.0,544.9791666666666,4.5,0.1031039333333333,12,48,2021-06-23 16:29:48,52.500733333333336,13.331853333333331,42.1,8.5192,218.7,0.0641,0.03,18.27,18.27,12.23,0.68,1019.4,2.77,0.95,3.0,16.093,2.88835,Joachimstaler Straße,21.314343702671756,4938.091984559247,pc2,Residential,2021-06-23 16:29:48,52.50068,13.331736666666666,36.5,0.0,217.5,0.0641,0.03,18.27,18.27,12.23,0.68,1019.4,2.77,0.95,3.0,16.093,2.88835,Joachimstaler Straße,14.162088687110897,4947.394907649566,pc4,Residential,False,False,9.86815678165094,50,10,0.04
1624458589.4918702,2021-06-23T14:29:49.491870Z,52.50067166666667,13.331728333333333,4,2,S2,1624458589.4918702,19.966206976744186,-69.27113255813953,-41.44728139534884,0.0007263416279069,41.0,644.4186046511628,6.1395348837209305,0.0823922046511628,12,43,2021-06-23 16:29:49,52.50067166666667,13.331728333333333,36.3,0.0,217.5,0.0641,0.03,18.27,18.27,12.23,0.68,1019.4,2.77,0.95,3.0,16.093,2.88835,Joachimstaler Straße,13.176785661758757,4950.679541901365,pc4,Residential,2021-06-23 16:29:49,52.50071333333333,13.331841666666667,42.2,3.8892,218.7,0.0641,0.03,18.27,18.27,12.23,0.68,1019.4,2.77,0.95,3.0,16.093,2.88835,Joachimstaler Straße,18.962621418479863,4940.972378012139,pc2,Residential,False,False,8.9549820206415,50,10,0.14
1624458589.5084958,2021-06-23T14:29:49.508495Z,52.50071333333333,13.331841666666667,2,4,S2,1624458589.5084958,15.186839361702129,-69.79057446808511,-41.99134893617021,0.0031651077446808,41.0,646.5531914893617,1.425531914893617,0.0733443314893617,12,47,2021-06-23 16:29:49,52.50071333333333,13.331841666666667,42.2,3.8892,218.7,0.0641,0.03,18.27,18.27,12.23,0.68,1019.4,2.77,0.95,3.0,16.093,2.88835,Joachimstaler Straße,18.962621418479863,4940.972378012139,pc2,Residential,2021-06-23 16:29:49,52.50067166666667,13.331728333333333,36.3,0.0,217.5,0.0641,0.03,18.27,18.27,12.23,0.68,1019.4,2.77,0.95,3.0,16.093,2.88835,Joachimstaler Straße,13.176785661758757,4950.679541901365,pc4,Residential,False,False,8.9549820206415,50,10,0.06
1624458590.489455,2021-06-23T14:29:50.489454Z,52.50070333333333,13.331838333333334,2,4,S2,1624458590.489455,18.31815693877551,-68.04887959183674,-40.32919387755102,0.0017866267346938,41.0,744.6938775510204,1.0,0.1204467644897959,12,49,2021-06-23 16:29:50,52.50070333333333,13.331838333333334,42.1,2.778,218.7,0.0641,0.03,18.27,18.27,12.23,0.68,1019.4,2.77,0.95,3.0,16.093,2.88835,Joachimstaler Straße,17.831413227840656,4940.972378012139,pc2,Residential,2021-06-23 16:29:50,52.50066833333333,13.331711666666669,36.2,0.0,217.5,0.0641,0.03,18.27,18.27,12.23,0.68,1019.4,2.77,0.95,3.0,16.093,2.88189,Joachimstaler Straße,12.677565456734836,4950.679541901365,pc4,Residential,False,False,9.408623355619111,50,10,0.02
1624458590.4973104,2021-06-23T14:29:50.497310Z,52.50066833333333,13.331711666666669,4,2,S2,1624458590.4973104,21.26545714285714,-67.44339795918368,-39.72487959183673,0.0008633522448979,41.0,744.9795918367347,6.0,0.1418651489795918,12,49,2021-06-23 16:29:50,52.50066833333333,13.331711666666669,36.2,0.0,217.5,0.0641,0.03,18.27,18.27,12.23,0.68,1019.4,2.77,0.95,3.0,16.093,2.88189,Joachimstaler Straße,12.677565456734836,4950.679541901365,pc4,Residential,2021-06-23 16:29:50,52.50070333333333,13.331838333333334,42.1,2.778,218.7,0.0641,0.03,18.27,18.27,12.23,0.68,1019.4,2.77,0.95,3.0,16.093,2.88835,Joachimstaler Straße,17.831413227840656,4940.972378012139,pc2,Residential,False,False,9.408623355619111,50,10,0.02
1624458591.4825132,2021-06-23T14:29:51.482513Z,52.50069833333333,13.33183,2,4,S2,1624458591.4825132,18.765963265306123,-69.8229306122449,-42.1701693877551,0.000764721877551,41.0,844.0,1.0,0.0723433053061224,12,49,2021-06-23 16:29:51,52.50069833333333,13.33183,42.1,0.0,218.7,0.0641,0.03,18.27,18.27,12.23,0.68,1019.4,2.77,0.95,3.0,16.093,2.88835,Joachimstaler Straße,17.146734602854146,4944.147601924848,pc2,Residential,2021-06-23 16:29:51,52.50067166666667,13.331705,35.8,0.0,217.5,0.0641,0.03,18.27,18.27,12.23,0.68,1019.4,2.77,0.95,3.0,16.093,2.88189,Joachimstaler Straße,12.992862422272964,4950.679541901365,pc4,Residential,False,False,8.958806896829218,50,10,0.02
1624458591.5117743,2021-06-23T14:29:51.511774Z,52.50067166666667,13.331705,4,2,S2,1624458591.5117743,20.431878,-69.311992,-41.66063,0.00063036044,41.0,846.4,6.24,0.079844078,12,50,2021-06-23 16:29:51,52.50067166666667,13.331705,35.8,0.0,217.5,0.0641,0.03,18.27,18.27,12.23,0.68,1019.4,2.77,0.95,3.0,16.093,2.88189,Joachimstaler Straße,12.992862422272964,4950.679541901365,pc4,Residential,2021-06-23 16:29:51,52.50069833333333,13.33183,42.1,0.0,218.7,0.0641,0.03,18.27,18.27,12.23,0.68,1019.4,2.77,0.95,3.0,16.093,2.88835,Joachimstaler Straße,17.146734602854146,4944.147601924848,pc2,Residential,False,False,8.958806896829218,50,10,0.0
1624458592.455944,2021-06-23T14:29:52.455944Z,52.50067333333333,13.331705,4,2,S2,1624458592.455944,21.447921951219517,-67.7530268292683,-40.090031707317074,0.000711321,41.0,940.8048780487804,6.341463414634147,0.1028573097560975,12,41,2021-06-23 16:29:52,52.50067333333333,13.331705,35.9,0.0,217.5,0.0641,0.03,18.27,18.27,12.23,0.68,1019.4,2.77,0.95,3.0,16.093,2.88189,Joachimstaler Straße,13.17678565208512,4950.679541901365,pc4,Residential,2021-06-23 16:29:52,52.5007,13.331823333333332,42.0,0.0,218.7,0.0641,0.03,18.27,18.27,12.23,0.68,1019.4,2.77,0.95,3.0,16.093,2.88835,Joachimstaler Straße,17.208379533102743,4944.147601924848,pc2,Residential,False,False,8.534558915712756,50,10,0.18
1624458592.4833324,2021-06-23T14:29:52.483332Z,52.5007,13.331823333333332,2,4,S2,1624458592.4833324,19.61318367346939,-68.40752448979592,-40.75358571428571,0.0008602793469387,41.0,944.0816326530612,1.0,0.0885097653061224,12,49,2021-06-23 16:29:52,52.5007,13.331823333333332,42.0,0.0,218.7,0.0641,0.03,18.27,18.27,12.23,0.68,1019.4,2.77,0.95,3.0,16.093,2.88835,Joachimstaler Straße,17.208379533102743,4944.147601924848,pc2,Residential,2021-06-23 16:29:52,52.50067333333333,13.331705,35.9,0.0,217.5,0.0641,0.03,18.27,18.27,12.23,0.68,1019.4,2.77,0.95,3.0,16.093,2.88189,Joachimstaler Straße,13.17678565208512,4950.679541901365,pc4,Residential,False,False,8.534558915712756,50,10,0.02
1624458593.46293,2021-06-23T14:29:53.462929Z,52.50070166666666,13.331815,2,4,S2,1624458593.46293,20.03336285714285,-67.7093942857143,-39.98952571428571,0.0009158089428571,41.0,398.0,4.828571428571428,0.1025561314285714,12,35,2021-06-23 16:29:53,52.50070166666666,13.331815,42.1,0.0,218.7,0.0641,0.03,18.27,18.27,12.23,0.68,1019.4,2.77,0.95,3.0,16.093,2.88835,Joachimstaler Straße,17.257575783722935,4944.147601924848,pc2,Residential,2021-06-23 16:29:53,52.50067333333333,13.331705,36.0,0.0,217.5,0.0641,0.03,18.27,18.27,12.23,0.68,1019.4,2.77,0.95,3.0,16.093,2.88189,Joachimstaler Straße,13.17678565208512,4950.679541901365,pc4,Residential,False,False,8.078684570655373,50,10,0.3
1624458593.492272,2021-06-23T14:29:53.492271Z,52.50067333333333,13.331705,4,2,S2,1624458593.492272,21.321509615384613,-67.66200192307693,-40.00694038461539,0.0009442434615384,41.0,316.1730769230769,2.8461538461538463,0.1032504538461538,12,52,2021-06-23 16:29:53,52.50067333333333,13.331705,36.0,0.0,217.5,0.0641,0.03,18.27,18.27,12.23,0.68,1019.4,2.77,0.95,3.0,16.093,2.88189,Joachimstaler Straße,13.17678565208512,4950.679541901365,pc4,Residential,2021-06-23 16:29:53,52.50070166666666,13.331815,42.1,0.0,218.7,0.0641,0.03,18.27,18.27,12.23,0.68,1019.4,2.77,0.95,3.0,16.093,2.88835,Joachimstaler Straße,17.257575783722935,4944.147601924848,pc2,Residential,False,False,8.078684570655373,50,10,-0.04
1624458594.4834,2021-06-23T14:29:54.483399Z,52.500675,13.331705,4,2,S2,1624458594.4834,20.763523255813958,-68.72406511627906,-41.059972093023255,0.0006621224186046,41.0,119.67441860465117,5.069767441860465,0.0819333279069767,12,43,2021-06-23 16:29:54,52.500675,13.331705,36.0,0.0,217.5,0.0641,0.03,18.27,18.27,12.23,0.68,1019.4,2.77,0.95,3.0,16.093,2.88189,Joachimstaler Straße,13.360708882681388,4950.679541901365,pc4,Residential,2021-06-23 16:29:54,52.50070166666666,13.331815,42.1,0.0,218.7,0.0641,0.03,18.27,18.27,12.23,0.68,1019.4,2.77,0.95,3.0,16.093,2.88835,Joachimstaler Straße,17.257575783722935,4944.147601924848,pc2,Residential,False,False,8.008350115630213,50,10,0.14
1624458594.50096,2021-06-23T14:29:54.500960Z,52.50070166666666,13.331815,2,4,S2,1624458594.50096,19.43072,-68.96731,-41.284672,0.00078425364,41.0,121.78,1.66,0.077303474,12,50,2021-06-23 16:29:54,52.50070166666666,13.331815,42.1,0.0,218.7,0.0641,0.03,18.27,18.27,12.23,0.68,1019.4,2.77,0.95,3.0,16.093,2.88835,Joachimstaler Straße,17.257575783722935,4944.147601924848,pc2,Residential,2021-06-23 16:29:54,52.500675,13.331705,36.0,0.0,217.5,0.0641,0.03,18.27,18.27,12.23,0.68,1019.4,2.77,0.95,3.0,16.093,2.88189,Joachimstaler Straße,13.360708882681388,4950.679541901365,pc4,Residential,False,False,8.008350115630213,50,10,0.0
1624458595.4628692,2021-06-23T14:29:55.462869Z,52.50070166666666,13.331815,2,4,S2,1624458595.4628692,17.39664782608696,-67.63357173913043,-39.93853913043478,0.0030455493913043,41.0,217.80434782608697,3.260869565217391,0.108539902173913,12,46,2021-06-23 16:29:55,52.50070166666666,13.331815,42.1,0.0,218.7,0.0641,0.03,18.27,18.27,12.23,0.68,1019.4,2.77,0.95,3.0,16.093,2.88835,Joachimstaler Straße,17.257575783722935,4944.147601924848,pc2,Residential,2021-06-23 16:29:55,52.50067833333333,13.331705,36.1,0.0,217.5,0.0641,0.03,18.27,18.27,12.23,0.68,1019.4,2.77,0.95,3.0,16.093,2.88189,Joachimstaler Straße,13.728555343089814,4950.679541901365,pc4,Residential,False,False,7.878863296862569,50,10,0.08
1624458595.5099883,2021-06-23T14:29:55.509988Z,52.50067833333333,13.331705,4,2,S2,1624458595.5099883,21.489875,-67.85205416666666,-40.17151666666667,0.0007046391875,41.0,222.16666666666663,6.791666666666667,0.1056546208333333,12,48,2021-06-23 16:29:55,52.50067833333333,13.331705,36.1,0.0,217.5,0.0641,0.03,18.27,18.27,12.23,0.68,1019.4,2.77,0.95,3.0,16.093,2.88189,Joachimstaler Straße,13.728555343089814,4950.679541901365,pc4,Residential,2021-06-23 16:29:55,52.50070166666666,13.331815,42.1,0.0,218.7,0.0641,0.03,18.27,18.27,12.23,0.68,1019.4,2.77,0.95,3.0,16.093,2.88835,Joachimstaler Straße,17.257575783722935,4944.147601924848,pc2,Residential,False,False,7.878863296862569,50,10,0.04
1624458596.49953,2021-06-23T14:29:56.499530Z,52.50068,13.331706666666667,4,2,S2,1624458596.49953,19.617432,-67.45343799999999,-39.64173,0.00250228756,41.0,321.0,8.0,0.120375422,12,50,2021-06-23 16:29:56,52.50068,13.331706666666667,36.1,0.0,217.5,0.0641,0.03,18.27,18.27,12.23,0.68,1019.4,2.77,0.95,3.0,16.093,2.88189,Joachimstaler Straße,13.925615947454066,4950.679541901365,pc4,Residential,2021-06-23 16:29:56,52.50070166666666,13.331815,42.1,0.0,218.7,0.0641,0.03,18.27,18.27,12.23,0.68,1019.4,2.77,0.95,3.0,16.093,2.88835,Joachimstaler Straße,17.257575783722935,4944.147601924848,pc2,Residential,False,False,7.712717497005864,50,10,0.0
1624458596.600285,2021-06-23T14:29:56.600285Z,52.50070166666666,13.331815,2,4,S2,1624458596.600285,18.3129925,-67.61971,-39.813335,0.001381999875,41.0,331.6,2.75,0.1091989025,12,40,2021-06-23 16:29:56,52.50070166666666,13.331815,42.1,0.0,218.7,0.0641,0.03,18.27,18.27,12.23,0.68,1019.4,2.77,0.95,3.0,16.093,2.88835,Joachimstaler Straße,17.257575783722935,4944.147601924848,pc2,Residential,2021-06-23 16:29:56,52.50068,13.331706666666667,36.1,0.0,217.5,0.0641,0.03,18.27,18.27,12.23,0.68,1019.4,2.77,0.95,3.0,16.093,2.88189,Joachimstaler Straße,13.925615947454066,4950.679541901365,pc4,Residential,False,False,7.712717497005864,50,10,0.2
1624458597.501166,2021-06-23T14:29:57.501165Z,52.500681666666665,13.331708333333331,4,2,S2,1624458597.501166,13.577244897959185,-64.98960204081632,-37.26285510204082,0.0107223356530612,41.0,421.2244897959184,7.387755102040816,0.2117945265306122,12,49,2021-06-23 16:29:57,52.500681666666665,13.331708333333331,36.1,0.0,217.5,0.0641,0.03,18.27,18.27,12.23,0.68,1019.4,2.77,0.95,3.0,16.093,2.88189,Joachimstaler Straße,14.12267655107686,4950.679541901365,pc4,Residential,2021-06-23 16:29:57,52.50070166666666,13.331815,42.1,0.0,218.7,0.0641,0.03,18.27,18.27,12.23,0.68,1019.4,2.77,0.95,3.0,16.093,2.88835,Joachimstaler Straße,17.257575783722935,4944.147601924848,pc2,Residential,False,False,7.549141215132367,50,10,0.02
1624458597.509798,2021-06-23T14:29:57.509798Z,52.50070166666666,13.331815,2,4,S2,1624458597.509798,20.22593,-66.205462,-38.4404,0.0013126637,41.0,422.02,7.96,0.162035814,12,50,2021-06-23 16:29:57,52.50070166666666,13.331815,42.1,0.0,218.7,0.0641,0.03,18.27,18.27,12.23,0.68,1019.4,2.77,0.95,3.0,16.093,2.88835,Joachimstaler Straße,17.257575783722935,4944.147601924848,pc2,Residential,2021-06-23 16:29:57,52.500681666666665,13.331708333333331,36.1,0.0,217.5,0.0641,0.03,18.27,18.27,12.23,0.68,1019.4,2.77,0.95,3.0,16.093,2.88189,Joachimstaler Straße,14.12267655107686,4950.679541901365,pc4,Residential,False,False,7.549141215132367,50,10,0.0
1624458598.5086982,2021-06-23T14:29:58.508698Z,52.50070166666666,13.331815,2,4,S2,1624458598.5086982,16.9022822,-71.739836,-43.959082,0.00076347778,41.0,522.02,6.98,0.049902484,12,50,2021-06-23 16:29:58,52.50070166666666,13.331815,42.1,0.0,218.7,0.0641,0.03,18.27,18.27,12.23,0.68,1019.4,2.77,0.95,3.0,16.093,2.88835,Joachimstaler Straße,17.257575783722935,4944.147601924848,pc2,Residential,2021-06-23 16:29:58,52.500681666666665,13.331708333333331,36.1,0.0,217.5,0.0641,0.03,18.27,18.27,12.23,0.68,1019.4,2.77,0.95,3.0,16.093,2.88189,Joachimstaler Straße,14.12267655107686,4950.679541901365,pc4,Residential,False,False,7.549141215132367,50,10,0.0
1624458598.5087726,2021-06-23T14:29:58.508772Z,52.500681666666665,13.331708333333331,4,2,S2,1624458598.5087726,17.3525054,-71.13811,-43.368678,0.0018474472,41.0,522.32,4.04,0.0588033884,12,50,2021-06-23 16:29:58,52.500681666666665,13.331708333333331,36.1,0.0,217.5,0.0641,0.03,18.27,18.27,12.23,0.68,1019.4,2.77,0.95,3.0,16.093,2.88189,Joachimstaler Straße,14.12267655107686,4950.679541901365,pc4,Residential,2021-06-23 16:29:58,52.50070166666666,13.331815,42.1,0.0,218.7,0.0641,0.03,18.27,18.27,12.23,0.68,1019.4,2.77,0.95,3.0,16.093,2.88835,Joachimstaler Straße,17.257575783722935,4944.147601924848,pc2,Residential,False,False,7.549141215132367,50,10,0.0
1624458599.4999392,2021-06-23T14:29:59.499939Z,52.50067666666666,13.331705,4,2,S2,1624458599.4999392,19.06813,-71.163544,-43.418576,0.00055604874,41.0,621.0,8.0,0.057612064,12,50,2021-06-23 16:29:59,52.50067666666666,13.331705,36.1,3.1484,218.7,0.0641,0.03,18.27,18.27,12.23,0.68,1019.4,2.77,0.95,3.0,16.093,2.88189,Joachimstaler Straße,13.544632112493543,4950.679541901365,pc4,Residential,2021-06-23 16:29:59,52.50070166666666,13.331815,42.1,0.0,218.7,0.0641,0.03,18.27,18.27,12.23,0.68,1019.4,2.77,0.95,3.0,16.093,2.88835,Joachimstaler Straße,17.257575783722935,4944.147601924848,pc2,Residential,False,False,7.941711763239102,50,10,0.0
1624458599.506587,2021-06-23T14:29:59.506587Z,52.50070166666666,13.331815,2,4,S2,1624458599.506587,16.23331306122449,-71.93752857142857,-44.14743673469388,0.0008726359795918,41.0,622.204081632653,3.020408163265306,0.0523640906122449,12,49,2021-06-23 16:29:59,52.50070166666666,13.331815,42.1,0.0,218.7,0.0641,0.03,18.27,18.27,12.23,0.68,1019.4,2.77,0.95,3.0,16.093,2.88835,Joachimstaler Straße,17.257575783722935,4944.147601924848,pc2,Residential,2021-06-23 16:29:59,52.50067666666666,13.331705,36.1,3.1484,218.7,0.0641,0.03,18.27,18.27,12.23,0.68,1019.4,2.77,0.95,3.0,16.093,2.88189,Joachimstaler Straße,13.544632112493543,4950.679541901365,pc4,Residential,False,False,7.941711763239102,50,10,0.02
1624458600.50552,2021-06-23T14:30:00.505520Z,52.50070166666666,13.331815,2,4,S2,1624458600.50552,19.433714,-67.86038400000001,-40.044828,0.00108436208,41.0,722.0,4.0,0.119116674,12,50,2021-06-23 16:30:00,52.50070166666666,13.331815,42.1,0.0,218.7,0.0641,0.03,18.27,18.27,12.23,0.68,1019.4,2.77,0.95,3.0,16.093,2.88835,Joachimstaler Straße,17.257575783722935,4944.147601924848,pc2,Residential,2021-06-23 16:30:00,52.50067,13.331701666666667,36.1,4.4448,218.7,0.0641,0.03,18.27,18.27,12.23,0.68,1019.4,2.77,0.95,3.0,16.093,2.88189,Joachimstaler Straße,12.782664444298112,4950.679541901365,pc4,Residential,False,False,8.434428926223186,50,10,0.0
1624458600.509554,2021-06-23T14:30:00.509554Z,52.50067,13.331701666666667,4,2,S2,1624458600.509554,21.63625306122449,-67.23158163265306,-39.46070204081633,0.0008086002653061,41.0,722.0,8.0,0.1350486469387755,12,49,2021-06-23 16:30:00,52.50067,13.331701666666667,36.1,4.4448,218.7,0.0641,0.03,18.27,18.27,12.23,0.68,1019.4,2.77,0.95,3.0,16.093,2.88189,Joachimstaler Straße,12.782664444298112,4950.679541901365,pc4,Residential,2021-06-23 16:30:00,52.50070166666666,13.331815,42.1,0.0,218.7,0.0641,0.03,18.27,18.27,12.23,0.68,1019.4,2.77,0.95,3.0,16.093,2.88835,Joachimstaler Straße,17.257575783722935,4944.147601924848,pc2,Residential,False,False,8.434428926223186,50,10,0.02
1624458601.496466,2021-06-23T14:30:01.496465Z,52.500655,13.331691666666666,4,2,S2,1624458601.496466,20.7213693877551,-68.30630612244897,-40.582342857142855,0.0007669552653061,41.0,820.6938775510204,8.0,0.1072212714285714,12,49,2021-06-23 16:30:01,52.500655,13.331691666666666,36.2,5.7412,206.1,0.0438,0.02,18.27,18.27,12.11,0.67,1019.5,2.87,0.93,2.0,16.093,2.88189,Joachimstaler Straße,11.048531131087776,4953.842820343801,pc4,Residential,2021-06-23 16:30:01,52.50069666666667,13.331808333333331,42.1,4.815200000000001,218.5,0.0438,0.02,18.27,18.27,12.11,0.67,1019.5,2.87,0.93,2.0,16.093,2.88835,Joachimstaler Straße,16.62096891832278,4944.147601924848,pc2,Residential,False,False,9.14872403948094,50,10,0.02
1624458601.505504,2021-06-23T14:30:01.505503Z,52.50069666666667,13.331808333333331,2,4,S2,1624458601.505504,18.608756,-69.473582,-41.645372,0.00086450924,41.0,822.0,4.0,0.083345694,12,50,2021-06-23 16:30:01,52.50069666666667,13.331808333333331,42.1,4.815200000000001,218.5,0.0438,0.02,18.27,18.27,12.11,0.67,1019.5,2.87,0.93,2.0,16.093,2.88835,Joachimstaler Straße,16.62096891832278,4944.147601924848,pc2,Residential,2021-06-23 16:30:01,52.500655,13.331691666666666,36.2,5.7412,206.1,0.0438,0.02,18.27,18.27,12.11,0.67,1019.5,2.87,0.93,2.0,16.093,2.88189,Joachimstaler Straße,11.048531131087776,4953.842820343801,pc4,Residential,False,False,9.14872403948094,50,10,0.0
1624458602.4985163,2021-06-23T14:30:02.498516Z,52.500681666666665,13.331798333333332,2,4,S2,1624458602.4985163,14.823565106382976,-69.93918723404255,-42.17338723404256,0.0041828956382978,41.0,921.4468085106384,2.5319148936170213,0.0838343329787234,12,47,2021-06-23 16:30:02,52.500681666666665,13.331798333333332,42.1,8.334,207.8,0.0438,0.02,18.27,18.27,12.11,0.67,1019.5,2.87,0.93,2.0,16.093,2.88835,Joachimstaler Straße,14.85760554438219,4947.394907649566,pc2,Residential,2021-06-23 16:30:02,52.500643333333336,13.331681666666666,36.2,4.4448,208.3,0.0438,0.02,18.27,18.27,12.11,0.67,1019.5,2.87,0.93,2.0,16.093,2.88189,Joachimstaler Straße,9.682244280285325,4953.842820343801,pc4,Residential,False,False,8.967021680523962,50,10,0.06
1624458602.5030146,2021-06-23T14:30:02.503014Z,52.500643333333336,13.331681666666666,4,2,S2,1624458602.5030146,19.7492356,-70.040386,-42.277112,0.00063358382,41.0,921.84,3.06,0.0878598774,12,50,2021-06-23 16:30:02,52.500643333333336,13.331681666666666,36.2,4.4448,208.3,0.0438,0.02,18.27,18.27,12.11,0.67,1019.5,2.87,0.93,2.0,16.093,2.88189,Joachimstaler Straße,9.682244280285325,4953.842820343801,pc4,Residential,2021-06-23 16:30:02,52.500681666666665,13.331798333333332,42.1,8.334,207.8,0.0438,0.02,18.27,18.27,12.11,0.67,1019.5,2.87,0.93,2.0,16.093,2.88835,Joachimstaler Straße,14.85760554438219,4947.394907649566,pc2,Residential,False,False,8.967021680523962,50,10,0.0
1624458603.5035498,2021-06-23T14:30:03.503549Z,52.50063,13.331671666666669,4,2,S2,1624458603.5035498,22.16923,-65.784364,-37.958968,0.00112589462,41.0,530.48,2.0,0.2630092632,12,50,2021-06-23 16:30:03,52.50063,13.331671666666669,36.1,6.6672,210.5,0.0438,0.02,18.27,18.27,12.11,0.67,1019.5,2.87,0.93,2.0,16.093,2.88189,Joachimstaler Straße,8.132034200709734,4956.790881476288,pc4,Residential,2021-06-23 16:30:03,52.50066,13.33179,42.0,7.593199999999999,197.7,0.0438,0.02,18.27,18.27,12.11,0.67,1019.5,2.87,0.93,2.0,16.093,2.88835,Joachimstaler Straße,12.389510806081288,4947.394907649566,pc2,Residential,False,False,8.670082902719098,50,10,0.0
1624458603.5064552,2021-06-23T14:30:03.506455Z,52.50066,13.33179,2,4,S2,1624458603.5064552,13.52785411764706,-66.19043137254901,-38.38039411764706,0.0090871522549019,41.0,520.2156862745098,3.176470588235294,0.2301449058823529,12,51,2021-06-23 16:30:03,52.50066,13.33179,42.0,7.593199999999999,197.7,0.0438,0.02,18.27,18.27,12.11,0.67,1019.5,2.87,0.93,2.0,16.093,2.88835,Joachimstaler Straße,12.389510806081288,4947.394907649566,pc2,Residential,2021-06-23 16:30:03,52.50063,13.331671666666669,36.1,6.6672,210.5,0.0438,0.02,18.27,18.27,12.11,0.67,1019.5,2.87,0.93,2.0,16.093,2.88189,Joachimstaler Straße,8.132034200709734,4956.790881476288,pc4,Residential,False,False,8.670082902719098,50,10,-0.02
1624458604.5000846,2021-06-23T14:30:04.500084Z,52.500635,13.331783333333334,2,4,S2,1624458604.5000846,15.936735918367347,-66.76962040816326,-38.97745102040816,0.0047429620816326,41.0,97.3877551020408,4.673469387755102,0.1469774693877551,12,49,2021-06-23 16:30:04,52.500635,13.331783333333334,41.7,8.5192,189.5,0.0438,0.02,18.27,18.27,12.11,0.67,1019.5,2.87,0.93,2.0,16.093,2.88835,Joachimstaler Straße,9.575396730257726,4950.679541901365,pc2,Residential,2021-06-23 16:30:04,52.50061,13.331648333333334,36.0,11.4824,218.7,0.0438,0.02,18.27,18.27,12.11,0.67,1019.5,2.87,0.93,2.0,16.093,2.88189,Joachimstaler Straße,5.741032226269071,4959.605640520921,pc4,Residential,False,False,9.544236477344514,50,10,0.02
1624458604.5036929,2021-06-23T14:30:04.503692Z,52.50061,13.331648333333334,4,2,S2,1624458604.5036929,21.427725,-66.56584166666667,-38.7869375,0.0010306404791666,41.0,97.89583333333331,3.1875,0.1587388147916666,12,48,2021-06-23 16:30:04,52.50061,13.331648333333334,36.0,11.4824,218.7,0.0438,0.02,18.27,18.27,12.11,0.67,1019.5,2.87,0.93,2.0,16.093,2.88189,Joachimstaler Straße,5.741032226269071,4959.605640520921,pc4,Residential,2021-06-23 16:30:04,52.500635,13.331783333333334,41.7,8.5192,189.5,0.0438,0.02,18.27,18.27,12.11,0.67,1019.5,2.87,0.93,2.0,16.093,2.88835,Joachimstaler Straße,9.575396730257726,4950.679541901365,pc2,Residential,False,False,9.544236477344514,50,10,0.04
1624458605.5030377,2021-06-23T14:30:05.503037Z,52.50059,13.33161,4,2,S2,1624458605.5030377,24.46631041666667,-59.90315,-32.15271666666667,0.0025532988541666,41.0,197.75,4.0,0.6402822708333333,12,48,2021-06-23 16:30:05,52.50059,13.33161,36.3,14.0752,236.4,0.0438,0.02,18.27,18.27,12.11,0.67,1019.5,2.87,0.93,2.0,16.093,2.88189,Joachimstaler Straße,3.246818301353714,4962.333311929126,pc4,Residential,2021-06-23 16:30:05,52.50061,13.331768333333333,41.6,9.26,191.9,0.0438,0.02,18.27,18.27,12.11,0.67,1019.5,2.87,0.93,2.0,16.093,2.88835,Joachimstaler Straße,6.686923164952971,4953.842820343801,pc2,Residential,False,False,10.9374926746043,50,10,0.04
1624458605.5129883,2021-06-23T14:30:05.512988Z,52.50061,13.331768333333333,2,4,S2,1624458605.5129883,21.481581632653064,-60.70507959183673,-32.96179387755102,0.0034721067346938,41.0,198.3469387755102,8.0,0.5286945102040816,12,49,2021-06-23 16:30:05,52.50061,13.331768333333333,41.6,9.26,191.9,0.0438,0.02,18.27,18.27,12.11,0.67,1019.5,2.87,0.93,2.0,16.093,2.88835,Joachimstaler Straße,6.686923164952971,4953.842820343801,pc2,Residential,2021-06-23 16:30:05,52.50059,13.33161,36.3,14.0752,236.4,0.0438,0.02,18.27,18.27,12.11,0.67,1019.5,2.87,0.93,2.0,16.093,2.88189,Joachimstaler Straße,3.246818301353714,4962.333311929126,pc4,Residential,False,False,10.9374926746043,50,10,0.02
1624458606.4955509,2021-06-23T14:30:06.495550Z,52.500575,13.331551666666666,4,2,S2,1624458606.4955509,23.785872,-61.231074,-33.443508,0.0022554836999999,41.0,297.0,4.0,0.619699688,12,50,2021-06-23 16:30:06,52.500575,13.331551666666666,36.7,15.371600000000004,260.9,0.0438,0.02,18.27,18.27,12.11,0.67,1019.5,2.87,0.93,2.0,16.093,2.88189,Joachimstaler Straße,1.185894572189506,4967.515689787769,pc4,Residential,2021-06-23 16:30:06,52.50058666666666,13.331751666666667,41.7,8.704400000000001,193.1,0.0438,0.02,18.27,18.27,12.11,0.67,1019.5,2.87,0.93,2.0,16.093,2.88835,Joachimstaler Straße,3.980624179945373,4956.790881476288,pc2,Residential,False,False,13.589707425381198,50,10,0.0
1624458606.5065746,2021-06-23T14:30:06.506574Z,52.50058666666666,13.331751666666667,2,4,S2,1624458606.5065746,19.833952083333333,-62.088975000000005,-34.293570833333334,0.00380351075,41.0,297.7708333333333,7.354166666666667,0.517236775,12,48,2021-06-23 16:30:06,52.50058666666666,13.331751666666667,41.7,8.704400000000001,193.1,0.0438,0.02,18.27,18.27,12.11,0.67,1019.5,2.87,0.93,2.0,16.093,2.88835,Joachimstaler Straße,3.980624179945373,4956.790881476288,pc2,Residential,2021-06-23 16:30:06,52.500575,13.331551666666666,36.7,15.371600000000004,260.9,0.0438,0.02,18.27,18.27,12.11,0.67,1019.5,2.87,0.93,2.0,16.093,2.88189,Joachimstaler Straße,1.185894572189506,4967.515689787769,pc4,Residential,False,False,13.589707425381198,50,10,0.04
1624458607.397777,2021-06-23T14:30:07.397777Z,52.500575,13.331483333333331,4,2,S2,1624458607.397777,17.95312380952381,-72.06886190476192,-44.30139523809524,0.0006108256666666,41.0,387.4285714285714,1.9047619047619049,0.0562451319047619,12,21,2021-06-23 16:30:07,52.500575,13.331483333333331,36.8,18.149600000000003,273.5,0.0438,0.02,18.27,18.27,12.11,0.67,1019.5,2.87,0.93,2.0,16.093,2.88189,Joachimstaler Straße,0.7138394573425332,4973.479310748831,pc4,Residential,2021-06-23 16:30:07,52.50056666666666,13.331728333333333,41.8,10.000800000000002,196.0,0.0438,0.02,18.27,18.27,12.11,0.67,1019.5,2.87,0.93,2.0,16.093,2.88835,Joachimstaler Straße,1.5896221597622353,4956.790881476288,pc2,Residential,False,False,16.597524564540212,50,10,0.58
1624458607.5035117,2021-06-23T14:30:07.503511Z,52.50056666666666,13.331728333333333,2,4,S2,1624458607.5035117,15.12276836734694,-74.35166938775511,-46.56535714285714,0.0006134294081632,41.0,397.530612244898,6.6938775510204085,0.0291924212244897,12,49,2021-06-23 16:30:07,52.50056666666666,13.331728333333333,41.8,10.000800000000002,196.0,0.0438,0.02,18.27,18.27,12.11,0.67,1019.5,2.87,0.93,2.0,16.093,2.88835,Joachimstaler Straße,1.5896221597622353,4956.790881476288,pc2,Residential,2021-06-23 16:30:07,52.500575,13.331483333333331,36.8,18.149600000000003,273.5,0.0438,0.02,18.27,18.27,12.11,0.67,1019.5,2.87,0.93,2.0,16.093,2.88189,Joachimstaler Straße,0.7138394573425332,4973.479310748831,pc4,Residential,False,False,16.597524564540212,50,10,0.02
1624458608.5092776,2021-06-23T14:30:08.509277Z,52.50054833333333,13.331685,2,4,S2,1624458608.5092776,13.9226728,-75.777818,-47.986572,0.0005722424,41.0,498.04,7.34,0.0214364381999999,12,50,2021-06-23 16:30:08,52.50054833333333,13.331685,41.9,14.6308,200.9,0.0438,0.02,18.27,18.27,12.11,0.67,1019.5,2.87,0.93,2.0,16.093,2.88189,Joachimstaler Straße,0.7751051043691302,4959.605640520921,pc2,Residential,2021-06-23 16:30:08,52.50058166666667,13.331408333333334,36.7,18.149600000000003,275.3,0.0438,0.02,18.27,18.27,12.11,0.67,1019.5,2.87,0.93,2.0,16.093,2.88189,Joachimstaler Straße,1.2962949998851343,4977.81201704001,pc4,Residential,False,False,19.076779617717044,50,10,0.0
1624458608.5512817,2021-06-23T14:30:08.551281Z,52.50058166666667,13.331408333333334,4,2,S2,1624458608.5512817,15.173058,-74.9960088888889,-47.22485555555556,0.0005411049333333,41.0,502.26666666666665,7.066666666666666,0.025196296,12,45,2021-06-23 16:30:08,52.50058166666667,13.331408333333334,36.7,18.149600000000003,275.3,0.0438,0.02,18.27,18.27,12.11,0.67,1019.5,2.87,0.93,2.0,16.093,2.88189,Joachimstaler Straße,1.2962949998851343,4977.81201704001,pc4,Residential,2021-06-23 16:30:08,52.50054833333333,13.331685,41.9,14.6308,200.9,0.0438,0.02,18.27,18.27,12.11,0.67,1019.5,2.87,0.93,2.0,16.093,2.88189,Joachimstaler Straße,0.7751051043691302,4959.605640520921,pc2,Residential,False,False,19.076779617717044,50,10,0.1
1624458609.500165,2021-06-23T14:30:09.500164Z,52.50058666666666,13.331336666666669,4,2,S2,1624458609.500165,15.998044583333334,-74.36219791666666,-46.5667125,0.0005312542708333,41.0,597.125,7.375,0.0261821977083333,12,48,2021-06-23 16:30:09,52.50058666666666,13.331336666666669,36.7,17.0384,274.4,0.0438,0.02,18.27,18.27,12.11,0.67,1019.5,2.87,0.93,2.0,16.093,2.88835,Joachimstaler Straße,1.851849999271984,4981.917008834545,pc4,Residential,2021-06-23 16:30:09,52.50053833333333,13.33162,42.3,17.7792,206.8,0.0438,0.02,18.27,18.27,12.11,0.67,1019.5,2.87,0.93,2.0,16.093,2.88189,Joachimstaler Straße,2.391001998301269,4964.974034494723,pc2,Residential,False,False,19.90306666581569,50,10,0.04
1624458609.509203,2021-06-23T14:30:09.509202Z,52.50053833333333,13.33162,2,4,S2,1624458609.509203,15.4065706,-74.30072799999999,-46.49096,0.00056632414,41.0,598.08,6.88,0.0279688038,12,50,2021-06-23 16:30:09,52.50053833333333,13.33162,42.3,17.7792,206.8,0.0438,0.02,18.27,18.27,12.11,0.67,1019.5,2.87,0.93,2.0,16.093,2.88189,Joachimstaler Straße,2.391001998301269,4964.974034494723,pc2,Residential,2021-06-23 16:30:09,52.50058666666666,13.331336666666669,36.7,17.0384,274.4,0.0438,0.02,18.27,18.27,12.11,0.67,1019.5,2.87,0.93,2.0,16.093,2.88835,Joachimstaler Straße,1.851849999271984,4981.917008834545,pc4,Residential,False,False,19.90306666581569,50,10,0.0
1624458610.49879,2021-06-23T14:30:10.498790Z,52.500591666666665,13.331273333333334,4,2,S2,1624458610.49879,17.885918,-72.34929199999999,-44.606286,0.00055767716,41.0,697.04,6.86,0.0421749064,12,50,2021-06-23 16:30:10,52.500591666666665,13.331273333333334,36.6,14.4456,273.2,0.0438,0.02,18.27,18.27,12.11,0.67,1019.5,2.87,0.93,2.0,16.093,2.88835,Joachimstaler Straße,2.453846149619382,4987.28563770601,pc4,Residential,2021-06-23 16:30:10,52.50053166666667,13.331545,42.4,18.8904,210.7,0.0438,0.02,18.27,18.27,12.11,0.67,1019.5,2.87,0.93,2.0,16.093,2.88189,Joachimstaler Straße,3.649792286517037,4969.835983337179,pc2,Residential,False,False,19.54775495513693,50,10,0.0
1624458610.5081158,2021-06-23T14:30:10.508115Z,52.50053166666667,13.331545,2,4,S2,1624458610.5081158,16.428207999999998,-73.262306,-45.528182,0.00057342138,41.0,698.08,5.8,0.0355478455999999,12,50,2021-06-23 16:30:10,52.50053166666667,13.331545,42.4,18.8904,210.7,0.0438,0.02,18.27,18.27,12.11,0.67,1019.5,2.87,0.93,2.0,16.093,2.88189,Joachimstaler Straße,3.649792286517037,4969.835983337179,pc2,Residential,2021-06-23 16:30:10,52.500591666666665,13.331273333333334,36.6,14.4456,273.2,0.0438,0.02,18.27,18.27,12.11,0.67,1019.5,2.87,0.93,2.0,16.093,2.88835,Joachimstaler Straße,2.453846149619382,4987.28563770601,pc4,Residential,False,False,19.54775495513693,50,10,0.0
1624458611.2481356,2021-06-23T14:30:11.248135Z,52.500593333333335,13.331223333333334,4,2,S2,1624458611.2481356,17.17283230769231,-68.1637923076923,-40.39334615384616,0.0049366043846153,41.0,771.9230769230769,7.384615384615385,0.1239496615384615,12,13,2021-06-23 16:30:11,52.500593333333335,13.331223333333334,36.6,10.7416,272.4,0.0438,0.02,18.27,18.27,12.11,0.67,1019.5,2.87,0.93,2.0,16.093,2.88835,Joachimstaler Straße,2.784920605899696,4990.964475227673,pc4,Residential,2021-06-23 16:30:11,52.500525,13.33147,42.8,17.594,216.0,0.0438,0.02,18.27,18.27,12.11,0.67,1019.5,2.87,0.93,2.0,16.093,2.88189,Joachimstaler Straße,4.904768119039394,4973.479310748831,pc2,Residential,False,False,18.33120068989825,50,10,0.74
1624458611.508124,2021-06-23T14:30:11.508124Z,52.500525,13.33147,2,4,S2,1624458611.508124,17.104292,-71.804862,-43.997764,0.00070981304,41.0,798.08,5.8,0.0544167428,12,50,2021-06-23 16:30:11,52.500525,13.33147,42.8,17.594,216.0,0.0438,0.02,18.27,18.27,12.11,0.67,1019.5,2.87,0.93,2.0,16.093,2.88189,Joachimstaler Straße,4.904768119039394,4973.479310748831,pc2,Residential,2021-06-23 16:30:11,52.500593333333335,13.331223333333334,36.6,10.7416,272.4,0.0438,0.02,18.27,18.27,12.11,0.67,1019.5,2.87,0.93,2.0,16.093,2.88835,Joachimstaler Straße,2.784920605899696,4990.964475227673,pc4,Residential,False,False,18.33120068989825,50,10,0.0
1624458612.5078063,2021-06-23T14:30:12.507806Z,52.50052166666666,13.331401666666666,2,4,S2,1624458612.5078063,18.3927096,-69.488448,-41.70865,0.00093250928,41.0,898.04,5.9,0.0868356514,12,50,2021-06-23 16:30:12,52.50052166666666,13.331401666666666,42.9,15.371600000000004,221.0,0.0438,0.02,18.27,18.27,12.11,0.67,1019.5,2.87,0.93,2.0,16.093,2.88189,Joachimstaler Straße,5.370365000651972,4978.781690438401,pc2,Residential,2021-06-23 16:30:12,52.500595,13.331186666666667,36.5,7.9636,271.4,0.0438,0.02,18.27,18.27,12.11,0.67,1019.5,2.87,0.93,2.0,16.093,2.88835,Joachimstaler Straße,3.077045134805664,4990.964475227673,pc4,Residential,False,False,16.67007790610298,50,10,0.0
1624458612.5976515,2021-06-23T14:30:12.597651Z,52.500595,13.331186666666667,4,2,S2,1624458612.5976515,11.9304,-65.9147238095238,-38.13052857142857,0.0111350723809523,41.0,906.809523809524,8.0,0.1610960714285714,12,21,2021-06-23 16:30:12,52.500595,13.331186666666667,36.5,7.9636,271.4,0.0438,0.02,18.27,18.27,12.11,0.67,1019.5,2.87,0.93,2.0,16.093,2.88835,Joachimstaler Straße,3.077045134805664,4990.964475227673,pc4,Residential,2021-06-23 16:30:12,52.50052166666666,13.331401666666666,42.9,15.371600000000004,221.0,0.0438,0.02,18.27,18.27,12.11,0.67,1019.5,2.87,0.93,2.0,16.093,2.88189,Joachimstaler Straße,5.370365000651972,4978.781690438401,pc2,Residential,False,False,16.67007790610298,50,10,0.58
1624458613.502817,2021-06-23T14:30:13.502816Z,52.50052166666666,13.331345,2,4,S2,1624458613.502817,18.61941632653061,-65.45242244897959,-37.64710816326531,0.0142225573673469,41.0,746.8571428571429,4.979591836734694,0.2802693979591837,12,49,2021-06-23 16:30:13,52.50052166666666,13.331345,43.0,11.4824,268.5,0.0438,0.02,18.27,18.27,12.11,0.67,1019.5,2.87,0.93,2.0,16.093,2.88835,Joachimstaler Straße,5.370365000651972,4981.917008834545,pc2,Residential,2021-06-23 16:30:13,52.500595,13.331163333333333,36.4,4.4448,271.4,0.0438,0.02,18.27,18.27,12.11,0.67,1019.5,2.87,0.93,2.0,16.093,2.88835,Joachimstaler Straße,3.1452075219771323,4995.3585330708265,pc4,Residential,False,False,14.744362681387054,50,10,0.02
1624458613.5944362,2021-06-23T14:30:13.594436Z,52.500595,13.331163333333333,4,2,S2,1624458613.5944362,20.594997567567567,-64.20454864864864,-36.413264864864864,0.0033446998108108,41.0,730.1891891891892,3.4054054054054053,0.3549707243243243,12,37,2021-06-23 16:30:13,52.500595,13.331163333333333,36.4,4.4448,271.4,0.0438,0.02,18.27,18.27,12.11,0.67,1019.5,2.87,0.93,2.0,16.093,2.88835,Joachimstaler Straße,3.1452075219771323,4995.3585330708265,pc4,Residential,2021-06-23 16:30:13,52.50052166666666,13.331345,43.0,11.4824,268.5,0.0438,0.02,18.27,18.27,12.11,0.67,1019.5,2.87,0.93,2.0,16.093,2.88835,Joachimstaler Straße,5.370365000651972,4981.917008834545,pc2,Residential,False,False,14.744362681387054,50,10,0.26
1624458614.2755947,2021-06-23T14:30:14.275594Z,52.50052333333333,13.33131,2,4,S2,1624458614.2755947,6.4707019047619045,-60.25600476190476,-32.438738095238094,0.1430749695714285,41.0,50.76190476190476,6.428571428571429,0.642645319047619,12,21,2021-06-23 16:30:14,52.50052333333333,13.33131,43.0,6.1116,268.4,0.0438,0.02,18.27,18.27,12.11,0.67,1019.5,2.87,0.93,2.0,16.093,2.88835,Joachimstaler Straße,5.185180000330028,4984.296806192534,pc2,Residential,2021-06-23 16:30:14,52.500593333333335,13.331155,36.4,0.0,271.4,0.0438,0.02,18.27,18.27,12.11,0.67,1019.5,2.87,0.93,2.0,16.093,2.88835,Joachimstaler Straße,2.984539022094887,4995.3585330708265,pc4,Residential,False,False,13.054545190506758,50,10,0.58
1624458614.4948652,2021-06-23T14:30:14.494865Z,52.500593333333335,13.331155,4,2,S2,1624458614.4948652,22.865008,-64.487978,-36.494504,0.00127536682,41.0,73.04,2.92,0.308303592,12,50,2021-06-23 16:30:14,52.500593333333335,13.331155,36.4,0.0,271.4,0.0438,0.02,18.27,18.27,12.11,0.67,1019.5,2.87,0.93,2.0,16.093,2.88835,Joachimstaler Straße,2.984539022094887,4995.3585330708265,pc4,Residential,2021-06-23 16:30:14,52.50052333333333,13.33131,43.0,6.1116,268.4,0.0438,0.02,18.27,18.27,12.11,0.67,1019.5,2.87,0.93,2.0,16.093,2.88835,Joachimstaler Straße,5.185180000330028,4984.296806192534,pc2,Residential,False,False,13.054545190506758,50,10,0.0
1624458615.50255,2021-06-23T14:30:15.502550Z,52.500591666666665,13.331155,4,2,S2,1624458615.50255,23.553476,-64.148554,-36.28703,0.00107806794,41.0,174.0,1.0,0.254404828,12,50,2021-06-23 16:30:15,52.500591666666665,13.331155,36.3,0.0,271.4,0.0438,0.02,18.27,18.27,12.11,0.67,1019.5,2.87,0.93,2.0,16.093,2.88835,Joachimstaler Straße,2.7995268112651472,4995.3585330708265,pc4,Residential,2021-06-23 16:30:15,52.500525,13.331298333333333,43.0,0.0,268.4,0.0438,0.02,18.27,18.27,12.11,0.67,1019.5,2.87,0.93,2.0,16.093,2.88835,Joachimstaler Straße,4.999995000008084,4984.296806192534,pc2,Residential,False,False,12.201305909606312,50,10,0.0
1624458615.5051117,2021-06-23T14:30:15.505111Z,52.500525,13.331298333333333,2,4,S2,1624458615.5051117,20.10943333333333,-64.83811372549019,-37.02776470588236,0.0022597567254901,41.0,173.9607843137255,4.0,0.2155429078431372,12,51,2021-06-23 16:30:15,52.500525,13.331298333333333,43.0,0.0,268.4,0.0438,0.02,18.27,18.27,12.11,0.67,1019.5,2.87,0.93,2.0,16.093,2.88835,Joachimstaler Straße,4.999995000008084,4984.296806192534,pc2,Residential,2021-06-23 16:30:15,52.500591666666665,13.331155,36.3,0.0,271.4,0.0438,0.02,18.27,18.27,12.11,0.67,1019.5,2.87,0.93,2.0,16.093,2.88835,Joachimstaler Straße,2.7995268112651472,4995.3585330708265,pc4,Residential,False,False,12.201305909606312,50,10,-0.02
1624458616.5055225,2021-06-23T14:30:16.505522Z,52.500525,13.3313,2,4,S2,1624458616.5055225,17.896658600000002,-64.129234,-36.351088,0.005270124,41.0,274.0,4.0,0.26092516,12,50,2021-06-23 16:30:16,52.500525,13.3313,43.0,0.0,268.4,0.0438,0.02,18.27,18.27,12.11,0.67,1019.5,2.87,0.93,2.0,16.093,2.88835,Joachimstaler Straße,4.999995000008084,4984.296806192534,pc2,Residential,2021-06-23 16:30:16,52.50058833333333,13.331155,36.4,0.0,271.4,0.0438,0.02,18.27,18.27,12.11,0.67,1019.5,2.87,0.93,2.0,16.093,2.88835,Joachimstaler Straße,2.429502390394422,4995.3585330708265,pc4,Residential,False,False,12.07146514555989,50,10,0.0
1624458616.5080318,2021-06-23T14:30:16.508031Z,52.50058833333333,13.331155,4,2,S2,1624458616.5080318,15.5490398,-63.324502,-35.53811,0.0223929209,41.0,274.0,6.48,0.32638714,12,50,2021-06-23 16:30:16,52.50058833333333,13.331155,36.4,0.0,271.4,0.0438,0.02,18.27,18.27,12.11,0.67,1019.5,2.87,0.93,2.0,16.093,2.88835,Joachimstaler Straße,2.429502390394422,4995.3585330708265,pc4,Residential,2021-06-23 16:30:16,52.500525,13.3313,43.0,0.0,268.4,0.0438,0.02,18.27,18.27,12.11,0.67,1019.5,2.87,0.93,2.0,16.093,2.88835,Joachimstaler Straße,4.999995000008084,4984.296806192534,pc2,Residential,False,False,12.07146514555989,50,10,0.0
1624458617.5046527,2021-06-23T14:30:17.504652Z,52.50058666666666,13.331156666666669,4,2,S2,1624458617.5046527,23.285751020408163,-64.12126326530611,-36.3249306122449,0.0011684433265306,41.0,373.83673469387753,4.73469387755102,0.3216632897959183,12,49,2021-06-23 16:30:17,52.50058666666666,13.331156666666669,36.5,0.0,271.4,0.0438,0.02,18.27,18.27,12.11,0.67,1019.5,2.87,0.93,2.0,16.093,2.88835,Joachimstaler Straße,2.239621437512857,4995.3585330708265,pc4,Residential,2021-06-23 16:30:17,52.500525,13.331303333333333,43.0,0.0,268.4,0.0438,0.02,18.27,18.27,12.11,0.67,1019.5,2.87,0.93,2.0,16.093,2.88835,Joachimstaler Straße,4.999995000008084,4984.296806192534,pc2,Residential,False,False,12.05703576263278,50,10,0.02
1624458617.5068858,2021-06-23T14:30:17.506885Z,52.500525,13.331303333333333,2,4,S2,1624458617.5068858,20.0909,-64.71499795918368,-36.95090408163265,0.0022241050204081,41.0,374.2244897959184,3.122448979591837,0.2821679326530612,12,49,2021-06-23 16:30:17,52.500525,13.331303333333333,43.0,0.0,268.4,0.0438,0.02,18.27,18.27,12.11,0.67,1019.5,2.87,0.93,2.0,16.093,2.88835,Joachimstaler Straße,4.999995000008084,4984.296806192534,pc2,Residential,2021-06-23 16:30:17,52.50058666666666,13.331156666666669,36.5,0.0,271.4,0.0438,0.02,18.27,18.27,12.11,0.67,1019.5,2.87,0.93,2.0,16.093,2.88835,Joachimstaler Straße,2.239621437512857,4995.3585330708265,pc4,Residential,False,False,12.05703576263278,50,10,0.02
1624458618.4945295,2021-06-23T14:30:18.494529Z,52.50058666666666,13.331156666666669,4,2,S2,1624458618.4945295,22.78069,-65.297934,-37.433738,0.0009698231999999,41.0,473.0,3.0,0.180718734,12,50,2021-06-23 16:30:18,52.50058666666666,13.331156666666669,36.5,0.0,271.4,0.0438,0.02,18.27,18.27,12.11,0.67,1019.5,2.87,0.93,2.0,16.093,2.88835,Joachimstaler Straße,2.239621437512857,4995.3585330708265,pc4,Residential,2021-06-23 16:30:18,52.500525,13.331308333333332,43.1,0.0,268.4,0.0438,0.02,18.27,18.27,12.11,0.67,1019.5,2.87,0.93,2.0,16.093,2.88835,Joachimstaler Straße,4.999995000008084,4984.296806192534,pc2,Residential,False,False,12.336811436179168,50,10,0.0
1624458618.5083485,2021-06-23T14:30:18.508348Z,52.500525,13.331308333333332,2,4,S2,1624458618.5083485,20.3847996,-65.882996,-38.02116,0.00174070852,41.0,474.0,6.8,0.157472736,12,50,2021-06-23 16:30:18,52.500525,13.331308333333332,43.1,0.0,268.4,0.0438,0.02,18.27,18.27,12.11,0.67,1019.5,2.87,0.93,2.0,16.093,2.88835,Joachimstaler Straße,4.999995000008084,4984.296806192534,pc2,Residential,2021-06-23 16:30:18,52.50058666666666,13.331156666666669,36.5,0.0,271.4,0.0438,0.02,18.27,18.27,12.11,0.67,1019.5,2.87,0.93,2.0,16.093,2.88835,Joachimstaler Straße,2.239621437512857,4995.3585330708265,pc4,Residential,False,False,12.336811436179168,50,10,0.0
1624458619.5009918,2021-06-23T14:30:19.500991Z,52.50058666666666,13.331156666666669,4,2,S2,1624458619.5009918,21.72336274509804,-66.48904509803921,-38.62676078431373,0.0009451797843137,41.0,573.4901960784314,4.529411764705882,0.1355950901960784,12,51,2021-06-23 16:30:19,52.50058666666666,13.331156666666669,36.5,0.0,271.4,0.0438,0.02,18.27,18.27,12.11,0.67,1019.5,2.87,0.93,2.0,16.093,2.88835,Joachimstaler Straße,2.239621437512857,4995.3585330708265,pc4,Residential,2021-06-23 16:30:19,52.50052333333333,13.331308333333332,43.1,0.0,268.4,0.0438,0.02,18.27,18.27,12.11,0.67,1019.5,2.87,0.93,2.0,16.093,2.88835,Joachimstaler Straße,5.185180000330028,4984.296806192534,pc2,Residential,False,False,12.44062697035358,50,10,-0.02
1624458619.5151236,2021-06-23T14:30:19.515123Z,52.50052333333333,13.331308333333332,2,4,S2,1624458619.5151236,18.834185416666667,-67.16241666666666,-39.32697708333333,0.0013590587083333,41.0,574.75,6.083333333333333,0.1154387395833333,12,48,2021-06-23 16:30:19,52.50052333333333,13.331308333333332,43.1,0.0,268.4,0.0438,0.02,18.27,18.27,12.11,0.67,1019.5,2.87,0.93,2.0,16.093,2.88835,Joachimstaler Straße,5.185180000330028,4984.296806192534,pc2,Residential,2021-06-23 16:30:19,52.50058666666666,13.331156666666669,36.5,0.0,271.4,0.0438,0.02,18.27,18.27,12.11,0.67,1019.5,2.87,0.93,2.0,16.093,2.88835,Joachimstaler Straße,2.239621437512857,4995.3585330708265,pc4,Residential,False,False,12.44062697035358,50,10,0.04
1624458620.5008492,2021-06-23T14:30:20.500849Z,52.50058666666666,13.331156666666669,4,2,S2,1624458620.5008492,18.19017183673469,-65.80231020408164,-38.03894081632653,0.0035377543673469,41.0,673.1428571428571,7.877551020408164,0.1611814142857142,12,49,2021-06-23 16:30:20,52.50058666666666,13.331156666666669,36.4,0.0,271.4,0.0438,0.02,18.27,18.27,12.11,0.67,1019.5,2.87,0.93,2.0,16.093,2.88835,Joachimstaler Straße,2.239621437512857,4995.3585330708265,pc4,Residential,2021-06-23 16:30:20,52.50052333333333,13.331308333333332,43.1,0.0,268.4,0.0438,0.02,18.27,18.27,12.11,0.67,1019.5,2.87,0.93,2.0,16.093,2.88835,Joachimstaler Straße,5.185180000330028,4984.296806192534,pc2,Residential,False,False,12.44062697035358,50,10,0.02
1624458620.5038378,2021-06-23T14:30:20.503837Z,52.50052333333333,13.331308333333332,2,4,S2,1624458620.5038378,20.316467346938776,-66.26781428571428,-38.493567346938775,0.0011970731632653,41.0,673.6326530612245,6.0,0.1439677224489796,12,49,2021-06-23 16:30:20,52.50052333333333,13.331308333333332,43.1,0.0,268.4,0.0438,0.02,18.27,18.27,12.11,0.67,1019.5,2.87,0.93,2.0,16.093,2.88835,Joachimstaler Straße,5.185180000330028,4984.296806192534,pc2,Residential,2021-06-23 16:30:20,52.50058666666666,13.331156666666669,36.4,0.0,271.4,0.0438,0.02,18.27,18.27,12.11,0.67,1019.5,2.87,0.93,2.0,16.093,2.88835,Joachimstaler Straße,2.239621437512857,4995.3585330708265,pc4,Residential,False,False,12.44062697035358,50,10,0.02
1624458621.4957025,2021-06-23T14:30:21.495702Z,52.50052333333333,13.331308333333332,2,4,S2,1624458621.4957025,20.935674,-62.514994,-34.77492,0.00289416292,41.0,773.0,4.2,0.4260799,12,50,2021-06-23 16:30:21,52.50052333333333,13.331308333333332,43.1,0.0,268.4,0.0438,0.02,18.27,18.27,12.11,0.67,1019.5,2.87,0.93,2.0,16.093,2.88835,Joachimstaler Straße,5.185180000330028,4984.296806192534,pc2,Residential,2021-06-23 16:30:21,52.50058666666666,13.331156666666669,36.4,0.0,271.4,0.0438,0.02,18.27,18.27,12.11,0.67,1019.5,2.87,0.93,2.0,16.093,2.88835,Joachimstaler Straße,2.239621437512857,4995.3585330708265,pc4,Residential,False,False,12.44062697035358,50,10,0.0
1624458621.4998517,2021-06-23T14:30:21.499851Z,52.50058666666666,13.331156666666669,4,2,S2,1624458621.4998517,19.2490834,-61.789056,-34.04143,0.0059756927,41.0,773.06,7.7,0.506742094,12,50,2021-06-23 16:30:21,52.50058666666666,13.331156666666669,36.4,0.0,271.4,0.0438,0.02,18.27,18.27,12.11,0.67,1019.5,2.87,0.93,2.0,16.093,2.88835,Joachimstaler Straße,2.239621437512857,4995.3585330708265,pc4,Residential,2021-06-23 16:30:21,52.50052333333333,13.331308333333332,43.1,0.0,268.4,0.0438,0.02,18.27,18.27,12.11,0.67,1019.5,2.87,0.93,2.0,16.093,2.88835,Joachimstaler Straße,5.185180000330028,4984.296806192534,pc2,Residential,False,False,12.44062697035358,50,10,0.0
1624458622.487041,2021-06-23T14:30:22.487040Z,52.50052333333333,13.331308333333332,2,4,S2,1624458622.487041,21.40515102040816,-60.77208775510204,-33.01705918367347,0.0035099853061224,41.0,872.4489795918367,1.0,0.4997084693877551,12,49,2021-06-23 16:30:22,52.50052333333333,13.331308333333332,43.1,0.0,268.4,0.0438,0.02,18.27,18.27,12.11,0.67,1019.5,2.87,0.93,2.0,16.093,2.88835,Joachimstaler Straße,5.185180000330028,4984.296806192534,pc2,Residential,2021-06-23 16:30:22,52.50058666666666,13.331156666666669,36.4,0.0,271.4,0.0438,0.02,18.27,18.27,12.11,0.67,1019.5,2.87,0.93,2.0,16.093,2.88835,Joachimstaler Straße,2.239621437512857,4995.3585330708265,pc4,Residential,False,False,12.44062697035358,50,10,0.02
1624458622.4995606,2021-06-23T14:30:22.499560Z,52.50058666666666,13.331156666666669,4,2,S2,1624458622.4995606,24.829664,-60.276564,-32.502246,0.0020051290799999,41.0,873.0,8.0,0.55989508,12,50,2021-06-23 16:30:22,52.50058666666666,13.331156666666669,36.4,0.0,271.4,0.0438,0.02,18.27,18.27,12.11,0.67,1019.5,2.87,0.93,2.0,16.093,2.88835,Joachimstaler Straße,2.239621437512857,4995.3585330708265,pc4,Residential,2021-06-23 16:30:22,52.50052333333333,13.331308333333332,43.1,0.0,268.4,0.0438,0.02,18.27,18.27,12.11,0.67,1019.5,2.87,0.93,2.0,16.093,2.88835,Joachimstaler Straße,5.185180000330028,4984.296806192534,pc2,Residential,False,False,12.44062697035358,50,10,0.0
1624458623.4925275,2021-06-23T14:30:23.492527Z,52.50052333333333,13.331308333333332,2,4,S2,1624458623.4925275,16.567714000000002,-60.534438,-32.772286,0.0123358772,41.0,973.0,1.0,0.5236883999999999,12,50,2021-06-23 16:30:23,52.50052333333333,13.331308333333332,43.1,0.0,268.4,0.0438,0.02,18.27,18.27,12.11,0.67,1019.5,2.87,0.93,2.0,16.093,2.88835,Joachimstaler Straße,5.185180000330028,4984.296806192534,pc2,Residential,2021-06-23 16:30:23,52.50058666666666,13.331156666666669,36.4,0.0,271.4,0.0438,0.02,18.27,18.27,12.11,0.67,1019.5,2.87,0.93,2.0,16.093,2.88835,Joachimstaler Straße,2.239621437512857,4995.3585330708265,pc4,Residential,False,False,12.44062697035358,50,10,0.0
1624458623.5057466,2021-06-23T14:30:23.505746Z,52.50058666666666,13.331156666666669,4,2,S2,1624458623.5057466,25.07780208333333,-60.04337083333333,-32.2377,0.0020020936041666,41.0,973.5416666666666,8.791666666666666,0.585885375,12,48,2021-06-23 16:30:23,52.50058666666666,13.331156666666669,36.4,0.0,271.4,0.0438,0.02,18.27,18.27,12.11,0.67,1019.5,2.87,0.93,2.0,16.093,2.88835,Joachimstaler Straße,2.239621437512857,4995.3585330708265,pc4,Residential,2021-06-23 16:30:23,52.50052333333333,13.331308333333332,43.1,0.0,268.4,0.0438,0.02,18.27,18.27,12.11,0.67,1019.5,2.87,0.93,2.0,16.093,2.88835,Joachimstaler Straße,5.185180000330028,4984.296806192534,pc2,Residential,False,False,12.44062697035358,50,10,0.04
1624458624.4906511,2021-06-23T14:30:24.490651Z,52.50058666666666,13.331156666666669,4,2,S2,1624458624.4906511,24.24229387755102,-60.427534693877554,-32.62511224489796,0.0024543859795918,41.0,48.12244897959184,7.877551020408164,0.5647255918367347,12,49,2021-06-23 16:30:24,52.50058666666666,13.331156666666669,36.5,0.0,271.4,0.0438,0.02,18.27,18.27,12.11,0.67,1019.5,2.87,0.93,2.0,16.093,2.88835,Joachimstaler Straße,2.239621437512857,4995.3585330708265,pc4,Residential,2021-06-23 16:30:24,52.50052333333333,13.33131,43.2,0.0,268.4,0.0438,0.02,18.27,18.27,12.11,0.67,1019.5,2.87,0.93,2.0,16.093,2.88835,Joachimstaler Straße,5.185180000330028,4984.296806192534,pc2,Residential,False,False,12.533753294285178,50,10,0.02
1624458624.5072355,2021-06-23T14:30:24.507235Z,52.50052333333333,13.33131,2,4,S2,1624458624.5072355,21.387638000000003,-61.04933,-33.278808,0.0032151028,41.0,49.98,5.9,0.4900806,12,50,2021-06-23 16:30:24,52.50052333333333,13.33131,43.2,0.0,268.4,0.0438,0.02,18.27,18.27,12.11,0.67,1019.5,2.87,0.93,2.0,16.093,2.88835,Joachimstaler Straße,5.185180000330028,4984.296806192534,pc2,Residential,2021-06-23 16:30:24,52.50058666666666,13.331156666666669,36.5,0.0,271.4,0.0438,0.02,18.27,18.27,12.11,0.67,1019.5,2.87,0.93,2.0,16.093,2.88835,Joachimstaler Straße,2.239621437512857,4995.3585330708265,pc4,Residential,False,False,12.533753294285178,50,10,0.0
1624458625.473849,2021-06-23T14:30:25.473849Z,52.500585,13.331156666666669,4,2,S2,1624458625.473849,20.56592829787234,-66.27943829787235,-38.44368085106383,0.0023475013191489,41.0,146.68085106382978,5.48936170212766,0.1969866887234042,12,47,2021-06-23 16:30:25,52.500585,13.331156666666669,36.5,0.0,271.4,0.0438,0.02,18.27,18.27,12.11,0.67,1019.5,2.87,0.93,2.0,16.093,2.88835,Joachimstaler Straße,2.054609227471527,4995.3585330708265,pc4,Residential,2021-06-23 16:30:25,52.50052333333333,13.33131,43.2,0.0,268.4,0.0438,0.02,18.27,18.27,12.11,0.67,1019.5,2.87,0.93,2.0,16.093,2.88835,Joachimstaler Straße,5.185180000330028,4984.296806192534,pc2,Residential,False,False,12.430715736870477,50,10,0.06
1624458625.51062,2021-06-23T14:30:25.510619Z,52.50052333333333,13.33131,2,4,S2,1624458625.51062,18.667870204081638,-67.34686530612245,-39.53992857142857,0.0015290728163265,41.0,150.30612244897958,6.0,0.1601420571428571,12,49,2021-06-23 16:30:25,52.50052333333333,13.33131,43.2,0.0,268.4,0.0438,0.02,18.27,18.27,12.11,0.67,1019.5,2.87,0.93,2.0,16.093,2.88835,Joachimstaler Straße,5.185180000330028,4984.296806192534,pc2,Residential,2021-06-23 16:30:25,52.500585,13.331156666666669,36.5,0.0,271.4,0.0438,0.02,18.27,18.27,12.11,0.67,1019.5,2.87,0.93,2.0,16.093,2.88835,Joachimstaler Straße,2.054609227471527,4995.3585330708265,pc4,Residential,False,False,12.430715736870477,50,10,0.02
1624458626.5048432,2021-06-23T14:30:26.504843Z,52.500585,13.331153333333331,4,2,S2,1624458626.5048432,14.066183260869566,-66.23367608695652,-38.47148043478261,0.0075478196956521,41.0,249.84782608695653,4.804347826086956,0.1621981152173913,12,46,2021-06-23 16:30:26,52.500585,13.331153333333331,36.5,3.3336,270.7,0.0438,0.02,18.27,18.27,12.11,0.67,1019.5,2.87,0.93,2.0,16.093,2.88835,Joachimstaler Straße,2.06434671159075,4995.3585330708265,pc4,Residential,2021-06-23 16:30:26,52.50052333333333,13.33131,43.2,0.0,268.4,0.0438,0.02,18.27,18.27,12.11,0.67,1019.5,2.87,0.93,2.0,16.093,2.88835,Joachimstaler Straße,5.185180000330028,4984.296806192534,pc2,Residential,False,False,12.619448359576957,50,10,0.08
1624458626.5114217,2021-06-23T14:30:26.511421Z,52.50052333333333,13.33131,2,4,S2,1624458626.5114217,18.41315510204081,-67.0816693877551,-39.32737959183674,0.0017097184285714,41.0,250.3877551020408,6.0,0.1359760020408163,12,49,2021-06-23 16:30:26,52.50052333333333,13.33131,43.2,0.0,268.4,0.0438,0.02,18.27,18.27,12.11,0.67,1019.5,2.87,0.93,2.0,16.093,2.88835,Joachimstaler Straße,5.185180000330028,4984.296806192534,pc2,Residential,2021-06-23 16:30:26,52.500585,13.331153333333331,36.5,3.3336,270.7,0.0438,0.02,18.27,18.27,12.11,0.67,1019.5,2.87,0.93,2.0,16.093,2.88835,Joachimstaler Straße,2.06434671159075,4995.3585330708265,pc4,Residential,False,False,12.619448359576957,50,10,0.02
1624458627.500311,2021-06-23T14:30:27.500310Z,52.50052333333333,13.331308333333332,2,4,S2,1624458627.500311,18.41542244897959,-69.78872857142858,-42.0247918367347,0.0008514789795918,41.0,349.4897959183673,3.755102040816327,0.079785951632653,12,49,2021-06-23 16:30:27,52.50052333333333,13.331308333333332,43.2,2.2224,268.4,0.0438,0.02,18.27,18.27,12.11,0.67,1019.5,2.87,0.93,2.0,16.093,2.88835,Joachimstaler Straße,5.185180000330028,4984.296806192534,pc2,Residential,2021-06-23 16:30:27,52.500585,13.33114,36.5,7.0376,268.5,0.0438,0.02,18.27,18.27,12.11,0.67,1019.5,2.87,0.93,2.0,16.093,2.88835,Joachimstaler Straße,2.103296648450304,4995.3585330708265,pc4,Residential,False,False,13.289031188071318,50,10,0.02
1624458627.5134034,2021-06-23T14:30:27.513403Z,52.500585,13.33114,4,2,S2,1624458627.5134034,19.470123333333333,-68.7671,-41.01005777777778,0.0017339646222222,41.0,350.7333333333333,4.533333333333333,0.0996048339999999,12,45,2021-06-23 16:30:27,52.500585,13.33114,36.5,7.0376,268.5,0.0438,0.02,18.27,18.27,12.11,0.67,1019.5,2.87,0.93,2.0,16.093,2.88835,Joachimstaler Straße,2.103296648450304,4995.3585330708265,pc4,Residential,2021-06-23 16:30:27,52.50052333333333,13.331308333333332,43.2,2.2224,268.4,0.0438,0.02,18.27,18.27,12.11,0.67,1019.5,2.87,0.93,2.0,16.093,2.88835,Joachimstaler Straße,5.185180000330028,4984.296806192534,pc2,Residential,False,False,13.289031188071318,50,10,0.1
1624458628.4925382,2021-06-23T14:30:28.492538Z,52.50052333333333,13.3313,2,4,S2,1624458628.4925382,19.069758,-69.00871000000001,-41.257138000000005,0.00085402108,41.0,449.0,1.0,0.083479674,12,50,2021-06-23 16:30:28,52.50052333333333,13.3313,43.1,6.2968,267.9,0.0438,0.02,18.27,18.27,12.11,0.67,1019.5,2.87,0.93,2.0,16.093,2.88835,Joachimstaler Straße,5.185180000330028,4984.296806192534,pc2,Residential,2021-06-23 16:30:28,52.50058333333333,13.3311,36.4,11.852800000000002,266.3,0.0438,0.02,18.27,18.27,12.11,0.67,1019.5,2.87,0.93,2.0,16.093,2.88835,Joachimstaler Straße,2.035134251933973,5000.513792924921,pc4,Residential,False,False,15.081765566902105,50,10,0.0
1624458628.5035272,2021-06-23T14:30:28.503527Z,52.50058333333333,13.3311,4,2,S2,1624458628.5035272,21.992598,-67.946054,-40.152958,0.0006102215,41.0,450.0,2.0,0.104736714,12,50,2021-06-23 16:30:28,52.50058333333333,13.3311,36.4,11.852800000000002,266.3,0.0438,0.02,18.27,18.27,12.11,0.67,1019.5,2.87,0.93,2.0,16.093,2.88835,Joachimstaler Straße,2.035134251933973,5000.513792924921,pc4,Residential,2021-06-23 16:30:28,52.50052333333333,13.3313,43.1,6.2968,267.9,0.0438,0.02,18.27,18.27,12.11,0.67,1019.5,2.87,0.93,2.0,16.093,2.88835,Joachimstaler Straße,5.185180000330028,4984.296806192534,pc2,Residential,False,False,15.081765566902105,50,10,0.0
1624458629.4203918,2021-06-23T14:30:29.420391Z,52.50058,13.331038333333334,4,2,S2,1624458629.4203918,17.6121,-72.999778125,-45.1565375,0.0005020950625,41.0,541.65625,2.28125,0.034013803125,12,32,2021-06-23 16:30:29,52.50058,13.331038333333334,36.3,15.9272,266.2,0.0438,0.02,18.27,18.27,12.11,0.67,1019.5,2.87,0.93,2.0,16.093,2.41964,Rankeplatz,8.247205579186106,5000.513792924921,pc4,Residential,2021-06-23 16:30:29,52.50052333333333,13.331261666666666,43.2,12.2232,268.6,0.0438,0.02,18.27,18.27,12.11,0.67,1019.5,2.87,0.93,2.0,16.093,2.88835,Joachimstaler Straße,5.097573292070986,4987.28563770601,pc2,Residential,False,False,16.366142886456633,50,10,0.36
1624458629.488669,2021-06-23T14:30:29.488668Z,52.50052333333333,13.331261666666666,2,4,S2,1624458629.488669,14.91260387755102,-75.01616326530612,-47.19803469387755,0.0005348048571428,41.0,548.5714285714286,1.4081632653061225,0.0223448895918367,12,49,2021-06-23 16:30:29,52.50052333333333,13.331261666666666,43.2,12.2232,268.6,0.0438,0.02,18.27,18.27,12.11,0.67,1019.5,2.87,0.93,2.0,16.093,2.88835,Joachimstaler Straße,5.097573292070986,4987.28563770601,pc2,Residential,2021-06-23 16:30:29,52.50058,13.331038333333334,36.3,15.9272,266.2,0.0438,0.02,18.27,18.27,12.11,0.67,1019.5,2.87,0.93,2.0,16.093,2.41964,Rankeplatz,8.247205579186106,5000.513792924921,pc4,Residential,False,False,16.366142886456633,50,10,0.02
1624458630.4942577,2021-06-23T14:30:30.494257Z,52.50052166666666,13.3312,2,4,S2,1624458630.4942577,15.402222040816326,-74.30342244897959,-46.540642857142856,0.0005624475918367,41.0,649.1020408163265,1.7142857142857142,0.0279086008163265,12,49,2021-06-23 16:30:30,52.50052166666666,13.3312,43.2,17.2236,268.4,0.0438,0.02,18.27,18.27,12.11,0.67,1019.5,2.87,0.93,2.0,16.093,0.0,Nürnberger Straße,7.875097377078332,4990.964475227673,pc2,Residential,2021-06-23 16:30:30,52.50057833333334,13.33096,36.2,20.001600000000003,265.7,0.0438,0.02,18.27,18.27,12.11,0.67,1019.5,2.87,0.93,2.0,16.093,2.41964,Rankeplatz,3.0369787638841155,5006.445300057112,pc4,Residential,False,False,17.4120970491903,50,10,0.02
1624458630.519597,2021-06-23T14:30:30.519597Z,52.50057833333334,13.33096,4,2,S2,1624458630.519597,16.842240425531916,-73.92082127659575,-46.1617085106383,0.0004759925106382,41.0,651.531914893617,2.723404255319149,0.0329732380851063,12,47,2021-06-23 16:30:30,52.50057833333334,13.33096,36.2,20.001600000000003,265.7,0.0438,0.02,18.27,18.27,12.11,0.67,1019.5,2.87,0.93,2.0,16.093,2.41964,Rankeplatz,3.0369787638841155,5006.445300057112,pc4,Residential,2021-06-23 16:30:30,52.50052166666666,13.3312,43.2,17.2236,268.4,0.0438,0.02,18.27,18.27,12.11,0.67,1019.5,2.87,0.93,2.0,16.093,0.0,Nürnberger Straße,7.875097377078332,4990.964475227673,pc2,Residential,False,False,17.4120970491903,50,10,0.06
1624458631.1824324,2021-06-23T14:30:31.182432Z,52.50052166666666,13.331121666666666,2,4,S2,1624458631.1824324,13.141281176470589,-77.14608823529412,-49.3811,0.000475178,41.0,717.7647058823529,3.235294117647059,0.013839294117647,12,17,2021-06-23 16:30:31,52.50052166666666,13.331121666666666,43.4,20.5572,268.0,0.0438,0.02,18.27,18.27,12.11,0.67,1019.5,2.87,0.93,2.0,16.093,0.0,Nürnberger Straße,8.211604814854448,4995.3585330708265,pc2,Residential,2021-06-23 16:30:31,52.500575,13.330863333333332,36.0,25.3724,265.2,0.0438,0.02,18.27,18.27,12.11,0.67,1019.5,2.87,0.93,2.0,16.093,1.21159,Kurfürstendamm,3.371324590964676,5012.950355280301,pc4,Residential,False,False,18.451359385797524,50,10,0.66
1624458631.4759665,2021-06-23T14:30:31.475966Z,52.500575,13.330863333333332,4,2,S2,1624458631.4759665,14.32529181818182,-75.54867727272728,-47.795240909090914,0.0008718299318181,41.0,747.1590909090909,2.8181818181818183,0.020529555,12,44,2021-06-23 16:30:31,52.500575,13.330863333333332,36.0,25.3724,265.2,0.0438,0.02,18.27,18.27,12.11,0.67,1019.5,2.87,0.93,2.0,16.093,1.21159,Kurfürstendamm,3.371324590964676,5012.950355280301,pc4,Residential,2021-06-23 16:30:31,52.50052166666666,13.331121666666666,43.4,20.5572,268.0,0.0438,0.02,18.27,18.27,12.11,0.67,1019.5,2.87,0.93,2.0,16.093,0.0,Nürnberger Straße,8.211604814854448,4995.3585330708265,pc2,Residential,False,False,18.451359385797524,50,10,0.12
1624458632.4963713,2021-06-23T14:30:32.496371Z,52.50057,13.330751666666666,4,2,S2,1624458632.4963713,16.98523270833333,-73.505475,-45.73814375,0.0005858218958333,41.0,849.0,4.833333333333333,0.0304032083333333,12,48,2021-06-23 16:30:32,52.50057,13.330751666666666,36.1,27.594800000000003,264.4,0.0438,0.02,18.27,18.27,12.11,0.67,1019.5,2.87,0.93,2.0,16.093,1.21159,Kurfürstendamm,10.7670289644286,5019.919879333015,pc4,Residential,2021-06-23 16:30:32,52.50051833333333,13.331033333333334,43.5,22.0388,267.1,0.0438,0.02,18.27,18.27,12.11,0.67,1019.5,2.87,0.93,2.0,16.093,2.41964,Rankeplatz,9.540715666412751,5006.445300057112,pc2,Residential,False,False,19.898205343794164,50,10,0.04
1624458632.6683545,2021-06-23T14:30:32.668354Z,52.50051833333333,13.331033333333334,2,4,S2,1624458632.6683545,16.132414285714287,-73.31807857142857,-45.54079642857143,0.0006108742857142,41.0,866.3214285714286,3.1785714285714284,0.0330955707142857,12,28,2021-06-23 16:30:32,52.50051833333333,13.331033333333334,43.5,22.0388,267.1,0.0438,0.02,18.27,18.27,12.11,0.67,1019.5,2.87,0.93,2.0,16.093,2.41964,Rankeplatz,9.540715666412751,5006.445300057112,pc2,Residential,2021-06-23 16:30:32,52.50057,13.330751666666666,36.1,27.594800000000003,264.4,0.0438,0.02,18.27,18.27,12.11,0.67,1019.5,2.87,0.93,2.0,16.093,1.21159,Kurfürstendamm,10.7670289644286,5019.919879333015,pc4,Residential,False,False,19.898205343794164,50,10,0.44
1624458633.4999452,2021-06-23T14:30:33.499945Z,52.50051333333333,13.330935,2,4,S2,1624458633.4999452,17.62937551020408,-70.85647959183675,-43.07707346938776,0.0007970294489795,41.0,949.3469387755102,4.959183673469388,0.0684052326530612,12,49,2021-06-23 16:30:33,52.50051333333333,13.330935,43.4,25.3724,265.2,0.0438,0.02,18.27,18.27,12.11,0.67,1019.5,2.87,0.93,2.0,16.093,2.41964,Rankeplatz,4.014307312268443,5012.950355280301,pc2,Residential,2021-06-23 16:30:33,52.50056166666667,13.330636666666669,36.0,29.0764,262.2,0.0438,0.02,18.27,18.27,12.11,0.67,1019.5,2.87,0.93,2.0,16.093,3.14159,Uhlandstraße,2.153535567016354,5027.269853103768,pc4,Residential,False,False,20.88177897638037,50,10,0.02
1624458633.5030224,2021-06-23T14:30:33.503022Z,52.50056166666667,13.330636666666669,4,2,S2,1624458633.5030224,16.399894081632652,-69.99043265306122,-42.23018775510204,0.0031416953265306,41.0,949.530612244898,6.163265306122449,0.081418307755102,12,49,2021-06-23 16:30:33,52.50056166666667,13.330636666666669,36.0,29.0764,262.2,0.0438,0.02,18.27,18.27,12.11,0.67,1019.5,2.87,0.93,2.0,16.093,3.14159,Uhlandstraße,2.153535567016354,5027.269853103768,pc4,Residential,2021-06-23 16:30:33,52.50051333333333,13.330935,43.4,25.3724,265.2,0.0438,0.02,18.27,18.27,12.11,0.67,1019.5,2.87,0.93,2.0,16.093,2.41964,Rankeplatz,4.014307312268443,5012.950355280301,pc2,Residential,False,False,20.88177897638037,50,10,0.02
1624458634.495697,2021-06-23T14:30:34.495697Z,52.500505,13.33082,2,4,S2,1624458634.495697,16.683469387755103,-72.31022040816326,-44.493191836734695,0.0007021630612244,41.0,275.59183673469386,6.0,0.0509617379591836,12,49,2021-06-23 16:30:34,52.500505,13.33082,43.3,30.187600000000003,263.2,0.0438,0.02,18.27,18.27,12.11,0.67,1019.5,2.87,0.93,2.0,16.093,3.68792,Spichernstraße,8.576822764685303,5019.919879333015,pc2,Residential,2021-06-23 16:30:34,52.50055,13.330515,35.9,30.3728,259.2,0.0438,0.02,18.27,18.27,12.11,0.67,1019.5,2.87,0.93,2.0,16.093,3.14159,Uhlandstraße,1.741241745439863,5034.944676250068,pc4,Residential,False,False,21.227551817760048,50,10,0.02
1624458634.4996693,2021-06-23T14:30:34.499669Z,52.50055,13.330515,4,2,S2,1624458634.4996693,15.511215102040817,-71.04302857142858,-43.27767755102041,0.0033504970408163,41.0,276.2040816326531,3.836734693877551,0.0674434851020408,12,49,2021-06-23 16:30:34,52.50055,13.330515,35.9,30.3728,259.2,0.0438,0.02,18.27,18.27,12.11,0.67,1019.5,2.87,0.93,2.0,16.093,3.14159,Uhlandstraße,1.741241745439863,5034.944676250068,pc4,Residential,2021-06-23 16:30:34,52.500505,13.33082,43.3,30.187600000000003,263.2,0.0438,0.02,18.27,18.27,12.11,0.67,1019.5,2.87,0.93,2.0,16.093,3.68792,Spichernstraße,8.576822764685303,5019.919879333015,pc2,Residential,False,False,21.227551817760048,50,10,0.02
1624458635.4849694,2021-06-23T14:30:35.484969Z,52.50053166666667,13.33039,4,2,S2,1624458635.4849694,17.174087291666666,-71.45756875,-43.660625,0.0016219355416666,41.0,123.85416666666669,4.875,0.0490226104166666,12,48,2021-06-23 16:30:35,52.50053166666667,13.33039,35.7,31.484,256.6,0.0438,0.02,18.27,18.27,12.11,0.67,1019.5,2.87,0.93,2.0,16.093,3.14159,Uhlandstraße,0.7710261464836138,5042.936070444327,pc4,Residential,2021-06-23 16:30:35,52.50049333333333,13.330688333333333,43.3,32.7804,262.5,0.0438,0.02,18.27,18.27,12.11,0.67,1019.5,2.87,0.93,2.0,16.093,3.68792,Spichernstraße,9.839128769933447,5027.269853103768,pc2,Residential,False,False,20.62392106766949,50,10,0.04
1624458635.496608,2021-06-23T14:30:35.496608Z,52.50049333333333,13.330688333333333,2,4,S2,1624458635.496608,16.527260000000002,-72.530658,-44.711562,0.0006629092,41.0,125.02,4.88,0.0377349072,12,50,2021-06-23 16:30:35,52.50049333333333,13.330688333333333,43.3,32.7804,262.5,0.0438,0.02,18.27,18.27,12.11,0.67,1019.5,2.87,0.93,2.0,16.093,3.68792,Spichernstraße,9.839128769933447,5027.269853103768,pc2,Residential,2021-06-23 16:30:35,52.50053166666667,13.33039,35.7,31.484,256.6,0.0438,0.02,18.27,18.27,12.11,0.67,1019.5,2.87,0.93,2.0,16.093,3.14159,Uhlandstraße,0.7710261464836138,5042.936070444327,pc4,Residential,False,False,20.62392106766949,50,10,0.0
1624458636.4996402,2021-06-23T14:30:36.499640Z,52.50051166666667,13.330258333333331,4,2,S2,1624458636.4996402,18.141948,-72.137842,-44.360928,0.000556728,41.0,225.02,7.88,0.0500569048,12,50,2021-06-23 16:30:36,52.50051166666667,13.330258333333331,35.6,32.9656,256.2,0.0438,0.02,18.27,18.27,12.11,0.67,1019.5,2.87,0.93,2.0,16.093,3.14159,Uhlandstraße,0.1378809323502501,5059.863492912633,pc4,Residential,2021-06-23 16:30:36,52.500481666666666,13.33055,43.3,34.0768,261.4,0.0438,0.02,18.27,18.27,12.11,0.67,1019.5,2.87,0.93,2.0,16.093,3.14159,Uhlandstraße,6.060323188853108,5034.944676250068,pc2,Residential,False,False,20.007954355907803,50,10,0.0
1624458636.5075092,2021-06-23T14:30:36.507509Z,52.500481666666666,13.33055,2,4,S2,1624458636.5075092,16.444179591836736,-72.63849387755101,-44.85523469387755,0.0006725415306122,41.0,226.0408163265306,5.571428571428571,0.0448286820408163,12,49,2021-06-23 16:30:36,52.500481666666666,13.33055,43.3,34.0768,261.4,0.0438,0.02,18.27,18.27,12.11,0.67,1019.5,2.87,0.93,2.0,16.093,3.14159,Uhlandstraße,6.060323188853108,5034.944676250068,pc2,Residential,2021-06-23 16:30:36,52.50051166666667,13.330258333333331,35.6,32.9656,256.2,0.0438,0.02,18.27,18.27,12.11,0.67,1019.5,2.87,0.93,2.0,16.093,3.14159,Uhlandstraße,0.1378809323502501,5059.863492912633,pc4,Residential,False,False,20.007954355907803,50,10,0.02
1624458637.4112556,2021-06-23T14:30:37.411255Z,52.50049166666667,13.330123333333333,4,2,S2,1624458637.4112556,18.08169210526316,-71.00718684210526,-43.235,0.0007725992894736,41.0,316.2631578947368,7.052631578947368,0.06132695,12,38,2021-06-23 16:30:37,52.50049166666667,13.330123333333333,35.5,33.7064,256.8,0.0438,0.02,18.27,18.27,12.11,0.67,1019.5,2.87,0.93,2.0,16.093,1.94365,Joachimstaler Straße,12.159369331389616,5068.758446875713,pc4,Residential,2021-06-23 16:30:37,52.50047,13.33041,43.3,33.891600000000004,261.0,0.0438,0.02,18.27,18.27,12.11,0.67,1019.5,2.87,0.93,2.0,16.093,3.14159,Uhlandstraße,6.204502635781114,5042.936070444327,pc2,Residential,False,False,19.53896075707699,50,10,0.24
1624458637.5133731,2021-06-23T14:30:37.513373Z,52.50047,13.33041,2,4,S2,1624458637.5133731,17.275746938775512,-71.65201836734694,-43.86810408163265,0.0006914016122448,41.0,326.46938775510205,7.0,0.0505514983673469,12,49,2021-06-23 16:30:37,52.50047,13.33041,43.3,33.891600000000004,261.0,0.0438,0.02,18.27,18.27,12.11,0.67,1019.5,2.87,0.93,2.0,16.093,3.14159,Uhlandstraße,6.204502635781114,5042.936070444327,pc2,Residential,2021-06-23 16:30:37,52.50049166666667,13.330123333333333,35.5,33.7064,256.8,0.0438,0.02,18.27,18.27,12.11,0.67,1019.5,2.87,0.93,2.0,16.093,1.94365,Joachimstaler Straße,12.159369331389616,5068.758446875713,pc4,Residential,False,False,19.53896075707699,50,10,0.02
1624458638.2537425,2021-06-23T14:30:38.253742Z,52.50045833333333,13.330271666666668,2,4,S2,1624458638.2537425,16.72812590909091,-70.05932727272727,-42.283190909090905,0.0025742624090909,41.0,400.54545454545456,6.7727272727272725,0.07100385,12,22,2021-06-23 16:30:38,52.50045833333333,13.330271666666668,43.3,33.52120000000001,261.1,0.0438,0.02,18.27,18.27,12.11,0.67,1019.5,2.87,0.93,2.0,16.093,1.94365,Joachimstaler Straße,7.196065804174507,5059.863492912633,pc2,Residential,2021-06-23 16:30:38,52.50047333333333,13.329986666666668,35.5,34.6324,258.6,0.0438,0.02,18.27,18.27,12.11,0.67,1019.5,2.87,0.93,2.0,16.093,1.94365,Joachimstaler Straße,11.328124188216414,5077.968738748665,pc4,Residential,False,False,19.349227237711343,50,10,0.56
1624458638.6716187,2021-06-23T14:30:38.671618Z,52.50047333333333,13.329986666666668,4,2,S2,1624458638.6716187,18.787215625,-71.24100312499999,-43.438253125,0.000606675125,41.0,442.21875,7.875,0.0656434321875,12,32,2021-06-23 16:30:38,52.50047333333333,13.329986666666668,35.5,34.6324,258.6,0.0438,0.02,18.27,18.27,12.11,0.67,1019.5,2.87,0.93,2.0,16.093,1.94365,Joachimstaler Straße,11.328124188216414,5077.968738748665,pc4,Residential,2021-06-23 16:30:38,52.50045833333333,13.330271666666668,43.3,33.52120000000001,261.1,0.0438,0.02,18.27,18.27,12.11,0.67,1019.5,2.87,0.93,2.0,16.093,1.94365,Joachimstaler Straße,7.196065804174507,5059.863492912633,pc2,Residential,False,False,19.349227237711343,50,10,0.36
1624458639.3405583,2021-06-23T14:30:39.340558Z,52.50045833333333,13.329841666666669,4,2,S2,1624458639.3405583,16.723714285714287,-72.74478571428571,-44.963,0.0008167436428571,41.0,509.3571428571428,5.428571428571429,0.0455223435714285,12,14,2021-06-23 16:30:39,52.50045833333333,13.329841666666669,35.4,35.9288,260.3,0.0438,0.02,18.27,18.27,12.11,0.67,1019.5,2.87,0.93,2.0,16.093,1.94365,Joachimstaler Straße,10.936666145222793,5087.453894070276,pc4,Residential,2021-06-23 16:30:39,52.50044666666667,13.330133333333333,43.3,33.1508,261.4,0.0438,0.02,18.27,18.27,12.11,0.67,1019.5,2.87,0.93,2.0,16.093,1.94365,Joachimstaler Straße,7.113906899083762,5068.758446875713,pc2,Residential,False,False,19.770768209770484,50,10,0.72
1624458639.5653944,2021-06-23T14:30:39.565394Z,52.50044666666667,13.330133333333333,2,4,S2,1624458639.5653944,13.973177727272729,-72.35843181818183,-44.57622954545455,0.002011073340909,41.0,532.0,3.863636363636364,0.0483043420454545,12,44,2021-06-23 16:30:39,52.50044666666667,13.330133333333333,43.3,33.1508,261.4,0.0438,0.02,18.27,18.27,12.11,0.67,1019.5,2.87,0.93,2.0,16.093,1.94365,Joachimstaler Straße,7.113906899083762,5068.758446875713,pc2,Residential,2021-06-23 16:30:39,52.50045833333333,13.329841666666669,35.4,35.9288,260.3,0.0438,0.02,18.27,18.27,12.11,0.67,1019.5,2.87,0.93,2.0,16.093,1.94365,Joachimstaler Straße,10.936666145222793,5087.453894070276,pc4,Residential,False,False,19.770768209770484,50,10,0.12
1624458640.498438,2021-06-23T14:30:40.498437Z,52.500435,13.329996666666666,2,4,S2,1624458640.498438,15.591564346938776,-71.9672387755102,-44.13587551020409,0.0015227210204081,41.0,625.4285714285714,2.6122448979591835,0.0462490461224489,12,49,2021-06-23 16:30:40,52.500435,13.329996666666666,43.5,33.7064,261.4,0.0438,0.02,18.27,18.27,12.11,0.67,1019.5,2.87,0.93,2.0,16.093,1.94365,Joachimstaler Straße,7.017250138337679,5077.968738748665,pc2,Residential,2021-06-23 16:30:40,52.50044833333333,13.329696666666669,35.4,35.0028,261.8,0.0438,0.02,18.27,18.27,12.11,0.67,1019.5,2.87,0.93,2.0,16.093,1.94365,Joachimstaler Straße,11.09615006025168,5097.162846223845,pc4,Residential,False,False,20.345907833082308,50,10,0.02
1624458640.756957,2021-06-23T14:30:40.756957Z,52.50044833333333,13.329696666666669,4,2,S2,1624458640.756957,17.17308625,-71.4932375,-43.74027083333333,0.0016653655416666,41.0,650.7916666666666,7.5,0.0511607475,12,24,2021-06-23 16:30:40,52.50044833333333,13.329696666666669,35.4,35.0028,261.8,0.0438,0.02,18.27,18.27,12.11,0.67,1019.5,2.87,0.93,2.0,16.093,1.94365,Joachimstaler Straße,11.09615006025168,5097.162846223845,pc4,Residential,2021-06-23 16:30:40,52.500435,13.329996666666666,43.5,33.7064,261.4,0.0438,0.02,18.27,18.27,12.11,0.67,1019.5,2.87,0.93,2.0,16.093,1.94365,Joachimstaler Straße,7.017250138337679,5077.968738748665,pc2,Residential,False,False,20.345907833082308,50,10,0.52
1624458641.4937494,2021-06-23T14:30:41.493749Z,52.50042333333333,13.329855,2,4,S2,1624458641.4937494,17.325686,-71.38308,-43.625288,0.00074903462,41.0,725.0,2.24,0.0568469384,12,50,2021-06-23 16:30:41,52.50042333333333,13.329855,43.6,34.817600000000006,261.6,0.0438,0.02,18.27,18.27,12.11,0.67,1019.5,2.87,0.93,2.0,16.093,1.94365,Joachimstaler Straße,6.964089345102043,5087.453894070276,pc2,Residential,2021-06-23 16:30:41,52.500438333333335,13.32955,35.4,36.299200000000006,262.4,0.0438,0.02,18.27,18.27,12.11,0.67,1019.5,2.87,0.93,2.0,16.093,3.14159,Uhlandstraße,1.260858292485708,5107.104710864288,pc4,Residential,False,False,20.69732150743005,50,10,0.0
1624458641.510535,2021-06-23T14:30:41.510535Z,52.500438333333335,13.32955,4,2,S2,1624458641.510535,16.813808163265307,-70.60098367346939,-42.8438693877551,0.0010836042244897,41.0,726.0204081632653,8.775510204081632,0.0653189510204081,12,49,2021-06-23 16:30:41,52.500438333333335,13.32955,35.4,36.299200000000006,262.4,0.0438,0.02,18.27,18.27,12.11,0.67,1019.5,2.87,0.93,2.0,16.093,3.14159,Uhlandstraße,1.260858292485708,5107.104710864288,pc4,Residential,2021-06-23 16:30:41,52.50042333333333,13.329855,43.6,34.817600000000006,261.6,0.0438,0.02,18.27,18.27,12.11,0.67,1019.5,2.87,0.93,2.0,16.093,1.94365,Joachimstaler Straße,6.964089345102043,5087.453894070276,pc2,Residential,False,False,20.69732150743005,50,10,0.02
1624458642.4938602,2021-06-23T14:30:42.493860Z,52.500411666666665,13.329708333333333,2,4,S2,1624458642.4938602,15.2431216,-74.620292,-46.854628000000005,0.00054631596,41.0,825.0,2.32,0.026279616,12,50,2021-06-23 16:30:42,52.500411666666665,13.329708333333333,43.7,35.9288,261.8,0.0438,0.02,18.27,18.27,12.11,0.67,1019.5,2.87,0.93,2.0,16.093,1.94365,Joachimstaler Straße,6.954424586823235,5097.162846223845,pc2,Residential,2021-06-23 16:30:42,52.50042833333333,13.329396666666666,35.3,37.966,263.7,0.0438,0.02,18.27,18.27,12.11,0.67,1019.5,2.87,0.93,2.0,16.093,3.14159,Uhlandstraße,0.8867909454401789,5117.319606135178,pc4,Residential,False,False,21.16222866245068,50,10,0.0
1624458642.502082,2021-06-23T14:30:42.502082Z,52.50042833333333,13.329396666666666,4,2,S2,1624458642.502082,15.2054786,-72.89452,-45.150608000000005,0.00093802838,41.0,825.22,8.34,0.0388529766,12,50,2021-06-23 16:30:42,52.50042833333333,13.329396666666666,35.3,37.966,263.7,0.0438,0.02,18.27,18.27,12.11,0.67,1019.5,2.87,0.93,2.0,16.093,3.14159,Uhlandstraße,0.8867909454401789,5117.319606135178,pc4,Residential,2021-06-23 16:30:42,52.500411666666665,13.329708333333333,43.7,35.9288,261.8,0.0438,0.02,18.27,18.27,12.11,0.67,1019.5,2.87,0.93,2.0,16.093,1.94365,Joachimstaler Straße,6.954424586823235,5097.162846223845,pc2,Residential,False,False,21.16222866245068,50,10,0.0
1624458643.266256,2021-06-23T14:30:43.266255Z,52.50040166666667,13.329555,2,4,S2,1624458643.266256,10.826795,-72.11726,-44.38559,0.0047054879,41.0,902.3,1.7,0.056872497,12,10,2021-06-23 16:30:43,52.50040166666667,13.329555,43.7,38.1512,262.3,0.0438,0.02,18.27,18.27,12.11,0.67,1019.5,2.87,0.93,2.0,16.093,1.94365,Joachimstaler Straße,7.193722139235091,5107.104710864288,pc2,Residential,2021-06-23 16:30:43,52.500418333333336,13.329236666666668,35.3,39.2624,264.3,0.0438,0.02,18.27,18.27,12.11,0.67,1019.5,2.87,0.93,2.0,16.093,3.14159,Uhlandstraße,0.5198441214259848,5127.865682075607,pc4,Residential,False,False,21.61146537474862,50,10,0.8
1624458643.5103,2021-06-23T14:30:43.510299Z,52.500418333333336,13.329236666666668,4,2,S2,1624458643.5103,17.130795918367347,-73.40053469387756,-45.6657306122449,0.0005220112857142,41.0,925.9795918367348,8.938775510204081,0.03586998,12,49,2021-06-23 16:30:43,52.500418333333336,13.329236666666668,35.3,39.2624,264.3,0.0438,0.02,18.27,18.27,12.11,0.67,1019.5,2.87,0.93,2.0,16.093,3.14159,Uhlandstraße,0.5198441214259848,5127.865682075607,pc4,Residential,2021-06-23 16:30:43,52.50040166666667,13.329555,43.7,38.1512,262.3,0.0438,0.02,18.27,18.27,12.11,0.67,1019.5,2.87,0.93,2.0,16.093,1.94365,Joachimstaler Straße,7.193722139235091,5107.104710864288,pc2,Residential,False,False,21.61146537474862,50,10,0.02
1624458644.5051503,2021-06-23T14:30:44.505150Z,52.50040833333333,13.329073333333334,4,2,S2,1624458644.5051503,15.715407647058823,-73.6631431372549,-45.90642352941177,0.0007307401960784,41.0,483.6078431372549,6.333333333333333,0.0328703325490196,12,51,2021-06-23 16:30:44,52.50040833333333,13.329073333333334,35.1,40.1884,264.4,0.0438,0.02,18.27,18.27,12.11,0.67,1019.5,2.87,0.93,2.0,16.093,3.50992,Uhlandstraße,0.1223174211221082,5138.774360681045,pc4,Residential,2021-06-23 16:30:44,52.50039,13.329395,43.7,40.00320000000001,262.8,0.0438,0.02,18.27,18.27,12.11,0.67,1019.5,2.87,0.93,2.0,16.093,3.14159,Uhlandstraße,5.091401212384003,5117.319606135178,pc2,Residential,False,False,21.852602593948266,50,10,-0.02
1624458644.690477,2021-06-23T14:30:44.690476Z,52.50039,13.329395,2,4,S2,1624458644.690477,14.253818,-73.06094,-45.31433666666667,0.0015197960333333,41.0,191.4,1.6,0.0388323773333333,12,30,2021-06-23 16:30:44,52.50039,13.329395,43.7,40.00320000000001,262.8,0.0438,0.02,18.27,18.27,12.11,0.67,1019.5,2.87,0.93,2.0,16.093,3.14159,Uhlandstraße,5.091401212384003,5117.319606135178,pc2,Residential,2021-06-23 16:30:44,52.50040833333333,13.329073333333334,35.1,40.1884,264.4,0.0438,0.02,18.27,18.27,12.11,0.67,1019.5,2.87,0.93,2.0,16.093,3.50992,Uhlandstraße,0.1223174211221082,5138.774360681045,pc4,Residential,False,False,21.852602593948266,50,10,0.4
1624458645.496847,2021-06-23T14:30:45.496846Z,52.50037666666667,13.329228333333331,2,4,S2,1624458645.496847,13.838606,-74.38931,-46.609436,0.00083993454,41.0,101.02,5.1,0.0242568536,12,50,2021-06-23 16:30:45,52.50037666666667,13.329228333333331,43.7,40.5588,263.2,0.0438,0.02,18.27,18.27,12.11,0.67,1019.5,2.87,0.93,2.0,16.093,3.14159,Uhlandstraße,5.03024421123083,5127.865682075607,pc2,Residential,2021-06-23 16:30:45,52.50039833333334,13.328905,35.1,40.9292,264.1,0.0438,0.02,18.27,18.27,12.11,0.67,1019.5,2.87,0.93,2.0,16.093,3.50992,Uhlandstraße,0.3210787182926005,5150.025432468839,pc4,Residential,False,False,22.002301719888955,50,10,0.0
1624458645.504974,2021-06-23T14:30:45.504974Z,52.50039833333334,13.328905,4,2,S2,1624458645.504974,14.063808125,-73.62897083333333,-45.86862083333333,0.0011456183541666,41.0,102.0,3.395833333333333,0.0279674133333333,12,48,2021-06-23 16:30:45,52.50039833333334,13.328905,35.1,40.9292,264.1,0.0438,0.02,18.27,18.27,12.11,0.67,1019.5,2.87,0.93,2.0,16.093,3.50992,Uhlandstraße,0.3210787182926005,5150.025432468839,pc4,Residential,2021-06-23 16:30:45,52.50037666666667,13.329228333333331,43.7,40.5588,263.2,0.0438,0.02,18.27,18.27,12.11,0.67,1019.5,2.87,0.93,2.0,16.093,3.14159,Uhlandstraße,5.03024421123083,5127.865682075607,pc2,Residential,False,False,22.002301719888955,50,10,0.04
1624458646.4892595,2021-06-23T14:30:46.489259Z,52.50038833333333,13.328735,4,2,S2,1624458646.4892595,13.07026387755102,-73.52222244897959,-45.7741612244898,0.0013649901836734,41.0,200.53061224489795,2.3877551020408165,0.0312757734693877,12,49,2021-06-23 16:30:46,52.50038833333333,13.328735,35.0,41.4848,263.7,0.0438,0.02,18.27,18.27,12.11,0.67,1019.5,2.87,0.93,2.0,16.093,3.50992,Uhlandstraße,0.7850613418070795,5161.58534284148,pc4,Residential,2021-06-23 16:30:46,52.500365,13.32906,43.8,41.1144,263.5,0.0438,0.02,18.27,18.27,12.11,0.67,1019.5,2.87,0.93,2.0,16.093,3.50992,Uhlandstraße,4.77032284812299,5138.774360681045,pc2,Residential,False,False,22.135292604911744,50,10,0.02
1624458646.4966056,2021-06-23T14:30:46.496605Z,52.500365,13.32906,2,4,S2,1624458646.4966056,14.2950884,-73.869534,-46.09043,0.0008249194,41.0,201.0,5.04,0.0290861302,12,50,2021-06-23 16:30:46,52.500365,13.32906,43.8,41.1144,263.5,0.0438,0.02,18.27,18.27,12.11,0.67,1019.5,2.87,0.93,2.0,16.093,3.50992,Uhlandstraße,4.77032284812299,5138.774360681045,pc2,Residential,2021-06-23 16:30:46,52.50038833333333,13.328735,35.0,41.4848,263.7,0.0438,0.02,18.27,18.27,12.11,0.67,1019.5,2.87,0.93,2.0,16.093,3.50992,Uhlandstraße,0.7850613418070795,5161.58534284148,pc4,Residential,False,False,22.135292604911744,50,10,0.0
1624458647.4863431,2021-06-23T14:30:47.486343Z,52.500355,13.32889,2,4,S2,1624458647.4863431,15.341304375,-72.76568958333333,-44.98644791666666,0.0009202941666666,41.0,299.9583333333333,5.145833333333333,0.0364652539583333,12,48,2021-06-23 16:30:47,52.500355,13.32889,43.8,41.67,263.5,0.0438,0.02,18.27,18.27,12.11,0.67,1019.5,2.87,0.93,2.0,16.093,3.50992,Uhlandstraße,4.311637098099597,5150.025432468839,pc2,Residential,2021-06-23 16:30:47,52.500375,13.328565,35.1,41.67,263.1,0.0438,0.02,18.27,18.27,12.11,0.67,1019.5,2.87,0.93,2.0,16.093,3.50992,Uhlandstraße,0.8854961773210676,5173.353423651592,pc4,Residential,False,False,22.09496149114561,50,10,0.04
1624458647.4988894,2021-06-23T14:30:47.498889Z,52.500375,13.328565,4,2,S2,1624458647.4988894,16.390236734693875,-71.91460204081633,-44.19210204081633,0.0009801694693877,41.0,301.42857142857144,3.0408163265306123,0.0447280163265306,12,49,2021-06-23 16:30:47,52.500375,13.328565,35.1,41.67,263.1,0.0438,0.02,18.27,18.27,12.11,0.67,1019.5,2.87,0.93,2.0,16.093,3.50992,Uhlandstraße,0.8854961773210676,5173.353423651592,pc4,Residential,2021-06-23 16:30:47,52.500355,13.32889,43.8,41.67,263.5,0.0438,0.02,18.27,18.27,12.11,0.67,1019.5,2.87,0.93,2.0,16.093,3.50992,Uhlandstraße,4.311637098099597,5150.025432468839,pc2,Residential,False,False,22.09496149114561,50,10,0.02
1624458648.505769,2021-06-23T14:30:48.505769Z,52.50036166666667,13.328395,4,2,S2,1624458648.505769,16.274384,-72.39299,-44.622032,0.00101191044,41.0,402.0,4.2,0.042463691,12,50,2021-06-23 16:30:48,52.50036166666667,13.328395,35.0,42.0404,262.6,0.0438,0.02,18.27,18.27,12.11,0.67,1019.5,2.87,0.93,2.0,16.093,3.50992,Uhlandstraße,0.985932028604915,5185.1573570537885,pc4,Residential,2021-06-23 16:30:48,52.50034333333333,13.32872,43.8,41.299600000000005,263.3,0.0438,0.02,18.27,18.27,12.11,0.67,1019.5,2.87,0.93,2.0,16.093,3.50992,Uhlandstraße,4.029864393710403,5161.58534284148,pc2,Residential,False,False,22.077100034685365,50,10,0.0
1624458648.5085187,2021-06-23T14:30:48.508518Z,52.50034333333333,13.32872,2,4,S2,1624458648.5085187,11.751813846153846,-72.22484358974359,-44.45091794871795,0.0030811844102564,41.0,401.8205128205128,8.76923076923077,0.0423673261538461,12,39,2021-06-23 16:30:48,52.50034333333333,13.32872,43.8,41.299600000000005,263.3,0.0438,0.02,18.27,18.27,12.11,0.67,1019.5,2.87,0.93,2.0,16.093,3.50992,Uhlandstraße,4.029864393710403,5161.58534284148,pc2,Residential,2021-06-23 16:30:48,52.50036166666667,13.328395,35.0,42.0404,262.6,0.0438,0.02,18.27,18.27,12.11,0.67,1019.5,2.87,0.93,2.0,16.093,3.50992,Uhlandstraße,0.985932028604915,5185.1573570537885,pc4,Residential,False,False,22.077100034685365,50,10,0.22
